test_id,joint,amplitude_deg,frequency_hz,time_s,q_deseado_deg,q_medido_deg,error_deg
1,wrist,10.0,0.05,2.384185791015625e-07,7.490140565847851e-07,-0.0,7.490140565847851e-07
1,wrist,10.0,0.05,0.05007123947143555,0.1572969508686407,-0.0,0.1572969508686407
1,wrist,10.0,0.05,0.1001734733581543,0.3146523040260967,-0.0,0.3146523040260967
1,wrist,10.0,0.05,0.15028166770935059,0.4719484081242299,-0.0,0.4719484081242299
1,wrist,10.0,0.05,0.20049405097961426,0.629454231923261,-0.0,0.629454231923261
1,wrist,10.0,0.05,0.2507166862487793,0.7868355328916317,-0.0,0.7868355328916317
1,wrist,10.0,0.05,0.300853967666626,0.9437540113899984,-0.0,0.9437540113899984
1,wrist,10.0,0.05,0.3509337902069092,1.1002589360329482,-0.0,1.1002589360329482
1,wrist,10.0,0.05,0.4009990692138672,1.2564461930216222,-0.0,1.2564461930216222
1,wrist,10.0,0.05,0.45113492012023926,1.4125421162364202,-0.0,1.4125421162364202
1,wrist,10.0,0.05,0.5012357234954834,1.5681788766963485,0.29325513196480935,1.2749237447315391
1,wrist,10.0,0.05,0.5514135360717773,1.723665461836855,0.29325513196480935,1.4304103298720456
1,wrist,10.0,0.05,0.6015911102294922,1.8787229924569668,0.29325513196480935,1.5854678604921575
1,wrist,10.0,0.05,0.6517620086669922,2.0332931436706367,0.29325513196480935,1.7400380117058274
1,wrist,10.0,0.05,0.7018599510192871,2.1871345263146607,0.29325513196480935,1.8938793943498513
1,wrist,10.0,0.05,0.75193190574646,2.34035477497662,0.29325513196480935,2.0470996430118102
1,wrist,10.0,0.05,0.8021063804626465,2.4933078186072275,0.5865102639296187,1.9067975546776088
1,wrist,10.0,0.05,0.8521754741668701,2.6453221058477983,0.5865102639296187,2.0588118419181796
1,wrist,10.0,0.05,0.9023454189300537,2.7969860832186573,0.5865102639296187,2.2104758192890386
1,wrist,10.0,0.05,0.9525413513183594,2.948033261265914,0.8797653958944283,2.0682678653714857
1,wrist,10.0,0.05,1.0027170181274414,3.0982868111794764,0.8797653958944283,2.218521415285048
1,wrist,10.0,0.05,1.0528264045715332,3.247573585466095,0.8797653958944283,2.367808189571667
1,wrist,10.0,0.05,1.1029942035675049,3.3962281613798067,0.8797653958944283,2.5164627654853784
1,wrist,10.0,0.05,1.1530656814575195,3.5437561729177443,1.466275659824047,2.0774805130936973
1,wrist,10.0,0.05,1.2031641006469727,3.6904859780805883,1.466275659824047,2.2242103182565414
1,wrist,10.0,0.05,1.253272294998169,3.836329982755962,1.466275659824047,2.370054322931915
1,wrist,10.0,0.05,1.303379774093628,3.9812212682954145,2.3460410557184748,1.6351802125769397
1,wrist,10.0,0.05,1.3535528182983398,4.125313655472423,2.3460410557184748,1.7792725997539485
1,wrist,10.0,0.05,1.4037256240844727,4.268380448446464,2.3460410557184748,1.9223393927279888
1,wrist,10.0,0.05,1.4538938999176025,4.410374017909204,2.6392961876832843,1.7710778302259196
1,wrist,10.0,0.05,1.5039639472961426,4.550997274499537,2.6392961876832843,1.9117010868162523
1,wrist,10.0,0.05,1.5540316104888916,4.690487877167084,2.6392961876832843,2.0511916894837996
1,wrist,10.0,0.05,1.6041994094848633,4.8290935137334,2.932551319648094,1.8965421940853062
1,wrist,10.0,0.05,1.6543025970458984,4.966323452995698,2.932551319648094,2.033772133347604
1,wrist,10.0,0.05,1.7043673992156982,5.102219250168677,2.932551319648094,2.169667930520583
1,wrist,10.0,0.05,1.754549264907837,5.237166186442773,4.105571847507331,1.1315943389354421
1,wrist,10.0,0.05,1.8047287464141846,5.370805195042385,4.105571847507331,1.2652333475350535
1,wrist,10.0,0.05,1.8548920154571533,5.503066980195255,4.105571847507331,1.397495132687924
1,wrist,10.0,0.05,1.9049973487854004,5.633811708610972,4.105571847507331,1.528239861103641
1,wrist,10.0,0.05,1.95509934425354,5.763151945854222,4.105571847507331,1.657580098346891
1,wrist,10.0,0.05,2.0052034854888916,5.891069851610134,4.105571847507331,1.785498004102803
1,wrist,10.0,0.05,2.0553817749023438,6.017714209073692,4.105571847507331,1.912142361566361
1,wrist,10.0,0.05,2.1055638790130615,6.1428726346594775,4.398826979472141,1.7440456551873362
1,wrist,10.0,0.05,2.155728816986084,6.266462311138119,4.398826979472141,1.8676353316659773
1,wrist,10.0,0.05,2.2058300971984863,6.3883417569800915,4.398826979472141,1.9895147775079502
1,wrist,10.0,0.05,2.255941867828369,6.5086636035687695,4.6920821114369495,1.81658149213182
1,wrist,10.0,0.05,2.3060152530670166,6.627282041667604,4.6920821114369495,1.9351999302306542
1,wrist,10.0,0.05,2.356091022491455,6.744266024021073,4.6920821114369495,2.0521839125841232
1,wrist,10.0,0.05,2.4061639308929443,6.859574372414742,5.278592375366569,1.5809819970481733
1,wrist,10.0,0.05,2.4562745094299316,6.973270108164522,5.278592375366569,1.6946777327979534
1,wrist,10.0,0.05,2.506453275680542,7.085388844599648,5.278592375366569,1.8067964692330793
1,wrist,10.0,0.05,2.556641101837158,7.195766609189338,5.571847507331379,1.6239191018579593
1,wrist,10.0,0.05,2.6068193912506104,7.304335099696225,5.571847507331379,1.732487592364846
1,wrist,10.0,0.05,2.656978130340576,7.4110472433552,5.571847507331379,1.8391997360238213
1,wrist,10.0,0.05,2.7070491313934326,7.5157373722667975,5.571847507331379,1.9438898649354188
1,wrist,10.0,0.05,2.7572264671325684,7.618784217036846,6.158357771260997,1.4604264457758491
1,wrist,10.0,0.05,2.80729079246521,7.719712208752702,6.158357771260997,1.5613544374917048
1,wrist,10.0,0.05,2.8575055599212646,7.819025218346134,6.158357771260997,1.660667447085137
1,wrist,10.0,0.05,2.9076919555664062,7.916337932425304,6.451612903225806,1.4647250291994975
1,wrist,10.0,0.05,2.9578704833984375,8.011668026808152,6.451612903225806,1.5600551235823463
1,wrist,10.0,0.05,3.007979393005371,8.104879110966726,6.451612903225806,1.65326620774092
1,wrist,10.0,0.05,3.0580906867980957,8.196086007742522,6.744868035190616,1.4512179725519063
1,wrist,10.0,0.05,3.1082723140716553,8.285385354626413,6.744868035190616,1.5405173194357973
1,wrist,10.0,0.05,3.158447265625,8.372614060249958,6.744868035190616,1.6277460250593423
1,wrist,10.0,0.05,3.2086174488067627,8.457754474371361,7.331378299120235,1.126376175251126
1,wrist,10.0,0.05,3.258791208267212,8.540799678462095,7.331378299120235,1.20942137934186
1,wrist,10.0,0.05,3.3089516162872314,8.621701646309551,7.331378299120235,1.2903233471893163
1,wrist,10.0,0.05,3.359044313430786,8.700357800830343,7.624633431085044,1.0757243697452985
1,wrist,10.0,0.05,3.4092540740966797,8.777035546205811,7.624633431085044,1.1524021151207666
1,wrist,10.0,0.05,3.4593653678894043,8.851385539832483,7.624633431085044,1.226752108747439
1,wrist,10.0,0.05,3.509573459625244,8.92367910047403,7.9178885630498534,1.0057905374241773
1,wrist,10.0,0.05,3.5597615242004395,8.993725005991614,7.9178885630498534,1.0758364429417604
1,wrist,10.0,0.05,3.609823703765869,9.06136784558467,7.9178885630498534,1.1434792825348161
1,wrist,10.0,0.05,3.6599345207214355,9.126831809221326,7.9178885630498534,1.2089432461714722
1,wrist,10.0,0.05,3.710012197494507,9.189992823840521,8.211143695014663,0.9788491288258587
1,wrist,10.0,0.05,3.7602078914642334,9.251020086252465,8.211143695014663,1.0398763912378026
1,wrist,10.0,0.05,3.8103129863739014,9.309642980181733,8.211143695014663,1.0984992851670707
1,wrist,10.0,0.05,3.8604896068573,9.36603792941026,8.504398826979473,0.8616391024307859
1,wrist,10.0,0.05,3.9106485843658447,9.420086993598886,8.504398826979473,0.9156881666194128
1,wrist,10.0,0.05,3.960864782333374,9.471854638029024,8.504398826979473,0.9674558110495504
1,wrist,10.0,0.05,4.011011838912964,9.521198584737702,8.797653958944283,0.7235446257934193
1,wrist,10.0,0.05,4.061170816421509,9.56819036583492,8.797653958944283,0.7705364068906366
1,wrist,10.0,0.05,4.111386299133301,9.612855219856385,8.797653958944283,0.8152012609121027
1,wrist,10.0,0.05,4.1615681648254395,9.655100261589082,8.797653958944283,0.8574463026447994
1,wrist,10.0,0.05,4.211765766143799,9.694957807668702,8.797653958944283,0.8973038487244196
1,wrist,10.0,0.05,4.261836290359497,9.732312578618963,8.797653958944283,0.9346586196746802
1,wrist,10.0,0.05,4.311905860900879,9.76725862580356,9.090909090909092,0.6763495348944684
1,wrist,10.0,0.05,4.362019300460815,9.799815476158331,9.090909090909092,0.7089063852492394
1,wrist,10.0,0.05,4.412200689315796,9.829982583105558,9.090909090909092,0.7390734921964661
1,wrist,10.0,0.05,4.462378740310669,9.857704897064414,9.090909090909092,0.7667958061553222
1,wrist,10.0,0.05,4.512554168701172,9.882976360062672,9.384164222873899,0.49881213718877326
1,wrist,10.0,0.05,4.562753438949585,9.905802462530248,9.384164222873899,0.5216382396563493
1,wrist,10.0,0.05,4.612814903259277,9.926112414926507,9.384164222873899,0.5419481920526081
1,wrist,10.0,0.05,4.662976026535034,9.94400031516405,9.384164222873899,0.5598360922901513
1,wrist,10.0,0.05,4.713044166564941,9.959392549858075,9.384164222873899,0.5752283269841758
1,wrist,10.0,0.05,4.76321005821228,9.972343579752458,9.384164222873899,0.5881793568785589
1,wrist,10.0,0.05,4.813374280929565,9.982817421882302,9.67741935483871,0.3053980670435923
1,wrist,10.0,0.05,4.863548994064331,9.990813359388023,9.67741935483871,0.31339400454931265
1,wrist,10.0,0.05,4.913611888885498,9.996317429676495,9.67741935483871,0.31889807483778476
1,wrist,10.0,0.05,4.963785886764526,9.999352826425595,9.67741935483871,0.3219334715868847
1,wrist,10.0,0.05,5.013837814331055,9.99990550603684,9.67741935483871,0.3224861511981292
1,wrist,10.0,0.05,5.064005613327026,9.997978418551543,9.67741935483871,0.3205590637128335
1,wrist,10.0,0.05,5.114163637161255,9.993568995873193,9.970674486803519,0.022894509069674385
1,wrist,10.0,0.05,5.164382219314575,9.986668380566678,9.970674486803519,0.015993893763159406
1,wrist,10.0,0.05,5.214594841003418,9.977283375104882,9.970674486803519,0.006608888301363081
1,wrist,10.0,0.05,5.264767646789551,9.96542603665037,9.970674486803519,-0.005248450153148454
1,wrist,10.0,0.05,5.314959764480591,9.951086860302341,9.970674486803519,-0.019587626501177624
1,wrist,10.0,0.05,5.365029573440552,9.934317473145232,9.970674486803519,-0.036357013658287585
1,wrist,10.0,0.05,5.415214776992798,9.91504294443217,9.970674486803519,-0.055631542371349596
1,wrist,10.0,0.05,5.465428352355957,9.893290884778663,9.970674486803519,-0.07738360202485595
1,wrist,10.0,0.05,5.515521049499512,9.869138147154585,9.970674486803519,-0.10153633964893416
1,wrist,10.0,0.05,5.565690279006958,9.84249880857857,9.970674486803519,-0.1281756782249488
1,wrist,10.0,0.05,5.615831613540649,9.8134313637479,9.970674486803519,-0.15724312305561838
1,wrist,10.0,0.05,5.665994167327881,9.78191504800854,9.970674486803519,-0.18875943879497825
1,wrist,10.0,0.05,5.71606707572937,9.74803229863067,9.970674486803519,-0.22264218817284842
1,wrist,10.0,0.05,5.766162633895874,9.711720386881877,9.970674486803519,-0.25895409992164176
1,wrist,10.0,0.05,5.816352367401123,9.672928041267417,9.970674486803519,-0.2977464455361023
1,wrist,10.0,0.05,5.8665101528167725,9.631757884951549,9.970674486803519,-0.33891660185197026
1,wrist,10.0,0.05,5.91668176651001,9.588183875579968,9.970674486803519,-0.38249061122355066
1,wrist,10.0,0.05,5.966856479644775,9.542224945669627,9.970674486803519,-0.428449541133892
1,wrist,10.0,0.05,6.0170204639434814,9.493905719264017,9.970674486803519,-0.47676876753950204
1,wrist,10.0,0.05,6.0670952796936035,9.443320788766268,9.970674486803519,-0.5273536980372509
1,wrist,10.0,0.05,6.1172685623168945,9.39029252318172,9.970674486803519,-0.5803819636217984
1,wrist,10.0,0.05,6.167446851730347,9.334925616230867,9.970674486803519,-0.6357488705726517
1,wrist,10.0,0.05,6.217614650726318,9.277251302867034,9.970674486803519,-0.6934231839364848
1,wrist,10.0,0.05,6.267787218093872,9.217266767327676,9.970674486803519,-0.7534077194758435
1,wrist,10.0,0.05,6.317955732345581,9.154997406931034,9.970674486803519,-0.8156770798724846
1,wrist,10.0,0.05,6.368115663528442,9.090465172574728,9.970674486803519,-0.8802093142287912
1,wrist,10.0,0.05,6.418304920196533,9.02363592584313,9.970674486803519,-0.9470385609603884
1,wrist,10.0,0.05,6.468461275100708,8.954609357536025,9.970674486803519,-1.0160651292674938
1,wrist,10.0,0.05,6.518631935119629,8.883338897260982,9.970674486803519,-1.087335589542537
1,wrist,10.0,0.05,6.568810939788818,8.809849214815014,9.970674486803519,-1.1608252719885055
1,wrist,10.0,0.05,6.618982791900635,8.734181184741928,9.970674486803519,-1.2364933020615911
1,wrist,10.0,0.05,6.669150114059448,8.656350412410916,9.970674486803519,-1.3143240743926032
1,wrist,10.0,0.05,6.7192206382751465,8.576525877711429,9.970674486803519,-1.39414860909209
1,wrist,10.0,0.05,6.769299507141113,8.494565407163115,9.970674486803519,-1.4761090796404037
1,wrist,10.0,0.05,6.819472312927246,8.410342766237981,9.970674486803519,-1.5603317205655376
1,wrist,10.0,0.05,6.869643449783325,8.324033536410056,9.970674486803519,-1.6466409503934631
1,wrist,10.0,0.05,6.919813871383667,8.235657667216838,9.970674486803519,-1.735016819586681
1,wrist,10.0,0.05,6.969995498657227,8.145215474601848,9.970674486803519,-1.8254590122016712
1,wrist,10.0,0.05,7.0201575756073,8.052785360369722,9.970674486803519,-1.9178891264337974
1,wrist,10.0,0.05,7.070328235626221,7.958339112597018,9.384164222873899,-1.4258251102768806
1,wrist,10.0,0.05,7.120487928390503,7.861937129139407,9.384164222873899,-1.5222270937344922
1,wrist,10.0,0.05,7.170658111572266,7.763562147496366,9.384164222873899,-1.6206020753775334
1,wrist,10.0,0.05,7.2208473682403564,7.663220064825409,9.384164222873899,-1.72094415804849
1,wrist,10.0,0.05,7.271008253097534,7.5610311901329466,9.384164222873899,-1.8231330327409525
1,wrist,10.0,0.05,7.321081161499023,7.457148868723404,9.384164222873899,-1.9270153541504946
1,wrist,10.0,0.05,7.371267557144165,7.351179536261258,8.797653958944283,-1.4464744226830248
1,wrist,10.0,0.05,7.421447277069092,7.243397321282067,8.797653958944283,-1.554256637662216
1,wrist,10.0,0.05,7.471615552902222,7.133840230479361,8.797653958944283,-1.6638137284649215
1,wrist,10.0,0.05,7.521814584732056,7.022442314959774,8.797653958944283,-1.775211643984509
1,wrist,10.0,0.05,7.571984529495239,6.909363955455738,8.797653958944283,-1.888290003488545
1,wrist,10.0,0.05,7.622119903564453,6.7946488918325985,8.797653958944283,-2.003005067111684
1,wrist,10.0,0.05,7.672301530838013,6.678140103422812,8.504398826979473,-1.8262587235566619
1,wrist,10.0,0.05,7.72237753868103,6.560222028313301,8.504398826979473,-1.9441767986661729
1,wrist,10.0,0.05,7.772550344467163,6.440447762192733,8.504398826979473,-2.0639510647867407
1,wrist,10.0,0.05,7.822716236114502,6.319090244117266,8.504398826979473,-2.1853085828622074
1,wrist,10.0,0.05,7.872882843017578,6.196161458477137,8.211143695014663,-2.0149822365375254
1,wrist,10.0,0.05,7.922951698303223,6.0719376645027054,8.211143695014663,-2.139206030511957
1,wrist,10.0,0.05,7.973022222518921,5.946207366277683,8.211143695014663,-2.2649363287369795
1,wrist,10.0,0.05,8.023217678070068,5.818686593300317,7.9178885630498534,-2.0992019697495365
1,wrist,10.0,0.05,8.073403120040894,5.68974477051325,7.9178885630498534,-2.2281437925366037
1,wrist,10.0,0.05,8.123488426208496,5.5596501442137125,7.9178885630498534,-2.358238418836141
1,wrist,10.0,0.05,8.173664331436157,5.427940027840528,7.624633431085044,-2.1966934032445167
1,wrist,10.0,0.05,8.223868608474731,5.294805595767178,7.624633431085044,-2.3298278353178663
1,wrist,10.0,0.05,8.273943185806274,5.16070306897385,7.624633431085044,-2.4639303621111948
1,wrist,10.0,0.05,8.324060201644897,5.025208147447863,7.331378299120235,-2.3061701516723723
1,wrist,10.0,0.05,8.37424921989441,4.888270187610507,7.331378299120235,-2.443108111509728
1,wrist,10.0,0.05,8.424316167831421,4.750454448559621,7.331378299120235,-2.5809238505606142
1,wrist,10.0,0.05,8.47449016571045,4.611165048934876,7.038123167155426,-2.4269581182205497
1,wrist,10.0,0.05,8.524672985076904,4.470705191481972,7.038123167155426,-2.567417975673454
1,wrist,10.0,0.05,8.574827432632446,4.329214520451236,7.038123167155426,-2.70890864670419
1,wrist,10.0,0.05,8.62489128112793,4.186907549605427,7.038123167155426,-2.8512156175499994
1,wrist,10.0,0.05,8.674962043762207,4.043545015536117,6.158357771260997,-2.1148127557248797
1,wrist,10.0,0.05,8.725033044815063,3.8991812816192613,6.158357771260997,-2.2591764896417357
1,wrist,10.0,0.05,8.775212287902832,3.753537562742352,6.158357771260997,-2.404820208518645
1,wrist,10.0,0.05,8.825282335281372,3.6072810162425255,6.158357771260997,-2.5510767550184714
1,wrist,10.0,0.05,8.875375270843506,3.460064467807327,6.158357771260997,-2.69829330345367
1,wrist,10.0,0.05,8.925482034683228,3.31195003274744,6.158357771260997,-2.846407738513557
1,wrist,10.0,0.05,8.975647211074829,3.1628408427173245,5.278592375366569,-2.115751532649244
1,wrist,10.0,0.05,9.025838136672974,3.0128689700041447,5.278592375366569,-2.265723405362424
1,wrist,10.0,0.05,9.075906038284302,2.8625183494596045,5.278592375366569,-2.416074025906964
1,wrist,10.0,0.05,9.126067876815796,2.7111754684477125,5.278592375366569,-2.567416906918856
1,wrist,10.0,0.05,9.176170349121094,2.5593396013914664,5.278592375366569,-2.7192527739751022
1,wrist,10.0,0.05,9.226239919662476,2.4069699898228265,5.278592375366569,-2.871622385543742
1,wrist,10.0,0.05,9.276435852050781,2.2536180771507315,4.398826979472141,-2.14520890232141
1,wrist,10.0,0.05,9.326630353927612,2.09971014549128,4.398826979472141,-2.2991168339808614
1,wrist,10.0,0.05,9.376838207244873,1.9452389598450792,4.398826979472141,-2.453588019627062
1,wrist,10.0,0.05,9.426908731460571,1.7907082771162486,4.398826979472141,-2.6081187023558927
1,wrist,10.0,0.05,9.476984977722168,1.6357167824522305,4.398826979472141,-2.763110197019911
1,wrist,10.0,0.05,9.52706241607666,1.4803167635404881,4.398826979472141,-2.9185102159316534
1,wrist,10.0,0.05,9.577134370803833,1.3245674419346813,4.398826979472141,-3.07425953753746
1,wrist,10.0,0.05,9.627316236495972,1.1681474310385673,3.519061583577713,-2.3509141525391457
1,wrist,10.0,0.05,9.677378177642822,1.0118119180512999,3.519061583577713,-2.5072496655264134
1,wrist,10.0,0.05,9.727452754974365,0.8551865843916974,3.519061583577713,-2.6638749991860156
1,wrist,10.0,0.05,9.777522563934326,0.6983645600431837,3.225806451612903,-2.5274418915697194
1,wrist,10.0,0.05,9.827714681625366,0.540986062085649,3.225806451612903,-2.684820389527254
1,wrist,10.0,0.05,9.877880573272705,0.3835553871383279,3.225806451612903,-2.842251064474575
1,wrist,10.0,0.05,9.92795443534851,0.2263184921005426,2.932551319648094,-2.7062328275475513
1,wrist,10.0,0.05,9.97814130783081,0.06867056701412536,2.932551319648094,-2.8638807526339685
1,wrist,10.0,0.05,10.028313875198364,-0.08894948932708113,2.932551319648094,-3.021500808975175
1,wrist,10.0,0.05,10.078492879867554,-0.24656766419298898,2.0527859237536656,-2.2993535879466545
1,wrist,10.0,0.05,10.1285719871521,-0.4038109850930963,2.0527859237536656,-2.456596908846762
1,wrist,10.0,0.05,10.178753137588501,-0.5612744291094975,2.0527859237536656,-2.614060352863163
1,wrist,10.0,0.05,10.22883939743042,-0.7183010445614612,2.0527859237536656,-2.7710869683151267
1,wrist,10.0,0.05,10.279013872146606,-0.8754258895040445,2.0527859237536656,-2.92821181325771
1,wrist,10.0,0.05,10.329208135604858,-1.0323950621522187,2.0527859237536656,-3.0851809859058843
1,wrist,10.0,0.05,10.379379510879517,-1.1890361283809328,2.0527859237536656,-3.2418220521345984
1,wrist,10.0,0.05,10.42955732345581,-1.3454018427445036,0.8797653958944283,-2.2251672386389316
1,wrist,10.0,0.05,10.479748725891113,-1.5014754439560378,0.8797653958944283,-2.381240839850466
1,wrist,10.0,0.05,10.529908180236816,-1.6570767566647868,0.8797653958944283,-2.536842152559215
1,wrist,10.0,0.05,10.5799880027771,-1.8120205698278085,0.8797653958944283,-2.6917859657222367
1,wrist,10.0,0.05,10.630168437957764,-1.9668257763235029,0.8797653958944283,-2.846591172217931
1,wrist,10.0,0.05,10.680343627929688,-2.121126085897586,0.8797653958944283,-3.0008914817920145
1,wrist,10.0,0.05,10.73051905632019,-2.2749000949055405,-0.0,-2.2749000949055405
1,wrist,10.0,0.05,10.780690670013428,-2.4280972352436896,-0.0,-2.4280972352436896
1,wrist,10.0,0.05,10.830827236175537,-2.58058478384737,-0.0,-2.58058478384737
1,wrist,10.0,0.05,10.881001472473145,-2.7325459693497827,-0.0,-2.7325459693497827
1,wrist,10.0,0.05,10.9311842918396,-2.8838540519384015,-0.0,-2.8838540519384015
1,wrist,10.0,0.05,10.981353044509888,-3.0344032657233635,-0.0,-3.0344032657233635
1,wrist,10.0,0.05,11.031429052352905,-3.1839225215911844,-0.8797653958944283,-2.304157125696756
1,wrist,10.0,0.05,11.0816011428833,-3.332938397181659,-0.8797653958944283,-2.453173001287231
1,wrist,10.0,0.05,11.13178563117981,-3.4811627622732018,-0.8797653958944283,-2.6013973663787735
1,wrist,10.0,0.05,11.181955099105835,-3.6284778806012956,-0.8797653958944283,-2.7487124847068674
1,wrist,10.0,0.05,11.232025861740112,-3.7746044961665004,-1.1730205278592374,-2.601583968307263
1,wrist,10.0,0.05,11.282203435897827,-3.9201058492705347,-1.1730205278592374,-2.7470853214112974
1,wrist,10.0,0.05,11.332380056381226,-4.0646303552746454,-1.1730205278592374,-2.891609827415408
1,wrist,10.0,0.05,11.38247299194336,-4.20790638308363,-2.0527859237536656,-2.1551204593299644
1,wrist,10.0,0.05,11.43264651298523,-4.350368265822716,-2.0527859237536656,-2.2975823420690507
1,wrist,10.0,0.05,11.482717990875244,-4.491462876537345,-2.0527859237536656,-2.4386769527836796
1,wrist,10.0,0.05,11.532876968383789,-4.631689742196087,-2.3460410557184748,-2.2856486864776127
1,wrist,10.0,0.05,11.583053350448608,-4.770814583484128,-2.3460410557184748,-2.4247735277656535
1,wrist,10.0,0.05,11.633127212524414,-4.908473373430486,-2.3460410557184748,-2.5624323177120116
1,wrist,10.0,0.05,11.683197736740112,-5.044908436339898,-2.6392961876832843,-2.4056122486566136
1,wrist,10.0,0.05,11.733391523361206,-5.180426461462142,-2.6392961876832843,-2.5411302737788577
1,wrist,10.0,0.05,11.783558368682861,-5.314584671177754,-2.6392961876832843,-2.67528848349447
1,wrist,10.0,0.05,11.833730936050415,-5.44743789590825,-2.932551319648094,-2.5148865762601558
1,wrist,10.0,0.05,11.883766174316406,-5.578579697276612,-2.932551319648094,-2.646028377628518
1,wrist,10.0,0.05,11.933952331542969,-5.708732408708251,-2.932551319648094,-2.776181089060157
1,wrist,10.0,0.05,11.984024047851562,-5.837174151660099,-2.932551319648094,-2.904622832012005
1,wrist,10.0,0.05,12.034204721450806,-5.964446276394445,-3.812316715542522,-2.1521295608519226
1,wrist,10.0,0.05,12.08437991142273,-6.090222444922244,-3.812316715542522,-2.2779057293797216
1,wrist,10.0,0.05,12.134554386138916,-6.214483633388456,-3.812316715542522,-2.4021669178459337
1,wrist,10.0,0.05,12.184734106063843,-6.33721351845278,-3.812316715542522,-2.5248968029102574
1,wrist,10.0,0.05,12.234910249710083,-6.458359952633646,-3.812316715542522,-2.646043237091124
1,wrist,10.0,0.05,12.285086393356323,-6.577901636169278,-3.812316715542522,-2.7655849206267558
1,wrist,10.0,0.05,12.335220336914062,-6.695710396168187,-4.6920821114369495,-2.0036282847312377
1,wrist,10.0,0.05,12.385297775268555,-6.811728264144118,-4.6920821114369495,-2.119646152707168
1,wrist,10.0,0.05,12.435464859008789,-6.926263371159194,-4.6920821114369495,-2.234181259722244
1,wrist,10.0,0.05,12.485637426376343,-7.0390903223662065,-4.9853372434017595,-2.053753078964447
1,wrist,10.0,0.05,12.535826444625854,-7.15020460553503,-4.9853372434017595,-2.16486736213327
1,wrist,10.0,0.05,12.585904359817505,-7.259301264428397,-4.9853372434017595,-2.2739640210266376
1,wrist,10.0,0.05,12.635971069335938,-7.366577405908615,-5.278592375366569,-2.087985030542046
1,wrist,10.0,0.05,12.686088562011719,-7.472137130128763,-5.278592375366569,-2.1935447547621942
1,wrist,10.0,0.05,12.73627495765686,-7.575985834774661,-5.278592375366569,-2.2973934594080925
1,wrist,10.0,0.05,12.78643274307251,-7.677893728607535,-5.865102639296188,-1.8127910893113475
1,wrist,10.0,0.05,12.836506843566895,-7.777729997713277,-5.865102639296188,-1.9126273584170894
1,wrist,10.0,0.05,12.88668441772461,-7.875841852044565,-5.865102639296188,-2.010739212748377
1,wrist,10.0,0.05,12.936871767044067,-7.972015173029005,-5.865102639296188,-2.1069125337328174
1,wrist,10.0,0.05,12.987065315246582,-8.066218261473638,-6.158357771260997,-1.9078604902126415
1,wrist,10.0,0.05,13.037236213684082,-8.158374545456935,-6.158357771260997,-2.000016774195938
1,wrist,10.0,0.05,13.08741044998169,-8.24851001729709,-6.158357771260997,-2.0901522460360926
1,wrist,10.0,0.05,13.13748550415039,-8.336423995639015,-6.451612903225806,-1.8848110924132087
1,wrist,10.0,0.05,13.187660932540894,-8.42244490637161,-6.451612903225806,-1.9708320031458033
1,wrist,10.0,0.05,13.237874507904053,-8.506436103982058,-6.451612903225806,-2.0548232007562515
1,wrist,10.0,0.05,13.2879478931427,-8.58808487991091,-7.038123167155426,-1.5499617127554846
1,wrist,10.0,0.05,13.338132619857788,-8.667782893038792,-7.038123167155426,-1.629659725883366
1,wrist,10.0,0.05,13.388309717178345,-8.745314805048885,-7.038123167155426,-1.7071916378934588
1,wrist,10.0,0.05,13.438482761383057,-8.820667630353121,-7.038123167155426,-1.782544463197695
1,wrist,10.0,0.05,13.488661050796509,-8.893836531099597,-7.038123167155426,-1.8557133639441705
1,wrist,10.0,0.05,13.538859844207764,-8.964823874740599,-7.038123167155426,-1.926700707585173
1,wrist,10.0,0.05,13.589035034179688,-9.033549855658634,-7.331378299120235,-1.7021715565383992
1,wrist,10.0,0.05,13.639210939407349,-9.100032228719101,-7.331378299120235,-1.768653929598866
1,wrist,10.0,0.05,13.689384460449219,-9.164250481554358,-7.331378299120235,-1.832872182434123
1,wrist,10.0,0.05,13.739558219909668,-9.226192160481009,-7.331378299120235,-1.894813861360774
1,wrist,10.0,0.05,13.789740085601807,-9.28585101650578,-7.9178885630498534,-1.3679624534559274
1,wrist,10.0,0.05,13.839836597442627,-9.343106450258313,-7.9178885630498534,-1.4252178872084595
1,wrist,10.0,0.05,13.890008687973022,-9.39812883699726,-7.9178885630498534,-1.4802402739474072
1,wrist,10.0,0.05,13.940176725387573,-9.45081222519814,-7.9178885630498534,-1.5329236621482867
1,wrist,10.0,0.05,13.990351915359497,-9.501155075896685,-7.9178885630498534,-1.5832665128468317
1,wrist,10.0,0.05,14.040522813796997,-9.549133199954891,-7.9178885630498534,-1.6312446369050377
1,wrist,10.0,0.05,14.09069275856018,-9.594738240618497,-8.211143695014663,-1.3835945456038345
1,wrist,10.0,0.05,14.14087176322937,-9.637967392604217,-8.211143695014663,-1.4268236975895547
1,wrist,10.0,0.05,14.190941095352173,-9.678714834247401,-8.211143695014663,-1.4675711392327386
1,wrist,10.0,0.05,14.241131782531738,-9.717157610706396,-8.504398826979473,-1.2127587837269225
1,wrist,10.0,0.05,14.291298866271973,-9.753168128719684,-8.504398826979473,-1.2487693017402108
1,wrist,10.0,0.05,14.341467142105103,-9.786756858044235,-8.504398826979473,-1.2823580310647618
1,wrist,10.0,0.05,14.391635656356812,-9.817914713159384,-8.504398826979473,-1.3135158861799106
1,wrist,10.0,0.05,14.441812992095947,-9.846638624035716,-8.504398826979473,-1.3422397970562425
1,wrist,10.0,0.05,14.491990327835083,-9.872915760402893,-8.504398826979473,-1.36851693342342
1,wrist,10.0,0.05,14.542174577713013,-9.896742706154862,-8.504398826979473,-1.3923438791753888
1,wrist,10.0,0.05,14.592253684997559,-9.918067557906955,-9.090909090909092,-0.8271584669978633
1,wrist,10.0,0.05,14.642323970794678,-9.936934417978735,-9.090909090909092,-0.8460253270696434
1,wrist,10.0,0.05,14.692493200302124,-9.953372577674784,-9.090909090909092,-0.8624634867656926
1,wrist,10.0,0.05,14.742664813995361,-9.967338844650126,-9.090909090909092,-0.8764297537410339
1,wrist,10.0,0.05,14.792837858200073,-9.978829201641243,-9.090909090909092,-0.8879201107321517
1,wrist,10.0,0.05,14.843020677566528,-9.98784187435755,-9.090909090909092,-0.8969327834484577
1,wrist,10.0,0.05,14.893194913864136,-9.994371238174413,-9.090909090909092,-0.903462147265321
1,wrist,10.0,0.05,14.94337010383606,-9.99841747774821,-9.090909090909092,-0.9075083868391189
1,wrist,10.0,0.05,14.993444681167603,-9.999978794074318,-9.090909090909092,-0.9090697031652262
1,wrist,10.0,0.05,15.04360556602478,-9.999061688985499,-9.090909090909092,-0.9081525980764074
1,wrist,10.0,0.05,15.09377908706665,-9.995660393637205,-9.090909090909092,-0.9047513027281138
1,wrist,10.0,0.05,15.143831729888916,-9.989792832030682,-9.090909090909092,-0.8988837411215904
1,wrist,10.0,0.05,15.193904399871826,-9.981451415519986,-9.67741935483871,-0.3040320606812763
1,wrist,10.0,0.05,15.24397897720337,-9.970639602550872,-9.67741935483871,-0.2932202477121617
1,wrist,10.0,0.05,15.294172048568726,-9.957325992152182,-9.67741935483871,-0.27990663731347176
1,wrist,10.0,0.05,15.344243288040161,-9.941577870224656,-9.67741935483871,-0.2641585153859456
1,wrist,10.0,0.05,15.394420146942139,-9.923328813419356,-9.67741935483871,-0.2459094585806465
1,wrist,10.0,0.05,15.44458794593811,-9.902617934884486,-9.67741935483871,-0.22519858004577564
1,wrist,10.0,0.05,15.494761228561401,-9.8794446399626,-9.67741935483871,-0.20202528512388973
1,wrist,10.0,0.05,15.544825077056885,-9.853875379119884,-9.67741935483871,-0.17645602428117435
1,wrist,10.0,0.05,15.594896793365479,-9.825864016123809,-9.67741935483871,-0.14844466128509914
1,wrist,10.0,0.05,15.64497184753418,-9.795419198408492,-9.67741935483871,-0.11799984356978221
1,wrist,10.0,0.05,15.695136547088623,-9.762489234781755,-9.67741935483871,-0.08506987994304538
1,wrist,10.0,0.05,15.745321035385132,-9.727120204610817,-9.67741935483871,-0.04970084977210654
1,wrist,10.0,0.05,15.795424938201904,-9.689396020344818,-9.67741935483871,-0.011976665506107764
1,wrist,10.0,0.05,15.845594882965088,-9.6492167079241,-9.67741935483871,0.028202646914609275
1,wrist,10.0,0.05,15.895773649215698,-9.606632687871459,-9.67741935483871,0.07078666696725122
1,wrist,10.0,0.05,15.945940256118774,-9.561672581619188,-9.67741935483871,0.11574677321952187
1,wrist,10.0,0.05,15.996012687683105,-9.51442860506547,-9.67741935483871,0.16299074977323968
1,wrist,10.0,0.05,16.046189546585083,-9.464724389118956,-9.67741935483871,0.21269496571975388
1,wrist,10.0,0.05,16.096288442611694,-9.41275104490668,-9.67741935483871,0.2646683099320306
1,wrist,10.0,0.05,16.146381616592407,-9.358452384138014,-9.67741935483871,0.31896697070069635
1,wrist,10.0,0.05,16.196561574935913,-9.301735963126669,-9.67741935483871,0.375683391712041
1,wrist,10.0,0.05,16.24673843383789,-9.24271164496916,-9.67741935483871,0.4347077098695493
1,wrist,10.0,0.05,16.29692006111145,-9.181384728670825,-9.67741935483871,0.4960346261678854
1,wrist,10.0,0.05,16.34708881378174,-9.117792566185233,-9.67741935483871,0.5596267886534765
1,wrist,10.0,0.05,16.397258520126343,-9.05193424060945,-9.67741935483871,0.6254851142292601
1,wrist,10.0,0.05,16.44743013381958,-8.983824667388674,-9.67741935483871,0.6935946874500356
1,wrist,10.0,0.05,16.497497081756592,-8.913632282209452,-9.67741935483871,0.7637870726292579
1,wrist,10.0,0.05,16.54756188392639,-8.841237848074272,-9.67741935483871,0.8361815067644383
1,wrist,10.0,0.05,16.597749948501587,-8.766470004826493,-9.67741935483871,0.910949350012217
1,wrist,10.0,0.05,16.64787459373474,-8.689621464915854,-9.384164222873899,0.694542757958045
1,wrist,10.0,0.05,16.697952270507812,-8.610693219300106,-9.384164222873899,0.7734710035737926
1,wrist,10.0,0.05,16.74802565574646,-8.529640845162128,-9.384164222873899,0.8545233777117716
1,wrist,10.0,0.05,16.798099994659424,-8.446476123765542,-9.384164222873899,0.9376880991083567
1,wrist,10.0,0.05,16.84817099571228,-8.361226911407309,-9.384164222873899,1.02293731146659
1,wrist,10.0,0.05,16.898244380950928,-8.273904621689027,-9.384164222873899,1.1102596011848718
1,wrist,10.0,0.05,16.948407411575317,-8.184373053239474,-9.090909090909092,0.9065360376696177
1,wrist,10.0,0.05,16.998579740524292,-8.092791763695459,-9.090909090909092,0.9981173272136328
1,wrist,10.0,0.05,17.04878044128418,-7.999146421928777,-9.090909090909092,1.0917626689803148
1,wrist,10.0,0.05,17.09885573387146,-7.903752902509496,-9.090909090909092,1.1871561883995954
1,wrist,10.0,0.05,17.14901041984558,-7.806247486682699,-8.797653958944283,0.9914064722615832
1,wrist,10.0,0.05,17.19909358024597,-7.706947244933913,-8.797653958944283,1.09070671401037
1,wrist,10.0,0.05,17.249303817749023,-7.605479895613233,-8.797653958944283,1.1921740633310494
1,wrist,10.0,0.05,17.29950475692749,-7.50213950889886,-8.797653958944283,1.295514450045423
1,wrist,10.0,0.05,17.349717378616333,-7.396908475831822,-8.797653958944283,1.4007454831124608
1,wrist,10.0,0.05,17.399866104125977,-7.289974219968025,-8.797653958944283,1.5076797389762575
1,wrist,10.0,0.05,17.45005989074707,-7.181132038745906,-8.504398826979473,1.3232667882335676
1,wrist,10.0,0.05,17.500261783599854,-7.070486251008189,-8.504398826979473,1.4339125759712843
1,wrist,10.0,0.05,17.55046796798706,-6.958072126722259,-8.504398826979473,1.5463267002572145
1,wrist,10.0,0.05,17.60067057609558,-6.843935206000112,-8.211143695014663,1.3672084890145504
1,wrist,10.0,0.05,17.650856018066406,-6.728135831387016,-8.211143695014663,1.4830078636276465
1,wrist,10.0,0.05,17.70093846321106,-6.610906836542496,-8.211143695014663,1.600236858472167
1,wrist,10.0,0.05,17.751015186309814,-6.492054988890089,-7.9178885630498534,1.425833574159764
1,wrist,10.0,0.05,17.80119276046753,-6.371352207843712,-7.9178885630498534,1.5465363552061415
1,wrist,10.0,0.05,17.851364612579346,-6.249080239370234,-7.9178885630498534,1.6688083236796194
1,wrist,10.0,0.05,17.901540517807007,-6.125245721932257,-7.9178885630498534,1.7926428411175968
1,wrist,10.0,0.05,17.951767444610596,-5.99976100606025,-7.624633431085044,1.624872425024794
1,wrist,10.0,0.05,18.001832723617554,-5.873193495175389,-7.624633431085044,1.751439935909655
1,wrist,10.0,0.05,18.052002668380737,-5.744903937922569,-7.624633431085044,1.8797294931624755
1,wrist,10.0,0.05,18.102075815200806,-5.615438888725049,-7.038123167155426,1.4226842784303768
1,wrist,10.0,0.05,18.152175664901733,-5.484514110459491,-7.038123167155426,1.5536090566959349
1,wrist,10.0,0.05,18.202352285385132,-5.352026969335864,-7.038123167155426,1.6860961978195617
1,wrist,10.0,0.05,18.252528429031372,-5.218211227933977,-6.744868035190616,1.5266568072566393
1,wrist,10.0,0.05,18.302717924118042,-5.083062761880802,-6.744868035190616,1.661805273309814
1,wrist,10.0,0.05,18.352843284606934,-4.946825708109363,-6.744868035190616,1.7980423270812533
1,wrist,10.0,0.05,18.402912139892578,-4.809517608872599,-6.451612903225806,1.642095294353207
1,wrist,10.0,0.05,18.45298981666565,-4.670995058182864,-6.451612903225806,1.7806178450429417
1,wrist,10.0,0.05,18.503198623657227,-4.53094918482206,-6.451612903225806,1.9206637184037456
1,wrist,10.0,0.05,18.55342197418213,-4.3897349585730305,-6.158357771260997,1.7686228126879664
1,wrist,10.0,0.05,18.603594303131104,-4.247573044394131,-6.158357771260997,1.9107847268668658
1,wrist,10.0,0.05,18.653810501098633,-4.104230192897877,-6.158357771260997,2.0541275783631203
1,wrist,10.0,0.05,18.70393419265747,-3.9601327675181586,-5.865102639296188,1.9049698717780292
1,wrist,10.0,0.05,18.754004955291748,-3.815207102569306,-5.865102639296188,2.049895536726882
1,wrist,10.0,0.05,18.80407691001892,-3.669333942201811,-5.865102639296188,2.1957686970943766
1,wrist,10.0,0.05,18.854147911071777,-3.5225556250111776,-5.865102639296188,2.34254701428501
1,wrist,10.0,0.05,18.9042546749115,-3.374799939338615,-5.278592375366569,1.9037924360279534
1,wrist,10.0,0.05,18.954429626464844,-3.226005248387498,-5.278592375366569,2.0525871269790708
1,wrist,10.0,0.05,19.004594326019287,-3.076439654647574,-5.278592375366569,2.2021527207189946
1,wrist,10.0,0.05,19.05477213859558,-2.926070593891103,-4.6920821114369495,1.7660115175458464
1,wrist,10.0,0.05,19.104950428009033,-2.774972985807967,-4.6920821114369495,1.9171091256289827
1,wrist,10.0,0.05,19.15501856803894,-2.6235197280940623,-4.6920821114369495,2.0685623833428872
1,wrist,10.0,0.05,19.205193996429443,-2.471090788638069,-4.6920821114369495,2.2209913227988807
1,wrist,10.0,0.05,19.25529718399048,-2.3182686277461,-4.6920821114369495,2.3738134836908493
1,wrist,10.0,0.05,19.305474042892456,-2.164646148146279,-4.6920821114369495,2.5274359632906704
1,wrist,10.0,0.05,19.35564637184143,-2.010499730204883,-4.398826979472141,2.3883272492672583
1,wrist,10.0,0.05,19.405834436416626,-1.8558052501182731,-4.398826979472141,2.5430217293538684
1,wrist,10.0,0.05,19.45600128173828,-1.7007151180515407,-4.398826979472141,2.6981118614206006
1,wrist,10.0,0.05,19.506094217300415,-1.545431960056556,-3.519061583577713,1.973629623521157
1,wrist,10.0,0.05,19.55619478225708,-1.3897423352076357,-3.519061583577713,2.129319248370077
1,wrist,10.0,0.05,19.606268882751465,-1.233790936909402,-3.519061583577713,2.285270646668311
1,wrist,10.0,0.05,19.65644407272339,-1.0772184827737648,-3.519061583577713,2.4418431008039483
1,wrist,10.0,0.05,19.70662498474121,-0.9203604753009815,-2.932551319648094,2.0121908443471126
1,wrist,10.0,0.05,19.756802082061768,-0.7632856856803599,-2.932551319648094,2.169265633967734
1,wrist,10.0,0.05,19.806869506835938,-0.6063651431289745,-2.932551319648094,2.326186176519119
1,wrist,10.0,0.05,19.8570613861084,-0.44890399443808954,-2.3460410557184748,1.8971370612803853
1,wrist,10.0,0.05,19.907166242599487,-0.2916045076642862,-2.3460410557184748,2.0544365480541886
1,wrist,10.0,0.05,19.957348108291626,-0.1339908599759819,-2.3460410557184748,2.212050195742493
2,wrist,10.0,0.1,2.384185791015625e-07,1.498028113169566e-06,-0.0,1.498028113169566e-06
2,wrist,10.0,0.1,0.050168514251708984,0.31516587283203085,-0.0,0.31516587283203085
2,wrist,10.0,0.1,0.1002497673034668,0.6294714250833405,-0.0,0.6294714250833405
2,wrist,10.0,0.1,0.15045547485351562,0.9439322266001418,-0.0,0.9439322266001418
2,wrist,10.0,0.1,0.200669527053833,1.2575058155879837,-0.0,1.2575058155879837
2,wrist,10.0,0.1,0.2508547306060791,1.569648736427921,-0.0,1.569648736427921
2,wrist,10.0,0.1,0.30104994773864746,1.880292902550453,-0.0,1.880292902550453
2,wrist,10.0,0.1,0.3511669635772705,2.188587491053802,-0.0,2.188587491053802
2,wrist,10.0,0.1,0.4013404846191406,2.495055893118241,-0.0,2.495055893118241
2,wrist,10.0,0.1,0.45140552520751953,2.7983904932781503,-0.0,2.7983904932781503
2,wrist,10.0,0.1,0.501509428024292,3.0991883878493214,0.29325513196480935,2.8059332558845123
2,wrist,10.0,0.1,0.5516905784606934,3.3973715299578884,0.29325513196480935,3.104116397993079
2,wrist,10.0,0.1,0.6018643379211426,3.692134382452022,0.29325513196480935,3.3988792504872123
2,wrist,10.0,0.1,0.6519367694854736,3.9826441938840946,0.5865102639296187,3.396133929954476
2,wrist,10.0,0.1,0.7021520137786865,4.27002363985659,0.5865102639296187,3.6835133759269714
2,wrist,10.0,0.1,0.7522282600402832,4.552375143727928,0.5865102639296187,3.965864879798309
2,wrist,10.0,0.1,0.8023059368133545,4.83022816184926,0.8797653958944283,3.950462765954832
2,wrist,10.0,0.1,0.8524453639984131,5.103633165377589,0.8797653958944283,4.223867769483161
2,wrist,10.0,0.1,0.9025490283966064,5.371783842745734,0.8797653958944283,4.492018446851306
2,wrist,10.0,0.1,0.9527256488800049,5.6349899098147915,1.7595307917888565,3.875459118025935
2,wrist,10.0,0.1,1.0029776096343994,5.892978023499312,1.7595307917888565,4.133447231710456
2,wrist,10.0,0.1,1.0531518459320068,6.144706446821344,1.7595307917888565,4.385175655032487
2,wrist,10.0,0.1,1.1033251285552979,6.390323844259612,1.7595307917888565,4.6307930524707555
2,wrist,10.0,0.1,1.1535108089447021,6.629649297506132,3.225806451612903,3.4038428458932293
2,wrist,10.0,0.1,1.2036914825439453,6.862360525054991,3.225806451612903,3.6365540734420883
2,wrist,10.0,0.1,1.2538650035858154,7.088218703077567,3.225806451612903,3.862412251464664
2,wrist,10.0,0.1,1.3040390014648438,7.3070350774956,4.105571847507331,3.201463229988269
2,wrist,10.0,0.1,1.3541514873504639,7.518335189699041,4.105571847507331,3.4127633421917096
2,wrist,10.0,0.1,1.4043316841125488,7.722452493018455,4.105571847507331,3.6168806455111238
2,wrist,10.0,0.1,1.4544737339019775,7.9187472724286465,4.9853372434017595,2.933410029026887
2,wrist,10.0,0.1,1.504582405090332,8.107059959200502,4.9853372434017595,3.121722715798742
2,wrist,10.0,0.1,1.5547571182250977,8.287569362775974,4.9853372434017595,3.3022321193742146
2,wrist,10.0,0.1,1.6049277782440186,8.459829103923223,5.865102639296188,2.594726464627035
2,wrist,10.0,0.1,1.6551086902618408,8.623715542165328,5.865102639296188,2.7586129028691406
2,wrist,10.0,0.1,1.7051801681518555,8.778700453757622,5.865102639296188,2.9135978144614345
2,wrist,10.0,0.1,1.7553536891937256,8.92528623599336,6.744868035190616,2.1804182008027437
2,wrist,10.0,0.1,1.8054332733154297,9.062753136718984,6.744868035190616,2.3178851015283675
2,wrist,10.0,0.1,1.8555054664611816,9.191229406972237,6.744868035190616,2.446361371781621
2,wrist,10.0,0.1,1.9056382179260254,9.310747656862988,6.744868035190616,2.565879621672372
2,wrist,10.0,0.1,1.9558494091033936,9.421193723705937,7.331378299120235,2.0898154245857015
2,wrist,10.0,0.1,2.006059408187866,9.522261220309813,7.331378299120235,2.190882921189578
2,wrist,10.0,0.1,2.0561890602111816,9.613713352265377,7.331378299120235,2.2823350531451414
2,wrist,10.0,0.1,2.106379985809326,9.695722902290845,7.9178885630498534,1.7778343392409912
2,wrist,10.0,0.1,2.156477212905884,9.767964665873102,7.9178885630498534,1.8500761028232482
2,wrist,10.0,0.1,2.2066545486450195,9.830621364682568,7.9178885630498534,1.912732801632714
2,wrist,10.0,0.1,2.256732225418091,9.883412173745814,8.504398826979473,1.3790133467663406
2,wrist,10.0,0.1,2.306882858276367,9.926474417112903,8.504398826979473,1.4220755901334297
2,wrist,10.0,0.1,2.357203960418701,9.959777347222968,8.504398826979473,1.4553785202434941
2,wrist,10.0,0.1,2.4073739051818848,9.98306934097423,8.797653958944283,1.185415382029948
2,wrist,10.0,0.1,2.457467794418335,9.996429412309972,8.797653958944283,1.1987754533656894
2,wrist,10.0,0.1,2.507570505142212,9.9998868697779,8.797653958944283,1.202232910833617
2,wrist,10.0,0.1,2.5577456951141357,9.993418553970152,9.384164222873899,0.6092543310962526
2,wrist,10.0,0.1,2.6079161167144775,9.977020744187975,9.384164222873899,0.5928565213140757
2,wrist,10.0,0.1,2.658057451248169,9.950727712785476,9.384164222873899,0.5665634899115766
2,wrist,10.0,0.1,2.7082409858703613,9.914524333073084,9.67741935483871,0.23710497823437393
2,wrist,10.0,0.1,2.758357048034668,9.86853308337894,9.67741935483871,0.19111372854023045
2,wrist,10.0,0.1,2.808497905731201,9.812727512263965,9.67741935483871,0.13530815742525526
2,wrist,10.0,0.1,2.858701467514038,9.747095291298708,9.67741935483871,0.0696759364599977
2,wrist,10.0,0.1,2.9087767601013184,9.671970149075351,9.970674486803519,-0.29870433772816796
2,wrist,10.0,0.1,2.9589686393737793,9.587062867822237,9.970674486803519,-0.3836116189812824
2,wrist,10.0,0.1,3.0091707706451416,9.492601304910737,9.970674486803519,-0.4780731818927819
2,wrist,10.0,0.1,3.0592474937438965,9.388967045894516,9.970674486803519,-0.5817074409090033
2,wrist,10.0,0.1,3.1094603538513184,9.275718982453068,9.970674486803519,-0.6949555043504514
2,wrist,10.0,0.1,3.159634828567505,9.153335929842237,9.970674486803519,-0.8173385569612819
2,wrist,10.0,0.1,3.209833860397339,9.021789935415576,9.970674486803519,-0.9488845513879429
2,wrist,10.0,0.1,3.2600433826446533,8.881239212008188,9.970674486803519,-1.0894352747953313
2,wrist,10.0,0.1,3.3101918697357178,8.732037078740797,9.970674486803519,-1.238637408062722
2,wrist,10.0,0.1,3.360264778137207,8.574410595887766,9.970674486803519,-1.396263890915753
2,wrist,10.0,0.1,3.41041898727417,8.408020989482107,9.970674486803519,-1.5626534973214117
2,wrist,10.0,0.1,3.460521936416626,8.233465218512604,9.970674486803519,-1.7372092682909148
2,wrist,10.0,0.1,3.510697364807129,8.050480379824315,9.970674486803519,-1.9201941069792046
2,wrist,10.0,0.1,3.560870885848999,7.859502255395615,9.970674486803519,-2.111172231407904
2,wrist,10.0,0.1,3.611046552658081,7.660705160576313,9.970674486803519,-2.309969326227206
2,wrist,10.0,0.1,3.661144733428955,7.454619186679199,9.970674486803519,-2.5160553001243198
2,wrist,10.0,0.1,3.7112159729003906,7.241264231749366,9.970674486803519,-2.7294102550541535
2,wrist,10.0,0.1,3.7613954544067383,7.020258325254403,9.970674486803519,-2.950416161549116
2,wrist,10.0,0.1,3.811464309692383,6.792784573099308,9.970674486803519,-3.1778899137042114
2,wrist,10.0,0.1,3.8615684509277344,6.558421322741058,9.384164222873899,-2.825742900132841
2,wrist,10.0,0.1,3.9117608070373535,6.317129052813744,9.384164222873899,-3.067035170060155
2,wrist,10.0,0.1,3.961970567703247,6.069467573568373,9.384164222873899,-3.3146966493055263
2,wrist,10.0,0.1,4.01203989982605,5.816483656530275,8.797653958944283,-2.9811703024140073
2,wrist,10.0,0.1,4.062096834182739,5.557808402089716,8.797653958944283,-3.2398455568545668
2,wrist,10.0,0.1,4.1121625900268555,5.293588740429946,8.797653958944283,-3.504065218514336
2,wrist,10.0,0.1,4.162235975265503,5.024089749564754,8.504398826979473,-3.480309077414719
2,wrist,10.0,0.1,4.2123472690582275,4.7494084179753715,8.504398826979473,-3.754990409004102
2,wrist,10.0,0.1,4.262416839599609,4.470253611102329,8.504398826979473,-4.034145215877144
2,wrist,10.0,0.1,4.3125901222229,4.186083128388559,7.9178885630498534,-3.731805434661294
2,wrist,10.0,0.1,4.362699747085571,3.8981211419402015,7.9178885630498534,-4.019767421109652
2,wrist,10.0,0.1,4.412851333618164,3.606049381721035,7.9178885630498534,-4.311839181328819
2,wrist,10.0,0.1,4.463046073913574,3.310141420554861,7.9178885630498534,-4.6077471424949925
2,wrist,10.0,0.1,4.513142108917236,3.0115326534710976,6.744868035190616,-3.7333353817195185
2,wrist,10.0,0.1,4.563321828842163,2.7094343040880764,6.744868035190616,-4.03543373110254
2,wrist,10.0,0.1,4.613387107849121,2.4053407639980096,6.744868035190616,-4.3395272711926065
2,wrist,10.0,0.1,4.663568019866943,2.09815687518708,6.451612903225806,-4.3534560280387264
2,wrist,10.0,0.1,4.713637590408325,1.7895756389906037,6.451612903225806,-4.662037264235202
2,wrist,10.0,0.1,4.763828277587891,1.4784707591489166,6.451612903225806,-4.973142144076889
2,wrist,10.0,0.1,4.813972473144531,1.1661857806242995,5.278592375366569,-4.11240659474227
2,wrist,10.0,0.1,4.864179849624634,0.8523477382742493,5.278592375366569,-4.426244637092319
2,wrist,10.0,0.1,4.914252758026123,0.5385052040654431,5.278592375366569,-4.740087171301125
2,wrist,10.0,0.1,4.964328050613403,0.22411470285786636,4.398826979472141,-4.174712276614275
2,wrist,10.0,0.1,5.014476776123047,-0.09095901272960087,4.398826979472141,-4.4897859922017425
2,wrist,10.0,0.1,5.064578056335449,-0.40564456593704545,4.398826979472141,-4.804471545409187
2,wrist,10.0,0.1,5.114747762680054,-0.72035699142351,3.519061583577713,-4.239418575001223
2,wrist,10.0,0.1,5.164906978607178,-1.0342881182211328,3.519061583577713,-4.553349701798846
2,wrist,10.0,0.1,5.215068817138672,-1.3472083452149368,3.519061583577713,-4.86626992879265
2,wrist,10.0,0.1,5.265156269073486,-1.6583295087427177,3.519061583577713,-5.1773910923204305
2,wrist,10.0,0.1,5.315227270126343,-1.9677070288506866,2.6392961876832843,-4.607003216533971
2,wrist,10.0,0.1,5.3653974533081055,-2.275743973489858,2.6392961876832843,-4.915040161173142
2,wrist,10.0,0.1,5.415496826171875,-2.581089884129129,2.6392961876832843,-5.220386071812413
2,wrist,10.0,0.1,5.465567588806152,-2.8837063100930873,1.466275659824047,-4.349981969917135
2,wrist,10.0,0.1,5.515635967254639,-3.183454604872573,1.466275659824047,-4.64973026469662
2,wrist,10.0,0.1,5.565701723098755,-3.4800371678934567,1.466275659824047,-4.946312827717504
2,wrist,10.0,0.1,5.615772247314453,-3.7732040619496847,0.5865102639296187,-4.359714325879303
2,wrist,10.0,0.1,5.66583776473999,-4.062608002675684,0.5865102639296187,-4.649118266605303
2,wrist,10.0,0.1,5.7160255908966064,-4.3486841586613565,0.5865102639296187,-4.935194422590975
2,wrist,10.0,0.1,5.76620626449585,-4.630396554623804,-0.0,-4.630396554623804
2,wrist,10.0,0.1,5.816385746002197,-4.907499700584793,-0.0,-4.907499700584793
2,wrist,10.0,0.1,5.86645770072937,-5.179146980010623,-0.0,-5.179146980010623
2,wrist,10.0,0.1,5.916624069213867,-5.446165879959723,-1.466275659824047,-3.9798902201356756
2,wrist,10.0,0.1,5.96682071685791,-5.70793046169435,-1.466275659824047,-4.241654801870302
2,wrist,10.0,0.1,6.016990661621094,-5.963882937963736,-1.466275659824047,-4.497607278139689
2,wrist,10.0,0.1,6.067171573638916,-6.213963698158469,-2.6392961876832843,-3.574667510475185
2,wrist,10.0,0.1,6.117347478866577,-6.457843553351483,-2.6392961876832843,-3.818547365668199
2,wrist,10.0,0.1,6.167523622512817,-6.695306491626488,-2.6392961876832843,-4.056010303943204
2,wrist,10.0,0.1,6.2176923751831055,-6.92608184117642,-2.6392961876832843,-4.286785653493135
2,wrist,10.0,0.1,6.2677953243255615,-7.149686707570795,-3.519061583577713,-3.630625123993082
2,wrist,10.0,0.1,6.317973852157593,-7.366527765519523,-3.519061583577713,-3.84746618194181
2,wrist,10.0,0.1,6.368195056915283,-7.5762219670784265,-3.519061583577713,-4.0571603835007135
2,wrist,10.0,0.1,6.418274641036987,-7.777813797507629,-3.812316715542522,-3.9654970819651068
2,wrist,10.0,0.1,6.468350172042847,-7.971690037043453,-3.812316715542522,-4.159373321500931
2,wrist,10.0,0.1,6.5184266567230225,-8.157678862286458,-3.812316715542522,-4.345362146743936
2,wrist,10.0,0.1,6.568590402603149,-8.33589526942921,-5.278592375366569,-3.0573028940626417
2,wrist,10.0,0.1,6.6187989711761475,-8.505979276963764,-5.278592375366569,-3.227386901597195
2,wrist,10.0,0.1,6.66896915435791,-8.667478451092753,-5.278592375366569,-3.3888860757261847
2,wrist,10.0,0.1,6.719137907028198,-8.820361312897306,-5.571847507331379,-3.2485138055659277
2,wrist,10.0,0.1,6.769212245941162,-8.964217791386154,-5.571847507331379,-3.392370284054776
2,wrist,10.0,0.1,6.8193840980529785,-9.09945546399925,-5.571847507331379,-3.5276079566678717
2,wrist,10.0,0.1,6.869561433792114,-9.225664535953417,-6.744868035190616,-2.480796500762801
2,wrist,10.0,0.1,6.9197258949279785,-9.342675454587418,-6.744868035190616,-2.597807419396802
2,wrist,10.0,0.1,6.96989107131958,-9.450407001257512,-6.744868035190616,-2.7055389660668956
2,wrist,10.0,0.1,7.020050048828125,-9.548738852241405,-6.744868035190616,-2.8038708170507887
2,wrist,10.0,0.1,7.070230484008789,-9.637623202293774,-7.331378299120235,-2.306244903173539
2,wrist,10.0,0.1,7.120301723480225,-9.716765505683636,-7.331378299120235,-2.3853872065634008
2,wrist,10.0,0.1,7.170368671417236,-9.786285647198552,-7.331378299120235,-2.454907348078317
2,wrist,10.0,0.1,7.220456123352051,-9.84614454085794,-7.9178885630498534,-1.928255977808087
2,wrist,10.0,0.1,7.270557880401611,-9.896265374167008,-7.9178885630498534,-1.9783768111171547
2,wrist,10.0,0.1,7.320687294006348,-9.936599537231048,-7.9178885630498534,-2.018710974181195
2,wrist,10.0,0.1,7.370885848999023,-9.967111866032564,-8.504398826979473,-1.4627130390530905
2,wrist,10.0,0.1,7.420961141586304,-9.98767117183,-8.504398826979473,-1.4832723448505263
2,wrist,10.0,0.1,7.471188068389893,-9.998361438935763,-8.504398826979473,-1.4939626119562899
2,wrist,10.0,0.1,7.521267414093018,-9.999107203142243,-8.504398826979473,-1.4947083761627695
2,wrist,10.0,0.1,7.571343660354614,-9.989954587121634,-8.504398826979473,-1.4855557601421605
2,wrist,10.0,0.1,7.621411323547363,-9.970917113604981,-8.504398826979473,-1.466518286625508
2,wrist,10.0,0.1,7.671514511108398,-9.941988895424618,-9.384164222873899,-0.5578246725507192
2,wrist,10.0,0.1,7.721586465835571,-9.903235834749694,-9.384164222873899,-0.5190716118757948
2,wrist,10.0,0.1,7.771730899810791,-9.85460396387687,-9.384164222873899,-0.4704397410029717
2,wrist,10.0,0.1,7.8219077587127686,-9.79614960107406,-9.384164222873899,-0.41198537820016057
2,wrist,10.0,0.1,7.872114658355713,-9.727915385239234,-9.384164222873899,-0.34375116236533465
2,wrist,10.0,0.1,7.9223222732543945,-9.650000103266077,-9.384164222873899,-0.26583588039217787
2,wrist,10.0,0.1,7.9724342823028564,-9.562657914947252,-9.384164222873899,-0.17849369207335286
2,wrist,10.0,0.1,8.02263069152832,-9.465665198243626,-9.384164222873899,-0.08150097536972645
2,wrist,10.0,0.1,8.07275390625,-9.359419448503825,-9.384164222873899,0.02474477437007394
2,wrist,10.0,0.1,8.12295150756836,-9.243713211550123,-9.384164222873899,0.14045101132377624
2,wrist,10.0,0.1,8.173171281814575,-9.11875512104512,-9.384164222873899,0.2654091018287783
2,wrist,10.0,0.1,8.223244428634644,-8.985123077605701,-9.384164222873899,0.3990411452681979
2,wrist,10.0,0.1,8.27332329750061,-8.842581051459703,-9.384164222873899,0.5415831714141959
2,wrist,10.0,0.1,8.32352328300476,-8.690908511264565,-9.384164222873899,0.6932557116093339
2,wrist,10.0,0.1,8.373646020889282,-8.530843610452413,-9.384164222873899,0.853320612421486
2,wrist,10.0,0.1,8.423846244812012,-8.362051425038588,-9.384164222873899,1.0221127978353106
2,wrist,10.0,0.1,8.474048376083374,-8.184933799868793,-9.384164222873899,1.1992304230051065
2,wrist,10.0,0.1,8.524118423461914,-8.000171150840135,-9.384164222873899,1.383993072033764
2,wrist,10.0,0.1,8.57417917251587,-7.8075276687822495,-9.384164222873899,1.5766365540916496
2,wrist,10.0,0.1,8.624253988265991,-7.607102997840885,-9.384164222873899,1.7770612250330142
2,wrist,10.0,0.1,8.674327611923218,-7.399153591775011,-9.384164222873899,1.9850106310988878
2,wrist,10.0,0.1,8.724504947662354,-7.1834272708275435,-9.384164222873899,2.2007369520463556
2,wrist,10.0,0.1,8.774616479873657,-6.9608582529191185,-9.384164222873899,2.4233059699547805
2,wrist,10.0,0.1,8.824814081192017,-6.730989098353835,-9.090909090909092,2.3599199925552563
2,wrist,10.0,0.1,8.874910831451416,-6.494906500066914,-9.090909090909092,2.5960025908421773
2,wrist,10.0,0.1,8.925096988677979,-6.251950959145942,-9.090909090909092,2.8389581317631496
2,wrist,10.0,0.1,8.97516942024231,-6.003350955900793,-8.797653958944283,2.794303003043489
2,wrist,10.0,0.1,9.025245189666748,-5.748792033565213,-8.797653958944283,3.04886192537907
2,wrist,10.0,0.1,9.075366258621216,-5.488304615556597,-8.797653958944283,3.3093493433876855
2,wrist,10.0,0.1,9.125564336776733,-5.221961999513015,-8.211143695014663,2.9891816955016477
2,wrist,10.0,0.1,9.175665855407715,-4.950952163310114,-8.211143695014663,3.2601915317045487
2,wrist,10.0,0.1,9.225857257843018,-4.674537228500887,-8.211143695014663,3.536606466513776
2,wrist,10.0,0.1,9.276071548461914,-4.393344517917339,-7.624633431085044,3.231288913167705
2,wrist,10.0,0.1,9.32618260383606,-4.108370251228682,-7.624633431085044,3.516263179856362
2,wrist,10.0,0.1,9.37626051902771,-3.8195159293250063,-7.624633431085044,3.805117501760038
2,wrist,10.0,0.1,9.426462650299072,-3.5261501194428297,-6.451612903225806,2.9254627837829763
2,wrist,10.0,0.1,9.476666927337646,-3.229263474911519,-6.451612903225806,3.222349428314287
2,wrist,10.0,0.1,9.526865482330322,-2.9291982215111605,-6.451612903225806,3.5224146817146456
2,wrist,10.0,0.1,9.577062368392944,-2.6262293185179066,-6.451612903225806,3.8253835847078994
2,wrist,10.0,0.1,9.627199172973633,-2.321015390137276,-5.865102639296188,3.544087249158912
2,wrist,10.0,0.1,9.677279949188232,-2.013843174737722,-5.865102639296188,3.8512594645584657
2,wrist,10.0,0.1,9.727478265762329,-1.703949390281704,-5.865102639296188,4.161153249014484
2,wrist,10.0,0.1,9.77767300605774,-1.3923829001849128,-5.278592375366569,3.886209475181656
2,wrist,10.0,0.1,9.827885627746582,-1.0793198767903343,-5.278592375366569,4.199272498576234
2,wrist,10.0,0.1,9.878058671951294,-0.7654305608122708,-5.278592375366569,4.513161814554298
2,wrist,10.0,0.1,9.92819094657898,-0.4510365223122739,-4.6920821114369495,4.241045589124676
2,wrist,10.0,0.1,9.978271484375,-0.1365200490611689,-4.6920821114369495,4.55556206237578
2,wrist,10.0,0.1,10.028367757797241,0.1782304414996318,-4.6920821114369495,4.870312552936581
2,wrist,10.0,0.1,10.078472375869751,0.49285672946041914,-3.225806451612903,3.718663181073322
2,wrist,10.0,0.1,10.128635168075562,0.8073589161370114,-3.225806451612903,4.033165367749914
2,wrist,10.0,0.1,10.178814172744751,1.121160364448407,-3.225806451612903,4.34696681606131
2,wrist,10.0,0.1,10.228988885879517,1.4338207410397363,-2.6392961876832843,4.073116928723021
2,wrist,10.0,0.1,10.279216289520264,1.7453821878574396,-2.6392961876832843,4.384678375540724
2,wrist,10.0,0.1,10.329378604888916,2.0548052177023077,-2.6392961876832843,4.694101405385592
2,wrist,10.0,0.1,10.37947678565979,2.361795649178499,-2.6392961876832843,5.001091836861783
2,wrist,10.0,0.1,10.429569959640503,2.666415792000869,-1.1730205278592374,3.8394363198601065
2,wrist,10.0,0.1,10.479669094085693,2.968430451476623,-1.1730205278592374,4.14145097933586
2,wrist,10.0,0.1,10.529839038848877,3.2679244914834897,-1.1730205278592374,4.440945019342728
2,wrist,10.0,0.1,10.58002495765686,3.5642653021633435,-0.5865102639296187,4.150775566092962
2,wrist,10.0,0.1,10.630185604095459,3.8569159035924976,-0.5865102639296187,4.443426167522116
2,wrist,10.0,0.1,10.680351495742798,4.145765689624559,-0.5865102639296187,4.732275953554177
2,wrist,10.0,0.1,10.730518341064453,4.430502285603567,0.5865102639296187,3.8439920216739485
2,wrist,10.0,0.1,10.78071641921997,4.711010385701274,0.5865102639296187,4.124500121771655
2,wrist,10.0,0.1,10.830778360366821,4.986090938179835,0.5865102639296187,4.399580674250217
2,wrist,10.0,0.1,10.88095498085022,5.256851594501257,1.466275659824047,3.7905759346772103
2,wrist,10.0,0.1,10.9311363697052,5.522412637530291,1.466275659824047,4.0561369777062435
2,wrist,10.0,0.1,10.981203556060791,5.781898674898906,1.466275659824047,4.315623015074859
2,wrist,10.0,0.1,11.031270265579224,6.035660943790559,2.6392961876832843,3.3963647561072743
2,wrist,10.0,0.1,11.081344366073608,6.283486966950916,2.6392961876832843,3.6441907792676314
2,wrist,10.0,0.1,11.131545066833496,6.5256963131800365,2.6392961876832843,3.886400125496752
2,wrist,10.0,0.1,11.181645154953003,6.7609480073925265,2.6392961876832843,4.121651819709243
2,wrist,10.0,0.1,11.231818914413452,6.989831763437321,4.105571847507331,2.8842599159299898
2,wrist,10.0,0.1,11.281882524490356,7.2112899130004715,4.105571847507331,3.1057180654931402
2,wrist,10.0,0.1,11.332139730453491,7.426427934674136,4.105571847507331,3.3208560871668045
2,wrist,10.0,0.1,11.38233733177185,7.633919476498253,4.398826979472141,3.2350924970261117
2,wrist,10.0,0.1,11.432553052902222,7.833888363523881,4.398826979472141,3.43506138405174
2,wrist,10.0,0.1,11.482853412628174,8.026376512138604,4.398826979472141,3.627549532666463
2,wrist,10.0,0.1,11.532968282699585,8.21018284060625,5.571847507331379,2.6383353332748705
2,wrist,10.0,0.1,11.583182573318481,8.386189730808674,5.571847507331379,2.8143422234772952
2,wrist,10.0,0.1,11.633260488510132,8.553405492966807,5.571847507331379,2.981557985635428
2,wrist,10.0,0.1,11.683433532714844,8.712447152841325,6.158357771260997,2.5540893815803276
2,wrist,10.0,0.1,11.733634233474731,8.862911546665309,6.158357771260997,2.704553775404312
2,wrist,10.0,0.1,11.783835649490356,9.004560918258512,6.158357771260997,2.8462031469975155
2,wrist,10.0,0.1,11.833904266357422,9.136913066000595,6.744868035190616,2.392045030809979
2,wrist,10.0,0.1,11.884033203125,9.260366474313711,6.744868035190616,2.5154984391230952
2,wrist,10.0,0.1,11.934199810028076,9.37471621345339,6.744868035190616,2.6298481782627734
2,wrist,10.0,0.1,11.984276294708252,9.47957220694953,6.744868035190616,2.7347041717589144
2,wrist,10.0,0.1,12.034478425979614,9.575272031770497,7.624633431085044,1.950638600685453
2,wrist,10.0,0.1,12.084591388702393,9.661301104731399,7.624633431085044,2.0366676736463543
2,wrist,10.0,0.1,12.134802341461182,9.737892571300684,7.624633431085044,2.1132591402156393
2,wrist,10.0,0.1,12.185003757476807,9.80478087594106,8.211143695014663,1.5936371809263967
2,wrist,10.0,0.1,12.235144853591919,9.86185216484431,8.211143695014663,1.650708469829647
2,wrist,10.0,0.1,12.285307884216309,9.909154530519821,8.211143695014663,1.6980108355051584
2,wrist,10.0,0.1,12.335379362106323,9.946554509091602,8.797653958944283,1.148900550147319
2,wrist,10.0,0.1,12.385552167892456,9.974156119197676,8.797653958944283,1.1765021602533938
2,wrist,10.0,0.1,12.435726881027222,9.99184677424002,8.797653958944283,1.1941928152957377
2,wrist,10.0,0.1,12.485945224761963,9.999610080703437,9.090909090909092,0.9087009897943457
2,wrist,10.0,0.1,12.536157846450806,9.997419426853774,9.090909090909092,0.9065103359446827
2,wrist,10.0,0.1,12.586219549179077,9.98532983421731,9.090909090909092,0.8944207433082187
2,wrist,10.0,0.1,12.636288166046143,9.96335787657986,9.384164222873899,0.5791936537059605
2,wrist,10.0,0.1,12.686363458633423,9.931521383697175,9.384164222873899,0.5473571608232763
2,wrist,10.0,0.1,12.736545324325562,9.889755005690215,9.384164222873899,0.5055907828163164
2,wrist,10.0,0.1,12.786742448806763,9.838140330528345,9.67741935483871,0.16072097568963528
2,wrist,10.0,0.1,12.836945533752441,9.776732028879804,9.67741935483871,0.09931267404109434
2,wrist,10.0,0.1,12.887130498886108,9.705624163588661,9.67741935483871,0.028204808749951127
2,wrist,10.0,0.1,12.937300205230713,9.624893040805144,9.67741935483871,-0.05252631403356567
2,wrist,10.0,0.1,12.98737120628357,9.534785706977463,9.970674486803519,-0.43588877982605645
2,wrist,10.0,0.1,13.037476062774658,9.435171473103361,9.970674486803519,-0.5355030137001577
2,wrist,10.0,0.1,13.0875723361969,9.326226232653475,9.970674486803519,-0.6444482541500438
2,wrist,10.0,0.1,13.13773512840271,9.207878639175469,9.970674486803519,-0.7627958476280501
2,wrist,10.0,0.1,13.18790578842163,9.08036400986033,9.970674486803519,-0.8903104769431884
2,wrist,10.0,0.1,13.238081932067871,8.943811473624661,9.970674486803519,-1.0268630131788576
2,wrist,10.0,0.1,13.288151979446411,8.79868699168494,9.970674486803519,-1.1719874951185787
2,wrist,10.0,0.1,13.338218688964844,8.644865465313261,9.970674486803519,-1.325809021490258
2,wrist,10.0,0.1,13.388285636901855,8.482488928648252,9.970674486803519,-1.4881855581552674
2,wrist,10.0,0.1,13.438352584838867,8.31171876899333,9.970674486803519,-1.6589557178101888
2,wrist,10.0,0.1,13.488421201705933,8.132717865706038,9.970674486803519,-1.8379566210974811
2,wrist,10.0,0.1,13.53848934173584,7.945670728809498,9.970674486803519,-2.025003757994021
2,wrist,10.0,0.1,13.588685035705566,7.750254356514505,9.970674486803519,-2.220420130289014
2,wrist,10.0,0.1,13.638890981674194,7.54708717546623,9.970674486803519,-2.4235873113372888
2,wrist,10.0,0.1,13.68906307220459,7.336555002825525,9.970674486803519,-2.634119483977994
2,wrist,10.0,0.1,13.739228963851929,7.118759969023487,9.970674486803519,-2.851914517780032
2,wrist,10.0,0.1,13.789299249649048,6.894328023190828,9.384164222873899,-2.4898361996830713
2,wrist,10.0,0.1,13.839366912841797,6.663085354971772,9.384164222873899,-2.7210788679021274
2,wrist,10.0,0.1,13.889465570449829,6.425099991746189,9.384164222873899,-2.9590642311277104
2,wrist,10.0,0.1,13.939628601074219,6.18043082039682,9.384164222873899,-3.203733402477079
2,wrist,10.0,0.1,13.989809036254883,5.929534416133442,9.384164222873899,-3.4546298067404573
2,wrist,10.0,0.1,14.03998589515686,5.672762475256807,9.384164222873899,-3.711401747617092
2,wrist,10.0,0.1,14.090169906616211,5.410314736048235,8.504398826979473,-3.094084090931238
2,wrist,10.0,0.1,14.140292644500732,5.142818482614747,8.504398826979473,-3.361580344364726
2,wrist,10.0,0.1,14.190362453460693,4.870512395960745,8.504398826979473,-3.6338864310187287
2,wrist,10.0,0.1,14.24052357673645,4.592876628765847,8.211143695014663,-3.6182670662488157
2,wrist,10.0,0.1,14.290624618530273,4.311019615127863,8.211143695014663,-3.9001240798867993
2,wrist,10.0,0.1,14.340788841247559,4.024527528371899,8.211143695014663,-4.1866161666427635
2,wrist,10.0,0.1,14.391142845153809,3.732931381115873,7.624633431085044,-3.8917020499691715
2,wrist,10.0,0.1,14.441214323043823,3.439265862015548,7.624633431085044,-4.185367569069497
2,wrist,10.0,0.1,14.491375923156738,3.1416589133194033,7.624633431085044,-4.482974517765641
2,wrist,10.0,0.1,14.541484832763672,2.8412488763156363,7.624633431085044,-4.783384554769408
2,wrist,10.0,0.1,14.591655969619751,2.5376444573343977,6.451612903225806,-3.9139684458914084
2,wrist,10.0,0.1,14.641823053359985,2.231543342576279,6.451612903225806,-4.220069560649527
2,wrist,10.0,0.1,14.692002534866333,1.9231487787730326,6.451612903225806,-4.528464124452773
2,wrist,10.0,0.1,14.74217700958252,1.6128736970807875,5.865102639296188,-4.2522289422154005
2,wrist,10.0,0.1,14.792244911193848,1.3016597012930973,5.865102639296188,-4.5634429380030905
2,wrist,10.0,0.1,14.842315196990967,0.9891427266295467,5.865102639296188,-4.875959912666641
2,wrist,10.0,0.1,14.892418384552002,0.6754405857639191,4.9853372434017595,-4.30989665763784
2,wrist,10.0,0.1,14.942584037780762,0.3606768849537696,4.9853372434017595,-4.62466035844799
2,wrist,10.0,0.1,14.992765426635742,0.045456008525541,4.9853372434017595,-4.939881234876219
2,wrist,10.0,0.1,15.042860746383667,-0.26926946187246936,4.398826979472141,-4.668096441344611
2,wrist,10.0,0.1,15.093040227890015,-0.5842560831608754,4.398826979472141,-4.983083062633017
2,wrist,10.0,0.1,15.143213272094727,-0.8986216845433169,4.398826979472141,-5.297448664015458
2,wrist,10.0,0.1,15.193382740020752,-1.2120720015133406,3.225806451612903,-4.437878453126244
2,wrist,10.0,0.1,15.243647336959839,-1.5249087538071087,3.225806451612903,-4.750715205420011
2,wrist,10.0,0.1,15.293843507766724,-1.835802011234007,3.225806451612903,-5.06160846284691
2,wrist,10.0,0.1,15.344182252883911,-2.1457442744241293,1.7595307917888565,-3.905275066212986
2,wrist,10.0,0.1,15.394376039505005,-2.4526571880283865,1.7595307917888565,-4.212187979817243
2,wrist,10.0,0.1,15.444576263427734,-2.7571697070809096,1.7595307917888565,-4.516700498869766
2,wrist,10.0,0.1,15.494776248931885,-3.058937972144864,1.7595307917888565,-4.818468763933721
2,wrist,10.0,0.1,15.54498028755188,-3.3576872278019616,1.1730205278592374,-4.530707755661199
2,wrist,10.0,0.1,15.595199346542358,-3.653183607184531,1.1730205278592374,-4.826204135043769
2,wrist,10.0,0.1,15.645411491394043,-3.9450031589352603,1.1730205278592374,-5.118023686794498
2,wrist,10.0,0.1,15.695518255233765,-4.2322964703293255,-0.0,-4.2322964703293255
2,wrist,10.0,0.1,15.745728492736816,-4.515975243758067,-0.0,-4.515975243758067
2,wrist,10.0,0.1,15.795894384384155,-4.794915228598214,-0.0,-4.794915228598214
2,wrist,10.0,0.1,15.846068382263184,-5.069135665647051,-0.8797653958944283,-4.189370269752623
2,wrist,10.0,0.1,15.896265983581543,-5.338444006810318,-0.8797653958944283,-4.458678610915889
2,wrist,10.0,0.1,15.94632887840271,-5.601741122971222,-0.8797653958944283,-4.721975727076794
2,wrist,10.0,0.1,15.996397256851196,-5.859524001639837,-1.466275659824047,-4.39324834181579
2,wrist,10.0,0.1,16.046496629714966,-6.1116625529118584,-1.466275659824047,-4.645386893087812
2,wrist,10.0,0.1,16.09667158126831,-6.358112171489678,-1.466275659824047,-4.89183651166563
2,wrist,10.0,0.1,16.146838188171387,-6.598203719359356,-2.3460410557184748,-4.252162663640881
2,wrist,10.0,0.1,16.197008848190308,-6.831758769781159,-2.3460410557184748,-4.485717714062684
2,wrist,10.0,0.1,16.247073650360107,-7.058054437576696,-2.3460410557184748,-4.712013381858221
2,wrist,10.0,0.1,16.297253370285034,-7.277861796037076,-2.3460410557184748,-4.931820740318601
2,wrist,10.0,0.1,16.347421407699585,-7.490386430988929,-3.812316715542522,-3.678069715446407
2,wrist,10.0,0.1,16.39752197265625,-7.6951984613406506,-3.812316715542522,-3.8828817457981284
2,wrist,10.0,0.1,16.447692394256592,-7.892655211832087,-3.812316715542522,-4.080338496289565
2,wrist,10.0,0.1,16.497886896133423,-8.082358776982154,-4.398826979472141,-3.683531797510013
2,wrist,10.0,0.1,16.548089265823364,-8.264051693677406,-4.398826979472141,-3.8652247142052643
2,wrist,10.0,0.1,16.59817624092102,-8.437133665019212,-4.398826979472141,-4.038306685547071
2,wrist,10.0,0.1,16.648383617401123,-8.602245991267615,-5.571847507331379,-3.030398483936237
2,wrist,10.0,0.1,16.698488235473633,-8.758486815862977,-5.571847507331379,-3.186639308531598
2,wrist,10.0,0.1,16.748581886291504,-8.906016526955424,-5.571847507331379,-3.3341690196240457
2,wrist,10.0,0.1,16.798751831054688,-9.044928578251799,-5.865102639296188,-3.179825938955611
2,wrist,10.0,0.1,16.848928689956665,-9.174870880309475,-5.865102639296188,-3.3097682410132876
2,wrist,10.0,0.1,16.899106979370117,-9.295697843305078,-5.865102639296188,-3.43059520400889
2,wrist,10.0,0.1,16.949273824691772,-9.407261152739334,-7.038123167155426,-2.369137985583908
2,wrist,10.0,0.1,16.999483823776245,-9.509562449328534,-7.038123167155426,-2.471439282173108
2,wrist,10.0,0.1,17.049697399139404,-9.602406238171437,-7.038123167155426,-2.5642830710160105
2,wrist,10.0,0.1,17.09990692138672,-9.685686153372018,-7.038123167155426,-2.6475629862165917
2,wrist,10.0,0.1,17.150103330612183,-9.759309227311553,-7.9178885630498534,-1.8414206642616993
2,wrist,10.0,0.1,17.200306177139282,-9.823232803639325,-7.9178885630498534,-1.9053442405894714
2,wrist,10.0,0.1,17.25050449371338,-9.877378780005293,-7.9178885630498534,-1.9594902169554391
2,wrist,10.0,0.1,17.3007071018219,-9.921702870941836,-7.9178885630498534,-2.0038143078919823
2,wrist,10.0,0.1,17.350905895233154,-9.956153689126005,-7.9178885630498534,-2.0382651260761513
2,wrist,10.0,0.1,17.401105880737305,-9.980701171972386,-7.9178885630498534,-2.062812608922533
2,wrist,10.0,0.1,17.45131015777588,-9.99532078927926,-8.504398826979473,-1.4909219622997867
2,wrist,10.0,0.1,17.501509189605713,-9.999995504092997,-8.504398826979473,-1.4955966771135234
2,wrist,10.0,0.1,17.551711082458496,-9.994722128739136,-8.504398826979473,-1.4903233017596627
2,wrist,10.0,0.1,17.601909637451172,-9.979506701638526,-8.797653958944283,-1.1818527426942431
2,wrist,10.0,0.1,17.652107000350952,-9.954365052915533,-8.797653958944283,-1.15671109397125
2,wrist,10.0,0.1,17.702163696289062,-9.919433952097787,-8.797653958944283,-1.1217799931535044
2,wrist,10.0,0.1,17.752360820770264,-9.874552074025365,-9.090909090909092,-0.7836429831162732
2,wrist,10.0,0.1,17.802566289901733,-9.819838313605453,-9.090909090909092,-0.7289292226963617
2,wrist,10.0,0.1,17.85273814201355,-9.755400186679637,-9.090909090909092,-0.6644910957705452
2,wrist,10.0,0.1,17.90292501449585,-9.681244731908903,-9.090909090909092,-0.5903356409998111
2,wrist,10.0,0.1,17.95312190055847,-9.597445841434185,-9.384164222873899,-0.21328161856028593
2,wrist,10.0,0.1,18.0033175945282,-9.504103026974873,-9.384164222873899,-0.11993880410097368
2,wrist,10.0,0.1,18.05352807044983,-9.40127559854822,-9.384164222873899,-0.01711137567432175
2,wrist,10.0,0.1,18.103635549545288,-9.289331601449247,-9.384164222873899,0.09483262142465243
2,wrist,10.0,0.1,18.153709411621094,-9.168265044088034,-9.384164222873899,0.21589917878586462
2,wrist,10.0,0.1,18.203904628753662,-9.037797445892275,-9.384164222873899,0.34636677698162366
2,wrist,10.0,0.1,18.254075288772583,-8.898411257423543,-9.384164222873899,0.48575296545035584
2,wrist,10.0,0.1,18.30413007736206,-8.750535781249601,-9.384164222873899,0.6336284416242979
2,wrist,10.0,0.1,18.35420298576355,-8.593947435890998,-9.384164222873899,0.7902167869829011
2,wrist,10.0,0.1,18.404276847839355,-8.428849927668809,-9.384164222873899,0.9553142952050901
2,wrist,10.0,0.1,18.454350233078003,-8.255411260722463,-9.384164222873899,1.1287529621514363
2,wrist,10.0,0.1,18.504421710968018,-8.073808639981099,-9.384164222873899,1.3103555828928002
2,wrist,10.0,0.1,18.554530382156372,-7.884071594800534,-9.384164222873899,1.5000926280733653
2,wrist,10.0,0.1,18.604745388031006,-7.6860926757242805,-9.384164222873899,1.6980715471496186
2,wrist,10.0,0.1,18.654943227767944,-7.480534720568829,-9.384164222873899,1.90362950230507
2,wrist,10.0,0.1,18.705150604248047,-7.26749468904421,-9.384164222873899,2.116669533829689
2,wrist,10.0,0.1,18.75522541999817,-7.047813812657652,-9.384164222873899,2.336350410216247
2,wrist,10.0,0.1,18.805299997329712,-6.821157861737773,-9.384164222873899,2.563006361136126
2,wrist,10.0,0.1,18.855402946472168,-6.587616039853962,-9.384164222873899,2.7965481830199375
2,wrist,10.0,0.1,18.90550208091736,-6.347564760013151,-8.797653958944283,2.4500891989311313
2,wrist,10.0,0.1,18.95560622215271,-6.101199412399589,-8.797653958944283,2.696454546544693
2,wrist,10.0,0.1,19.00577139854431,-5.848476746338918,-8.797653958944283,2.949177212605365
2,wrist,10.0,0.1,19.055948972702026,-5.589879555269328,-8.504398826979473,2.9145192717101454
2,wrist,10.0,0.1,19.106022596359253,-5.326279374145325,-8.504398826979473,3.1781194528341485
2,wrist,10.0,0.1,19.156105279922485,-5.057358199895264,-8.504398826979473,3.4470406270842098
2,wrist,10.0,0.1,19.20618462562561,-4.783447921827578,-7.9178885630498534,3.134440641222276
2,wrist,10.0,0.1,19.256303071975708,-4.504582626776927,-7.9178885630498534,3.413305936272926
2,wrist,10.0,0.1,19.306370735168457,-4.221540023140028,-7.9178885630498534,3.6963485399098257
2,wrist,10.0,0.1,19.356439352035522,-3.9343144778010815,-7.331378299120235,3.3970638213191537
2,wrist,10.0,0.1,19.406541347503662,-3.6430002646555337,-7.331378299120235,3.6883780344647015
2,wrist,10.0,0.1,19.456714630126953,-3.3476541052657156,-7.331378299120235,3.9837241938545196
2,wrist,10.0,0.1,19.506879568099976,-3.049031212936823,-6.451612903225806,3.402581690288983
2,wrist,10.0,0.1,19.557085037231445,-2.7471345457621283,-6.451612903225806,3.7044783574636777
2,wrist,10.0,0.1,19.607154369354248,-2.4433339204163183,-6.451612903225806,4.008278982809488
2,wrist,10.0,0.1,19.65723466873169,-2.1370480109201173,-6.451612903225806,4.314564892305689
2,wrist,10.0,0.1,19.7073757648468,-1.8282707567780545,-5.571847507331379,3.7435767505533244
2,wrist,10.0,0.1,19.75748920440674,-1.5178507816076394,-5.571847507331379,4.0539967257237395
2,wrist,10.0,0.1,19.807701110839844,-1.2053118940128835,-5.571847507331379,4.366535613318495
2,wrist,10.0,0.1,19.857868909835815,-0.8918494372677476,-4.6920821114369495,3.800232674169202
2,wrist,10.0,0.1,19.908038854599,-0.5774874561107436,-4.6920821114369495,4.114594655326206
2,wrist,10.0,0.1,19.958200454711914,-0.26260409706744064,-4.6920821114369495,4.429478014369509
3,wrist,20.0,0.05,0.0,0.0,-0.0,0.0
3,wrist,20.0,0.05,0.05019640922546387,0.31538026895238686,-0.0,0.31538026895238686
3,wrist,20.0,0.05,0.10030794143676758,0.6301490769975303,-0.0,0.6301490769975303
3,wrist,20.0,0.05,0.15042352676391602,0.9447871488351454,-0.0,0.9447871488351454
3,wrist,20.0,0.05,0.20056843757629395,1.2593749214363092,-0.0,1.2593749214363092
3,wrist,20.0,0.05,0.25077319145202637,1.5740249974701572,-0.0,1.5740249974701572
3,wrist,20.0,0.05,0.3009347915649414,1.888013587087833,-0.0,1.888013587087833
3,wrist,20.0,0.05,0.3511345386505127,2.2017715494152728,-0.0,2.2017715494152728
3,wrist,20.0,0.05,0.40131092071533203,2.5148362669590023,-0.0,2.5148362669590023
3,wrist,20.0,0.05,0.45148301124572754,2.8272494071397434,-0.0,2.8272494071397434
3,wrist,20.0,0.05,0.5015850067138672,3.1385251929443965,0.29325513196480935,2.845270060979587
3,wrist,20.0,0.05,0.5517518520355225,3.449424790454624,0.29325513196480935,3.156169658489815
3,wrist,20.0,0.05,0.6019206047058105,3.759479375206687,0.29325513196480935,3.4662242432418777
3,wrist,20.0,0.05,0.6521024703979492,4.068680761536204,0.5865102639296187,3.4821704976065857
3,wrist,20.0,0.05,0.7021682262420654,4.376159087208883,0.5865102639296187,3.7896488232792644
3,wrist,20.0,0.05,0.752274751663208,4.682803861894161,0.5865102639296187,4.096293597964543
3,wrist,20.0,0.05,0.8023478984832764,4.988085200152952,0.8797653958944283,4.108319804258524
3,wrist,20.0,0.05,0.8524782657623291,5.292478910570672,0.8797653958944283,4.412713514676244
3,wrist,20.0,0.05,0.9025847911834717,5.595416142170114,0.8797653958944283,4.715650746275686
3,wrist,20.0,0.05,0.9527451992034912,5.897290402477855,1.7595307917888565,4.137759610688999
3,wrist,20.0,0.05,1.0029115676879883,6.197735850800478,1.7595307917888565,4.438205059011621
3,wrist,20.0,0.05,1.05307936668396,6.49665040815816,1.7595307917888565,4.737119616369304
3,wrist,20.0,0.05,1.103262186050415,6.7940400010783675,1.7595307917888565,5.034509209289511
3,wrist,20.0,0.05,1.1534371376037598,7.0896947608353145,3.225806451612903,3.8638883092224114
3,wrist,20.0,0.05,1.203606128692627,7.383553176660888,3.225806451612903,4.157746725047985
3,wrist,20.0,0.05,1.253793716430664,7.6756853746428995,3.225806451612903,4.449878923029996
3,wrist,20.0,0.05,1.3039567470550537,7.965767944978797,4.105571847507331,3.8601960974714657
3,wrist,20.0,0.05,1.3541250228881836,8.253902262781747,4.105571847507331,4.148330415274415
3,wrist,20.0,0.05,1.4043185710906982,8.54012990977766,4.105571847507331,4.4345580622703284
3,wrist,20.0,0.05,1.4544386863708496,8.823820005346182,5.278592375366569,3.545227629979613
3,wrist,20.0,0.05,1.504596471786499,9.105533218873138,5.278592375366569,3.826940843506569
3,wrist,20.0,0.05,1.5547974109649658,9.385225012989684,5.278592375366569,4.1066326376231155
3,wrist,20.0,0.05,1.604966640472412,9.662408051046885,5.865102639296188,3.7973054117506972
3,wrist,20.0,0.05,1.6551685333251953,9.937368973726072,5.865102639296188,4.072266334429884
3,wrist,20.0,0.05,1.70524263381958,10.209167714431597,5.865102639296188,4.3440650751354095
3,wrist,20.0,0.05,1.7553184032440186,10.47844895592985,7.038123167155426,3.440325788774423
3,wrist,20.0,0.05,1.805389404296875,10.745111686082847,7.038123167155426,3.706988518927421
3,wrist,20.0,0.05,1.855562448501587,11.009650958648894,7.038123167155426,3.971527791493468
3,wrist,20.0,0.05,1.9057238101959229,11.271394293539892,7.038123167155426,4.233271126384466
3,wrist,20.0,0.05,1.955791711807251,11.529858782290571,8.211143695014663,3.3187150872759084
3,wrist,20.0,0.05,2.005958080291748,11.785970570362622,8.211143695014663,3.5748268753479593
3,wrist,20.0,0.05,2.0561351776123047,12.039208792408218,8.211143695014663,3.828065097393555
3,wrist,20.0,0.05,2.1062216758728027,12.289006331846494,8.797653958944283,3.4913523729022113
3,wrist,20.0,0.05,2.1562917232513428,12.535680702751781,8.797653958944283,3.7380267438074988
3,wrist,20.0,0.05,2.2065045833587646,12.779943648546272,8.797653958944283,3.9822896896019895
3,wrist,20.0,0.05,2.2566099166870117,13.020513611044368,9.970674486803519,3.049839124240849
3,wrist,20.0,0.05,2.3066775798797607,13.257680193895979,9.970674486803519,3.28700570709246
3,wrist,20.0,0.05,2.356837272644043,13.491993635486368,9.970674486803519,3.5213191486828492
3,wrist,20.0,0.05,2.4070284366607666,13.723100679140979,10.557184750733137,3.1659159284078413
3,wrist,20.0,0.05,2.4571967124938965,13.95069276571747,10.557184750733137,3.3935080149843326
3,wrist,20.0,0.05,2.507272720336914,14.174410527802774,10.557184750733137,3.6172257770696365
3,wrist,20.0,0.05,2.557424783706665,14.394952084619636,11.143695014662757,3.2512570699568784
3,wrist,20.0,0.05,2.6074960231781006,14.611573509280007,11.143695014662757,3.467878494617249
3,wrist,20.0,0.05,2.657670021057129,14.825012852824216,11.143695014662757,3.6813178381614584
3,wrist,20.0,0.05,2.7077689170837402,15.034457654116164,11.143695014662757,3.8907626394534063
3,wrist,20.0,0.05,2.7579362392425537,15.240456646831191,12.609970674486803,2.6304859723443883
3,wrist,20.0,0.05,2.8081207275390625,15.442738614973962,12.609970674486803,2.832767940487159
3,wrist,20.0,0.05,2.858229875564575,15.640887134304919,12.609970674486803,3.0309164598181155
3,wrist,20.0,0.05,2.90830397605896,15.835025118969577,12.903225806451612,2.931799312517965
3,wrist,20.0,0.05,2.958380937576294,16.025255214674576,12.903225806451612,3.1220294082229643
3,wrist,20.0,0.05,3.0084500312805176,16.211490186320784,12.903225806451612,3.308264379869172
3,wrist,20.0,0.05,3.0586130619049072,16.394052233722533,14.076246334310852,2.317805899411681
3,wrist,20.0,0.05,3.1087193489074707,16.572343284478656,14.076246334310852,2.4960969501678036
3,wrist,20.0,0.05,3.1588850021362305,16.746731877521977,14.076246334310852,2.670485543211125
3,wrist,20.0,0.05,3.209052085876465,16.916965835574654,14.36950146627566,2.5474643692989947
3,wrist,20.0,0.05,3.2592289447784424,17.083029782583655,14.36950146627566,2.713528316307995
3,wrist,20.0,0.05,3.3093202114105225,17.24457648155548,14.36950146627566,2.875075015279821
3,wrist,20.0,0.05,3.3595011234283447,17.402130409073585,14.956011730205278,2.4461186788683076
3,wrist,20.0,0.05,3.4096734523773193,17.555333657654103,14.956011730205278,2.599321927448825
3,wrist,20.0,0.05,3.4597387313842773,17.703862575406927,14.956011730205278,2.747850845201649
3,wrist,20.0,0.05,3.50990891456604,17.84830933664875,15.542521994134896,2.305787342513854
3,wrist,20.0,0.05,3.5600745677948,17.988309825301126,15.542521994134896,2.44578783116623
3,wrist,20.0,0.05,3.610255002975464,18.123881785169715,15.542521994134896,2.581359791034819
3,wrist,20.0,0.05,3.660417079925537,18.25490249323615,15.542521994134896,2.7123804991012523
3,wrist,20.0,0.05,3.710486650466919,18.38116076012789,16.422287390029325,1.9588733700985657
3,wrist,20.0,0.05,3.7606613636016846,18.503121897986244,16.422287390029325,2.0808345079569186
3,wrist,20.0,0.05,3.810728073120117,18.620238033957012,16.422287390029325,2.197950643927687
3,wrist,20.0,0.05,3.8607935905456543,18.73274501383877,17.008797653958947,1.7239473598798227
3,wrist,20.0,0.05,3.91088604927063,18.840674644824997,17.008797653958947,1.83187699086605
3,wrist,20.0,0.05,3.961045742034912,18.944073866828525,17.008797653958947,1.935276212869578
3,wrist,20.0,0.05,4.011247158050537,19.042849148282,17.302052785923753,1.740796362358246
3,wrist,20.0,0.05,4.061319828033447,19.136652868934554,17.302052785923753,1.8346000830108018
3,wrist,20.0,0.05,4.1113975048065186,19.225729840630326,17.302052785923753,1.9236770547065731
3,wrist,20.0,0.05,4.161471605300903,19.31004254995561,17.88856304985337,1.4214795001022402
3,wrist,20.0,0.05,4.211683988571167,19.38978966665356,17.88856304985337,1.5012266168001887
3,wrist,20.0,0.05,4.26176381111145,19.464520488386153,17.88856304985337,1.5759574385327824
3,wrist,20.0,0.05,4.31196141242981,19.53459211485192,18.181818181818183,1.3527739330337383
3,wrist,20.0,0.05,4.362173318862915,19.599823592365983,18.181818181818183,1.4180054105477993
3,wrist,20.0,0.05,4.412369012832642,19.660159331261177,18.181818181818183,1.4783411494429934
3,wrist,20.0,0.05,4.462565183639526,19.715606678673556,18.181818181818183,1.5337884968553723
3,wrist,20.0,0.05,4.512673616409302,19.76606718767617,18.768328445747798,0.997738741928373
3,wrist,20.0,0.05,4.5628485679626465,19.81168676315913,18.768328445747798,1.0433583174113323
3,wrist,20.0,0.05,4.613034725189209,19.852392372439624,18.768328445747798,1.084063926691826
3,wrist,20.0,0.05,4.663231372833252,19.88817012046261,19.06158357771261,0.8265865427500003
3,wrist,20.0,0.05,4.713352203369141,19.918959250914106,19.06158357771261,0.8573756732014957
3,wrist,20.0,0.05,4.7635498046875,19.9448456985452,19.06158357771261,0.8832621208325904
3,wrist,20.0,0.05,4.813657283782959,19.965738958972906,19.35483870967742,0.6109002492954865
3,wrist,20.0,0.05,4.86386775970459,19.98171244973843,19.35483870967742,0.6268737400610114
3,wrist,20.0,0.05,4.9139673709869385,19.992695345217587,19.35483870967742,0.6378566355401674
3,wrist,20.0,0.05,4.964144468307495,19.998731158171548,19.64809384164223,0.35063731652931907
3,wrist,20.0,0.05,5.014346361160278,19.999796866042484,19.64809384164223,0.3517030244002548
3,wrist,20.0,0.05,5.064547300338745,19.995888114345664,19.64809384164223,0.3477942727034353
3,wrist,20.0,0.05,5.114655256271362,19.987026990752195,19.64809384164223,0.3389331491099661
3,wrist,20.0,0.05,5.164855003356934,19.973183201214717,19.64809384164223,0.3250893595724875
3,wrist,20.0,0.05,5.215019464492798,19.954386841242137,19.64809384164223,0.30629299959990774
3,wrist,20.0,0.05,5.265187740325928,19.930632599165317,19.64809384164223,0.28253875752308844
3,wrist,20.0,0.05,5.315327405929565,19.90194539587418,19.941348973607038,-0.03940357773285896
3,wrist,20.0,0.05,5.365512371063232,19.868287604969716,19.941348973607038,-0.07306136863732249
3,wrist,20.0,0.05,5.415610313415527,19.829762472246532,19.941348973607038,-0.11158650136050596
3,wrist,20.0,0.05,5.4657111167907715,19.786322835192827,19.941348973607038,-0.1550261384142111
3,wrist,20.0,0.05,5.515884876251221,19.737907552463138,19.941348973607038,-0.20344142114389996
3,wrist,20.0,0.05,5.5660552978515625,19.68459203963901,19.941348973607038,-0.25675693396802757
3,wrist,20.0,0.05,5.616232395172119,19.626378414223502,19.941348973607038,-0.3149705593835357
3,wrist,20.0,0.05,5.66652774810791,19.563133471982617,19.941348973607038,-0.3782155016244211
3,wrist,20.0,0.05,5.7166337966918945,19.49526999021678,19.941348973607038,-0.4460789833902581
3,wrist,20.0,0.05,5.766749382019043,19.42256162200762,20.234604105571847,-0.8120424835642268
3,wrist,20.0,0.05,5.816912889480591,19.344962417970486,20.234604105571847,-0.8896416876013618
3,wrist,20.0,0.05,5.8671064376831055,19.26250808286867,20.234604105571847,-0.9720960227031767
3,wrist,20.0,0.05,5.917251825332642,19.175350145388986,20.234604105571847,-1.0592539601828612
3,wrist,20.0,0.05,5.967450857162476,19.08333255313927,20.234604105571847,-1.1512715524325756
3,wrist,20.0,0.05,6.017550706863403,18.986764721688385,20.234604105571847,-1.2478393838834627
3,wrist,20.0,0.05,6.067647933959961,18.885498885185235,20.234604105571847,-1.3491052203866118
3,wrist,20.0,0.05,6.117757797241211,18.779527884718792,20.234604105571847,-1.455076220853055
3,wrist,20.0,0.05,6.167928218841553,18.66876643635004,20.234604105571847,-1.565837669221807
3,wrist,20.0,0.05,6.218131065368652,18.55329122077077,20.234604105571847,-1.681312884801077
3,wrist,20.0,0.05,6.268245458602905,18.433416670563744,19.941348973607038,-1.5079323030432938
3,wrist,20.0,0.05,6.318323373794556,18.309065352215853,19.941348973607038,-1.6322836213911849
3,wrist,20.0,0.05,6.368391513824463,18.18020805399636,19.941348973607038,-1.7611409196106784
3,wrist,20.0,0.05,6.418593168258667,18.04649123093454,19.941348973607038,-1.8948577426724995
3,wrist,20.0,0.05,6.468748092651367,17.908416443003226,19.941348973607038,-2.032932530603812
3,wrist,20.0,0.05,6.518946170806885,17.76577106672585,19.941348973607038,-2.1755779068811876
3,wrist,20.0,0.05,6.56902289390564,17.61906828201454,19.64809384164223,-2.0290255596276907
3,wrist,20.0,0.05,6.619225978851318,17.46761823227534,19.64809384164223,-2.1804756093668907
3,wrist,20.0,0.05,6.669430732727051,17.311817976940148,19.64809384164223,-2.336275864702081
3,wrist,20.0,0.05,6.719536066055298,17.152032524172075,19.35483870967742,-2.202806185505345
3,wrist,20.0,0.05,6.769700288772583,16.98780193758664,19.35483870967742,-2.3670367720907812
3,wrist,20.0,0.05,6.819880723953247,16.819297168551678,19.35483870967742,-2.535541541125742
3,wrist,20.0,0.05,6.86994194984436,16.64702763604248,19.06158357771261,-2.4145559416701303
3,wrist,20.0,0.05,6.920120477676392,16.470222527498976,19.06158357771261,-2.591361050213635
3,wrist,20.0,0.05,6.970299005508423,16.289324566869265,19.06158357771261,-2.772259010843346
3,wrist,20.0,0.05,7.020369529724121,16.104781096657454,19.06158357771261,-2.9568024810551563
3,wrist,20.0,0.05,7.070553302764893,15.915821903344423,18.768328445747798,-2.8525065424033755
3,wrist,20.0,0.05,7.120730400085449,15.722932723268883,18.768328445747798,-3.045395722478915
3,wrist,20.0,0.05,7.1708948612213135,15.526186662709645,18.768328445747798,-3.2421417830381536
3,wrist,20.0,0.05,7.2210657596588135,15.32555851854003,17.88856304985337,-2.563004531313341
3,wrist,20.0,0.05,7.271120071411133,15.121602568849855,17.88856304985337,-2.7669604810035153
3,wrist,20.0,0.05,7.321328639984131,14.913261681189969,17.88856304985337,-2.975301368663402
3,wrist,20.0,0.05,7.3715245723724365,14.70126423796012,17.88856304985337,-3.1872988118932515
3,wrist,20.0,0.05,7.421725034713745,14.485591369208697,17.88856304985337,-3.402971680644674
3,wrist,20.0,0.05,7.471827268600464,14.266748226426536,17.88856304985337,-3.621814823426835
3,wrist,20.0,0.05,7.522012948989868,14.043997274379585,17.302052785923753,-3.2580555115441676
3,wrist,20.0,0.05,7.57219386100769,13.817777052842272,17.302052785923753,-3.48427573308148
3,wrist,20.0,0.05,7.622270822525024,13.588602028440246,17.302052785923753,-3.713450757483507
3,wrist,20.0,0.05,7.672348260879517,13.356061660595099,16.715542521994134,-3.3594808613990352
3,wrist,20.0,0.05,7.722427845001221,13.120205493298368,16.715542521994134,-3.5953370286957664
3,wrist,20.0,0.05,7.772510290145874,12.881088046867099,16.715542521994134,-3.8344544751270355
3,wrist,20.0,0.05,7.822608709335327,12.63870410806037,16.715542521994134,-4.076838413933764
3,wrist,20.0,0.05,7.8727123737335205,12.39316360313985,15.542521994134896,-3.1493583909950456
3,wrist,20.0,0.05,7.922874212265015,12.144262161181059,15.542521994134896,-3.398259832953837
3,wrist,20.0,0.05,7.973043918609619,11.892305129687257,15.542521994134896,-3.650216864447639
3,wrist,20.0,0.05,8.023249864578247,11.637208712744576,15.249266862170089,-3.612058149425513
3,wrist,20.0,0.05,8.073317527770996,11.379931793026387,15.249266862170089,-3.869335069143702
3,wrist,20.0,0.05,8.123387336730957,11.119828234685736,15.249266862170089,-4.129438627484353
3,wrist,20.0,0.05,8.173492670059204,10.856785902621391,14.36950146627566,-3.512715563654268
3,wrist,20.0,0.05,8.22365665435791,10.590740918424528,14.36950146627566,-3.7787605478511317
3,wrist,20.0,0.05,8.273821830749512,10.322059243783254,14.36950146627566,-4.047442222492405
3,wrist,20.0,0.05,8.32388949394226,10.051343602716788,14.076246334310852,-4.024902731594064
3,wrist,20.0,0.05,8.373961925506592,9.778115090691067,14.076246334310852,-4.298131243619785
3,wrist,20.0,0.05,8.424135446548462,9.501908082493088,14.076246334310852,-4.574338251817764
3,wrist,20.0,0.05,8.474294185638428,9.223422731837616,12.903225806451612,-3.6798030746139965
3,wrist,20.0,0.05,8.524483680725098,8.942474314623269,12.903225806451612,-3.9607514918283435
3,wrist,20.0,0.05,8.574649572372437,8.659436403368888,12.903225806451612,-4.243789403082724
3,wrist,20.0,0.05,8.624745845794678,8.374644936046106,12.903225806451612,-4.528580870405506
3,wrist,20.0,0.05,8.674922466278076,8.08731746704961,12.023460410557185,-3.9361429435075745
3,wrist,20.0,0.05,8.725085496902466,7.79805908131395,12.023460410557185,-4.225401329243235
3,wrist,20.0,0.05,8.775240421295166,7.506911282812091,12.023460410557185,-4.516549127745094
3,wrist,20.0,0.05,8.825417757034302,7.213768434865871,11.436950146627566,-4.223181711761695
3,wrist,20.0,0.05,8.875494241714478,6.919427587222082,11.436950146627566,-4.517522559405484
3,wrist,20.0,0.05,8.925663232803345,6.622825807762064,11.436950146627566,-4.814124338865502
3,wrist,20.0,0.05,8.975834608078003,6.324564669337876,10.557184750733137,-4.232620081395261
3,wrist,20.0,0.05,9.02599573135376,6.024793746973782,10.557184750733137,-4.532391003759355
3,wrist,20.0,0.05,9.076156854629517,5.7235267010970645,10.557184750733137,-4.833658049636073
3,wrist,20.0,0.05,9.126262187957764,5.421175760903592,9.384164222873899,-3.9629884619703066
3,wrist,20.0,0.05,9.176332235336304,5.1176959123691645,9.384164222873899,-4.2664683105047345
3,wrist,20.0,0.05,9.2264084815979,4.812912004408652,9.384164222873899,-4.571252218465247
3,wrist,20.0,0.05,9.276534795761108,4.506630463128655,9.090909090909092,-4.584278627780437
3,wrist,20.0,0.05,9.326604127883911,4.199581400523712,9.090909090909092,-4.8913276903853795
3,wrist,20.0,0.05,9.37670111656189,3.8913228282403955,9.090909090909092,-5.199586262668696
3,wrist,20.0,0.05,9.426774740219116,3.5822448346753912,7.9178885630498534,-4.335643728374462
3,wrist,20.0,0.05,9.476881265640259,3.272076428722568,7.9178885630498534,-4.645812134327286
3,wrist,20.0,0.05,9.526975870132446,2.9611713191144706,7.9178885630498534,-4.956717243935383
3,wrist,20.0,0.05,9.57716178894043,2.648964128474275,7.9178885630498534,-5.268924434575578
3,wrist,20.0,0.05,9.62734055519104,2.3361431092449076,6.744868035190616,-4.408724925945709
3,wrist,20.0,0.05,9.677442073822021,2.023224424506653,6.744868035190616,-4.721643610683963
3,wrist,20.0,0.05,9.727509498596191,1.7100179439462393,6.744868035190616,-5.034850091244377
3,wrist,20.0,0.05,9.777611017227173,1.3961747080512976,5.865102639296188,-4.46892793124489
3,wrist,20.0,0.05,9.827674865722656,1.0822219284311294,5.865102639296188,-4.782880710865058
3,wrist,20.0,0.05,9.877845048904419,0.7673338161727175,5.865102639296188,-5.09776882312347
3,wrist,20.0,0.05,9.928014755249023,0.4522580800819393,4.9853372434017595,-4.533079163319821
3,wrist,20.0,0.05,9.978179693222046,0.1370999571787693,4.9853372434017595,-4.84823728622299
3,wrist,20.0,0.05,10.028251647949219,-0.17750800875036446,4.9853372434017595,-5.162845252152124
3,wrist,20.0,0.05,10.078319549560547,-0.492046592319767,4.398826979472141,-4.890873571791908
3,wrist,20.0,0.05,10.128392934799194,-0.80649786741701,4.398826979472141,-5.205324846889152
3,wrist,20.0,0.05,10.178459882736206,-1.1207091834898606,4.398826979472141,-5.519536162962002
3,wrist,20.0,0.05,10.228521585464478,-1.4346103686458727,2.932551319648094,-4.367161688293967
3,wrist,20.0,0.05,10.278621912002563,-1.7483984625983595,2.932551319648094,-4.680949782246453
3,wrist,20.0,0.05,10.328729629516602,-2.061799623944065,2.932551319648094,-4.994350943592159
3,wrist,20.0,0.05,10.378799200057983,-2.374451883703772,2.932551319648094,-5.307003203351866
3,wrist,20.0,0.05,10.42887258529663,-2.686540402772106,1.7595307917888565,-4.446071194560963
3,wrist,20.0,0.05,10.47894549369812,-2.9979611488264752,1.7595307917888565,-4.757491940615331
3,wrist,20.0,0.05,10.529016971588135,-3.3086311697559534,1.7595307917888565,-5.06816196154481
3,wrist,20.0,0.05,10.579223871231079,-3.6193193344478964,1.1730205278592374,-4.792339862307134
3,wrist,20.0,0.05,10.629306316375732,-3.9283403453153043,1.1730205278592374,-5.101360873174542
3,wrist,20.0,0.05,10.679472208023071,-4.236901309158645,1.1730205278592374,-5.409921837017882
3,wrist,20.0,0.05,10.729647636413574,-4.544468286533659,-0.29325513196480935,-4.25121315456885
3,wrist,20.0,0.05,10.779822587966919,-4.850903195954561,-0.29325513196480935,-4.557648063989752
3,wrist,20.0,0.05,10.829986810684204,-5.156067694662677,-0.29325513196480935,-4.862812562697868
3,wrist,20.0,0.05,10.88015341758728,-5.459966051666826,-0.8797653958944283,-4.580200655772398
3,wrist,20.0,0.05,10.930339574813843,-5.762625880049935,-0.8797653958944283,-4.882860484155507
3,wrist,20.0,0.05,10.980403423309326,-6.063120940197699,-0.8797653958944283,-5.183355544303271
3,wrist,20.0,0.05,11.030470848083496,-6.362137496159731,-2.0527859237536656,-4.309351572406065
3,wrist,20.0,0.05,11.080641508102417,-6.660191680676144,-2.0527859237536656,-4.6074057569224784
3,wrist,20.0,0.05,11.13080883026123,-6.956571662965199,-2.0527859237536656,-4.903785739211533
3,wrist,20.0,0.05,11.180882692337036,-7.250676433233428,-2.0527859237536656,-5.1978905094797625
3,wrist,20.0,0.05,11.23097538948059,-7.543096522891704,-2.932551319648094,-4.6105452032436105
3,wrist,20.0,0.05,11.281050205230713,-7.833545183829411,-2.932551319648094,-4.900993864181317
3,wrist,20.0,0.05,11.331234455108643,-8.122683584589668,-2.932551319648094,-5.190132264941574
3,wrist,20.0,0.05,11.381308317184448,-8.40917374268188,-4.398826979472141,-4.010346763209738
3,wrist,20.0,0.05,11.431461572647095,-8.694032176845722,-4.398826979472141,-4.295205197373581
3,wrist,20.0,0.05,11.481570482254028,-8.97648332733161,-4.398826979472141,-4.577656347859469
3,wrist,20.0,0.05,11.531745195388794,-9.257076509466488,-5.278592375366569,-3.9784841340999195
3,wrist,20.0,0.05,11.58190655708313,-9.535295915380729,-5.278592375366569,-4.25670354001416
3,wrist,20.0,0.05,11.632076978683472,-9.811197025118146,-5.278592375366569,-4.532604649751577
3,wrist,20.0,0.05,11.682238817214966,-10.084614267598436,-6.158357771260997,-3.926256496337439
3,wrist,20.0,0.05,11.732428312301636,-10.355675812733667,-6.158357771260997,-4.19731804147267
3,wrist,20.0,0.05,11.782596111297607,-10.62404734964164,-6.158357771260997,-4.465689578380642
3,wrist,20.0,0.05,11.832768440246582,-10.889803811904176,-7.038123167155426,-3.8516806447487504
3,wrist,20.0,0.05,11.882947206497192,-11.152888399356957,-7.038123167155426,-4.114765232201531
3,wrist,20.0,0.05,11.933111667633057,-11.413127656762345,-7.038123167155426,-4.375004489606919
3,wrist,20.0,0.05,11.9832763671875,-11.670533557130085,-7.038123167155426,-4.632410389974659
3,wrist,20.0,0.05,12.033449172973633,-11.925081815633176,-8.211143695014663,-3.713938120618513
3,wrist,20.0,0.05,12.083568096160889,-12.176398789527934,-8.211143695014663,-3.965255094513271
3,wrist,20.0,0.05,12.133748054504395,-12.424997624995697,-8.211143695014663,-4.213853929981035
3,wrist,20.0,0.05,12.183921098709106,-12.6704750584738,-9.090909090909092,-3.579565967564708
3,wrist,20.0,0.05,12.234110355377197,-12.91288235454218,-9.090909090909092,-3.8219732636330885
3,wrist,20.0,0.05,12.284276247024536,-13.151968826385229,-9.090909090909092,-4.061059735476137
3,wrist,20.0,0.05,12.334450006484985,-13.387825404109757,-9.67741935483871,-3.7104060492710467
3,wrist,20.0,0.05,12.384620666503906,-13.620341477579194,-9.67741935483871,-3.942922122740484
3,wrist,20.0,0.05,12.434786081314087,-13.849450179666965,-9.67741935483871,-4.172030824828255
3,wrist,20.0,0.05,12.484869003295898,-14.07475085106478,-10.263929618768328,-3.810821232296451
3,wrist,20.0,0.05,12.535033702850342,-14.296926572467854,-10.263929618768328,-4.032996953699525
3,wrist,20.0,0.05,12.585216522216797,-14.515629784546373,-10.263929618768328,-4.251700165778045
3,wrist,20.0,0.05,12.635388612747192,-14.730679647098551,-11.436950146627566,-3.2937295004709846
3,wrist,20.0,0.05,12.685569286346436,-14.942105720272101,-11.436950146627566,-3.505155573644535
3,wrist,20.0,0.05,12.735737323760986,-15.14976652786273,-11.436950146627566,-3.7128163812351627
3,wrist,20.0,0.05,12.785908699035645,-15.353677630468361,-11.730205278592376,-3.6234723518759857
3,wrist,20.0,0.05,12.835981845855713,-15.553386428024275,-11.730205278592376,-3.8231811494318997
3,wrist,20.0,0.05,12.88615870475769,-15.749648063664655,-11.730205278592376,-4.019442785072279
3,wrist,20.0,0.05,12.936324834823608,-15.941955464166051,-11.730205278592376,-4.211750185573676
3,wrist,20.0,0.05,12.986509323120117,-16.130371439433535,-13.489736070381232,-2.640635369052303
3,wrist,20.0,0.05,13.036584615707397,-16.314381201374083,-13.489736070381232,-2.8246451309928506
3,wrist,20.0,0.05,13.086755752563477,-16.49469406953732,-13.489736070381232,-3.0049579991560886
3,wrist,20.0,0.05,13.136922836303711,-16.67089514282141,-13.782991202346041,-2.88790394047537
3,wrist,20.0,0.05,13.187108039855957,-16.843016779288735,-13.782991202346041,-3.060025576942694
3,wrist,20.0,0.05,13.237277507781982,-17.010899814860856,-13.782991202346041,-3.227908612514815
3,wrist,20.0,0.05,13.287436246871948,-17.17452262250649,-14.076246334310852,-3.0982762881956383
3,wrist,20.0,0.05,13.33760690689087,-17.333918288596916,-14.076246334310852,-3.2576719542860637
3,wrist,20.0,0.05,13.38768196105957,-17.48871640383502,-14.076246334310852,-3.4124700695241685
3,wrist,20.0,0.05,13.437849283218384,-17.639459713326268,-14.956011730205278,-2.68344798312099
3,wrist,20.0,0.05,13.488019227981567,-17.785829108886567,-14.956011730205278,-2.8298173786812892
3,wrist,20.0,0.05,13.538190841674805,-17.927784884029826,-14.956011730205278,-2.9717731538245484
3,wrist,20.0,0.05,13.588266372680664,-18.065027781460035,-15.249266862170089,-2.8157609192899464
3,wrist,20.0,0.05,13.63843321800232,-18.19803793750699,-15.249266862170089,-2.9487710753369
3,wrist,20.0,0.05,13.68861985206604,-18.32657777249093,-15.249266862170089,-3.07731091032084
3,wrist,20.0,0.05,13.738784074783325,-18.450507634350547,-15.249266862170089,-3.2012407721804585
3,wrist,20.0,0.05,13.788877248764038,-18.5696893767419,-16.422287390029325,-2.1474019867125733
3,wrist,20.0,0.05,13.839043855667114,-18.68443681471152,-16.422287390029325,-2.262149424682196
3,wrist,20.0,0.05,13.889219045639038,-18.794561813535037,-16.422287390029325,-2.3722744235057114
3,wrist,20.0,0.05,13.939392328262329,-18.900013063369375,-17.008797653958947,-1.891215409410428
3,wrist,20.0,0.05,13.989560604095459,-19.000758820439415,-17.008797653958947,-1.9919611664804684
3,wrist,20.0,0.05,14.039723634719849,-19.096775023832063,-17.008797653958947,-2.0879773698731157
3,wrist,20.0,0.05,14.089890718460083,-19.18805578985851,-17.008797653958947,-2.1792581358995626
3,wrist,20.0,0.05,14.140057563781738,-19.274570096802897,-17.008797653958947,-2.26577244284395
3,wrist,20.0,0.05,14.190261602401733,-19.35635571144047,-17.008797653958947,-2.3475580574815247
3,wrist,20.0,0.05,14.240439891815186,-19.433288137458792,-17.88856304985337,-1.5447250876054213
3,wrist,20.0,0.05,14.290616750717163,-19.505389448599562,-17.88856304985337,-1.6168263987461913
3,wrist,20.0,0.05,14.340693235397339,-19.57251430356555,-17.88856304985337,-1.6839512537121806
3,wrist,20.0,0.05,14.39087438583374,-19.63492023849996,-17.88856304985337,-1.7463571886465878
3,wrist,20.0,0.05,14.440956830978394,-19.69233803016795,-17.88856304985337,-1.8037749803145786
3,wrist,20.0,0.05,14.491071939468384,-19.744913670348165,-17.88856304985337,-1.8563506204947942
3,wrist,20.0,0.05,14.541246891021729,-19.792649098448486,-17.88856304985337,-1.904086048595115
3,wrist,20.0,0.05,14.591424703598022,-19.835469053228596,-18.181818181818183,-1.653650871410413
3,wrist,20.0,0.05,14.641600608825684,-19.87335868580816,-18.181818181818183,-1.6915405039899767
3,wrist,20.0,0.05,14.691791772842407,-19.90631957165355,-18.181818181818183,-1.7245013898353676
3,wrist,20.0,0.05,14.741896390914917,-19.934287205829634,-18.475073313782993,-1.459213892046641
3,wrist,20.0,0.05,14.792007446289062,-19.957318390372173,-18.475073313782993,-1.4822450765891801
3,wrist,20.0,0.05,14.842190265655518,-19.975425857854876,-18.475073313782993,-1.500352544071884
3,wrist,20.0,0.05,14.892268419265747,-19.98854633825034,-18.768328445747798,-1.2202178925025429
3,wrist,20.0,0.05,14.94243049621582,-19.99672905772903,-18.768328445747798,-1.2284006119812325
3,wrist,20.0,0.05,14.992602348327637,-19.999945988367223,-18.768328445747798,-1.231617542619425
3,wrist,20.0,0.05,15.042862176895142,-19.998186817028213,-19.06158357771261,-0.9366032393156019
3,wrist,20.0,0.05,15.092935800552368,-19.99147616600965,-19.06158357771261,-0.9298925882970401
3,wrist,20.0,0.05,15.143073558807373,-19.979800278280592,-19.06158357771261,-0.9182167005679815
3,wrist,20.0,0.05,15.193108081817627,-19.963206810154766,-19.06158357771261,-0.9016232324421551
3,wrist,20.0,0.05,15.243244409561157,-19.9416320920675,-19.06158357771261,-0.8800485143548897
3,wrist,20.0,0.05,15.293315410614014,-19.915147981329238,-19.06158357771261,-0.8535644036166268
3,wrist,20.0,0.05,15.343394041061401,-19.8837309795335,-19.06158357771261,-0.8221474018208887
3,wrist,20.0,0.05,15.393489837646484,-19.847379223327096,-19.35483870967742,-0.49254051364967566
3,wrist,20.0,0.05,15.443653106689453,-19.80605274839225,-19.35483870967742,-0.4512140387148307
3,wrist,20.0,0.05,15.493824243545532,-19.759799821506082,-19.35483870967742,-0.404961111828662
3,wrist,20.0,0.05,15.543992519378662,-19.70864108583404,-19.35483870967742,-0.3538023761566187
3,wrist,20.0,0.05,15.594163656234741,-19.652583415688746,-19.35483870967742,-0.29774470601132563
3,wrist,20.0,0.05,15.644226789474487,-19.591779933616404,-19.35483870967742,-0.23694122393898454
3,wrist,20.0,0.05,15.694302558898926,-19.52611307743918,-19.35483870967742,-0.17127436776176097
3,wrist,20.0,0.05,15.74447774887085,-19.455469068047417,-19.35483870967742,-0.10063035836999745
3,wrist,20.0,0.05,15.794660806655884,-19.37997880207377,-19.35483870967742,-0.025140092396348734
3,wrist,20.0,0.05,15.844846487045288,-19.29966741727409,-19.35483870967742,0.05517129240332963
3,wrist,20.0,0.05,15.895041942596436,-19.21454165228389,-19.35483870967742,0.1402970573935285
3,wrist,20.0,0.05,15.945239782333374,-19.12463346617935,-19.35483870967742,0.23020524349806948
3,wrist,20.0,0.05,15.995311260223389,-19.030213395864173,-19.35483870967742,0.32462531381324666
3,wrist,20.0,0.05,16.045397520065308,-18.93105451364981,-19.35483870967742,0.4237841960276114
3,wrist,20.0,0.05,16.095466136932373,-18.82724594897554,-19.35483870967742,0.5275927607018787
3,wrist,20.0,0.05,16.14565634727478,-18.71851022101789,-19.35483870967742,0.6363284886595295
3,wrist,20.0,0.05,16.195958614349365,-18.604862431337438,-19.35483870967742,0.7499762783399824
3,wrist,20.0,0.05,16.246160745620728,-18.486808583199714,-19.35483870967742,0.8680301264777057
3,wrist,20.0,0.05,16.296236753463745,-18.364470315220142,-19.35483870967742,0.9903683944572776
3,wrist,20.0,0.05,16.346315145492554,-18.237580953868214,-19.35483870967742,1.1172577558092058
3,wrist,20.0,0.05,16.396533966064453,-18.105802827128933,-19.35483870967742,1.2490358825484869
3,wrist,20.0,0.05,16.446640491485596,-17.969827928612496,-19.35483870967742,1.3850107810649241
3,wrist,20.0,0.05,16.49683666229248,-17.829145123679066,-19.35483870967742,1.5256935859983543
3,wrist,20.0,0.05,16.54703450202942,-17.684023760002855,-19.35483870967742,1.6708149496745648
3,wrist,20.0,0.05,16.597254037857056,-17.534438961921808,-19.35483870967742,1.8203997477556122
3,wrist,20.0,0.05,16.64733099937439,-17.38093293614352,-19.06158357771261,1.6806506415690912
3,wrist,20.0,0.05,16.69752788543701,-17.22274216261576,-19.06158357771261,1.8388414150968515
3,wrist,20.0,0.05,16.74762988090515,-17.060579554198018,-19.06158357771261,2.001004023514593
3,wrist,20.0,0.05,16.79785132408142,-16.893788607384465,-18.768328445747798,1.874539838363333
3,wrist,20.0,0.05,16.848051071166992,-16.722867142165796,-18.768328445747798,2.0454613035820017
3,wrist,20.0,0.05,16.898249864578247,-16.547789892689522,-18.768328445747798,2.220538553058276
3,wrist,20.0,0.05,16.948408842086792,-16.36874094191298,-18.475073313782993,2.106332371870014
3,wrist,20.0,0.05,16.998605012893677,-16.185490249213153,-18.475073313782993,2.2895830645698396
3,wrist,20.0,0.05,17.048805236816406,-15.998199348689457,-18.475073313782993,2.476873965093535
3,wrist,20.0,0.05,17.09899926185608,-15.806953317639644,-18.475073313782993,2.668119996143348
3,wrist,20.0,0.05,17.149170875549316,-15.611864845453214,-17.88856304985337,2.276698204400157
3,wrist,20.0,0.05,17.199336767196655,-15.412920803544253,-17.88856304985337,2.4756422463091177
3,wrist,20.0,0.05,17.249404191970825,-15.21055030126653,-17.88856304985337,2.6780127485868412
3,wrist,20.0,0.05,17.299476623535156,-15.004395894904789,-17.302052785923753,2.2976568910189634
3,wrist,20.0,0.05,17.34956121444702,-14.794477234961636,-17.302052785923753,2.507575550962116
3,wrist,20.0,0.05,17.39966368675232,-14.580818996173349,-17.302052785923753,2.7212337897504035
3,wrist,20.0,0.05,17.44973587989807,-14.36368078392266,-17.008797653958947,2.6451168700362864
3,wrist,20.0,0.05,17.49992799758911,-14.14245551839568,-17.008797653958947,2.866342135563267
3,wrist,20.0,0.05,17.550101280212402,-13.917798936267955,-17.008797653958947,3.090998717690992
3,wrist,20.0,0.05,17.600242614746094,-13.689830843836258,-16.422287390029325,2.7324565461930668
3,wrist,20.0,0.05,17.65041160583496,-13.458337326883246,-16.422287390029325,2.963950063146079
3,wrist,20.0,0.05,17.700477838516235,-13.223985063025339,-16.422287390029325,3.1983023270039865
3,wrist,20.0,0.05,17.750648975372314,-12.985860040567614,-15.835777126099707,2.849917085532093
3,wrist,20.0,0.05,17.800758838653564,-12.744805684254036,-15.835777126099707,3.090971441845671
3,wrist,20.0,0.05,17.850929498672485,-12.500294714289364,-15.835777126099707,3.335482411810343
3,wrist,20.0,0.05,17.90110945701599,-12.25263221802754,-15.835777126099707,3.5831449080721676
3,wrist,20.0,0.05,17.951282024383545,-12.001961915439079,-14.956011730205278,2.954049814766199
3,wrist,20.0,0.05,18.00144386291504,-11.748364387399167,-14.956011730205278,3.2076473428061103
3,wrist,20.0,0.05,18.05162286758423,-11.491761055739563,-14.956011730205278,3.464250674465715
3,wrist,20.0,0.05,18.101807594299316,-11.232272218724715,-14.36950146627566,3.1372292475509447
3,wrist,20.0,0.05,18.1519775390625,-10.970069130864085,-14.36950146627566,3.399432335411575
3,wrist,20.0,0.05,18.202154636383057,-10.705102951050689,-14.36950146627566,3.6643985152249705
3,wrist,20.0,0.05,18.252220392227173,-10.438073454144895,-13.782991202346041,3.344917748201146
3,wrist,20.0,0.05,18.302396535873413,-10.16786448145188,-13.782991202346041,3.6151267208941604
3,wrist,20.0,0.05,18.352572917938232,-9.89512773159579,-13.782991202346041,3.8878634707502506
3,wrist,20.0,0.05,18.40276598930359,-9.619840316742978,-12.903225806451612,3.2833854897086336
3,wrist,20.0,0.05,18.452972412109375,-9.342086809367661,-12.903225806451612,3.561138997083951
3,wrist,20.0,0.05,18.503138542175293,-9.06223489778989,-12.903225806451612,3.8409909086617215
3,wrist,20.0,0.05,18.55323314666748,-8.78053591649239,-12.316715542521994,3.536179626029604
3,wrist,20.0,0.05,18.60341191291809,-8.496183549270992,-12.316715542521994,3.8205319932510022
3,wrist,20.0,0.05,18.653502225875854,-8.210226643119716,-12.316715542521994,4.106488899402278
3,wrist,20.0,0.05,18.703721523284912,-7.921492513757983,-11.436950146627566,3.515457632869584
3,wrist,20.0,0.05,18.753921508789062,-7.6308988537124876,-11.436950146627566,3.806051292915079
3,wrist,20.0,0.05,18.80402135848999,-7.338992577286523,-11.436950146627566,4.097957569341044
3,wrist,20.0,0.05,18.854118824005127,-7.045282294982415,-11.436950146627566,4.391667851645152
3,wrist,20.0,0.05,18.904184818267822,-6.750013048906766,-10.263929618768328,3.5139165698615624
3,wrist,20.0,0.05,18.954252004623413,-6.453066849312105,-10.263929618768328,3.8108627694562234
3,wrist,20.0,0.05,19.004316329956055,-6.154541274318886,-10.263929618768328,4.109388344449442
3,wrist,20.0,0.05,19.05438256263733,-5.854481789421521,-9.67741935483871,3.822937565417189
3,wrist,20.0,0.05,19.104546785354614,-5.5523824844309715,-9.67741935483871,4.1250368704077385
3,wrist,20.0,0.05,19.154709100723267,-5.248915762501917,-9.67741935483871,4.428503592336793
3,wrist,20.0,0.05,19.20478916168213,-4.944646304465768,-8.797653958944283,3.853007654478515
3,wrist,20.0,0.05,19.254988431930542,-4.638424330248749,-8.797653958944283,4.159229628695534
3,wrist,20.0,0.05,19.30515694618225,-4.331237413855047,-8.797653958944283,4.466416545089236
3,wrist,20.0,0.05,19.355228900909424,-4.023568913008328,-7.9178885630498534,3.894319650041526
3,wrist,20.0,0.05,19.405390739440918,-3.7143498672536444,-7.9178885630498534,4.203538695796209
3,wrist,20.0,0.05,19.455569744110107,-3.4041021348452363,-7.9178885630498534,4.513786428204617
3,wrist,20.0,0.05,19.505659580230713,-3.0935619875343527,-7.038123167155426,3.9445611796210733
3,wrist,20.0,0.05,19.555809497833252,-2.78188197189952,-7.038123167155426,4.256241195255907
3,wrist,20.0,0.05,19.60598134994507,-2.469374682360897,-7.038123167155426,4.568748484794529
3,wrist,20.0,0.05,19.656161308288574,-2.1562032801218654,-7.038123167155426,4.881919887033561
3,wrist,20.0,0.05,19.706345558166504,-1.8424691807429274,-5.571847507331379,3.729378326588451
3,wrist,20.0,0.05,19.75651216506958,-1.5283876530874658,-5.571847507331379,4.043459854243913
3,wrist,20.0,0.05,19.80657958984375,-1.2145485315054934,-5.571847507331379,4.357298975825885
3,wrist,20.0,0.05,19.856682777404785,-0.9001844530685243,-4.9853372434017595,4.085152790333235
3,wrist,20.0,0.05,19.906851291656494,-0.5851870660702607,-4.9853372434017595,4.400150177331499
3,wrist,20.0,0.05,19.95701289176941,-0.27008775690937376,-4.9853372434017595,4.715249486492386
4,wrist,20.0,0.1,2.384185791015625e-07,2.996056226339132e-06,-0.0,2.996056226339132e-06
4,wrist,20.0,0.1,0.05011105537414551,0.6296100543961844,-0.0,0.6296100543961844
4,wrist,20.0,0.1,0.10031366348266602,1.259744199873802,-0.0,1.259744199873802
4,wrist,20.0,0.1,0.15041542053222656,1.8873633625623727,-0.0,1.8873633625623727
4,wrist,20.0,0.1,0.2005782127380371,2.5138732464019187,-0.0,2.5138732464019187
4,wrist,20.0,0.1,0.2507009506225586,3.137388956306836,-0.0,3.137388956306836
4,wrist,20.0,0.1,0.30078601837158203,3.7573282765728413,-0.0,3.7573282765728413
4,wrist,20.0,0.1,0.3509347438812256,4.374327522991642,-0.0,4.374327522991642
4,wrist,20.0,0.1,0.4010350704193115,4.986395127761288,-0.0,4.986395127761288
4,wrist,20.0,0.1,0.4512479305267334,5.594879688744026,0.5865102639296187,5.008369424814408
4,wrist,20.0,0.1,0.5013601779937744,6.196593562747982,0.5865102639296187,5.610083298818363
4,wrist,20.0,0.1,0.5515217781066895,6.792747982437163,0.5865102639296187,6.206237718507545
4,wrist,20.0,0.1,0.6016836166381836,7.382158165784498,1.1730205278592374,6.20913763792526
4,wrist,20.0,0.1,0.6518561840057373,7.964359487832876,1.1730205278592374,6.791338959973639
4,wrist,20.0,0.1,0.702042818069458,8.538806452716951,1.1730205278592374,7.365785924857714
4,wrist,20.0,0.1,0.752216100692749,9.10461423965656,1.7595307917888565,7.345083447867703
4,wrist,20.0,0.1,0.8024320602416992,9.661844056145515,1.7595307917888565,7.902313264356659
4,wrist,20.0,0.1,0.8526372909545898,10.20934032709687,1.7595307917888565,8.449809535308013
4,wrist,20.0,0.1,0.9028334617614746,10.746582319792617,1.7595307917888565,8.98705152800376
4,wrist,20.0,0.1,0.9530320167541504,11.273160104330383,4.105571847507331,7.167588256823052
4,wrist,20.0,0.1,1.0032312870025635,11.788531374668779,4.105571847507331,7.682959527161447
4,wrist,20.0,0.1,1.0534400939941406,12.292270414628048,4.105571847507331,8.186698567120716
4,wrist,20.0,0.1,1.1036286354064941,12.7835810922742,5.865102639296188,6.918478452978013
4,wrist,20.0,0.1,1.153796911239624,13.26198997938553,5.865102639296188,7.396887340089343
4,wrist,20.0,0.1,1.2039682865142822,13.7272509728028,5.865102639296188,7.862148333506612
4,wrist,20.0,0.1,1.2541046142578125,14.178561193067205,7.624633431085044,6.553927761982161
4,wrist,20.0,0.1,1.3042185306549072,14.615610242512822,7.624633431085044,6.990976811427778
4,wrist,20.0,0.1,1.3543899059295654,15.038645669290784,7.624633431085044,7.414012238205739
4,wrist,20.0,0.1,1.4045052528381348,15.44629061893108,9.090909090909092,6.355381528021988
4,wrist,20.0,0.1,1.4547061920166016,15.839278277160709,9.090909090909092,6.748369186251617
4,wrist,20.0,0.1,1.5048203468322754,16.21587028066072,9.090909090909092,7.1249611897516285
4,wrist,20.0,0.1,1.5548982620239258,16.57613121896502,11.143695014662757,5.432436204302263
4,wrist,20.0,0.1,1.6049983501434326,16.92013105925565,11.143695014662757,5.7764360445928915
4,wrist,20.0,0.1,1.6551806926727295,17.247889149675114,11.143695014662757,6.1041941350123565
4,wrist,20.0,0.1,1.7053475379943848,17.55840804572729,11.143695014662757,6.414713031064533
4,wrist,20.0,0.1,1.7555251121520996,17.85154387667123,12.903225806451612,4.948318070219617
4,wrist,20.0,0.1,1.8056833744049072,18.126834499772258,12.903225806451612,5.223608693320646
4,wrist,20.0,0.1,1.855863094329834,18.38422888801196,12.903225806451612,5.481003081560349
4,wrist,20.0,0.1,1.9060375690460205,18.62332558034695,14.076246334310852,4.547079246036098
4,wrist,20.0,0.1,1.9561548233032227,18.84367387858479,14.076246334310852,4.767427544273939
4,wrist,20.0,0.1,2.0062296390533447,19.045175625394393,14.076246334310852,4.9689292910835405
4,wrist,20.0,0.1,2.0564236640930176,19.228237979368675,15.835777126099707,3.392460853268968
4,wrist,20.0,0.1,2.1066243648529053,19.392197362305627,15.835777126099707,3.55642023620592
4,wrist,20.0,0.1,2.1568315029144287,19.53688236111581,15.835777126099707,3.7011052350161044
4,wrist,20.0,0.1,2.206908702850342,19.6618278138712,17.008797653958947,2.6530301599122517
4,wrist,20.0,0.1,2.257112741470337,19.76755182197081,17.008797653958947,2.758754168011862
4,wrist,20.0,0.1,2.3073205947875977,19.85361390373585,17.008797653958947,2.8448162497769047
4,wrist,20.0,0.1,2.35762095451355,19.92002352951709,17.302052785923753,2.617970743593336
4,wrist,20.0,0.1,2.4076645374298096,19.96635078190827,17.302052785923753,2.664297995984519
4,wrist,20.0,0.1,2.4577388763427734,19.992949558737262,17.302052785923753,2.6908967728135096
4,wrist,20.0,0.1,2.5078928470611572,19.999754061668785,19.06158357771261,0.9381704839561742
4,wrist,20.0,0.1,2.5580027103424072,19.986719689071005,19.06158357771261,0.9251361113583947
4,wrist,20.0,0.1,2.608112335205078,19.953874272627274,19.06158357771261,0.8922906949146636
4,wrist,20.0,0.1,2.6583101749420166,19.901140300846194,19.06158357771261,0.8395567231335832
4,wrist,20.0,0.1,2.7085049152374268,19.828615676655993,19.35483870967742,0.47377696697857274
4,wrist,20.0,0.1,2.7586255073547363,19.736520656296534,19.35483870967742,0.38168194661911414
4,wrist,20.0,0.1,2.8087449073791504,19.624856901559042,19.35483870967742,0.270018191881622
4,wrist,20.0,0.1,2.8588204383850098,19.493856424980297,19.64809384164223,-0.1542374166619318
4,wrist,20.0,0.1,2.9089739322662354,19.343310736168135,19.64809384164223,-0.30478310547409393
4,wrist,20.0,0.1,2.9591751098632812,19.17338767945035,19.64809384164223,-0.4747061621918789
4,wrist,20.0,0.1,3.009237289428711,18.98493970949308,20.234604105571847,-1.2496643960787672
4,wrist,20.0,0.1,3.059403419494629,18.777259570925995,20.234604105571847,-1.457344534645852
4,wrist,20.0,0.1,3.109590530395508,18.55082667737736,20.234604105571847,-1.6837774281944888
4,wrist,20.0,0.1,3.159668445587158,18.306501738939723,20.234604105571847,-1.9281023666321246
4,wrist,20.0,0.1,3.2097396850585938,18.04409033108799,20.234604105571847,-2.1905137744838576
4,wrist,20.0,0.1,3.259916305541992,17.76321230820062,20.234604105571847,-2.4713917973712256
4,wrist,20.0,0.1,3.3100905418395996,17.464694683361866,20.234604105571847,-2.769909422209981
4,wrist,20.0,0.1,3.3602547645568848,17.148885943557318,20.234604105571847,-3.0857181620145298
4,wrist,20.0,0.1,3.4104254245758057,16.815998187717767,20.234604105571847,-3.41860591785408
4,wrist,20.0,0.1,3.46048903465271,16.46716508577043,20.234604105571847,-3.7674390198014187
4,wrist,20.0,0.1,3.5106544494628906,16.101280665884296,19.941348973607038,-3.840068307722742
4,wrist,20.0,0.1,3.5607821941375732,15.71969359068689,19.941348973607038,-4.221655382920147
4,wrist,20.0,0.1,3.6108579635620117,15.322933469750977,19.941348973607038,-4.6184155038560615
4,wrist,20.0,0.1,3.660935640335083,14.910989627667135,19.64809384164223,-4.737104213975094
4,wrist,20.0,0.1,3.7111380100250244,14.483204120295536,19.64809384164223,-5.164889721346693
4,wrist,20.0,0.1,3.7613399028778076,14.041013781445017,19.64809384164223,-5.607080060197212
4,wrist,20.0,0.1,3.811537742614746,13.58489191746888,18.768328445747798,-5.183436528278918
4,wrist,20.0,0.1,3.861661195755005,13.115962815273104,18.768328445747798,-5.652365630474694
4,wrist,20.0,0.1,3.911752462387085,12.634339394706032,18.768328445747798,-6.133989051041766
4,wrist,20.0,0.1,3.9618327617645264,12.140311373501664,18.181818181818183,-6.0415068083165195
4,wrist,20.0,0.1,4.011953353881836,11.63385196787268,18.181818181818183,-6.547966213945504
4,wrist,20.0,0.1,4.062056064605713,11.116042711596734,18.181818181818183,-7.06577547022145
4,wrist,20.0,0.1,4.1121203899383545,10.587627384258731,16.715542521994134,-6.127915137735403
4,wrist,20.0,0.1,4.162294626235962,10.047542234124576,16.715542521994134,-6.668000287869559
4,wrist,20.0,0.1,4.212486743927002,9.497274398665791,16.715542521994134,-7.218268123328343
4,wrist,20.0,0.1,4.262677907943726,8.93757246244929,16.715542521994134,-7.7779700595448436
4,wrist,20.0,0.1,4.312791347503662,8.369869734203055,15.249266862170089,-6.879397127967033
4,wrist,20.0,0.1,4.362864017486572,7.794341255919186,15.249266862170089,-7.454925606250903
4,wrist,20.0,0.1,4.412973880767822,7.210662380620567,15.249266862170089,-8.038604481549521
4,wrist,20.0,0.1,4.463154554367065,6.618996469782724,13.782991202346041,-7.163994732563317
4,wrist,20.0,0.1,4.513356447219849,6.020496839390669,13.782991202346041,-7.762494362955373
4,wrist,20.0,0.1,4.56353235244751,5.416321997997253,13.782991202346041,-8.366669204348788
4,wrist,20.0,0.1,4.613644361495972,4.807543631635969,12.316715542521994,-7.509171910886025
4,wrist,20.0,0.1,4.663721561431885,4.194427218579166,12.316715542521994,-8.12228832394283
4,wrist,20.0,0.1,4.713874816894531,3.576218286412058,12.316715542521994,-8.740497256109936
4,wrist,20.0,0.1,4.764064073562622,2.9540109500209684,11.436950146627566,-8.482939196606598
4,wrist,20.0,0.1,4.814270734786987,2.3286490278731296,11.436950146627566,-9.108301118754436
4,wrist,20.0,0.1,4.8643798828125,1.702190919502803,11.436950146627566,-9.734759227124764
4,wrist,20.0,0.1,4.914596319198608,1.072699330441207,8.797653958944283,-7.724954628503076
4,wrist,20.0,0.1,4.964805364608765,0.44223278761810003,8.797653958944283,-8.355421171326183
4,wrist,20.0,0.1,5.014919757843018,-0.18748446052405338,8.797653958944283,-8.985138419468337
4,wrist,20.0,0.1,5.065115928649902,-0.8180426250046566,8.797653958944283,-9.615696583948939
4,wrist,20.0,0.1,5.1153178215026855,-1.4478588501489356,7.038123167155426,-8.485982017304362
4,wrist,20.0,0.1,5.165482997894287,-2.0757757517013204,7.038123167155426,-9.113898918856746
4,wrist,20.0,0.1,5.215583086013794,-2.7008201282243567,7.038123167155426,-9.738943295379784
4,wrist,20.0,0.1,5.265759706497192,-3.324136801675894,4.9853372434017595,-8.309474045077653
4,wrist,20.0,0.1,5.315906286239624,-3.9437796478319336,4.9853372434017595,-8.929116891233694
4,wrist,20.0,0.1,5.366083860397339,-4.559886838354853,4.9853372434017595,-9.545224081756611
4,wrist,20.0,0.1,5.41625189781189,-5.1713461865142225,3.225806451612903,-8.397152638127125
4,wrist,20.0,0.1,5.466453313827515,-5.77806924555964,3.225806451612903,-9.003875697172543
4,wrist,20.0,0.1,5.516655683517456,-6.379055376402491,3.225806451612903,-9.604861828015395
4,wrist,20.0,0.1,5.566766738891602,-6.972619606621683,1.466275659824047,-8.43889526644573
4,wrist,20.0,0.1,5.616919755935669,-7.559760292166221,1.466275659824047,-9.026035951990268
4,wrist,20.0,0.1,5.667081356048584,-8.139493199027909,1.466275659824047,-9.605768858851956
4,wrist,20.0,0.1,5.717144727706909,-8.710030252682259,-0.5865102639296187,-8.12351998875264
4,wrist,20.0,0.1,5.7673070430755615,-9.273051416057408,-0.5865102639296187,-8.68654115212779
4,wrist,20.0,0.1,5.8174824714660645,-9.827005209475955,-0.5865102639296187,-9.240494945546336
4,wrist,20.0,0.1,5.867652893066406,-10.3711389719383,-2.3460410557184748,-8.025097916219826
4,wrist,20.0,0.1,5.917827129364014,-10.905007972465526,-2.3460410557184748,-8.558966916747051
4,wrist,20.0,0.1,5.967894792556763,-11.426940819736638,-2.3460410557184748,-9.080899764018163
4,wrist,20.0,0.1,6.017993211746216,-11.937876208321015,-2.3460410557184748,-9.59183515260254
4,wrist,20.0,0.1,6.068170547485352,-12.437760550001194,-4.9853372434017595,-7.452423306599434
4,wrist,20.0,0.1,6.118236780166626,-12.924217645576624,-4.9853372434017595,-7.938880402174864
4,wrist,20.0,0.1,6.168334722518921,-13.398182136173634,-4.9853372434017595,-8.412844892771876
4,wrist,20.0,0.1,6.218502521514893,-13.85950529615445,-6.744868035190616,-7.114637260963835
4,wrist,20.0,0.1,6.268690824508667,-14.307238890112078,-6.744868035190616,-7.562370854921462
4,wrist,20.0,0.1,6.318871974945068,-14.740685678421714,-6.744868035190616,-7.995817643231098
4,wrist,20.0,0.1,6.369034290313721,-15.159325208273735,-8.504398826979473,-6.654926381294262
4,wrist,20.0,0.1,6.4192047119140625,-15.562971012649845,-8.504398826979473,-7.058572185670371
4,wrist,20.0,0.1,6.469313383102417,-15.950685059736536,-8.504398826979473,-7.446286232757062
4,wrist,20.0,0.1,6.519472122192383,-16.322952783124048,-9.970674486803519,-6.352278296320529
4,wrist,20.0,0.1,6.569639205932617,-16.67906715190393,-9.970674486803519,-6.70839266510041
4,wrist,20.0,0.1,6.619814395904541,-17.018664618688973,-9.970674486803519,-7.047990131885454
4,wrist,20.0,0.1,6.669886589050293,-17.340703983772585,-11.730205278592376,-5.610498705180209
4,wrist,20.0,0.1,6.72005558013916,-17.646153276688775,-11.730205278592376,-5.915947998096399
4,wrist,20.0,0.1,6.77016282081604,-17.933726554741625,-11.730205278592376,-6.2035212761492495
4,wrist,20.0,0.1,6.820363521575928,-18.20401186738675,-11.730205278592376,-6.473806588794375
4,wrist,20.0,0.1,6.870549201965332,-18.45611479712073,-13.489736070381232,-4.966378726739498
4,wrist,20.0,0.1,6.920692205429077,-18.68967733393407,-13.489736070381232,-5.199941263552839
4,wrist,20.0,0.1,6.970864772796631,-18.90481102363789,-13.489736070381232,-5.415074953256658
4,wrist,20.0,0.1,7.021048545837402,-19.1012006934388,-14.956011730205278,-4.145188963233521
4,wrist,20.0,0.1,7.071226596832275,-19.278581833848015,-14.956011730205278,-4.322570103642738
4,wrist,20.0,0.1,7.121391534805298,-19.436762779813602,-14.956011730205278,-4.480751049608324
4,wrist,20.0,0.1,7.171465635299683,-19.575401306445467,-16.129032258064516,-3.4463690483809515
4,wrist,20.0,0.1,7.22164511680603,-19.694894447899117,-16.129032258064516,-3.5658621898346006
4,wrist,20.0,0.1,7.271812438964844,-19.794789495987764,-16.129032258064516,-3.6657572379232484
4,wrist,20.0,0.1,7.321879863739014,-19.87487836133594,-17.008797653958947,-2.8660807073769945
4,wrist,20.0,0.1,7.3720481395721436,-19.93540200774006,-17.008797653958947,-2.926604353781112
4,wrist,20.0,0.1,7.422145366668701,-19.97607554465606,-17.008797653958947,-2.967277890697112
4,wrist,20.0,0.1,7.472305774688721,-19.996972199748196,-17.88856304985337,-2.1084091498948254
4,wrist,20.0,0.1,7.52248215675354,-19.998004606936796,-17.88856304985337,-2.109441557083425
4,wrist,20.0,0.1,7.572687387466431,-19.97914537589514,-17.88856304985337,-2.090582326041769
4,wrist,20.0,0.1,7.622764587402344,-19.940531003391907,-17.88856304985337,-2.0519679535385364
4,wrist,20.0,0.1,7.672878980636597,-19.88212626039895,-18.768328445747798,-1.1137978146511536
4,wrist,20.0,0.1,7.722951173782349,-19.80408443358313,-18.768328445747798,-1.0357559878353335
4,wrist,20.0,0.1,7.773054838180542,-19.706374377546126,-18.768328445747798,-0.9380459317983281
4,wrist,20.0,0.1,7.823254346847534,-19.588892879690686,-19.35483870967742,-0.23405417001326612
4,wrist,20.0,0.1,7.873449325561523,-19.451938174574803,-19.35483870967742,-0.09709946489738286
4,wrist,20.0,0.1,7.923631191253662,-19.295680103187017,-19.35483870967742,0.05915860649040283
4,wrist,20.0,0.1,7.973703384399414,-19.120644971877415,-19.35483870967742,0.2341937378000054
4,wrist,20.0,0.1,8.023768424987793,-18.926714595510443,-19.35483870967742,0.4281241141669767
4,wrist,20.0,0.1,8.073838710784912,-18.714033961598794,-19.35483870967742,0.6408047480786259
4,wrist,20.0,0.1,8.124011993408203,-18.48233835579026,-19.35483870967742,0.8725003538871583
4,wrist,20.0,0.1,8.17419171333313,-18.232243027721907,-19.35483870967742,1.122595681955513
4,wrist,20.0,0.1,8.224359512329102,-17.96409095755859,-19.35483870967742,1.3907477521188305
4,wrist,20.0,0.1,8.274533033370972,-17.67805768852195,-19.35483870967742,1.6767810211554703
4,wrist,20.0,0.1,8.324568748474121,-17.37531467353702,-19.35483870967742,1.9795240361404005
4,wrist,20.0,0.1,8.374676942825317,-17.05492410029309,-19.35483870967742,2.299914609384331
4,wrist,20.0,0.1,8.424747228622437,-16.71789094294011,-19.35483870967742,2.636947766737311
4,wrist,20.0,0.1,8.474809169769287,-16.364373118427302,-19.35483870967742,2.9904655912501177
4,wrist,20.0,0.1,8.52497935295105,-15.993848952508504,-19.35483870967742,3.360989757168916
4,wrist,20.0,0.1,8.575162649154663,-15.607330125820214,-19.35483870967742,3.747508583857206
4,wrist,20.0,0.1,8.625360488891602,-15.205176898216282,-19.06158357771261,3.856406679496329
4,wrist,20.0,0.1,8.675483703613281,-14.788530377954716,-19.06158357771261,4.273053199757895
4,wrist,20.0,0.1,8.72568964958191,-14.356493553796014,-19.06158357771261,4.705090023916597
4,wrist,20.0,0.1,8.77576994895935,-13.911306098302154,-18.475073313782993,4.563767215480839
4,wrist,20.0,0.1,8.825971364974976,-13.451219432959844,-18.475073313782993,5.0238538808231485
4,wrist,20.0,0.1,8.876089334487915,-12.978548742206106,-18.475073313782993,5.496524571576886
4,wrist,20.0,0.1,8.926208972930908,-12.492992907649505,-17.595307917888565,5.10231501023906
4,wrist,20.0,0.1,8.976410627365112,-11.994224208534408,-17.595307917888565,5.601083709354157
4,wrist,20.0,0.1,9.026584148406982,-11.483812443712043,-17.595307917888565,6.111495474176522
4,wrist,20.0,0.1,9.076714277267456,-10.962444828163436,-16.715542521994134,5.753097693830698
4,wrist,20.0,0.1,9.126853942871094,-10.430099966931879,-16.715542521994134,6.2854425550622555
4,wrist,20.0,0.1,9.17692232131958,-9.888182959832422,-16.715542521994134,6.827359562161712
4,wrist,20.0,0.1,9.227022409439087,-9.336128409500782,-15.542521994134896,6.206393584634114
4,wrist,20.0,0.1,9.277222871780396,-8.77368983243688,-15.542521994134896,6.7688321616980165
4,wrist,20.0,0.1,9.327417612075806,-8.202588700345366,-15.542521994134896,7.33993329378953
4,wrist,20.0,0.1,9.377639532089233,-7.623013662666148,-15.542521994134896,7.919508331468748
4,wrist,20.0,0.1,9.427791118621826,-7.036676041218678,-13.782991202346041,6.746315161127363
4,wrist,20.0,0.1,9.477884292602539,-6.444046795632544,-13.782991202346041,7.338944406713497
4,wrist,20.0,0.1,9.528048515319824,-5.844180481021333,-13.782991202346041,7.9388107213247086
4,wrist,20.0,0.1,9.57815432548523,-5.2392171243342025,-12.609970674486803,7.3707535501526005
4,wrist,20.0,0.1,9.628255367279053,-4.629119681996253,-12.609970674486803,7.98085099249055
4,wrist,20.0,0.1,9.678419589996338,-4.013657576658275,-12.609970674486803,8.596313097828528
4,wrist,20.0,0.1,9.728592872619629,-3.3940962171987232,-10.850439882697948,7.456343665499225
4,wrist,20.0,0.1,9.77878713607788,-2.770900929325346,-10.850439882697948,8.079538953372602
4,wrist,20.0,0.1,9.828853130340576,-2.1465523829116866,-10.850439882697948,8.703887499786262
4,wrist,20.0,0.1,9.879019498825073,-1.518822158879973,-9.384164222873899,7.865342063993926
4,wrist,20.0,0.1,9.929194450378418,-0.8894752989384993,-9.384164222873899,8.4946889239354
4,wrist,20.0,0.1,9.979354858398438,-0.25942722515987937,-9.384164222873899,9.12473699771402
4,wrist,20.0,0.1,10.029425382614136,0.36974919763119285,-7.331378299120235,7.701127496751428
4,wrist,20.0,0.1,10.079616069793701,1.0000678188323329,-7.331378299120235,8.331446117952568
4,wrist,20.0,0.1,10.129669666290283,1.62767494047393,-7.331378299120235,8.959053239594166
4,wrist,20.0,0.1,10.179741859436035,2.253904502003089,-7.331378299120235,9.585282801123324
4,wrist,20.0,0.1,10.229815006256104,2.8779151640429275,-5.278592375366569,8.156507539409496
4,wrist,20.0,0.1,10.279887676239014,3.4990714562525103,-5.278592375366569,8.77766383161908
4,wrist,20.0,0.1,10.329954624176025,4.116694177673487,-5.278592375366569,9.395286553040055
4,wrist,20.0,0.1,10.380059003829956,4.730700367170088,-3.519061583577713,8.2497619507478
4,wrist,20.0,0.1,10.430123805999756,5.339539123918468,-3.519061583577713,8.85860070749618
4,wrist,20.0,0.1,10.480295419692993,5.944376323768347,-3.519061583577713,9.46343790734606
4,wrist,20.0,0.1,10.530492305755615,6.543606909716194,-1.466275659824047,8.009882569540242
4,wrist,20.0,0.1,10.580697774887085,7.136429550231042,-1.466275659824047,8.602705210055088
4,wrist,20.0,0.1,10.630773544311523,7.720647908039019,-1.466275659824047,9.186923567863065
4,wrist,20.0,0.1,10.680849313735962,8.297223810353767,0.29325513196480935,8.003968678388958
4,wrist,20.0,0.1,10.7309410572052,8.865766456451103,0.29325513196480935,8.572511324486294
4,wrist,20.0,0.1,10.781110525131226,9.426388963187774,0.29325513196480935,9.133133831222965
4,wrist,20.0,0.1,10.831275224685669,9.977593668147453,2.6392961876832843,7.338297480464169
4,wrist,20.0,0.1,10.881457090377808,10.519070191534887,2.6392961876832843,7.879774003851603
4,wrist,20.0,0.1,10.931639432907104,11.050095007746233,2.6392961876832843,8.410798820062949
4,wrist,20.0,0.1,10.98170781135559,11.56896686355839,2.6392961876832843,8.929670675875107
4,wrist,20.0,0.1,11.031780004501343,12.076428510972084,4.9853372434017595,7.091091267570325
4,wrist,20.0,0.1,11.081948280334473,12.572876761729939,4.9853372434017595,7.587539518328179
4,wrist,20.0,0.1,11.132048845291138,13.056188900768298,4.9853372434017595,8.07085165736654
4,wrist,20.0,0.1,11.182219982147217,13.527217507090848,6.744868035190616,6.782349471900232
4,wrist,20.0,0.1,11.232415914535522,13.985027598605331,6.744868035190616,7.240159563414715
4,wrist,20.0,0.1,11.282674074172974,14.429469267097907,6.744868035190616,7.684601231907291
4,wrist,20.0,0.1,11.33275055885315,14.857995228870159,8.504398826979473,6.353596401890686
4,wrist,20.0,0.1,11.382822513580322,15.271776496017832,8.504398826979473,6.767377669038359
4,wrist,20.0,0.1,11.432899713516235,15.67048391359592,8.504398826979473,7.166085086616446
4,wrist,20.0,0.1,11.48306941986084,16.054371942333518,10.263929618768328,5.790442323565189
4,wrist,20.0,0.1,11.533172369003296,16.421829694990006,10.263929618768328,6.157900076221678
4,wrist,20.0,0.1,11.583340883255005,16.773463031410195,10.263929618768328,6.509533412641867
4,wrist,20.0,0.1,11.633520603179932,17.10850415893265,11.436950146627566,5.671554012305084
4,wrist,20.0,0.1,11.683697938919067,17.426524972718134,11.436950146627566,5.989574826090568
4,wrist,20.0,0.1,11.733771324157715,17.726620873976938,11.436950146627566,6.289670727349371
4,wrist,20.0,0.1,11.783848285675049,18.009190901597716,11.436950146627566,6.572240754970149
4,wrist,20.0,0.1,11.833925485610962,18.273934498906264,13.782991202346041,4.490943296560223
4,wrist,20.0,0.1,11.884109735488892,18.521095917965113,13.782991202346041,4.738104715619071
4,wrist,20.0,0.1,11.934206247329712,18.74946058269026,13.782991202346041,4.96646938034422
4,wrist,20.0,0.1,11.984389543533325,18.959597486199595,14.956011730205278,4.003585755994317
4,wrist,20.0,0.1,12.03446364402771,19.150490501430713,14.956011730205278,4.194478771225436
4,wrist,20.0,0.1,12.08462381362915,19.32270735366298,14.956011730205278,4.366695623457703
4,wrist,20.0,0.1,12.134691715240479,19.475468898371446,16.129032258064516,3.34643664030693
4,wrist,20.0,0.1,12.184882164001465,19.609261248715523,16.129032258064516,3.480228990651007
4,wrist,20.0,0.1,12.234960079193115,19.723319575249114,16.129032258064516,3.594287317184598
4,wrist,20.0,0.1,12.28516173362732,19.81806198229947,17.302052785923753,2.516009196375716
4,wrist,20.0,0.1,12.335362434387207,19.893087053748204,17.302052785923753,2.591034267824451
4,wrist,20.0,0.1,12.38557481765747,19.948332686061555,17.302052785923753,2.6462799001378023
4,wrist,20.0,0.1,12.435777187347412,19.9837190610204,17.88856304985337,2.0951560111670275
4,wrist,20.0,0.1,12.485973119735718,19.99922325385745,17.88856304985337,2.1106602040040805
4,wrist,20.0,0.1,12.536067485809326,19.99486461640444,17.88856304985337,2.1063015665510676
4,wrist,20.0,0.1,12.586235284805298,19.970648960476694,18.768328445747798,1.2023205147288962
4,wrist,20.0,0.1,12.636417627334595,19.92657654566485,18.768328445747798,1.1582480999170528
4,wrist,20.0,0.1,12.686593055725098,19.862705487716052,18.768328445747798,1.0943770419682544
4,wrist,20.0,0.1,12.7367582321167,19.77911365163839,18.768328445747798,1.010785205890592
4,wrist,20.0,0.1,12.786831855773926,19.676079303469653,19.35483870967742,0.3212405937922327
4,wrist,20.0,0.1,12.83702278137207,19.553260055733425,19.35483870967742,0.19842134605600492
4,wrist,20.0,0.1,12.887131690979004,19.411244719175105,19.35483870967742,0.05640600949768526
4,wrist,20.0,0.1,12.93723440170288,19.25001042248094,20.234604105571847,-0.9845936830909068
4,wrist,20.0,0.1,12.987413167953491,19.06941244526871,20.234604105571847,-1.1651916603031367
4,wrist,20.0,0.1,13.037591695785522,18.869861454154652,20.234604105571847,-1.3647426514171954
4,wrist,20.0,0.1,13.087759017944336,18.65160580710052,20.234604105571847,-1.5829982984713276
4,wrist,20.0,0.1,13.13792896270752,18.414807027006376,20.234604105571847,-1.8197970785654718
4,wrist,20.0,0.1,13.188060283660889,18.15991468003634,20.234604105571847,-2.0746894255355066
4,wrist,20.0,0.1,13.238166093826294,17.887149848251656,20.234604105571847,-2.347454257320191
4,wrist,20.0,0.1,13.288345575332642,17.596217746701075,20.234604105571847,-2.638386358870772
4,wrist,20.0,0.1,13.33852505683899,17.287795418924432,20.234604105571847,-2.9468086866474152
4,wrist,20.0,0.1,13.388712644577026,16.962135458532966,20.234604105571847,-3.272468647038881
4,wrist,20.0,0.1,13.43883228302002,16.620085084916884,20.234604105571847,-3.6145190206549636
4,wrist,20.0,0.1,13.48889708518982,16.261955263365763,20.234604105571847,-3.972648842206084
4,wrist,20.0,0.1,13.538965702056885,15.88770611493856,20.234604105571847,-4.346897990633288
4,wrist,20.0,0.1,13.589037656784058,15.497708144971487,19.941348973607038,-4.4436408286355515
4,wrist,20.0,0.1,13.639145612716675,15.092074904745264,19.941348973607038,-4.849274068861774
4,wrist,20.0,0.1,13.689246892929077,14.671540240509245,19.941348973607038,-5.269808733097793
4,wrist,20.0,0.1,13.739319562911987,14.236720339573212,19.35483870967742,-5.118118370104208
4,wrist,20.0,0.1,13.78941798210144,13.78757525226237,19.35483870967742,-5.56726345741505
4,wrist,20.0,0.1,13.839591264724731,13.324068301021043,19.35483870967742,-6.030770408656377
4,wrist,20.0,0.1,13.88976502418518,12.847316218847409,18.475073313782993,-5.627757094935584
4,wrist,20.0,0.1,13.939839839935303,12.358774707496838,18.475073313782993,-6.116298606286154
4,wrist,20.0,0.1,13.989911079406738,11.858036243098732,18.475073313782993,-6.61703707068426
4,wrist,20.0,0.1,14.040016889572144,11.345204194824651,17.88856304985337,-6.543358855028719
4,wrist,20.0,0.1,14.090182304382324,10.820498447871918,17.88856304985337,-7.068064601981453
4,wrist,20.0,0.1,14.140371561050415,10.284786454229751,17.88856304985337,-7.60377659562362
4,wrist,20.0,0.1,14.190568923950195,9.738758668713327,16.129032258064516,-6.390273589351189
4,wrist,20.0,0.1,14.240711450576782,9.183656042199672,16.129032258064516,-6.945376215864844
4,wrist,20.0,0.1,14.290826797485352,8.619746718895511,16.129032258064516,-7.509285539169005
4,wrist,20.0,0.1,14.340901136398315,8.047763219365349,16.129032258064516,-8.081269038699167
4,wrist,20.0,0.1,14.39107894897461,7.4666076572938955,14.956011730205278,-7.489404072911382
4,wrist,20.0,0.1,14.441274881362915,6.87781714429817,14.956011730205278,-8.078194585907108
4,wrist,20.0,0.1,14.491479396820068,6.282083361028037,14.956011730205278,-8.67392836917724
4,wrist,20.0,0.1,14.541684865951538,5.680087612632224,13.196480938416423,-7.516393325784199
4,wrist,20.0,0.1,14.59179401397705,5.073610963154715,13.196480938416423,-8.122869975261708
4,wrist,20.0,0.1,14.641957998275757,4.461433663250967,13.196480938416423,-8.735047275165456
4,wrist,20.0,0.1,14.692150592803955,3.8444717203896834,12.023460410557185,-8.1789886901675
4,wrist,20.0,0.1,14.742344856262207,3.223665767684559,12.023460410557185,-8.799794642872627
4,wrist,20.0,0.1,14.792540550231934,2.599635855312934,12.023460410557185,-9.42382455524425
4,wrist,20.0,0.1,14.842719554901123,1.9732289970668146,9.970674486803519,-7.997445489736704
4,wrist,20.0,0.1,14.892893314361572,1.3449265969631825,9.970674486803519,-8.625747889840337
4,wrist,20.0,0.1,14.943029165267944,0.715763744297076,9.970674486803519,-9.254910742506443
4,wrist,20.0,0.1,14.993141412734985,0.0861872827023266,8.504398826979473,-8.418211544277147
4,wrist,20.0,0.1,15.043346643447876,-0.5446426471442758,8.504398826979473,-9.049041474123749
4,wrist,20.0,0.1,15.09354567527771,-1.1748528963962255,8.504398826979473,-9.6792517233757
4,wrist,20.0,0.1,15.14367151260376,-1.8029784172282275,5.865102639296188,-7.668081056524415
4,wrist,20.0,0.1,15.19387173652649,-2.4302434948040936,5.865102639296188,-8.295346134100281
4,wrist,20.0,0.1,15.24406909942627,-3.055055439511441,5.865102639296188,-8.920158078807628
4,wrist,20.0,0.1,15.294270753860474,-3.676881576434734,5.865102639296188,-9.541984215730922
4,wrist,20.0,0.1,15.344468593597412,-4.29500293085456,4.398826979472141,-8.693829910326702
4,wrist,20.0,0.1,15.39464807510376,-4.908628389502883,4.398826979472141,-9.307455368975024
4,wrist,20.0,0.1,15.444813251495361,-5.517201999145067,4.398826979472141,-9.91602897861721
4,wrist,20.0,0.1,15.494915962219238,-6.119547451839404,2.6392961876832843,-8.758843639522688
4,wrist,20.0,0.1,15.545093059539795,-6.716709300825142,2.6392961876832843,-9.356005488508426
4,wrist,20.0,0.1,15.59528636932373,-7.3073851799564356,2.6392961876832843,-9.94668136763972
4,wrist,20.0,0.1,15.645405769348145,-7.889940244295555,0.29325513196480935,-8.183195376260365
4,wrist,20.0,0.1,15.695603609085083,-8.465564717401794,0.29325513196480935,-8.758819849366603
4,wrist,20.0,0.1,15.745736837387085,-9.03204404752198,0.29325513196480935,-9.32529917948679
4,wrist,20.0,0.1,15.795852422714233,-9.589367718414115,-1.1730205278592374,-8.416347190554877
4,wrist,20.0,0.1,15.846034049987793,-10.137899435810366,-1.1730205278592374,-8.964878907951128
4,wrist,20.0,0.1,15.896193027496338,-10.676112777900615,-1.1730205278592374,-9.503092250041377
4,wrist,20.0,0.1,15.946361064910889,-11.203817294448573,-3.519061583577713,-7.68475571087086
4,wrist,20.0,0.1,15.996573448181152,-11.720842105667074,-3.519061583577713,-8.201780522089361
4,wrist,20.0,0.1,16.0467689037323,-12.226033048884675,-3.519061583577713,-8.706971465306962
4,wrist,20.0,0.1,16.096978187561035,-12.719197968926581,-3.519061583577713,-9.200136385348868
4,wrist,20.0,0.1,16.147182941436768,-13.19966251851971,-5.865102639296188,-7.334559879223523
4,wrist,20.0,0.1,16.197327136993408,-13.66643808833452,-5.865102639296188,-7.801335449038332
4,wrist,20.0,0.1,16.24752640724182,-14.120138785938677,-5.865102639296188,-8.255036146642489
4,wrist,20.0,0.1,16.297738075256348,-14.55990013768529,-7.624633431085044,-6.935266706600245
4,wrist,20.0,0.1,16.34793472290039,-14.985045714694392,-7.624633431085044,-7.360412283609348
4,wrist,20.0,0.1,16.39810061454773,-15.39503960611526,-7.624633431085044,-7.770406175030216
4,wrist,20.0,0.1,16.448267459869385,-15.789746832775505,-9.384164222873899,-6.4055826099016056
4,wrist,20.0,0.1,16.49843668937683,-16.168784959758177,-9.384164222873899,-6.784620736884278
4,wrist,20.0,0.1,16.548605918884277,-16.53175826087126,-9.384164222873899,-7.1475940379973615
4,wrist,20.0,0.1,16.59867811203003,-16.87765188861005,-10.850439882697948,-6.0272120059121015
4,wrist,20.0,0.1,16.648751258850098,-17.20684729085366,-10.850439882697948,-6.356407408155711
4,wrist,20.0,0.1,16.69892168045044,-17.51960154518031,-10.850439882697948,-6.669161662482363
4,wrist,20.0,0.1,16.74909210205078,-17.814948015114986,-12.316715542521994,-5.498232472592992
4,wrist,20.0,0.1,16.79926347732544,-18.09259834686349,-12.316715542521994,-5.775882804341496
4,wrist,20.0,0.1,16.84942626953125,-18.352228000120828,-12.316715542521994,-6.035512457598834
4,wrist,20.0,0.1,16.899522066116333,-18.59331796219767,-12.316715542521994,-6.276602419675676
4,wrist,20.0,0.1,16.949693202972412,-18.81630908464843,-14.36950146627566,-4.446807618372771
4,wrist,20.0,0.1,16.999757051467896,-19.020186681190488,-14.36950146627566,-4.650685214914828
4,wrist,20.0,0.1,17.049926280975342,-19.20561524099223,-14.36950146627566,-4.836113774716571
4,wrist,20.0,0.1,17.10002875328064,-19.37175307713079,-15.542521994134896,-3.8292310829958947
4,wrist,20.0,0.1,17.15019416809082,-19.518867360452475,-15.542521994134896,-3.976345366317579
4,wrist,20.0,0.1,17.200363874435425,-19.646601317353753,-15.542521994134896,-4.104079323218857
4,wrist,20.0,0.1,17.250543117523193,-19.754833329438046,-16.715542521994134,-3.039290807443912
4,wrist,20.0,0.1,17.30071997642517,-19.843425947212026,-16.715542521994134,-3.1278834252178918
4,wrist,20.0,0.1,17.350789070129395,-19.91216999917112,-16.715542521994134,-3.1966274771769854
4,wrist,20.0,0.1,17.400955200195312,-19.9612846732891,-17.595307917888565,-2.365976755400535
4,wrist,20.0,0.1,17.451122522354126,-19.990569316399643,-17.595307917888565,-2.395261398511078
4,wrist,20.0,0.1,17.50128936767578,-19.9999934368358,-17.595307917888565,-2.404685518947236
4,wrist,20.0,0.1,17.551461935043335,-19.989545720129897,-17.88856304985337,-2.100982670276526
4,wrist,20.0,0.1,17.601658821105957,-19.959214835978386,-17.88856304985337,-2.0706517861250155
4,wrist,20.0,0.1,17.651858806610107,-19.90902748807547,-17.88856304985337,-2.020464438222099
4,wrist,20.0,0.1,17.702062606811523,-19.839028791706085,-17.88856304985337,-1.9504657418527138
4,wrist,20.0,0.1,17.75225806236267,-19.74930800239,-19.06158357771261,-0.6877244246773877
4,wrist,20.0,0.1,17.80245280265808,-19.63994606450769,-19.06158357771261,-0.5783624867950792
4,wrist,20.0,0.1,17.852653980255127,-19.511032831456607,-19.06158357771261,-0.449449253743996
4,wrist,20.0,0.1,17.902854919433594,-19.362710068786036,-19.35483870967742,-0.00787135910861636
4,wrist,20.0,0.1,17.953095197677612,-19.194985929845163,-19.35483870967742,0.15985277983225643
4,wrist,20.0,0.1,18.00316286087036,-19.008810682783338,-19.35483870967742,0.3460280268940821
4,wrist,20.0,0.1,18.053229570388794,-18.803829313922698,-19.35483870967742,0.551009395754722
4,wrist,20.0,0.1,18.103390216827393,-18.579804433568764,-19.35483870967742,0.7750342761086557
4,wrist,20.0,0.1,18.15356421470642,-18.337258548061726,-19.35483870967742,1.0175801616156939
4,wrist,20.0,0.1,18.203731536865234,-18.076525738800463,-19.35483870967742,1.2783129708769572
4,wrist,20.0,0.1,18.25380229949951,-17.798387481872755,-19.35483870967742,1.556451227804665
4,wrist,20.0,0.1,18.30397081375122,-17.50204018797681,-19.35483870967742,1.8527985217006098
4,wrist,20.0,0.1,18.354069471359253,-17.188752687392466,-19.35483870967742,2.1660860222849543
4,wrist,20.0,0.1,18.404266834259033,-16.857767565688015,-19.35483870967742,2.4970711439894053
4,wrist,20.0,0.1,18.454341888427734,-16.510881699226598,-19.35483870967742,2.843957010450822
4,wrist,20.0,0.1,18.50450038909912,-16.147033897803706,-19.35483870967742,3.2078048118737144
4,wrist,20.0,0.1,18.55461621284485,-15.767479673978698,-19.35483870967742,3.5873590356987215
4,wrist,20.0,0.1,18.60479474067688,-15.371788601093975,-19.35483870967742,3.983050108583445
4,wrist,20.0,0.1,18.654969453811646,-14.960850726311685,-19.35483870967742,4.393987983365735
4,wrist,20.0,0.1,18.70511794090271,-14.535271320872823,-18.768328445747798,4.233057124874975
4,wrist,20.0,0.1,18.755194664001465,-14.095901809070131,-18.768328445747798,4.672426636677667
4,wrist,20.0,0.1,18.805360794067383,-13.641757047107292,-18.768328445747798,5.126571398640506
4,wrist,20.0,0.1,18.855533599853516,-13.173996795018558,-18.181818181818183,5.007821386799625
4,wrist,20.0,0.1,18.905720233917236,-12.693011094030325,-18.181818181818183,5.488807087787858
4,wrist,20.0,0.1,18.95589542388916,-12.199519200912723,-18.181818181818183,5.98229898090546
4,wrist,20.0,0.1,19.006060361862183,-11.694007860582253,-17.302052785923753,5.608044925341499
4,wrist,20.0,0.1,19.056227922439575,-11.176852357862002,-17.302052785923753,6.125200428061751
4,wrist,20.0,0.1,19.106390953063965,-10.648640789987091,-17.302052785923753,6.653411995936661
4,wrist,20.0,0.1,19.156571865081787,-10.10965777979331,-16.129032258064516,6.019374478271207
4,wrist,20.0,0.1,19.206689834594727,-9.561320160390228,-16.129032258064516,6.567712097674288
4,wrist,20.0,0.1,19.256853818893433,-9.002985761169587,-16.129032258064516,7.126046496894929
4,wrist,20.0,0.1,19.307027578353882,-8.435596754988206,-14.956011730205278,6.520414975217072
4,wrist,20.0,0.1,19.35719394683838,-7.859910281119751,-14.956011730205278,7.096101449085527
4,wrist,20.0,0.1,19.40735411643982,-7.276487882792653,-14.956011730205278,7.679523847412625
4,wrist,20.0,0.1,19.45751643180847,-6.685812979105603,-14.956011730205278,8.270198751099674
4,wrist,20.0,0.1,19.507723808288574,-6.087957699797714,-13.489736070381232,7.401778370583518
4,wrist,20.0,0.1,19.557796001434326,-5.485678038634233,-13.489736070381232,8.004058031747
4,wrist,20.0,0.1,19.60796356201172,-4.876806792439977,-13.489736070381232,8.612929277941255
4,wrist,20.0,0.1,19.658134937286377,-4.263043582547311,-11.436950146627566,7.173906564080255
4,wrist,20.0,0.1,19.708300352096558,-3.645118023427018,-11.436950146627566,7.791832123200548
4,wrist,20.0,0.1,19.758464336395264,-3.023589103413708,-11.436950146627566,8.413361043213857
4,wrist,20.0,0.1,19.808624029159546,-2.399110202514484,-9.970674486803519,7.571564284289035
4,wrist,20.0,0.1,19.858792304992676,-1.7721410890910083,-9.970674486803519,8.198533397712511
4,wrist,20.0,0.1,19.908859252929688,-1.1446825346629854,-9.970674486803519,8.825991952140534
4,wrist,20.0,0.1,19.959043979644775,-0.5146117295108964,-8.504398826979473,7.989787097468577
