t,c_waist,c_shoulder,c_elbow,c_wrist,c_gripper
3.4423,-1.9547687622336491,0.0,0.0,0.0,0.0
3.4524,-1.9547687622336491,0.0,0.0,0.0,0.0
3.4626,-1.9547687622336491,0.0,0.0,0.0,0.0
3.4726,-1.9547687622336491,0.0,0.0,0.0,0.0
3.4825,-1.9547687622336491,0.0,0.0,0.0,0.0
3.4925,-1.9547687622336491,0.0,0.0,0.0,0.0
3.5025,-1.9547687622336491,0.0,0.0,0.0,0.0
3.5124,-1.9547687622336491,0.0,0.0,0.0,0.0
3.5225,-1.9547687622336491,0.0,0.0,0.0,0.0
3.5323,-1.9547687622336491,0.0,0.0,0.0,0.0
3.5426,-1.9547687622336491,0.0,0.0,0.0,0.0
3.5524,-1.9547687622336491,0.0,0.0,0.0,0.0
3.5625,-1.9547687622336491,0.0,0.0,0.0,0.0
3.5724,-1.9547687622336491,0.0,0.0,0.0,0.0
3.5826,-1.9547687622336491,0.0,0.0,0.0,0.0
3.5924,-1.9547687622336491,0.0,0.0,0.0,0.0
3.6028,-1.9547687622336491,0.0,0.0,0.0,0.0
3.6125,-1.9547687622336491,0.0,0.0,0.0,0.0
3.6224,-1.9547687622336491,0.0,0.0,0.0,0.0
3.6324,-1.9547687622336491,0.0,0.0,0.0,0.0
3.6426,-1.9547687622336491,0.0,0.0,0.0,0.0
3.6525,-1.9547687622336491,0.0,0.0,0.0,0.0
3.6626,-1.9547687622336491,0.0,0.0,0.0,0.0
3.6725,-1.9547687622336491,0.0,0.0,0.0,0.0
3.6826,-1.9547687622336491,0.0,0.0,0.0,0.0
3.6926,-1.9547687622336491,0.0,0.0,0.0,0.0
3.7028,-1.9547687622336491,0.0,0.0,0.0,0.0
3.7126,-1.9547687622336491,0.0,0.0,0.0,0.0
3.7226,-1.9547687622336491,0.0,0.0,0.0,0.0
3.7325,-1.9547687622336491,0.0,0.0,0.0,0.0
3.7424,-1.9547687622336491,0.0,0.0,0.0,0.0
3.7524,-1.9547687622336491,0.0,0.0,0.0,0.0
3.7624,-1.9547687622336491,0.0,0.0,0.0,0.0
3.7726,-1.9547687622336491,0.0,0.0,0.0,0.0
3.7827,-1.9547687622336491,0.0,0.0,0.0,0.0
3.7926,-1.9547687622336491,0.0,0.0,0.0,0.0
3.8027,-1.9547687622336491,0.0,0.0,0.0,0.0
3.8126,-1.9547687622336491,0.0,0.0,0.0,0.0
3.8227,-1.9547687622336491,0.0,0.0,0.0,0.0
3.8326,-1.9547687622336491,0.0,0.0,0.0,0.0
3.8427,-1.9547687622336491,0.0,0.0,0.0,0.0
3.8525,-1.9547687622336491,0.0,0.0,0.0,0.0
3.8624,-1.9547687622336491,0.0,0.0,0.0,0.0
3.8724,-1.9547687622336491,0.0,0.0,0.0,0.0
3.8827,-1.9547687622336491,0.0,0.0,0.0,0.0
3.8926,-1.9547687622336491,0.0,0.0,0.0,0.0
3.9027,-1.9547687622336491,0.0,0.0,0.0,0.0
3.9126,-0.9773843811168246,0.0,0.0,0.0,0.0
3.9224,-0.9773843811168246,0.0,0.0,0.0,0.0
3.9325,-0.9773843811168246,0.0,0.0,0.0,0.0
3.9425,-0.9773843811168246,0.0,0.0,0.0,0.0
3.9527,-0.9773843811168246,0.0,0.0,0.0,0.0
3.9625,-0.9773843811168246,0.0,0.0,0.0,0.0
3.9725,-0.9773843811168246,0.0,0.0,0.0,0.0
3.9826,-0.9773843811168246,0.0,0.0,0.0,0.0
3.9925,-0.9773843811168246,0.0,0.0,0.0,0.0
4.0025,-0.9773843811168246,0.0,0.0,0.0,0.0
4.0124,-0.9773843811168246,0.0,0.0,0.0,0.0
4.0226,-0.9773843811168246,0.0,0.0,0.0,0.0
4.0324,-0.9773843811168246,0.0,0.0,0.0,0.0
4.0429,-0.9773843811168246,0.0,0.0,0.0,0.0
4.0524,-0.9773843811168246,0.0,0.0,0.0,0.0
4.0626,-0.9773843811168246,0.0,0.0,0.0,0.0
4.0726,-0.9773843811168246,0.0,0.0,0.0,0.0
4.0824,-0.9773843811168246,0.0,0.0,0.0,0.0
4.0926,-0.9773843811168246,0.0,0.0,0.0,0.0
4.1025,-0.9773843811168246,0.0,0.0,0.0,0.0
4.1126,-0.9773843811168246,0.0,0.0,0.0,0.0
4.1226,-0.9773843811168246,0.0,0.0,0.0,0.0
4.1326,-0.9773843811168246,0.0,0.0,0.0,0.0
4.1426,-0.9773843811168246,0.0,0.0,0.0,0.0
4.1526,-0.9773843811168246,0.0,0.0,0.0,0.0
4.1626,-0.9773843811168246,0.0,0.0,0.0,0.0
4.1724,-0.9773843811168246,0.0,0.0,0.0,0.0
4.1826,-0.9773843811168246,0.0,0.0,0.0,0.0
4.1927,-0.9773843811168246,0.0,0.0,0.0,0.0
4.2026,-0.9773843811168246,0.0,0.0,0.0,0.0
4.2127,-0.9773843811168246,0.0,0.0,0.0,0.0
4.2226,-0.9773843811168246,0.0,0.0,0.0,0.0
4.2326,-0.9773843811168246,0.0,0.0,0.0,0.0
4.2423,-0.9773843811168246,0.0,0.0,0.0,0.0
4.2525,-0.9773843811168246,0.0,0.0,0.0,0.0
4.2625,-0.9773843811168246,0.0,0.0,0.0,0.0
4.2725,-0.9773843811168246,0.0,0.0,0.0,0.0
4.2824,-0.9773843811168246,0.0,0.0,0.0,0.0
4.2923,-0.9773843811168246,0.0,0.0,0.0,0.0
4.3019,-0.9773843811168246,0.0,0.0,0.0,0.0
4.3121,-0.9773843811168246,0.0,0.0,0.0,0.0
4.3222,-0.9773843811168246,0.0,0.0,0.0,0.0
4.3324,-0.9773843811168246,0.0,0.0,0.0,0.0
4.3424,-0.9773843811168246,0.0,0.0,0.0,0.0
4.3525,-0.9773843811168246,0.0,0.0,0.0,0.0
4.3625,-0.9773843811168246,0.0,0.0,0.0,0.0
4.3725,-0.9773843811168246,0.0,0.0,0.0,0.0
4.3824,-0.9773843811168246,0.0,0.0,0.0,0.0
4.3925,-0.9773843811168246,0.0,0.0,0.0,0.0
4.4024,-0.9773843811168246,0.0,0.0,0.0,0.0
4.4125,-0.9773843811168246,0.0,0.0,0.0,0.0
4.4226,-0.9773843811168246,0.0,0.0,0.0,0.0
4.4325,-0.9773843811168246,0.0,0.0,0.0,0.0
4.4426,-0.9773843811168246,0.0,0.0,0.0,0.0
4.4525,-0.9773843811168246,0.0,0.0,0.0,0.0
4.4626,-0.9773843811168246,0.0,0.0,0.0,0.0
4.4726,-0.9773843811168246,0.0,0.0,0.0,0.0
4.4825,-0.9773843811168246,0.0,0.0,0.0,0.0
4.4926,-0.9773843811168246,0.0,0.0,0.0,0.0
4.5024,-0.9773843811168246,0.0,0.0,0.0,0.0
4.5125,-0.9773843811168246,0.0,0.0,0.0,0.0
4.5224,-0.9773843811168246,0.0,0.0,0.0,0.0
4.5325,-0.9773843811168246,0.0,0.0,0.0,0.0
4.5425,-0.9773843811168246,0.0,0.0,0.0,0.0
4.5524,-0.9773843811168246,0.0,0.0,0.0,0.0
4.5625,-0.9773843811168246,0.0,0.0,0.0,0.0
4.5725,-0.9773843811168246,0.0,0.0,0.0,0.0
4.5825,-0.9773843811168246,0.0,0.0,0.0,0.0
4.5925,-0.9773843811168246,0.0,0.0,0.0,0.0
4.6025,-0.9773843811168246,0.0,0.0,0.0,0.0
4.6134,-0.9773843811168246,0.0,0.0,0.0,0.0
4.6225,-0.9773843811168246,0.0,0.0,0.0,0.0
4.6324,-0.9773843811168246,0.0,0.0,0.0,0.0
4.6426,-0.9773843811168246,0.0,0.0,0.0,0.0
4.6526,-0.9773843811168246,0.0,0.0,0.0,0.0
4.6626,-0.9773843811168246,0.0,0.0,0.0,0.0
4.6726,-0.9773843811168246,0.0,0.0,0.0,0.0
4.6825,-0.9773843811168246,0.0,0.0,0.0,0.0
4.6926,-0.9773843811168246,0.0,0.0,0.0,0.0
4.7025,-0.9773843811168246,0.0,0.0,0.0,0.0
4.7126,-0.9773843811168246,0.0,0.0,0.0,0.0
4.7225,-0.9773843811168246,0.0,0.0,0.0,0.0
4.7326,-0.9773843811168246,0.0,0.0,0.0,0.0
4.7426,-0.9773843811168246,0.0,0.0,0.0,0.0
4.7525,-0.9773843811168246,0.0,0.0,0.0,0.0
4.7626,-0.9773843811168246,0.0,0.0,0.0,0.0
4.7725,-0.9773843811168246,0.0,0.0,0.0,0.0
4.7826,-0.9773843811168246,0.0,0.0,0.0,0.0
4.7924,-0.9773843811168246,0.0,0.0,0.0,0.0
4.8025,-0.9773843811168246,0.0,0.0,0.0,0.0
4.8125,-0.9773843811168246,0.0,0.0,0.0,0.0
4.8225,-0.9773843811168246,0.0,0.0,0.0,0.0
4.8325,-0.9773843811168246,0.0,0.0,0.0,0.0
4.8427,-0.9773843811168246,0.0,0.0,0.0,0.0
4.8524,-0.9773843811168246,0.0,0.0,0.0,0.0
4.8625,-0.9773843811168246,0.0,0.0,0.0,0.0
4.8724,-0.9773843811168246,0.0,0.0,0.0,0.0
4.8825,-0.9773843811168246,0.0,0.0,0.0,0.0
4.8925,-0.9773843811168246,0.0,0.0,0.0,0.0
4.9025,-0.9773843811168246,0.0,0.0,0.0,0.0
4.9124,-0.9773843811168246,0.0,0.0,0.0,0.0
4.9223,-0.9773843811168246,0.0,0.0,0.0,0.0
4.9326,-0.9773843811168246,0.0,0.0,0.0,0.0
4.9425,-0.9773843811168246,0.0,0.0,0.0,0.0
4.9525,-0.9773843811168246,0.0,0.0,0.0,0.0
4.9625,-0.9773843811168246,0.0,0.0,0.0,0.0
4.9724,-0.9773843811168246,0.0,0.0,0.0,0.0
4.9826,-0.9773843811168246,0.0,0.0,0.0,0.0
4.9924,-0.9773843811168246,0.0,0.0,0.0,0.0
5.0025,-0.9773843811168246,0.0,0.0,0.0,0.0
5.0125,-0.9773843811168246,0.0,0.0,0.0,0.0
5.0225,-0.9773843811168246,0.0,0.0,0.0,0.0
5.0326,-0.9773843811168246,0.0,0.0,0.0,0.0
5.0425,-0.9773843811168246,0.0,0.0,0.0,0.0
5.0526,-0.9773843811168246,0.0,0.0,0.0,0.0
5.0626,-0.9773843811168246,0.0,0.0,0.0,0.0
5.0725,-0.9773843811168246,0.0,0.0,0.0,0.0
5.0825,-0.9773843811168246,0.0,0.0,0.0,0.0
5.0925,-0.9773843811168246,0.0,0.0,0.0,0.0
5.1025,-0.9773843811168246,0.0,0.0,0.0,0.0
5.1125,-0.9773843811168246,0.0,0.0,0.0,0.0
5.1224,-0.9773843811168246,0.0,0.0,0.0,0.0
5.1325,-0.9773843811168246,0.0,0.0,0.0,0.0
5.1424,-0.9773843811168246,0.0,0.0,0.0,0.0
5.1524,-0.9773843811168246,0.0,0.0,0.0,0.0
5.1625,-0.9773843811168246,0.0,0.0,0.0,0.0
5.1725,-0.9773843811168246,0.0,0.0,0.0,0.0
5.1824,-0.9773843811168246,0.0,0.0,0.0,0.0
5.1924,-0.9773843811168246,0.0,0.0,0.0,0.0
5.2025,-0.9773843811168246,0.0,0.0,0.0,0.0
5.2124,-0.9773843811168246,0.0,0.0,0.0,0.0
5.2225,-0.9773843811168246,0.0,0.0,0.0,0.0
5.2324,-0.9773843811168246,0.0,0.0,0.0,0.0
5.2423,-0.9773843811168246,0.0,0.0,0.0,0.0
5.2524,-0.9773843811168246,0.0,0.0,0.0,0.0
5.2625,-0.9773843811168246,0.0,0.0,0.0,0.0
5.2725,-0.9773843811168246,0.0,0.0,0.0,0.0
5.2826,-0.9773843811168246,0.0,0.0,0.0,0.0
5.2923,-0.9773843811168246,0.0,0.0,0.0,0.0
5.3019,-0.9773843811168246,0.0,0.0,0.0,0.0
5.3121,-0.9773843811168246,0.0,0.0,0.0,0.0
5.3223,-0.9773843811168246,0.0,0.0,0.0,0.0
5.3324,-0.9773843811168246,0.0,0.0,0.0,0.0
5.3423,-0.9773843811168246,0.0,0.0,0.0,0.0
5.3524,-0.9773843811168246,0.0,0.0,0.0,0.0
5.3624,-0.9773843811168246,0.0,0.0,0.0,0.0
5.3725,-0.9773843811168246,0.0,0.0,0.0,0.0
5.3824,-0.9773843811168246,0.0,0.0,0.0,0.0
5.3924,-0.9773843811168246,0.0,0.0,0.0,0.0
5.4024,-0.9773843811168246,0.0,0.0,0.0,0.0
5.4124,0.0,0.0,0.0,0.0,0.0
5.4224,0.0,0.0,0.0,0.0,0.0
5.4324,0.0,0.0,0.0,0.0,0.0
5.4424,0.0,0.0,0.0,0.0,0.0
5.4526,0.0,0.0,0.0,0.0,0.0
5.4627,0.0,0.0,0.0,0.0,0.0
5.4726,0.0,0.0,0.0,0.0,0.0
5.4827,0.0,0.0,0.0,0.0,0.0
5.4926,0.0,0.0,0.0,0.0,0.0
5.5026,0.0,0.0,0.0,0.0,0.0
5.5126,0.0,0.0,0.0,0.0,0.0
5.5225,0.0,0.0,0.0,0.0,0.0
5.5323,0.0,0.0,0.0,0.0,0.0
5.5425,0.0,0.0,0.0,0.0,0.0
5.5524,0.0,0.0,0.0,0.0,0.0
5.5626,0.0,0.0,0.0,0.0,0.0
5.5725,0.0,0.0,0.0,0.0,0.0
5.5826,0.0,0.0,0.0,0.0,0.0
5.5925,0.0,0.0,0.0,0.0,0.0
5.6026,0.0,0.0,0.0,0.0,0.0
5.6125,0.0,0.0,0.0,0.0,0.0
5.6226,0.0,0.0,0.0,0.0,0.0
5.6325,0.0,0.0,0.0,0.0,0.0
5.6424,0.0,0.0,0.0,0.0,0.0
5.6533,0.0,0.0,0.0,0.0,0.0
5.6626,0.0,0.0,0.0,0.0,0.0
5.6726,0.0,0.0,0.0,0.0,0.0
5.6825,0.0,0.0,0.0,0.0,0.0
5.6925,0.0,0.0,0.0,0.0,0.0
5.7026,0.0,0.0,0.0,0.0,0.0
5.7125,0.0,0.0,0.0,0.0,0.0
5.7226,0.0,0.0,0.0,0.0,0.0
5.7326,0.0,0.0,0.0,0.0,0.0
5.7425,0.0,0.0,0.0,0.0,0.0
5.7525,0.0,0.0,0.0,0.0,0.0
5.7626,0.0,0.0,0.0,0.0,0.0
5.7725,0.0,0.0,0.0,0.0,0.0
5.7828,0.0,0.0,0.0,0.0,0.0
5.7925,0.0,0.0,0.0,0.0,0.0
5.8027,0.0,0.0,0.0,0.0,0.0
5.8125,0.0,0.0,0.0,0.0,0.0
5.8226,0.0,0.0,0.0,0.0,0.0
5.8325,0.0,0.0,0.0,0.0,0.0
5.8426,0.0,0.0,0.0,0.0,0.0
5.8525,0.0,0.0,0.0,0.0,0.0
5.8623,0.0,0.0,0.0,0.0,0.0
5.8726,0.0,0.0,0.0,0.0,0.0
5.8825,0.0,0.0,0.0,0.0,0.0
5.8925,0.0,0.0,0.0,0.0,0.0
5.9023,0.0,0.0,0.0,0.0,0.0
5.9124,0.0,0.0,0.0,0.0,0.0
5.9223,0.0,0.0,0.0,0.0,0.0
5.9324,0.0,0.0,0.0,0.0,0.0
5.9425,0.0,0.0,0.0,0.0,0.0
5.9524,0.0,0.0,0.0,0.0,0.0
5.9625,0.0,0.0,0.0,0.0,0.0
5.9724,0.0,0.0,0.0,0.0,0.0
5.9825,0.0,0.0,0.0,0.0,0.0
5.9925,0.0,0.0,0.0,0.0,0.0
6.0027,0.0,0.0,0.0,0.0,0.0
6.0126,0.0,0.0,0.0,0.0,0.0
6.0226,0.0,0.0,0.0,0.0,0.0
6.0324,0.0,0.0,0.0,0.0,0.0
6.0425,0.0,0.0,0.0,0.0,0.0
6.0522,0.0,0.0,0.0,0.0,0.0
6.0625,0.0,0.0,0.0,0.0,0.0
6.0725,0.0,0.0,0.0,0.0,0.0
6.0825,0.0,0.0,0.0,0.0,0.0
6.0925,0.0,0.0,0.0,0.0,0.0
6.1025,0.0,0.0,0.0,0.0,0.0
6.1125,0.0,0.0,0.0,0.0,0.0
6.1225,0.0,0.0,0.0,0.0,0.0
6.1325,0.0,0.0,0.0,0.0,0.0
6.1425,0.0,0.0,0.0,0.0,0.0
6.1525,0.0,0.0,0.0,0.0,0.0
6.1625,0.0,0.0,0.0,0.0,0.0
6.1724,0.0,0.0,0.0,0.0,0.0
6.1825,0.0,0.0,0.0,0.0,0.0
6.1925,0.0,0.0,0.0,0.0,0.0
6.2024,0.0,0.0,0.0,0.0,0.0
6.2124,0.0,0.0,0.0,0.0,0.0
6.2224,0.0,0.0,0.0,0.0,0.0
6.2323,0.0,0.0,0.0,0.0,0.0
6.2424,0.0,0.0,0.0,0.0,0.0
6.2525,0.0,0.0,0.0,0.0,0.0
6.2625,0.0,0.0,0.0,0.0,0.0
6.2723,0.0,0.0,0.0,0.0,0.0
6.2825,0.0,0.0,0.0,0.0,0.0
6.2925,0.0,0.0,0.0,0.0,0.0
6.3022,0.0,0.0,0.0,0.0,0.0
6.3120,0.0,0.0,0.0,0.0,0.0
6.3223,0.0,0.0,0.0,0.0,0.0
6.3324,0.0,0.0,0.0,0.0,0.0
6.3424,0.0,0.0,0.0,0.0,0.0
6.3525,0.0,0.0,0.0,0.0,0.0
6.3625,0.0,0.0,0.0,0.0,0.0
6.3725,0.0,0.0,0.0,0.0,0.0
6.3823,0.0,0.0,0.0,0.0,0.0
6.3925,0.0,0.0,0.0,0.0,0.0
6.4023,0.0,0.0,0.0,0.0,0.0
6.4122,0.0,0.0,0.0,0.0,0.0
6.4224,0.0,0.0,0.0,0.0,0.0
6.4323,0.0,0.0,0.0,0.0,0.0
6.4424,0.0,0.0,0.0,0.0,0.0
6.4526,0.0,0.0,0.0,0.0,0.0
6.4624,0.0,0.0,0.0,0.0,0.0
6.4725,0.0,0.0,0.0,0.0,0.0
6.4825,0.0,0.0,0.0,0.0,0.0
6.4925,0.0,0.0,0.0,0.0,0.0
6.5026,0.0,0.0,0.0,0.0,0.0
6.5125,0.0,0.0,0.0,0.0,0.0
6.5226,0.0,0.0,0.0,0.0,0.0
6.5325,0.0,0.0,0.0,0.0,0.0
6.5425,0.0,0.0,0.0,0.0,0.0
6.5525,0.0,0.0,0.0,0.0,0.0
6.5624,0.0,0.0,0.0,0.0,0.0
6.5724,0.0,0.0,0.0,0.0,0.0
6.5826,0.0,0.0,0.0,0.0,0.0
6.5922,0.0,0.0,0.0,0.0,0.0
6.6026,0.0,0.0,0.0,0.0,0.0
6.6125,0.0,0.0,0.0,0.0,0.0
6.6226,0.0,0.0,0.0,0.0,0.0
6.6325,0.0,0.0,0.0,0.0,0.0
6.6424,0.0,0.0,0.0,0.0,0.0
6.6524,0.0,0.0,0.0,0.0,0.0
6.6625,0.0,0.0,0.0,0.0,0.0
6.6725,0.0,0.0,0.0,0.0,0.0
6.6825,0.0,0.0,0.0,0.0,0.0
6.6924,0.0,0.0,0.0,0.0,0.0
6.7026,0.0,0.0,0.0,0.0,0.0
6.7125,0.0,0.0,0.0,0.0,0.0
6.7226,0.0,0.0,0.0,0.0,0.0
6.7326,0.0,0.0,0.0,0.0,0.0
6.7424,0.0,0.0,0.0,0.0,0.0
6.7524,0.0,0.0,0.0,0.0,0.0
6.7624,0.0,0.0,0.0,0.0,0.0
6.7724,0.0,0.0,0.0,0.0,0.0
6.7824,0.0,0.0,0.0,0.0,0.0
6.7925,0.0,0.0,0.0,0.0,0.0
6.8026,0.0,0.0,0.0,0.0,0.0
6.8125,0.0,0.0,0.0,0.0,0.0
6.8226,0.0,0.0,0.0,0.0,0.0
6.8324,0.0,0.0,0.0,0.0,0.0
6.8426,0.0,0.0,0.0,0.0,0.0
6.8525,0.0,0.0,0.0,0.0,0.0
6.8625,0.0,0.0,0.0,0.0,0.0
6.8724,0.0,0.0,0.0,0.0,0.0
6.8825,0.0,0.0,0.0,0.0,0.0
6.8924,0.0,0.0,0.0,0.0,0.0
6.9025,0.0,0.0,0.0,0.0,0.0
6.9124,0.9773843811168246,0.0,0.0,0.0,0.0
6.9223,0.9773843811168246,0.0,0.0,0.0,0.0
6.9324,0.9773843811168246,0.0,0.0,0.0,0.0
6.9424,0.9773843811168246,0.0,0.0,0.0,0.0
6.9524,0.9773843811168246,0.0,0.0,0.0,0.0
6.9625,0.9773843811168246,0.0,0.0,0.0,0.0
6.9724,0.9773843811168246,0.0,0.0,0.0,0.0
6.9825,0.9773843811168246,0.0,0.0,0.0,0.0
6.9924,0.9773843811168246,0.0,0.0,0.0,0.0
7.0025,0.9773843811168246,0.0,0.0,0.0,0.0
7.0124,0.9773843811168246,0.0,0.0,0.0,0.0
7.0225,0.9773843811168246,0.0,0.0,0.0,0.0
7.0324,0.9773843811168246,0.0,0.0,0.0,0.0
7.0424,0.9773843811168246,0.0,0.0,0.0,0.0
7.0525,0.9773843811168246,0.0,0.0,0.0,0.0
7.0625,0.9773843811168246,0.0,0.0,0.0,0.0
7.0724,0.9773843811168246,0.0,0.0,0.0,0.0
7.0825,0.9773843811168246,0.0,0.0,0.0,0.0
7.0923,0.9773843811168246,0.0,0.0,0.0,0.0
7.1025,0.9773843811168246,0.0,0.0,0.0,0.0
7.1125,0.9773843811168246,0.0,0.0,0.0,0.0
7.1226,0.9773843811168246,0.0,0.0,0.0,0.0
7.1325,0.9773843811168246,0.0,0.0,0.0,0.0
7.1425,0.9773843811168246,0.0,0.0,0.0,0.0
7.1523,0.9773843811168246,0.0,0.0,0.0,0.0
7.1623,0.9773843811168246,0.0,0.0,0.0,0.0
7.1723,0.9773843811168246,0.0,0.0,0.0,0.0
7.1825,0.9773843811168246,0.0,0.0,0.0,0.0
7.1924,0.9773843811168246,0.0,0.0,0.0,0.0
7.2023,0.9773843811168246,0.0,0.0,0.0,0.0
7.2125,0.9773843811168246,0.0,0.0,0.0,0.0
7.2223,0.9773843811168246,0.0,0.0,0.0,0.0
7.2325,0.9773843811168246,0.0,0.0,0.0,0.0
7.2423,0.9773843811168246,0.0,0.0,0.0,0.0
7.2524,0.9773843811168246,0.0,0.0,0.0,0.0
7.2623,0.9773843811168246,0.0,0.0,0.0,0.0
7.2725,0.9773843811168246,0.0,0.0,0.0,0.0
7.2824,0.9773843811168246,0.0,0.0,0.0,0.0
7.2926,0.9773843811168246,0.0,0.0,0.0,0.0
7.3021,0.9773843811168246,0.0,0.0,0.0,0.0
7.3119,0.9773843811168246,0.0,0.0,0.0,0.0
7.3220,0.9773843811168246,0.0,0.0,0.0,0.0
7.3325,0.9773843811168246,0.0,0.0,0.0,0.0
7.3426,0.9773843811168246,0.0,0.0,0.0,0.0
7.3524,0.9773843811168246,0.0,0.0,0.0,0.0
7.3626,0.9773843811168246,0.0,0.0,0.0,0.0
7.3726,0.9773843811168246,0.0,0.0,0.0,0.0
7.3826,0.9773843811168246,0.0,0.0,0.0,0.0
7.3925,0.9773843811168246,0.0,0.0,0.0,0.0
7.4025,0.9773843811168246,0.0,0.0,0.0,0.0
7.4125,0.9773843811168246,0.0,0.0,0.0,0.0
7.4224,0.9773843811168246,0.0,0.0,0.0,0.0
7.4324,0.9773843811168246,0.0,0.0,0.0,0.0
7.4425,0.9773843811168246,0.0,0.0,0.0,0.0
7.4524,0.9773843811168246,0.0,0.0,0.0,0.0
7.4625,0.9773843811168246,0.0,0.0,0.0,0.0
7.4724,0.9773843811168246,0.0,0.0,0.0,0.0
7.4826,0.9773843811168246,0.0,0.0,0.0,0.0
7.4925,0.9773843811168246,0.0,0.0,0.0,0.0
7.5027,0.9773843811168246,0.0,0.0,0.0,0.0
7.5124,0.9773843811168246,0.0,0.0,0.0,0.0
7.5225,0.9773843811168246,0.0,0.0,0.0,0.0
7.5325,0.9773843811168246,0.0,0.0,0.0,0.0
7.5426,0.9773843811168246,0.0,0.0,0.0,0.0
7.5526,0.9773843811168246,0.0,0.0,0.0,0.0
7.5625,0.9773843811168246,0.0,0.0,0.0,0.0
7.5726,0.9773843811168246,0.0,0.0,0.0,0.0
7.5825,0.9773843811168246,0.0,0.0,0.0,0.0
7.5925,0.9773843811168246,0.0,0.0,0.0,0.0
7.6026,0.9773843811168246,0.0,0.0,0.0,0.0
7.6126,0.9773843811168246,0.0,0.0,0.0,0.0
7.6225,0.9773843811168246,0.0,0.0,0.0,0.0
7.6324,0.9773843811168246,0.0,0.0,0.0,0.0
7.6424,0.9773843811168246,0.0,0.0,0.0,0.0
7.6524,0.9773843811168246,0.0,0.0,0.0,0.0
7.6625,0.9773843811168246,0.0,0.0,0.0,0.0
7.6724,0.9773843811168246,0.0,0.0,0.0,0.0
7.6824,0.9773843811168246,0.0,0.0,0.0,0.0
7.6925,0.9773843811168246,0.0,0.0,0.0,0.0
7.7025,0.9773843811168246,0.0,0.0,0.0,0.0
7.7123,0.9773843811168246,0.0,0.0,0.0,0.0
7.7225,0.9773843811168246,0.0,0.0,0.0,0.0
7.7325,0.9773843811168246,0.0,0.0,0.0,0.0
7.7426,0.9773843811168246,0.0,0.0,0.0,0.0
7.7524,0.9773843811168246,0.0,0.0,0.0,0.0
7.7625,0.9773843811168246,0.0,0.0,0.0,0.0
7.7725,0.9773843811168246,0.0,0.0,0.0,0.0
7.7826,0.9773843811168246,0.0,0.0,0.0,0.0
7.7929,0.9773843811168246,0.0,0.0,0.0,0.0
7.8026,0.9773843811168246,0.0,0.0,0.0,0.0
7.8126,0.9773843811168246,0.0,0.0,0.0,0.0
7.8226,0.9773843811168246,0.0,0.0,0.0,0.0
7.8324,0.9773843811168246,0.0,0.0,0.0,0.0
7.8426,0.9773843811168246,0.0,0.0,0.0,0.0
7.8525,0.9773843811168246,0.0,0.0,0.0,0.0
7.8626,0.9773843811168246,0.0,0.0,0.0,0.0
7.8724,0.9773843811168246,0.0,0.0,0.0,0.0
7.8825,0.9773843811168246,0.0,0.0,0.0,0.0
7.8925,0.9773843811168246,0.0,0.0,0.0,0.0
7.9026,0.9773843811168246,0.0,0.0,0.0,0.0
7.9125,0.9773843811168246,0.0,0.0,0.0,0.0
7.9225,0.9773843811168246,0.0,0.0,0.0,0.0
7.9322,0.9773843811168246,0.0,0.0,0.0,0.0
7.9425,0.9773843811168246,0.0,0.0,0.0,0.0
7.9525,0.9773843811168246,0.0,0.0,0.0,0.0
7.9624,0.9773843811168246,0.0,0.0,0.0,0.0
7.9725,0.9773843811168246,0.0,0.0,0.0,0.0
7.9825,0.9773843811168246,0.0,0.0,0.0,0.0
7.9924,0.9773843811168246,0.0,0.0,0.0,0.0
8.0026,0.9773843811168246,0.0,0.0,0.0,0.0
8.0125,0.9773843811168246,0.0,0.0,0.0,0.0
8.0226,0.9773843811168246,0.0,0.0,0.0,0.0
8.0325,0.9773843811168246,0.0,0.0,0.0,0.0
8.0425,0.9773843811168246,0.0,0.0,0.0,0.0
8.0526,0.9773843811168246,0.0,0.0,0.0,0.0
8.0626,0.9773843811168246,0.0,0.0,0.0,0.0
8.0726,0.9773843811168246,0.0,0.0,0.0,0.0
8.0824,0.9773843811168246,0.0,0.0,0.0,0.0
8.0923,0.9773843811168246,0.0,0.0,0.0,0.0
8.1023,0.9773843811168246,0.0,0.0,0.0,0.0
8.1124,0.9773843811168246,0.0,0.0,0.0,0.0
8.1225,0.9773843811168246,0.0,0.0,0.0,0.0
8.1324,0.9773843811168246,0.0,0.0,0.0,0.0
8.1424,0.9773843811168246,0.0,0.0,0.0,0.0
8.1523,0.9773843811168246,0.0,0.0,0.0,0.0
8.1624,0.9773843811168246,0.0,0.0,0.0,0.0
8.1724,0.9773843811168246,0.0,0.0,0.0,0.0
8.1824,0.9773843811168246,0.0,0.0,0.0,0.0
8.1925,0.9773843811168246,0.0,0.0,0.0,0.0
8.2025,0.9773843811168246,0.0,0.0,0.0,0.0
8.2124,0.9773843811168246,0.0,0.0,0.0,0.0
8.2225,0.9773843811168246,0.0,0.0,0.0,0.0
8.2324,0.9773843811168246,0.0,0.0,0.0,0.0
8.2426,0.9773843811168246,0.0,0.0,0.0,0.0
8.2525,0.9773843811168246,0.0,0.0,0.0,0.0
8.2626,0.9773843811168246,0.0,0.0,0.0,0.0
8.2725,0.9773843811168246,0.0,0.0,0.0,0.0
8.2827,0.9773843811168246,0.0,0.0,0.0,0.0
8.2924,0.9773843811168246,0.0,0.0,0.0,0.0
8.3021,0.9773843811168246,0.0,0.0,0.0,0.0
8.3118,0.9773843811168246,0.0,0.0,0.0,0.0
8.3225,0.9773843811168246,0.0,0.0,0.0,0.0
8.3324,0.9773843811168246,0.0,0.0,0.0,0.0
8.3422,0.9773843811168246,0.0,0.0,0.0,0.0
8.3524,0.9773843811168246,0.0,0.0,0.0,0.0
8.3624,0.9773843811168246,0.0,0.0,0.0,0.0
8.3725,0.9773843811168246,0.0,0.0,0.0,0.0
8.3825,0.9773843811168246,0.0,0.0,0.0,0.0
8.3925,0.9773843811168246,0.0,0.0,0.0,0.0
8.4025,0.9773843811168246,0.0,0.0,0.0,0.0
8.4124,1.9547687622336491,0.0,0.0,0.0,0.0
8.4225,1.9547687622336491,0.0,0.0,0.0,0.0
8.4324,1.9547687622336491,0.0,0.0,0.0,0.0
8.4424,1.9547687622336491,0.0,0.0,0.0,0.0
8.4525,1.9547687622336491,0.0,0.0,0.0,0.0
8.4625,1.9547687622336491,0.0,0.0,0.0,0.0
8.4724,1.9547687622336491,0.0,0.0,0.0,0.0
8.4825,1.9547687622336491,0.0,0.0,0.0,0.0
8.4925,1.9547687622336491,0.0,0.0,0.0,0.0
8.5025,1.9547687622336491,0.0,0.0,0.0,0.0
8.5124,1.9547687622336491,0.0,0.0,0.0,0.0
8.5226,1.9547687622336491,0.0,0.0,0.0,0.0
8.5324,1.9547687622336491,0.0,0.0,0.0,0.0
8.5427,1.9547687622336491,0.0,0.0,0.0,0.0
8.5525,1.9547687622336491,0.0,0.0,0.0,0.0
8.5625,1.9547687622336491,0.0,0.0,0.0,0.0
8.5724,1.9547687622336491,0.0,0.0,0.0,0.0
8.5827,1.9547687622336491,0.0,0.0,0.0,0.0
8.5923,1.9547687622336491,0.0,0.0,0.0,0.0
8.6025,1.9547687622336491,0.0,0.0,0.0,0.0
8.6124,1.9547687622336491,0.0,0.0,0.0,0.0
8.6225,1.9547687622336491,0.0,0.0,0.0,0.0
8.6324,1.9547687622336491,0.0,0.0,0.0,0.0
8.6426,1.9547687622336491,0.0,0.0,0.0,0.0
8.6525,1.9547687622336491,0.0,0.0,0.0,0.0
8.6625,1.9547687622336491,0.0,0.0,0.0,0.0
8.6724,1.9547687622336491,0.0,0.0,0.0,0.0
8.6826,1.9547687622336491,0.0,0.0,0.0,0.0
8.6925,1.9547687622336491,0.0,0.0,0.0,0.0
8.7026,1.9547687622336491,0.0,0.0,0.0,0.0
8.7125,1.9547687622336491,0.0,0.0,0.0,0.0
8.7226,1.9547687622336491,0.0,0.0,0.0,0.0
8.7324,1.9547687622336491,0.0,0.0,0.0,0.0
8.7426,1.9547687622336491,0.0,0.0,0.0,0.0
8.7525,1.9547687622336491,0.0,0.0,0.0,0.0
8.7625,1.9547687622336491,0.0,0.0,0.0,0.0
8.7725,1.9547687622336491,0.0,0.0,0.0,0.0
8.7825,1.9547687622336491,0.0,0.0,0.0,0.0
8.7925,1.9547687622336491,0.0,0.0,0.0,0.0
8.8026,1.9547687622336491,0.0,0.0,0.0,0.0
8.8125,1.9547687622336491,0.0,0.0,0.0,0.0
8.8226,1.9547687622336491,0.0,0.0,0.0,0.0
8.8324,1.9547687622336491,0.0,0.0,0.0,0.0
8.8426,1.9547687622336491,0.0,0.0,0.0,0.0
8.8526,1.9547687622336491,0.0,0.0,0.0,0.0
8.8624,1.9547687622336491,0.0,0.0,0.0,0.0
8.8719,1.9547687622336491,0.0,0.0,0.0,0.0
8.8825,1.9547687622336491,0.0,0.0,0.0,0.0
8.8925,1.9547687622336491,0.0,0.0,0.0,0.0
8.9026,1.9547687622336491,0.0,0.0,0.0,0.0
8.9125,1.9547687622336491,0.0,0.0,0.0,0.0
8.9225,1.9547687622336491,0.0,0.0,0.0,0.0
8.9322,1.9547687622336491,0.0,0.0,0.0,0.0
8.9425,1.9547687622336491,0.0,0.0,0.0,0.0
8.9523,1.9547687622336491,0.0,0.0,0.0,0.0
8.9626,1.9547687622336491,0.0,0.0,0.0,0.0
8.9725,1.9547687622336491,0.0,0.0,0.0,0.0
8.9824,1.9547687622336491,0.0,0.0,0.0,0.0
8.9925,1.9547687622336491,0.0,0.0,0.0,0.0
9.0024,1.9547687622336491,0.0,0.0,0.0,0.0
9.0125,1.9547687622336491,0.0,0.0,0.0,0.0
9.0224,1.9547687622336491,0.0,0.0,0.0,0.0
9.0324,1.9547687622336491,0.0,0.0,0.0,0.0
9.0426,1.9547687622336491,0.0,0.0,0.0,0.0
9.0525,1.9547687622336491,0.0,0.0,0.0,0.0
9.0626,1.9547687622336491,0.0,0.0,0.0,0.0
9.0725,1.9547687622336491,0.0,0.0,0.0,0.0
9.0823,1.9547687622336491,0.0,0.0,0.0,0.0
9.0925,1.9547687622336491,0.0,0.0,0.0,0.0
9.1024,1.9547687622336491,0.0,0.0,0.0,0.0
9.1123,1.9547687622336491,0.0,0.0,0.0,0.0
9.1224,1.9547687622336491,0.0,0.0,0.0,0.0
9.1323,1.9547687622336491,0.0,0.0,0.0,0.0
9.1425,1.9547687622336491,0.0,0.0,0.0,0.0
9.1524,1.9547687622336491,0.0,0.0,0.0,0.0
9.1623,1.9547687622336491,0.0,0.0,0.0,0.0
9.1722,1.9547687622336491,0.0,0.0,0.0,0.0
9.1823,1.9547687622336491,0.0,0.0,0.0,0.0
9.1926,1.9547687622336491,0.0,0.0,0.0,0.0
9.2024,1.9547687622336491,0.0,0.0,0.0,0.0
9.2124,1.9547687622336491,0.0,0.0,0.0,0.0
9.2224,1.9547687622336491,0.0,0.0,0.0,0.0
9.2323,1.9547687622336491,0.0,0.0,0.0,0.0
9.2423,1.9547687622336491,0.0,0.0,0.0,0.0
9.2524,1.9547687622336491,0.0,0.0,0.0,0.0
9.2625,1.9547687622336491,0.0,0.0,0.0,0.0
9.2724,1.9547687622336491,0.0,0.0,0.0,0.0
9.2825,1.9547687622336491,0.0,0.0,0.0,0.0
9.2927,1.9547687622336491,0.0,0.0,0.0,0.0
9.3022,1.9547687622336491,0.0,0.0,0.0,0.0
9.3119,1.9547687622336491,0.0,0.0,0.0,0.0
9.3220,1.9547687622336491,0.0,0.0,0.0,0.0
9.3324,1.9547687622336491,0.0,0.0,0.0,0.0
9.3424,1.9547687622336491,0.0,0.0,0.0,0.0
9.3523,1.9547687622336491,0.0,0.0,0.0,0.0
9.3626,1.9547687622336491,0.0,0.0,0.0,0.0
9.3726,1.9547687622336491,0.0,0.0,0.0,0.0
9.3826,1.9547687622336491,0.0,0.0,0.0,0.0
9.3926,1.9547687622336491,0.0,0.0,0.0,0.0
9.4026,1.9547687622336491,0.0,0.0,0.0,0.0
9.4126,1.9547687622336491,0.0,0.0,0.0,0.0
9.4227,1.9547687622336491,0.0,0.0,0.0,0.0
9.4327,1.9547687622336491,0.0,0.0,0.0,0.0
9.4426,1.9547687622336491,0.0,0.0,0.0,0.0
9.4525,1.9547687622336491,0.0,0.0,0.0,0.0
9.4628,1.9547687622336491,0.0,0.0,0.0,0.0
9.4726,1.9547687622336491,0.0,0.0,0.0,0.0
9.4827,1.9547687622336491,0.0,0.0,0.0,0.0
9.4924,1.9547687622336491,0.0,0.0,0.0,0.0
9.5025,1.9547687622336491,0.0,0.0,0.0,0.0
9.5126,1.9547687622336491,0.0,0.0,0.0,0.0
9.5226,1.9547687622336491,0.0,0.0,0.0,0.0
9.5325,1.9547687622336491,0.0,0.0,0.0,0.0
9.5427,1.9547687622336491,0.0,0.0,0.0,0.0
9.5525,1.9547687622336491,0.0,0.0,0.0,0.0
9.5627,1.9547687622336491,0.0,0.0,0.0,0.0
9.5726,1.9547687622336491,0.0,0.0,0.0,0.0
9.5825,1.9547687622336491,0.0,0.0,0.0,0.0
9.5926,1.9547687622336491,0.0,0.0,0.0,0.0
9.6025,1.9547687622336491,0.0,0.0,0.0,0.0
9.6125,1.9547687622336491,0.0,0.0,0.0,0.0
9.6226,1.9547687622336491,0.0,0.0,0.0,0.0
9.6321,1.9547687622336491,0.0,0.0,0.0,0.0
9.6426,1.9547687622336491,0.0,0.0,0.0,0.0
9.6525,1.9547687622336491,0.0,0.0,0.0,0.0
9.6624,1.9547687622336491,0.0,0.0,0.0,0.0
9.6723,1.9547687622336491,0.0,0.0,0.0,0.0
9.6824,1.9547687622336491,0.0,0.0,0.0,0.0
9.6925,1.9547687622336491,0.0,0.0,0.0,0.0
9.7026,1.9547687622336491,0.0,0.0,0.0,0.0
9.7124,1.9547687622336491,0.0,0.0,0.0,0.0
9.7226,1.9547687622336491,0.0,0.0,0.0,0.0
9.7325,1.9547687622336491,0.0,0.0,0.0,0.0
9.7426,1.9547687622336491,0.0,0.0,0.0,0.0
9.7524,1.9547687622336491,0.0,0.0,0.0,0.0
9.7625,1.9547687622336491,0.0,0.0,0.0,0.0
9.7725,1.9547687622336491,0.0,0.0,0.0,0.0
9.7826,1.9547687622336491,0.0,0.0,0.0,0.0
9.7924,1.9547687622336491,0.0,0.0,0.0,0.0
9.8026,1.9547687622336491,0.0,0.0,0.0,0.0
9.8125,1.9547687622336491,0.0,0.0,0.0,0.0
9.8226,1.9547687622336491,0.0,0.0,0.0,0.0
9.8325,1.9547687622336491,0.0,0.0,0.0,0.0
9.8425,1.9547687622336491,0.0,0.0,0.0,0.0
9.8525,1.9547687622336491,0.0,0.0,0.0,0.0
9.8625,1.9547687622336491,0.0,0.0,0.0,0.0
9.8725,1.9547687622336491,0.0,0.0,0.0,0.0
9.8826,1.9547687622336491,0.0,0.0,0.0,0.0
9.8924,1.9547687622336491,0.0,0.0,0.0,0.0
9.9025,1.9547687622336491,0.0,0.0,0.0,0.0
9.9125,0.0,0.0,0.0,0.0,0.0
9.9226,0.0,0.0,0.0,0.0,0.0
9.9324,0.0,0.0,0.0,0.0,0.0
9.9426,0.0,0.0,0.0,0.0,0.0
9.9525,0.0,0.0,0.0,0.0,0.0
9.9627,0.0,0.0,0.0,0.0,0.0
9.9727,0.0,0.0,0.0,0.0,0.0
9.9827,0.0,0.0,0.0,0.0,0.0
9.9925,0.0,0.0,0.0,0.0,0.0
10.0026,0.0,0.0,0.0,0.0,0.0
10.0126,0.0,0.0,0.0,0.0,0.0
10.0227,0.0,0.0,0.0,0.0,0.0
10.0325,0.0,0.0,0.0,0.0,0.0
10.0427,0.0,0.0,0.0,0.0,0.0
10.0525,0.0,0.0,0.0,0.0,0.0
10.0627,0.0,0.0,0.0,0.0,0.0
10.0726,0.0,0.0,0.0,0.0,0.0
10.0827,0.0,0.0,0.0,0.0,0.0
10.0923,0.0,0.0,0.0,0.0,0.0
10.1026,0.0,0.0,0.0,0.0,0.0
10.1125,0.0,0.0,0.0,0.0,0.0
10.1224,0.0,0.0,0.0,0.0,0.0
10.1324,0.0,0.0,0.0,0.0,0.0
10.1424,0.0,0.0,0.0,0.0,0.0
10.1524,0.0,0.0,0.0,0.0,0.0
10.1627,0.0,0.0,0.0,0.0,0.0
10.1724,0.0,0.0,0.0,0.0,0.0
10.1827,0.0,0.0,0.0,0.0,0.0
10.1925,0.0,0.0,0.0,0.0,0.0
10.2027,0.0,0.0,0.0,0.0,0.0
10.2125,0.0,0.0,0.0,0.0,0.0
10.2226,0.0,0.0,0.0,0.0,0.0
10.2325,0.0,0.0,0.0,0.0,0.0
10.2425,0.0,0.0,0.0,0.0,0.0
10.2525,0.0,0.0,0.0,0.0,0.0
10.2625,0.0,0.0,0.0,0.0,0.0
10.2725,0.0,0.0,0.0,0.0,0.0
10.2826,0.0,0.0,0.0,0.0,0.0
10.2925,0.0,0.0,0.0,0.0,0.0
10.3021,0.0,0.0,0.0,0.0,0.0
10.3121,0.0,0.0,0.0,0.0,0.0
10.3224,0.0,0.0,0.0,0.0,0.0
10.3319,0.0,0.0,0.0,0.0,0.0
10.3423,0.0,0.0,0.0,0.0,0.0
10.3525,0.0,0.0,0.0,0.0,0.0
10.3626,0.0,0.0,0.0,0.0,0.0
10.3726,0.0,0.0,0.0,0.0,0.0
10.3825,0.0,0.0,0.0,0.0,0.0
10.3926,0.0,0.0,0.0,0.0,0.0
10.4027,0.0,0.0,0.0,0.0,0.0
10.4126,0.0,0.0,0.0,0.0,0.0
10.4227,0.0,0.0,0.0,0.0,0.0
10.4326,0.0,0.0,0.0,0.0,0.0
10.4426,0.0,0.0,0.0,0.0,0.0
10.4525,0.0,0.0,0.0,0.0,0.0
10.4626,0.0,0.0,0.0,0.0,0.0
10.4726,0.0,0.0,0.0,0.0,0.0
10.4826,0.0,0.0,0.0,0.0,0.0
10.4924,0.0,0.0,0.0,0.0,0.0
10.5023,0.0,0.0,0.0,0.0,0.0
10.5130,0.0,0.0,0.0,0.0,0.0
10.5226,0.0,0.0,0.0,0.0,0.0
10.5325,0.0,0.0,0.0,0.0,0.0
10.5427,0.0,0.0,0.0,0.0,0.0
10.5527,0.0,0.0,0.0,0.0,0.0
10.5625,0.0,0.0,0.0,0.0,0.0
10.5724,0.0,0.0,0.0,0.0,0.0
10.5824,0.0,0.0,0.0,0.0,0.0
10.5925,0.0,0.0,0.0,0.0,0.0
10.6026,0.0,0.0,0.0,0.0,0.0
10.6125,0.0,0.0,0.0,0.0,0.0
10.6226,0.0,0.0,0.0,0.0,0.0
10.6325,0.0,0.0,0.0,0.0,0.0
10.6426,0.0,0.0,0.0,0.0,0.0
10.6525,0.0,0.0,0.0,0.0,0.0
10.6625,0.0,-0.9773843811168246,0.0,0.0,0.0
10.6724,0.0,-0.9773843811168246,0.0,0.0,0.0
10.6826,0.0,-0.9773843811168246,0.0,0.0,0.0
10.6925,0.0,-0.9773843811168246,0.0,0.0,0.0
10.7026,0.0,-0.9773843811168246,0.0,0.0,0.0
10.7125,0.0,-0.9773843811168246,0.0,0.0,0.0
10.7226,0.0,-0.9773843811168246,0.0,0.0,0.0
10.7325,0.0,-0.9773843811168246,0.0,0.0,0.0
10.7426,0.0,-0.9773843811168246,0.0,0.0,0.0
10.7525,0.0,-0.9773843811168246,0.0,0.0,0.0
10.7626,0.0,-0.9773843811168246,0.0,0.0,0.0
10.7725,0.0,-0.9773843811168246,0.0,0.0,0.0
10.7826,0.0,-0.9773843811168246,0.0,0.0,0.0
10.7924,0.0,-0.9773843811168246,0.0,0.0,0.0
10.8026,0.0,-0.9773843811168246,0.0,0.0,0.0
10.8125,0.0,-0.9773843811168246,0.0,0.0,0.0
10.8227,0.0,-0.9773843811168246,0.0,0.0,0.0
10.8325,0.0,-0.9773843811168246,0.0,0.0,0.0
10.8426,0.0,-0.9773843811168246,0.0,0.0,0.0
10.8525,0.0,-0.9773843811168246,0.0,0.0,0.0
10.8626,0.0,-0.9773843811168246,0.0,0.0,0.0
10.8726,0.0,-0.9773843811168246,0.0,0.0,0.0
10.8826,0.0,-0.9773843811168246,0.0,0.0,0.0
10.8924,0.0,-0.9773843811168246,0.0,0.0,0.0
10.9026,0.0,-0.9773843811168246,0.0,0.0,0.0
10.9126,0.0,-0.9773843811168246,0.0,0.0,0.0
10.9224,0.0,-0.9773843811168246,0.0,0.0,0.0
10.9325,0.0,-0.9773843811168246,0.0,0.0,0.0
10.9425,0.0,-0.9773843811168246,0.0,0.0,0.0
10.9525,0.0,-0.9773843811168246,0.0,0.0,0.0
10.9626,0.0,-0.9773843811168246,0.0,0.0,0.0
10.9725,0.0,-0.9773843811168246,0.0,0.0,0.0
10.9825,0.0,-0.9773843811168246,0.0,0.0,0.0
10.9924,0.0,-0.9773843811168246,0.0,0.0,0.0
11.0025,0.0,-0.9773843811168246,0.0,0.0,0.0
11.0124,0.0,-0.9773843811168246,0.0,0.0,0.0
11.0225,0.0,-0.9773843811168246,0.0,0.0,0.0
11.0324,0.0,-0.9773843811168246,0.0,0.0,0.0
11.0426,0.0,-0.9773843811168246,0.0,0.0,0.0
11.0525,0.0,-0.9773843811168246,0.0,0.0,0.0
11.0626,0.0,-0.9773843811168246,0.0,0.0,0.0
11.0725,0.0,-0.9773843811168246,0.0,0.0,0.0
11.0826,0.0,-0.9773843811168246,0.0,0.0,0.0
11.0925,0.0,-0.9773843811168246,0.0,0.0,0.0
11.1027,0.0,-0.9773843811168246,0.0,0.0,0.0
11.1125,0.0,-0.9773843811168246,0.0,0.0,0.0
11.1224,0.0,-0.9773843811168246,0.0,0.0,0.0
11.1325,0.0,-0.9773843811168246,0.0,0.0,0.0
11.1424,0.0,-0.9773843811168246,0.0,0.0,0.0
11.1525,0.0,-0.9773843811168246,0.0,0.0,0.0
11.1624,0.0,-0.9773843811168246,0.0,0.0,0.0
11.1725,0.0,-0.9773843811168246,0.0,0.0,0.0
11.1825,0.0,-0.9773843811168246,0.0,0.0,0.0
11.1925,0.0,-0.9773843811168246,0.0,0.0,0.0
11.2025,0.0,-0.9773843811168246,0.0,0.0,0.0
11.2125,0.0,-0.9773843811168246,0.0,0.0,0.0
11.2223,0.0,-0.9773843811168246,0.0,0.0,0.0
11.2324,0.0,-0.9773843811168246,0.0,0.0,0.0
11.2426,0.0,-0.9773843811168246,0.0,0.0,0.0
11.2524,0.0,-0.9773843811168246,0.0,0.0,0.0
11.2626,0.0,-0.9773843811168246,0.0,0.0,0.0
11.2725,0.0,-0.9773843811168246,0.0,0.0,0.0
11.2826,0.0,-0.9773843811168246,0.0,0.0,0.0
11.2923,0.0,-0.9773843811168246,0.0,0.0,0.0
11.3021,0.0,-0.9773843811168246,0.0,0.0,0.0
11.3120,0.0,-0.9773843811168246,0.0,0.0,0.0
11.3221,0.0,-0.9773843811168246,0.0,0.0,0.0
11.3320,0.0,-0.9773843811168246,0.0,0.0,0.0
11.3420,0.0,-0.9773843811168246,0.0,0.0,0.0
11.3521,0.0,-0.9773843811168246,0.0,0.0,0.0
11.3624,0.0,-0.9773843811168246,0.0,0.0,0.0
11.3723,0.0,-0.9773843811168246,0.0,0.0,0.0
11.3824,0.0,-0.9773843811168246,0.0,0.0,0.0
11.3924,0.0,-0.9773843811168246,0.0,0.0,0.0
11.4025,0.0,-0.9773843811168246,0.0,0.0,0.0
11.4124,0.0,-0.9773843811168246,0.0,0.0,0.0
11.4226,0.0,-0.9773843811168246,0.0,0.0,0.0
11.4324,0.0,-0.9773843811168246,0.0,0.0,0.0
11.4425,0.0,-0.9773843811168246,0.0,0.0,0.0
11.4524,0.0,-0.9773843811168246,0.0,0.0,0.0
11.4624,0.0,-0.9773843811168246,0.0,0.0,0.0
11.4724,0.0,-0.9773843811168246,0.0,0.0,0.0
11.4826,0.0,-0.9773843811168246,0.0,0.0,0.0
11.4923,0.0,-0.9773843811168246,0.0,0.0,0.0
11.5025,0.0,-0.9773843811168246,0.0,0.0,0.0
11.5122,0.0,-0.9773843811168246,0.0,0.0,0.0
11.5224,0.0,-0.9773843811168246,0.0,0.0,0.0
11.5324,0.0,-0.9773843811168246,0.0,0.0,0.0
11.5424,0.0,-0.9773843811168246,0.0,0.0,0.0
11.5522,0.0,-0.9773843811168246,0.0,0.0,0.0
11.5625,0.0,-0.9773843811168246,0.0,0.0,0.0
11.5723,0.0,-0.9773843811168246,0.0,0.0,0.0
11.5825,0.0,-0.9773843811168246,0.0,0.0,0.0
11.5925,0.0,-0.9773843811168246,0.0,0.0,0.0
11.6025,0.0,-0.9773843811168246,0.0,0.0,0.0
11.6125,0.0,-0.9773843811168246,0.0,0.0,0.0
11.6226,0.0,-0.9773843811168246,0.0,0.0,0.0
11.6325,0.0,-0.9773843811168246,0.0,0.0,0.0
11.6425,0.0,-0.9773843811168246,0.0,0.0,0.0
11.6525,0.0,-0.9773843811168246,0.0,0.0,0.0
11.6625,0.0,-0.9773843811168246,0.0,0.0,0.0
11.6724,0.0,-0.9773843811168246,0.0,0.0,0.0
11.6825,0.0,-0.9773843811168246,0.0,0.0,0.0
11.6925,0.0,-0.9773843811168246,0.0,0.0,0.0
11.7025,0.0,-0.9773843811168246,0.0,0.0,0.0
11.7125,0.0,-0.9773843811168246,0.0,0.0,0.0
11.7225,0.0,-0.9773843811168246,0.0,0.0,0.0
11.7325,0.0,-0.9773843811168246,0.0,0.0,0.0
11.7425,0.0,-0.9773843811168246,0.0,0.0,0.0
11.7525,0.0,-0.9773843811168246,0.0,0.0,0.0
11.7625,0.0,-0.9773843811168246,0.0,0.0,0.0
11.7725,0.0,-0.9773843811168246,0.0,0.0,0.0
11.7825,0.0,-0.9773843811168246,0.0,0.0,0.0
11.7925,0.0,-0.9773843811168246,0.0,0.0,0.0
11.8024,0.0,-0.9773843811168246,0.0,0.0,0.0
11.8125,0.0,-0.9773843811168246,0.0,0.0,0.0
11.8225,0.0,-0.9773843811168246,0.0,0.0,0.0
11.8322,0.0,-0.9773843811168246,0.0,0.0,0.0
11.8426,0.0,-0.9773843811168246,0.0,0.0,0.0
11.8524,0.0,-0.9773843811168246,0.0,0.0,0.0
11.8625,0.0,-0.9773843811168246,0.0,0.0,0.0
11.8725,0.0,-0.9773843811168246,0.0,0.0,0.0
11.8825,0.0,-0.9773843811168246,0.0,0.0,0.0
11.8925,0.0,-0.9773843811168246,0.0,0.0,0.0
11.9024,0.0,-0.9773843811168246,0.0,0.0,0.0
11.9125,0.0,-0.9773843811168246,0.0,0.0,0.0
11.9224,0.0,-0.9773843811168246,0.0,0.0,0.0
11.9325,0.0,-0.9773843811168246,0.0,0.0,0.0
11.9421,0.0,-0.9773843811168246,0.0,0.0,0.0
11.9524,0.0,-0.9773843811168246,0.0,0.0,0.0
11.9624,0.0,-0.9773843811168246,0.0,0.0,0.0
11.9724,0.0,-0.9773843811168246,0.0,0.0,0.0
11.9826,0.0,-0.9773843811168246,0.0,0.0,0.0
11.9925,0.0,-0.9773843811168246,0.0,0.0,0.0
12.0025,0.0,-0.9773843811168246,0.0,0.0,0.0
12.0124,0.0,-0.9773843811168246,0.0,0.0,0.0
12.0226,0.0,-0.9773843811168246,0.0,0.0,0.0
12.0324,0.0,-0.9773843811168246,0.0,0.0,0.0
12.0425,0.0,-0.9773843811168246,0.0,0.0,0.0
12.0525,0.0,-0.9773843811168246,0.0,0.0,0.0
12.0626,0.0,-0.9773843811168246,0.0,0.0,0.0
12.0726,0.0,-0.9773843811168246,0.0,0.0,0.0
12.0827,0.0,-0.9773843811168246,0.0,0.0,0.0
12.0926,0.0,-0.9773843811168246,0.0,0.0,0.0
12.1027,0.0,-0.9773843811168246,0.0,0.0,0.0
12.1126,0.0,-0.9773843811168246,0.0,0.0,0.0
12.1224,0.0,-0.9773843811168246,0.0,0.0,0.0
12.1326,0.0,-0.9773843811168246,0.0,0.0,0.0
12.1425,0.0,-0.9773843811168246,0.0,0.0,0.0
12.1525,0.0,-0.9773843811168246,0.0,0.0,0.0
12.1626,0.0,-0.4886921905584123,0.0,0.0,0.0
12.1723,0.0,-0.4886921905584123,0.0,0.0,0.0
12.1826,0.0,-0.4886921905584123,0.0,0.0,0.0
12.1924,0.0,-0.4886921905584123,0.0,0.0,0.0
12.2026,0.0,-0.4886921905584123,0.0,0.0,0.0
12.2125,0.0,-0.4886921905584123,0.0,0.0,0.0
12.2225,0.0,-0.4886921905584123,0.0,0.0,0.0
12.2326,0.0,-0.4886921905584123,0.0,0.0,0.0
12.2426,0.0,-0.4886921905584123,0.0,0.0,0.0
12.2525,0.0,-0.4886921905584123,0.0,0.0,0.0
12.2626,0.0,-0.4886921905584123,0.0,0.0,0.0
12.2725,0.0,-0.4886921905584123,0.0,0.0,0.0
12.2826,0.0,-0.4886921905584123,0.0,0.0,0.0
12.2925,0.0,-0.4886921905584123,0.0,0.0,0.0
12.3024,0.0,-0.4886921905584123,0.0,0.0,0.0
12.3120,0.0,-0.4886921905584123,0.0,0.0,0.0
12.3221,0.0,-0.4886921905584123,0.0,0.0,0.0
12.3321,0.0,-0.4886921905584123,0.0,0.0,0.0
12.3419,0.0,-0.4886921905584123,0.0,0.0,0.0
12.3520,0.0,-0.4886921905584123,0.0,0.0,0.0
12.3624,0.0,-0.4886921905584123,0.0,0.0,0.0
12.3725,0.0,-0.4886921905584123,0.0,0.0,0.0
12.3825,0.0,-0.4886921905584123,0.0,0.0,0.0
12.3925,0.0,-0.4886921905584123,0.0,0.0,0.0
12.4026,0.0,-0.4886921905584123,0.0,0.0,0.0
12.4126,0.0,-0.4886921905584123,0.0,0.0,0.0
12.4227,0.0,-0.4886921905584123,0.0,0.0,0.0
12.4325,0.0,-0.4886921905584123,0.0,0.0,0.0
12.4426,0.0,-0.4886921905584123,0.0,0.0,0.0
12.4526,0.0,-0.4886921905584123,0.0,0.0,0.0
12.4627,0.0,-0.4886921905584123,0.0,0.0,0.0
12.4724,0.0,-0.4886921905584123,0.0,0.0,0.0
12.4827,0.0,-0.4886921905584123,0.0,0.0,0.0
12.4925,0.0,-0.4886921905584123,0.0,0.0,0.0
12.5026,0.0,-0.4886921905584123,0.0,0.0,0.0
12.5124,0.0,-0.4886921905584123,0.0,0.0,0.0
12.5226,0.0,-0.4886921905584123,0.0,0.0,0.0
12.5326,0.0,-0.4886921905584123,0.0,0.0,0.0
12.5426,0.0,-0.4886921905584123,0.0,0.0,0.0
12.5526,0.0,-0.4886921905584123,0.0,0.0,0.0
12.5625,0.0,-0.4886921905584123,0.0,0.0,0.0
12.5724,0.0,-0.4886921905584123,0.0,0.0,0.0
12.5823,0.0,-0.4886921905584123,0.0,0.0,0.0
12.5924,0.0,-0.4886921905584123,0.0,0.0,0.0
12.6024,0.0,-0.4886921905584123,0.0,0.0,0.0
12.6125,0.0,-0.4886921905584123,0.0,0.0,0.0
12.6224,0.0,-0.4886921905584123,0.0,0.0,0.0
12.6325,0.0,-0.4886921905584123,0.0,0.0,0.0
12.6425,0.0,-0.4886921905584123,0.0,0.0,0.0
12.6524,0.0,-0.4886921905584123,0.0,0.0,0.0
12.6625,0.0,-0.4886921905584123,0.0,0.0,0.0
12.6724,0.0,-0.4886921905584123,0.0,0.0,0.0
12.6825,0.0,-0.4886921905584123,0.0,0.0,0.0
12.6923,0.0,-0.4886921905584123,0.0,0.0,0.0
12.7025,0.0,-0.4886921905584123,0.0,0.0,0.0
12.7124,0.0,-0.4886921905584123,0.0,0.0,0.0
12.7225,0.0,-0.4886921905584123,0.0,0.0,0.0
12.7325,0.0,-0.4886921905584123,0.0,0.0,0.0
12.7423,0.0,-0.4886921905584123,0.0,0.0,0.0
12.7525,0.0,-0.4886921905584123,0.0,0.0,0.0
12.7625,0.0,-0.4886921905584123,0.0,0.0,0.0
12.7727,0.0,-0.4886921905584123,0.0,0.0,0.0
12.7824,0.0,-0.4886921905584123,0.0,0.0,0.0
12.7926,0.0,-0.4886921905584123,0.0,0.0,0.0
12.8025,0.0,-0.4886921905584123,0.0,0.0,0.0
12.8126,0.0,-0.4886921905584123,0.0,0.0,0.0
12.8224,0.0,-0.4886921905584123,0.0,0.0,0.0
12.8323,0.0,-0.4886921905584123,0.0,0.0,0.0
12.8424,0.0,-0.4886921905584123,0.0,0.0,0.0
12.8523,0.0,-0.4886921905584123,0.0,0.0,0.0
12.8625,0.0,-0.4886921905584123,0.0,0.0,0.0
12.8725,0.0,-0.4886921905584123,0.0,0.0,0.0
12.8826,0.0,-0.4886921905584123,0.0,0.0,0.0
12.8924,0.0,-0.4886921905584123,0.0,0.0,0.0
12.9024,0.0,-0.4886921905584123,0.0,0.0,0.0
12.9125,0.0,-0.4886921905584123,0.0,0.0,0.0
12.9224,0.0,-0.4886921905584123,0.0,0.0,0.0
12.9324,0.0,-0.4886921905584123,0.0,0.0,0.0
12.9422,0.0,-0.4886921905584123,0.0,0.0,0.0
12.9524,0.0,-0.4886921905584123,0.0,0.0,0.0
12.9624,0.0,-0.4886921905584123,0.0,0.0,0.0
12.9725,0.0,-0.4886921905584123,0.0,0.0,0.0
12.9825,0.0,-0.4886921905584123,0.0,0.0,0.0
12.9925,0.0,-0.4886921905584123,0.0,0.0,0.0
13.0025,0.0,-0.4886921905584123,0.0,0.0,0.0
13.0125,0.0,-0.4886921905584123,0.0,0.0,0.0
13.0225,0.0,-0.4886921905584123,0.0,0.0,0.0
13.0323,0.0,-0.4886921905584123,0.0,0.0,0.0
13.0421,0.0,-0.4886921905584123,0.0,0.0,0.0
13.0523,0.0,-0.4886921905584123,0.0,0.0,0.0
13.0623,0.0,-0.4886921905584123,0.0,0.0,0.0
13.0723,0.0,-0.4886921905584123,0.0,0.0,0.0
13.0824,0.0,-0.4886921905584123,0.0,0.0,0.0
13.0923,0.0,-0.4886921905584123,0.0,0.0,0.0
13.1025,0.0,-0.4886921905584123,0.0,0.0,0.0
13.1124,0.0,-0.4886921905584123,0.0,0.0,0.0
13.1229,0.0,-0.4886921905584123,0.0,0.0,0.0
13.1324,0.0,-0.4886921905584123,0.0,0.0,0.0
13.1422,0.0,-0.4886921905584123,0.0,0.0,0.0
13.1529,0.0,-0.4886921905584123,0.0,0.0,0.0
13.1625,0.0,-0.4886921905584123,0.0,0.0,0.0
13.1728,0.0,-0.4886921905584123,0.0,0.0,0.0
13.1821,0.0,-0.4886921905584123,0.0,0.0,0.0
13.1924,0.0,-0.4886921905584123,0.0,0.0,0.0
13.2025,0.0,-0.4886921905584123,0.0,0.0,0.0
13.2125,0.0,-0.4886921905584123,0.0,0.0,0.0
13.2223,0.0,-0.4886921905584123,0.0,0.0,0.0
13.2325,0.0,-0.4886921905584123,0.0,0.0,0.0
13.2425,0.0,-0.4886921905584123,0.0,0.0,0.0
13.2525,0.0,-0.4886921905584123,0.0,0.0,0.0
13.2625,0.0,-0.4886921905584123,0.0,0.0,0.0
13.2725,0.0,-0.4886921905584123,0.0,0.0,0.0
13.2825,0.0,-0.4886921905584123,0.0,0.0,0.0
13.2923,0.0,-0.4886921905584123,0.0,0.0,0.0
13.3025,0.0,-0.4886921905584123,0.0,0.0,0.0
13.3120,0.0,-0.4886921905584123,0.0,0.0,0.0
13.3223,0.0,-0.4886921905584123,0.0,0.0,0.0
13.3325,0.0,-0.4886921905584123,0.0,0.0,0.0
13.3426,0.0,-0.4886921905584123,0.0,0.0,0.0
13.3525,0.0,-0.4886921905584123,0.0,0.0,0.0
13.3621,0.0,-0.4886921905584123,0.0,0.0,0.0
13.3723,0.0,-0.4886921905584123,0.0,0.0,0.0
13.3824,0.0,-0.4886921905584123,0.0,0.0,0.0
13.3925,0.0,-0.4886921905584123,0.0,0.0,0.0
13.4024,0.0,-0.4886921905584123,0.0,0.0,0.0
13.4125,0.0,-0.4886921905584123,0.0,0.0,0.0
13.4226,0.0,-0.4886921905584123,0.0,0.0,0.0
13.4325,0.0,-0.4886921905584123,0.0,0.0,0.0
13.4425,0.0,-0.4886921905584123,0.0,0.0,0.0
13.4525,0.0,-0.4886921905584123,0.0,0.0,0.0
13.4626,0.0,-0.4886921905584123,0.0,0.0,0.0
13.4725,0.0,-0.4886921905584123,0.0,0.0,0.0
13.4826,0.0,-0.4886921905584123,0.0,0.0,0.0
13.4925,0.0,-0.4886921905584123,0.0,0.0,0.0
13.5026,0.0,-0.4886921905584123,0.0,0.0,0.0
13.5124,0.0,-0.4886921905584123,0.0,0.0,0.0
13.5225,0.0,-0.4886921905584123,0.0,0.0,0.0
13.5323,0.0,-0.4886921905584123,0.0,0.0,0.0
13.5424,0.0,-0.4886921905584123,0.0,0.0,0.0
13.5525,0.0,-0.4886921905584123,0.0,0.0,0.0
13.5625,0.0,-0.4886921905584123,0.0,0.0,0.0
13.5725,0.0,-0.4886921905584123,0.0,0.0,0.0
13.5826,0.0,-0.4886921905584123,0.0,0.0,0.0
13.5925,0.0,-0.4886921905584123,0.0,0.0,0.0
13.6025,0.0,-0.4886921905584123,0.0,0.0,0.0
13.6125,0.0,-0.4886921905584123,0.0,0.0,0.0
13.6226,0.0,-0.4886921905584123,0.0,0.0,0.0
13.6325,0.0,-0.4886921905584123,0.0,0.0,0.0
13.6425,0.0,-0.4886921905584123,0.0,0.0,0.0
13.6525,0.0,-0.4886921905584123,0.0,0.0,0.0
13.6625,0.0,0.0,0.0,0.0,0.0
13.6725,0.0,0.0,0.0,0.0,0.0
13.6827,0.0,0.0,0.0,0.0,0.0
13.6924,0.0,0.0,0.0,0.0,0.0
13.7024,0.0,0.0,0.0,0.0,0.0
13.7125,0.0,0.0,0.0,0.0,0.0
13.7225,0.0,0.0,0.0,0.0,0.0
13.7325,0.0,0.0,0.0,0.0,0.0
13.7425,0.0,0.0,0.0,0.0,0.0
13.7523,0.0,0.0,0.0,0.0,0.0
13.7625,0.0,0.0,0.0,0.0,0.0
13.7724,0.0,0.0,0.0,0.0,0.0
13.7826,0.0,0.0,0.0,0.0,0.0
13.7925,0.0,0.0,0.0,0.0,0.0
13.8024,0.0,0.0,0.0,0.0,0.0
13.8124,0.0,0.0,0.0,0.0,0.0
13.8226,0.0,0.0,0.0,0.0,0.0
13.8326,0.0,0.0,0.0,0.0,0.0
13.8424,0.0,0.0,0.0,0.0,0.0
13.8526,0.0,0.0,0.0,0.0,0.0
13.8626,0.0,0.0,0.0,0.0,0.0
13.8726,0.0,0.0,0.0,0.0,0.0
13.8825,0.0,0.0,0.0,0.0,0.0
13.8926,0.0,0.0,0.0,0.0,0.0
13.9025,0.0,0.0,0.0,0.0,0.0
13.9124,0.0,0.0,0.0,0.0,0.0
13.9223,0.0,0.0,0.0,0.0,0.0
13.9324,0.0,0.0,0.0,0.0,0.0
13.9423,0.0,0.0,0.0,0.0,0.0
13.9523,0.0,0.0,0.0,0.0,0.0
13.9625,0.0,0.0,0.0,0.0,0.0
13.9725,0.0,0.0,0.0,0.0,0.0
13.9825,0.0,0.0,0.0,0.0,0.0
13.9925,0.0,0.0,0.0,0.0,0.0
14.0025,0.0,0.0,0.0,0.0,0.0
14.0124,0.0,0.0,0.0,0.0,0.0
14.0225,0.0,0.0,0.0,0.0,0.0
14.0324,0.0,0.0,0.0,0.0,0.0
14.0424,0.0,0.0,0.0,0.0,0.0
14.0524,0.0,0.0,0.0,0.0,0.0
14.0626,0.0,0.0,0.0,0.0,0.0
14.0724,0.0,0.0,0.0,0.0,0.0
14.0826,0.0,0.0,0.0,0.0,0.0
14.0924,0.0,0.0,0.0,0.0,0.0
14.1025,0.0,0.0,0.0,0.0,0.0
14.1125,0.0,0.0,0.0,0.0,0.0
14.1225,0.0,0.0,0.0,0.0,0.0
14.1325,0.0,0.0,0.0,0.0,0.0
14.1424,0.0,0.0,0.0,0.0,0.0
14.1523,0.0,0.0,0.0,0.0,0.0
14.1624,0.0,0.0,0.0,0.0,0.0
14.1724,0.0,0.0,0.0,0.0,0.0
14.1824,0.0,0.0,0.0,0.0,0.0
14.1924,0.0,0.0,0.0,0.0,0.0
14.2024,0.0,0.0,0.0,0.0,0.0
14.2124,0.0,0.0,0.0,0.0,0.0
14.2224,0.0,0.0,0.0,0.0,0.0
14.2323,0.0,0.0,0.0,0.0,0.0
14.2424,0.0,0.0,0.0,0.0,0.0
14.2524,0.0,0.0,0.0,0.0,0.0
14.2625,0.0,0.0,0.0,0.0,0.0
14.2724,0.0,0.0,0.0,0.0,0.0
14.2825,0.0,0.0,0.0,0.0,0.0
14.2923,0.0,0.0,0.0,0.0,0.0
14.3024,0.0,0.0,0.0,0.0,0.0
14.3122,0.0,0.0,0.0,0.0,0.0
14.3219,0.0,0.0,0.0,0.0,0.0
14.3323,0.0,0.0,0.0,0.0,0.0
14.3425,0.0,0.0,0.0,0.0,0.0
14.3523,0.0,0.0,0.0,0.0,0.0
14.3624,0.0,0.0,0.0,0.0,0.0
14.3724,0.0,0.0,0.0,0.0,0.0
14.3824,0.0,0.0,0.0,0.0,0.0
14.3925,0.0,0.0,0.0,0.0,0.0
14.4025,0.0,0.0,0.0,0.0,0.0
14.4125,0.0,0.0,0.0,0.0,0.0
14.4224,0.0,0.0,0.0,0.0,0.0
14.4325,0.0,0.0,0.0,0.0,0.0
14.4425,0.0,0.0,0.0,0.0,0.0
14.4525,0.0,0.0,0.0,0.0,0.0
14.4628,0.0,0.0,0.0,0.0,0.0
14.4725,0.0,0.0,0.0,0.0,0.0
14.4825,0.0,0.0,0.0,0.0,0.0
14.4925,0.0,0.0,0.0,0.0,0.0
14.5025,0.0,0.0,0.0,0.0,0.0
14.5126,0.0,0.0,0.0,0.0,0.0
14.5226,0.0,0.0,0.0,0.0,0.0
14.5326,0.0,0.0,0.0,0.0,0.0
14.5426,0.0,0.0,0.0,0.0,0.0
14.5526,0.0,0.0,0.0,0.0,0.0
14.5626,0.0,0.0,0.0,0.0,0.0
14.5727,0.0,0.0,0.0,0.0,0.0
14.5826,0.0,0.0,0.0,0.0,0.0
14.5926,0.0,0.0,0.0,0.0,0.0
14.6026,0.0,0.0,0.0,0.0,0.0
14.6126,0.0,0.0,0.0,0.0,0.0
14.6226,0.0,0.0,0.0,0.0,0.0
14.6325,0.0,0.0,0.0,0.0,0.0
14.6425,0.0,0.0,0.0,0.0,0.0
14.6524,0.0,0.0,0.0,0.0,0.0
14.6625,0.0,0.0,0.0,0.0,0.0
14.6725,0.0,0.0,0.0,0.0,0.0
14.6826,0.0,0.0,0.0,0.0,0.0
14.6923,0.0,0.0,0.0,0.0,0.0
14.7024,0.0,0.0,0.0,0.0,0.0
14.7124,0.0,0.0,0.0,0.0,0.0
14.7226,0.0,0.0,0.0,0.0,0.0
14.7324,0.0,0.0,0.0,0.0,0.0
14.7424,0.0,0.0,0.0,0.0,0.0
14.7524,0.0,0.0,0.0,0.0,0.0
14.7624,0.0,0.0,0.0,0.0,0.0
14.7724,0.0,0.0,0.0,0.0,0.0
14.7825,0.0,0.0,0.0,0.0,0.0
14.7924,0.0,0.0,0.0,0.0,0.0
14.8025,0.0,0.0,0.0,0.0,0.0
14.8125,0.0,0.0,0.0,0.0,0.0
14.8224,0.0,0.0,0.0,0.0,0.0
14.8321,0.0,0.0,0.0,0.0,0.0
14.8425,0.0,0.0,0.0,0.0,0.0
14.8525,0.0,0.0,0.0,0.0,0.0
14.8625,0.0,0.0,0.0,0.0,0.0
14.8726,0.0,0.0,0.0,0.0,0.0
14.8826,0.0,0.0,0.0,0.0,0.0
14.8925,0.0,0.0,0.0,0.0,0.0
14.9026,0.0,0.0,0.0,0.0,0.0
14.9125,0.0,0.0,0.0,0.0,0.0
14.9225,0.0,0.0,0.0,0.0,0.0
14.9327,0.0,0.0,0.0,0.0,0.0
14.9426,0.0,0.0,0.0,0.0,0.0
14.9525,0.0,0.0,0.0,0.0,0.0
14.9625,0.0,0.0,0.0,0.0,0.0
14.9726,0.0,0.0,0.0,0.0,0.0
14.9826,0.0,0.0,0.0,0.0,0.0
14.9927,0.0,0.0,0.0,0.0,0.0
15.0026,0.0,0.0,0.0,0.0,0.0
15.0125,0.0,0.0,0.0,0.0,0.0
15.0226,0.0,0.0,0.0,0.0,0.0
15.0323,0.0,0.0,0.0,0.0,0.0
15.0424,0.0,0.0,0.0,0.0,0.0
15.0526,0.0,0.0,0.0,0.0,0.0
15.0624,0.0,0.0,0.0,0.0,0.0
15.0725,0.0,0.0,0.0,0.0,0.0
15.0826,0.0,0.0,0.0,0.0,0.0
15.0925,0.0,0.0,0.0,0.0,0.0
15.1026,0.0,0.0,0.0,0.0,0.0
15.1125,0.0,0.0,0.0,0.0,0.0
15.1226,0.0,0.0,0.0,0.0,0.0
15.1325,0.0,0.0,0.0,0.0,0.0
15.1425,0.0,0.0,0.0,0.0,0.0
15.1524,0.0,0.0,0.0,0.0,0.0
15.1626,0.0,0.4886921905584123,0.0,0.0,0.0
15.1725,0.0,0.4886921905584123,0.0,0.0,0.0
15.1829,0.0,0.4886921905584123,0.0,0.0,0.0
15.1925,0.0,0.4886921905584123,0.0,0.0,0.0
15.2025,0.0,0.4886921905584123,0.0,0.0,0.0
15.2125,0.0,0.4886921905584123,0.0,0.0,0.0
15.2224,0.0,0.4886921905584123,0.0,0.0,0.0
15.2325,0.0,0.4886921905584123,0.0,0.0,0.0
15.2426,0.0,0.4886921905584123,0.0,0.0,0.0
15.2527,0.0,0.4886921905584123,0.0,0.0,0.0
15.2626,0.0,0.4886921905584123,0.0,0.0,0.0
15.2725,0.0,0.4886921905584123,0.0,0.0,0.0
15.2824,0.0,0.4886921905584123,0.0,0.0,0.0
15.2925,0.0,0.4886921905584123,0.0,0.0,0.0
15.3024,0.0,0.4886921905584123,0.0,0.0,0.0
15.3122,0.0,0.4886921905584123,0.0,0.0,0.0
15.3220,0.0,0.4886921905584123,0.0,0.0,0.0
15.3320,0.0,0.4886921905584123,0.0,0.0,0.0
15.3422,0.0,0.4886921905584123,0.0,0.0,0.0
15.3524,0.0,0.4886921905584123,0.0,0.0,0.0
15.3624,0.0,0.4886921905584123,0.0,0.0,0.0
15.3724,0.0,0.4886921905584123,0.0,0.0,0.0
15.3825,0.0,0.4886921905584123,0.0,0.0,0.0
15.3925,0.0,0.4886921905584123,0.0,0.0,0.0
15.4027,0.0,0.4886921905584123,0.0,0.0,0.0
15.4123,0.0,0.4886921905584123,0.0,0.0,0.0
15.4227,0.0,0.4886921905584123,0.0,0.0,0.0
15.4325,0.0,0.4886921905584123,0.0,0.0,0.0
15.4427,0.0,0.4886921905584123,0.0,0.0,0.0
15.4524,0.0,0.4886921905584123,0.0,0.0,0.0
15.4626,0.0,0.4886921905584123,0.0,0.0,0.0
15.4726,0.0,0.4886921905584123,0.0,0.0,0.0
15.4825,0.0,0.4886921905584123,0.0,0.0,0.0
15.4923,0.0,0.4886921905584123,0.0,0.0,0.0
15.5025,0.0,0.4886921905584123,0.0,0.0,0.0
15.5126,0.0,0.4886921905584123,0.0,0.0,0.0
15.5226,0.0,0.4886921905584123,0.0,0.0,0.0
15.5325,0.0,0.4886921905584123,0.0,0.0,0.0
15.5425,0.0,0.4886921905584123,0.0,0.0,0.0
15.5526,0.0,0.4886921905584123,0.0,0.0,0.0
15.5625,0.0,0.4886921905584123,0.0,0.0,0.0
15.5724,0.0,0.4886921905584123,0.0,0.0,0.0
15.5824,0.0,0.4886921905584123,0.0,0.0,0.0
15.5924,0.0,0.4886921905584123,0.0,0.0,0.0
15.6023,0.0,0.4886921905584123,0.0,0.0,0.0
15.6122,0.0,0.4886921905584123,0.0,0.0,0.0
15.6224,0.0,0.4886921905584123,0.0,0.0,0.0
15.6325,0.0,0.4886921905584123,0.0,0.0,0.0
15.6427,0.0,0.4886921905584123,0.0,0.0,0.0
15.6525,0.0,0.4886921905584123,0.0,0.0,0.0
15.6626,0.0,0.4886921905584123,0.0,0.0,0.0
15.6725,0.0,0.4886921905584123,0.0,0.0,0.0
15.6826,0.0,0.4886921905584123,0.0,0.0,0.0
15.6925,0.0,0.4886921905584123,0.0,0.0,0.0
15.7029,0.0,0.4886921905584123,0.0,0.0,0.0
15.7125,0.0,0.4886921905584123,0.0,0.0,0.0
15.7226,0.0,0.4886921905584123,0.0,0.0,0.0
15.7325,0.0,0.4886921905584123,0.0,0.0,0.0
15.7426,0.0,0.4886921905584123,0.0,0.0,0.0
15.7525,0.0,0.4886921905584123,0.0,0.0,0.0
15.7626,0.0,0.4886921905584123,0.0,0.0,0.0
15.7725,0.0,0.4886921905584123,0.0,0.0,0.0
15.7825,0.0,0.4886921905584123,0.0,0.0,0.0
15.7925,0.0,0.4886921905584123,0.0,0.0,0.0
15.8024,0.0,0.4886921905584123,0.0,0.0,0.0
15.8124,0.0,0.4886921905584123,0.0,0.0,0.0
15.8227,0.0,0.4886921905584123,0.0,0.0,0.0
15.8326,0.0,0.4886921905584123,0.0,0.0,0.0
15.8425,0.0,0.4886921905584123,0.0,0.0,0.0
15.8525,0.0,0.4886921905584123,0.0,0.0,0.0
15.8627,0.0,0.4886921905584123,0.0,0.0,0.0
15.8724,0.0,0.4886921905584123,0.0,0.0,0.0
15.8827,0.0,0.4886921905584123,0.0,0.0,0.0
15.8926,0.0,0.4886921905584123,0.0,0.0,0.0
15.9026,0.0,0.4886921905584123,0.0,0.0,0.0
15.9125,0.0,0.4886921905584123,0.0,0.0,0.0
15.9226,0.0,0.4886921905584123,0.0,0.0,0.0
15.9325,0.0,0.4886921905584123,0.0,0.0,0.0
15.9426,0.0,0.4886921905584123,0.0,0.0,0.0
15.9523,0.0,0.4886921905584123,0.0,0.0,0.0
15.9626,0.0,0.4886921905584123,0.0,0.0,0.0
15.9726,0.0,0.4886921905584123,0.0,0.0,0.0
15.9827,0.0,0.4886921905584123,0.0,0.0,0.0
15.9926,0.0,0.4886921905584123,0.0,0.0,0.0
16.0026,0.0,0.4886921905584123,0.0,0.0,0.0
16.0126,0.0,0.4886921905584123,0.0,0.0,0.0
16.0226,0.0,0.4886921905584123,0.0,0.0,0.0
16.0326,0.0,0.4886921905584123,0.0,0.0,0.0
16.0423,0.0,0.4886921905584123,0.0,0.0,0.0
16.0524,0.0,0.4886921905584123,0.0,0.0,0.0
16.0626,0.0,0.4886921905584123,0.0,0.0,0.0
16.0725,0.0,0.4886921905584123,0.0,0.0,0.0
16.0827,0.0,0.4886921905584123,0.0,0.0,0.0
16.0925,0.0,0.4886921905584123,0.0,0.0,0.0
16.1027,0.0,0.4886921905584123,0.0,0.0,0.0
16.1125,0.0,0.4886921905584123,0.0,0.0,0.0
16.1227,0.0,0.4886921905584123,0.0,0.0,0.0
16.1325,0.0,0.4886921905584123,0.0,0.0,0.0
16.1427,0.0,0.4886921905584123,0.0,0.0,0.0
16.1525,0.0,0.4886921905584123,0.0,0.0,0.0
16.1624,0.0,0.4886921905584123,0.0,0.0,0.0
16.1724,0.0,0.4886921905584123,0.0,0.0,0.0
16.1827,0.0,0.4886921905584123,0.0,0.0,0.0
16.1925,0.0,0.4886921905584123,0.0,0.0,0.0
16.2027,0.0,0.4886921905584123,0.0,0.0,0.0
16.2125,0.0,0.4886921905584123,0.0,0.0,0.0
16.2224,0.0,0.4886921905584123,0.0,0.0,0.0
16.2325,0.0,0.4886921905584123,0.0,0.0,0.0
16.2427,0.0,0.4886921905584123,0.0,0.0,0.0
16.2524,0.0,0.4886921905584123,0.0,0.0,0.0
16.2624,0.0,0.4886921905584123,0.0,0.0,0.0
16.2725,0.0,0.4886921905584123,0.0,0.0,0.0
16.2826,0.0,0.4886921905584123,0.0,0.0,0.0
16.2923,0.0,0.4886921905584123,0.0,0.0,0.0
16.3026,0.0,0.4886921905584123,0.0,0.0,0.0
16.3126,0.0,0.4886921905584123,0.0,0.0,0.0
16.3223,0.0,0.4886921905584123,0.0,0.0,0.0
16.3319,0.0,0.4886921905584123,0.0,0.0,0.0
16.3423,0.0,0.4886921905584123,0.0,0.0,0.0
16.3525,0.0,0.4886921905584123,0.0,0.0,0.0
16.3627,0.0,0.4886921905584123,0.0,0.0,0.0
16.3725,0.0,0.4886921905584123,0.0,0.0,0.0
16.3823,0.0,0.4886921905584123,0.0,0.0,0.0
16.3925,0.0,0.4886921905584123,0.0,0.0,0.0
16.4024,0.0,0.4886921905584123,0.0,0.0,0.0
16.4125,0.0,0.4886921905584123,0.0,0.0,0.0
16.4226,0.0,0.4886921905584123,0.0,0.0,0.0
16.4325,0.0,0.4886921905584123,0.0,0.0,0.0
16.4426,0.0,0.4886921905584123,0.0,0.0,0.0
16.4525,0.0,0.4886921905584123,0.0,0.0,0.0
16.4626,0.0,0.4886921905584123,0.0,0.0,0.0
16.4726,0.0,0.4886921905584123,0.0,0.0,0.0
16.4826,0.0,0.4886921905584123,0.0,0.0,0.0
16.4925,0.0,0.4886921905584123,0.0,0.0,0.0
16.5025,0.0,0.4886921905584123,0.0,0.0,0.0
16.5123,0.0,0.4886921905584123,0.0,0.0,0.0
16.5224,0.0,0.4886921905584123,0.0,0.0,0.0
16.5325,0.0,0.4886921905584123,0.0,0.0,0.0
16.5426,0.0,0.4886921905584123,0.0,0.0,0.0
16.5525,0.0,0.4886921905584123,0.0,0.0,0.0
16.5625,0.0,0.4886921905584123,0.0,0.0,0.0
16.5725,0.0,0.4886921905584123,0.0,0.0,0.0
16.5825,0.0,0.4886921905584123,0.0,0.0,0.0
16.5926,0.0,0.4886921905584123,0.0,0.0,0.0
16.6025,0.0,0.4886921905584123,0.0,0.0,0.0
16.6125,0.0,0.4886921905584123,0.0,0.0,0.0
16.6224,0.0,0.4886921905584123,0.0,0.0,0.0
16.6325,0.0,0.4886921905584123,0.0,0.0,0.0
16.6424,0.0,0.4886921905584123,0.0,0.0,0.0
16.6525,0.0,0.4886921905584123,0.0,0.0,0.0
16.6625,0.0,0.9773843811168246,0.0,0.0,0.0
16.6724,0.0,0.9773843811168246,0.0,0.0,0.0
16.6823,0.0,0.9773843811168246,0.0,0.0,0.0
16.6924,0.0,0.9773843811168246,0.0,0.0,0.0
16.7024,0.0,0.9773843811168246,0.0,0.0,0.0
16.7124,0.0,0.9773843811168246,0.0,0.0,0.0
16.7223,0.0,0.9773843811168246,0.0,0.0,0.0
16.7325,0.0,0.9773843811168246,0.0,0.0,0.0
16.7425,0.0,0.9773843811168246,0.0,0.0,0.0
16.7524,0.0,0.9773843811168246,0.0,0.0,0.0
16.7625,0.0,0.9773843811168246,0.0,0.0,0.0
16.7725,0.0,0.9773843811168246,0.0,0.0,0.0
16.7825,0.0,0.9773843811168246,0.0,0.0,0.0
16.7926,0.0,0.9773843811168246,0.0,0.0,0.0
16.8026,0.0,0.9773843811168246,0.0,0.0,0.0
16.8124,0.0,0.9773843811168246,0.0,0.0,0.0
16.8225,0.0,0.9773843811168246,0.0,0.0,0.0
16.8324,0.0,0.9773843811168246,0.0,0.0,0.0
16.8427,0.0,0.9773843811168246,0.0,0.0,0.0
16.8527,0.0,0.9773843811168246,0.0,0.0,0.0
16.8626,0.0,0.9773843811168246,0.0,0.0,0.0
16.8725,0.0,0.9773843811168246,0.0,0.0,0.0
16.8826,0.0,0.9773843811168246,0.0,0.0,0.0
16.8926,0.0,0.9773843811168246,0.0,0.0,0.0
16.9025,0.0,0.9773843811168246,0.0,0.0,0.0
16.9126,0.0,0.9773843811168246,0.0,0.0,0.0
16.9226,0.0,0.9773843811168246,0.0,0.0,0.0
16.9326,0.0,0.9773843811168246,0.0,0.0,0.0
16.9426,0.0,0.9773843811168246,0.0,0.0,0.0
16.9523,0.0,0.9773843811168246,0.0,0.0,0.0
16.9626,0.0,0.9773843811168246,0.0,0.0,0.0
16.9725,0.0,0.9773843811168246,0.0,0.0,0.0
16.9826,0.0,0.9773843811168246,0.0,0.0,0.0
16.9925,0.0,0.9773843811168246,0.0,0.0,0.0
17.0023,0.0,0.9773843811168246,0.0,0.0,0.0
17.0124,0.0,0.9773843811168246,0.0,0.0,0.0
17.0226,0.0,0.9773843811168246,0.0,0.0,0.0
17.0325,0.0,0.9773843811168246,0.0,0.0,0.0
17.0425,0.0,0.9773843811168246,0.0,0.0,0.0
17.0524,0.0,0.9773843811168246,0.0,0.0,0.0
17.0625,0.0,0.9773843811168246,0.0,0.0,0.0
17.0726,0.0,0.9773843811168246,0.0,0.0,0.0
17.0827,0.0,0.9773843811168246,0.0,0.0,0.0
17.0926,0.0,0.9773843811168246,0.0,0.0,0.0
17.1027,0.0,0.9773843811168246,0.0,0.0,0.0
17.1127,0.0,0.9773843811168246,0.0,0.0,0.0
17.1227,0.0,0.9773843811168246,0.0,0.0,0.0
17.1326,0.0,0.9773843811168246,0.0,0.0,0.0
17.1427,0.0,0.9773843811168246,0.0,0.0,0.0
17.1525,0.0,0.9773843811168246,0.0,0.0,0.0
17.1627,0.0,0.9773843811168246,0.0,0.0,0.0
17.1723,0.0,0.9773843811168246,0.0,0.0,0.0
17.1824,0.0,0.9773843811168246,0.0,0.0,0.0
17.1924,0.0,0.9773843811168246,0.0,0.0,0.0
17.2022,0.0,0.9773843811168246,0.0,0.0,0.0
17.2128,0.0,0.9773843811168246,0.0,0.0,0.0
17.2224,0.0,0.9773843811168246,0.0,0.0,0.0
17.2326,0.0,0.9773843811168246,0.0,0.0,0.0
17.2426,0.0,0.9773843811168246,0.0,0.0,0.0
17.2526,0.0,0.9773843811168246,0.0,0.0,0.0
17.2626,0.0,0.9773843811168246,0.0,0.0,0.0
17.2723,0.0,0.9773843811168246,0.0,0.0,0.0
17.2825,0.0,0.9773843811168246,0.0,0.0,0.0
17.2925,0.0,0.9773843811168246,0.0,0.0,0.0
17.3027,0.0,0.9773843811168246,0.0,0.0,0.0
17.3124,0.0,0.9773843811168246,0.0,0.0,0.0
17.3220,0.0,0.9773843811168246,0.0,0.0,0.0
17.3322,0.0,0.9773843811168246,0.0,0.0,0.0
17.3424,0.0,0.9773843811168246,0.0,0.0,0.0
17.3526,0.0,0.9773843811168246,0.0,0.0,0.0
17.3625,0.0,0.9773843811168246,0.0,0.0,0.0
17.3725,0.0,0.9773843811168246,0.0,0.0,0.0
17.3828,0.0,0.9773843811168246,0.0,0.0,0.0
17.3925,0.0,0.9773843811168246,0.0,0.0,0.0
17.4024,0.0,0.9773843811168246,0.0,0.0,0.0
17.4123,0.0,0.9773843811168246,0.0,0.0,0.0
17.4225,0.0,0.9773843811168246,0.0,0.0,0.0
17.4326,0.0,0.9773843811168246,0.0,0.0,0.0
17.4427,0.0,0.9773843811168246,0.0,0.0,0.0
17.4526,0.0,0.9773843811168246,0.0,0.0,0.0
17.4627,0.0,0.9773843811168246,0.0,0.0,0.0
17.4726,0.0,0.9773843811168246,0.0,0.0,0.0
17.4825,0.0,0.9773843811168246,0.0,0.0,0.0
17.4927,0.0,0.9773843811168246,0.0,0.0,0.0
17.5025,0.0,0.9773843811168246,0.0,0.0,0.0
17.5124,0.0,0.9773843811168246,0.0,0.0,0.0
17.5225,0.0,0.9773843811168246,0.0,0.0,0.0
17.5326,0.0,0.9773843811168246,0.0,0.0,0.0
17.5424,0.0,0.9773843811168246,0.0,0.0,0.0
17.5526,0.0,0.9773843811168246,0.0,0.0,0.0
17.5626,0.0,0.9773843811168246,0.0,0.0,0.0
17.5726,0.0,0.9773843811168246,0.0,0.0,0.0
17.5827,0.0,0.9773843811168246,0.0,0.0,0.0
17.5924,0.0,0.9773843811168246,0.0,0.0,0.0
17.6025,0.0,0.9773843811168246,0.0,0.0,0.0
17.6125,0.0,0.9773843811168246,0.0,0.0,0.0
17.6229,0.0,0.9773843811168246,0.0,0.0,0.0
17.6326,0.0,0.9773843811168246,0.0,0.0,0.0
17.6427,0.0,0.9773843811168246,0.0,0.0,0.0
17.6526,0.0,0.9773843811168246,0.0,0.0,0.0
17.6627,0.0,0.9773843811168246,0.0,0.0,0.0
17.6726,0.0,0.9773843811168246,0.0,0.0,0.0
17.6827,0.0,0.9773843811168246,0.0,0.0,0.0
17.6925,0.0,0.9773843811168246,0.0,0.0,0.0
17.7027,0.0,0.9773843811168246,0.0,0.0,0.0
17.7126,0.0,0.9773843811168246,0.0,0.0,0.0
17.7226,0.0,0.9773843811168246,0.0,0.0,0.0
17.7326,0.0,0.9773843811168246,0.0,0.0,0.0
17.7427,0.0,0.9773843811168246,0.0,0.0,0.0
17.7526,0.0,0.9773843811168246,0.0,0.0,0.0
17.7626,0.0,0.9773843811168246,0.0,0.0,0.0
17.7726,0.0,0.9773843811168246,0.0,0.0,0.0
17.7827,0.0,0.9773843811168246,0.0,0.0,0.0
17.7926,0.0,0.9773843811168246,0.0,0.0,0.0
17.8027,0.0,0.9773843811168246,0.0,0.0,0.0
17.8126,0.0,0.9773843811168246,0.0,0.0,0.0
17.8227,0.0,0.9773843811168246,0.0,0.0,0.0
17.8323,0.0,0.9773843811168246,0.0,0.0,0.0
17.8425,0.0,0.9773843811168246,0.0,0.0,0.0
17.8526,0.0,0.9773843811168246,0.0,0.0,0.0
17.8626,0.0,0.9773843811168246,0.0,0.0,0.0
17.8726,0.0,0.9773843811168246,0.0,0.0,0.0
17.8826,0.0,0.9773843811168246,0.0,0.0,0.0
17.8926,0.0,0.9773843811168246,0.0,0.0,0.0
17.9026,0.0,0.9773843811168246,0.0,0.0,0.0
17.9126,0.0,0.9773843811168246,0.0,0.0,0.0
17.9226,0.0,0.9773843811168246,0.0,0.0,0.0
17.9324,0.0,0.9773843811168246,0.0,0.0,0.0
17.9425,0.0,0.9773843811168246,0.0,0.0,0.0
17.9523,0.0,0.9773843811168246,0.0,0.0,0.0
17.9621,0.0,0.9773843811168246,0.0,0.0,0.0
17.9725,0.0,0.9773843811168246,0.0,0.0,0.0
17.9826,0.0,0.9773843811168246,0.0,0.0,0.0
17.9926,0.0,0.9773843811168246,0.0,0.0,0.0
18.0026,0.0,0.9773843811168246,0.0,0.0,0.0
18.0126,0.0,0.9773843811168246,0.0,0.0,0.0
18.0227,0.0,0.9773843811168246,0.0,0.0,0.0
18.0328,0.0,0.9773843811168246,0.0,0.0,0.0
18.0425,0.0,0.9773843811168246,0.0,0.0,0.0
18.0526,0.0,0.9773843811168246,0.0,0.0,0.0
18.0622,0.0,0.9773843811168246,0.0,0.0,0.0
18.0722,0.0,0.9773843811168246,0.0,0.0,0.0
18.0823,0.0,0.9773843811168246,0.0,0.0,0.0
18.0926,0.0,0.9773843811168246,0.0,0.0,0.0
18.1025,0.0,0.9773843811168246,0.0,0.0,0.0
18.1125,0.0,0.9773843811168246,0.0,0.0,0.0
18.1226,0.0,0.9773843811168246,0.0,0.0,0.0
18.1325,0.0,0.9773843811168246,0.0,0.0,0.0
18.1426,0.0,0.9773843811168246,0.0,0.0,0.0
18.1526,0.0,0.9773843811168246,0.0,0.0,0.0
18.1626,0.0,0.0,0.0,0.0,0.0
18.1725,0.0,0.0,0.0,0.0,0.0
18.1824,0.0,0.0,0.0,0.0,0.0
18.1925,0.0,0.0,0.0,0.0,0.0
18.2024,0.0,0.0,0.0,0.0,0.0
18.2125,0.0,0.0,0.0,0.0,0.0
18.2225,0.0,0.0,0.0,0.0,0.0
18.2325,0.0,0.0,0.0,0.0,0.0
18.2426,0.0,0.0,0.0,0.0,0.0
18.2526,0.0,0.0,0.0,0.0,0.0
18.2627,0.0,0.0,0.0,0.0,0.0
18.2726,0.0,0.0,0.0,0.0,0.0
18.2826,0.0,0.0,0.0,0.0,0.0
18.2923,0.0,0.0,0.0,0.0,0.0
18.3026,0.0,0.0,0.0,0.0,0.0
18.3124,0.0,0.0,0.0,0.0,0.0
18.3221,0.0,0.0,0.0,0.0,0.0
18.3319,0.0,0.0,0.0,0.0,0.0
18.3421,0.0,0.0,0.0,0.0,0.0
18.3522,0.0,0.0,0.0,0.0,0.0
18.3626,0.0,0.0,0.0,0.0,0.0
18.3725,0.0,0.0,0.0,0.0,0.0
18.3827,0.0,0.0,0.0,0.0,0.0
18.3926,0.0,0.0,0.0,0.0,0.0
18.4025,0.0,0.0,0.0,0.0,0.0
18.4125,0.0,0.0,0.0,0.0,0.0
18.4226,0.0,0.0,0.0,0.0,0.0
18.4326,0.0,0.0,0.0,0.0,0.0
18.4427,0.0,0.0,0.0,0.0,0.0
18.4525,0.0,0.0,0.0,0.0,0.0
18.4626,0.0,0.0,0.0,0.0,0.0
18.4725,0.0,0.0,0.0,0.0,0.0
18.4825,0.0,0.0,0.0,0.0,0.0
18.4924,0.0,0.0,0.0,0.0,0.0
18.5025,0.0,0.0,0.0,0.0,0.0
18.5126,0.0,0.0,0.0,0.0,0.0
18.5224,0.0,0.0,0.0,0.0,0.0
18.5324,0.0,0.0,0.0,0.0,0.0
18.5425,0.0,0.0,0.0,0.0,0.0
18.5525,0.0,0.0,0.0,0.0,0.0
18.5625,0.0,0.0,0.0,0.0,0.0
18.5725,0.0,0.0,0.0,0.0,0.0
18.5826,0.0,0.0,0.0,0.0,0.0
18.5925,0.0,0.0,0.0,0.0,0.0
18.6026,0.0,0.0,0.0,0.0,0.0
18.6127,0.0,0.0,0.0,0.0,0.0
18.6226,0.0,0.0,0.0,0.0,0.0
18.6327,0.0,0.0,0.0,0.0,0.0
18.6426,0.0,0.0,0.0,0.0,0.0
18.6524,0.0,0.0,0.0,0.0,0.0
18.6625,0.0,0.0,0.0,0.0,0.0
18.6725,0.0,0.0,0.0,0.0,0.0
18.6825,0.0,0.0,0.0,0.0,0.0
18.6926,0.0,0.0,0.0,0.0,0.0
18.7026,0.0,0.0,0.0,0.0,0.0
18.7126,0.0,0.0,0.0,0.0,0.0
18.7226,0.0,0.0,0.0,0.0,0.0
18.7326,0.0,0.0,0.0,0.0,0.0
18.7426,0.0,0.0,0.0,0.0,0.0
18.7527,0.0,0.0,0.0,0.0,0.0
18.7627,0.0,0.0,0.0,0.0,0.0
18.7727,0.0,0.0,0.0,0.0,0.0
18.7826,0.0,0.0,0.0,0.0,0.0
18.7925,0.0,0.0,0.0,0.0,0.0
18.8026,0.0,0.0,0.0,0.0,0.0
18.8125,0.0,0.0,0.0,0.0,0.0
18.8226,0.0,0.0,0.0,0.0,0.0
18.8325,0.0,0.0,0.0,0.0,0.0
18.8423,0.0,0.0,0.0,0.0,0.0
18.8526,0.0,0.0,0.0,0.0,0.0
18.8625,0.0,0.0,0.0,0.0,0.0
18.8721,0.0,0.0,0.0,0.0,0.0
18.8826,0.0,0.0,0.0,0.0,0.0
18.8925,0.0,0.0,0.0,0.0,0.0
18.9026,0.0,0.0,0.0,0.0,0.0
18.9125,0.0,0.0,-1.6057029118347832,0.0,0.0
18.9225,0.0,0.0,-1.6057029118347832,0.0,0.0
18.9325,0.0,0.0,-1.6057029118347832,0.0,0.0
18.9426,0.0,0.0,-1.6057029118347832,0.0,0.0
18.9524,0.0,0.0,-1.6057029118347832,0.0,0.0
18.9625,0.0,0.0,-1.6057029118347832,0.0,0.0
18.9720,0.0,0.0,-1.6057029118347832,0.0,0.0
18.9825,0.0,0.0,-1.6057029118347832,0.0,0.0
18.9924,0.0,0.0,-1.6057029118347832,0.0,0.0
19.0025,0.0,0.0,-1.6057029118347832,0.0,0.0
19.0125,0.0,0.0,-1.6057029118347832,0.0,0.0
19.0225,0.0,0.0,-1.6057029118347832,0.0,0.0
19.0325,0.0,0.0,-1.6057029118347832,0.0,0.0
19.0424,0.0,0.0,-1.6057029118347832,0.0,0.0
19.0524,0.0,0.0,-1.6057029118347832,0.0,0.0
19.0625,0.0,0.0,-1.6057029118347832,0.0,0.0
19.0724,0.0,0.0,-1.6057029118347832,0.0,0.0
19.0825,0.0,0.0,-1.6057029118347832,0.0,0.0
19.0924,0.0,0.0,-1.6057029118347832,0.0,0.0
19.1025,0.0,0.0,-1.6057029118347832,0.0,0.0
19.1125,0.0,0.0,-1.6057029118347832,0.0,0.0
19.1225,0.0,0.0,-1.6057029118347832,0.0,0.0
19.1325,0.0,0.0,-1.6057029118347832,0.0,0.0
19.1425,0.0,0.0,-1.6057029118347832,0.0,0.0
19.1524,0.0,0.0,-1.6057029118347832,0.0,0.0
19.1626,0.0,0.0,-1.6057029118347832,0.0,0.0
19.1725,0.0,0.0,-1.6057029118347832,0.0,0.0
19.1823,0.0,0.0,-1.6057029118347832,0.0,0.0
19.1925,0.0,0.0,-1.6057029118347832,0.0,0.0
19.2023,0.0,0.0,-1.6057029118347832,0.0,0.0
19.2124,0.0,0.0,-1.6057029118347832,0.0,0.0
19.2224,0.0,0.0,-1.6057029118347832,0.0,0.0
19.2324,0.0,0.0,-1.6057029118347832,0.0,0.0
19.2425,0.0,0.0,-1.6057029118347832,0.0,0.0
19.2524,0.0,0.0,-1.6057029118347832,0.0,0.0
19.2625,0.0,0.0,-1.6057029118347832,0.0,0.0
19.2725,0.0,0.0,-1.6057029118347832,0.0,0.0
19.2825,0.0,0.0,-1.6057029118347832,0.0,0.0
19.2925,0.0,0.0,-1.6057029118347832,0.0,0.0
19.3025,0.0,0.0,-1.6057029118347832,0.0,0.0
19.3124,0.0,0.0,-1.6057029118347832,0.0,0.0
19.3220,0.0,0.0,-1.6057029118347832,0.0,0.0
19.3319,0.0,0.0,-1.6057029118347832,0.0,0.0
19.3433,0.0,0.0,-1.6057029118347832,0.0,0.0
19.3524,0.0,0.0,-1.6057029118347832,0.0,0.0
19.3625,0.0,0.0,-1.6057029118347832,0.0,0.0
19.3722,0.0,0.0,-1.6057029118347832,0.0,0.0
19.3826,0.0,0.0,-1.6057029118347832,0.0,0.0
19.3924,0.0,0.0,-1.6057029118347832,0.0,0.0
19.4024,0.0,0.0,-1.6057029118347832,0.0,0.0
19.4123,0.0,0.0,-1.6057029118347832,0.0,0.0
19.4225,0.0,0.0,-1.6057029118347832,0.0,0.0
19.4323,0.0,0.0,-1.6057029118347832,0.0,0.0
19.4424,0.0,0.0,-1.6057029118347832,0.0,0.0
19.4524,0.0,0.0,-1.6057029118347832,0.0,0.0
19.4625,0.0,0.0,-1.6057029118347832,0.0,0.0
19.4724,0.0,0.0,-1.6057029118347832,0.0,0.0
19.4826,0.0,0.0,-1.6057029118347832,0.0,0.0
19.4924,0.0,0.0,-1.6057029118347832,0.0,0.0
19.5026,0.0,0.0,-1.6057029118347832,0.0,0.0
19.5124,0.0,0.0,-1.6057029118347832,0.0,0.0
19.5224,0.0,0.0,-1.6057029118347832,0.0,0.0
19.5325,0.0,0.0,-1.6057029118347832,0.0,0.0
19.5426,0.0,0.0,-1.6057029118347832,0.0,0.0
19.5525,0.0,0.0,-1.6057029118347832,0.0,0.0
19.5625,0.0,0.0,-1.6057029118347832,0.0,0.0
19.5725,0.0,0.0,-1.6057029118347832,0.0,0.0
19.5826,0.0,0.0,-1.6057029118347832,0.0,0.0
19.5925,0.0,0.0,-1.6057029118347832,0.0,0.0
19.6026,0.0,0.0,-1.6057029118347832,0.0,0.0
19.6125,0.0,0.0,-1.6057029118347832,0.0,0.0
19.6227,0.0,0.0,-1.6057029118347832,0.0,0.0
19.6324,0.0,0.0,-1.6057029118347832,0.0,0.0
19.6425,0.0,0.0,-1.6057029118347832,0.0,0.0
19.6525,0.0,0.0,-1.6057029118347832,0.0,0.0
19.6626,0.0,0.0,-1.6057029118347832,0.0,0.0
19.6724,0.0,0.0,-1.6057029118347832,0.0,0.0
19.6825,0.0,0.0,-1.6057029118347832,0.0,0.0
19.6926,0.0,0.0,-1.6057029118347832,0.0,0.0
19.7025,0.0,0.0,-1.6057029118347832,0.0,0.0
19.7126,0.0,0.0,-1.6057029118347832,0.0,0.0
19.7225,0.0,0.0,-1.6057029118347832,0.0,0.0
19.7326,0.0,0.0,-1.6057029118347832,0.0,0.0
19.7426,0.0,0.0,-1.6057029118347832,0.0,0.0
19.7524,0.0,0.0,-1.6057029118347832,0.0,0.0
19.7625,0.0,0.0,-1.6057029118347832,0.0,0.0
19.7724,0.0,0.0,-1.6057029118347832,0.0,0.0
19.7824,0.0,0.0,-1.6057029118347832,0.0,0.0
19.7923,0.0,0.0,-1.6057029118347832,0.0,0.0
19.8026,0.0,0.0,-1.6057029118347832,0.0,0.0
19.8123,0.0,0.0,-1.6057029118347832,0.0,0.0
19.8224,0.0,0.0,-1.6057029118347832,0.0,0.0
19.8325,0.0,0.0,-1.6057029118347832,0.0,0.0
19.8424,0.0,0.0,-1.6057029118347832,0.0,0.0
19.8523,0.0,0.0,-1.6057029118347832,0.0,0.0
19.8625,0.0,0.0,-1.6057029118347832,0.0,0.0
19.8725,0.0,0.0,-1.6057029118347832,0.0,0.0
19.8825,0.0,0.0,-1.6057029118347832,0.0,0.0
19.8923,0.0,0.0,-1.6057029118347832,0.0,0.0
19.9025,0.0,0.0,-1.6057029118347832,0.0,0.0
19.9124,0.0,0.0,-1.6057029118347832,0.0,0.0
19.9226,0.0,0.0,-1.6057029118347832,0.0,0.0
19.9324,0.0,0.0,-1.6057029118347832,0.0,0.0
19.9424,0.0,0.0,-1.6057029118347832,0.0,0.0
19.9524,0.0,0.0,-1.6057029118347832,0.0,0.0
19.9621,0.0,0.0,-1.6057029118347832,0.0,0.0
19.9723,0.0,0.0,-1.6057029118347832,0.0,0.0
19.9823,0.0,0.0,-1.6057029118347832,0.0,0.0
19.9924,0.0,0.0,-1.6057029118347832,0.0,0.0
20.0025,0.0,0.0,-1.6057029118347832,0.0,0.0
20.0124,0.0,0.0,-1.6057029118347832,0.0,0.0
20.0225,0.0,0.0,-1.6057029118347832,0.0,0.0
20.0324,0.0,0.0,-1.6057029118347832,0.0,0.0
20.0426,0.0,0.0,-1.6057029118347832,0.0,0.0
20.0524,0.0,0.0,-1.6057029118347832,0.0,0.0
20.0625,0.0,0.0,-1.6057029118347832,0.0,0.0
20.0723,0.0,0.0,-1.6057029118347832,0.0,0.0
20.0825,0.0,0.0,-1.6057029118347832,0.0,0.0
20.0924,0.0,0.0,-1.6057029118347832,0.0,0.0
20.1024,0.0,0.0,-1.6057029118347832,0.0,0.0
20.1124,0.0,0.0,-1.6057029118347832,0.0,0.0
20.1224,0.0,0.0,-1.6057029118347832,0.0,0.0
20.1324,0.0,0.0,-1.6057029118347832,0.0,0.0
20.1424,0.0,0.0,-1.6057029118347832,0.0,0.0
20.1524,0.0,0.0,-1.6057029118347832,0.0,0.0
20.1624,0.0,0.0,-1.6057029118347832,0.0,0.0
20.1728,0.0,0.0,-1.6057029118347832,0.0,0.0
20.1825,0.0,0.0,-1.6057029118347832,0.0,0.0
20.1924,0.0,0.0,-1.6057029118347832,0.0,0.0
20.2024,0.0,0.0,-1.6057029118347832,0.0,0.0
20.2121,0.0,0.0,-1.6057029118347832,0.0,0.0
20.2226,0.0,0.0,-1.6057029118347832,0.0,0.0
20.2323,0.0,0.0,-1.6057029118347832,0.0,0.0
20.2427,0.0,0.0,-1.6057029118347832,0.0,0.0
20.2527,0.0,0.0,-1.6057029118347832,0.0,0.0
20.2625,0.0,0.0,-1.6057029118347832,0.0,0.0
20.2726,0.0,0.0,-1.6057029118347832,0.0,0.0
20.2825,0.0,0.0,-1.6057029118347832,0.0,0.0
20.2924,0.0,0.0,-1.6057029118347832,0.0,0.0
20.3025,0.0,0.0,-1.6057029118347832,0.0,0.0
20.3126,0.0,0.0,-1.6057029118347832,0.0,0.0
20.3221,0.0,0.0,-1.6057029118347832,0.0,0.0
20.3319,0.0,0.0,-1.6057029118347832,0.0,0.0
20.3420,0.0,0.0,-1.6057029118347832,0.0,0.0
20.3524,0.0,0.0,-1.6057029118347832,0.0,0.0
20.3625,0.0,0.0,-1.6057029118347832,0.0,0.0
20.3725,0.0,0.0,-1.6057029118347832,0.0,0.0
20.3824,0.0,0.0,-1.6057029118347832,0.0,0.0
20.3925,0.0,0.0,-1.6057029118347832,0.0,0.0
20.4025,0.0,0.0,-1.6057029118347832,0.0,0.0
20.4125,0.0,0.0,-0.7504915783575618,0.0,0.0
20.4225,0.0,0.0,-0.7504915783575618,0.0,0.0
20.4324,0.0,0.0,-0.7504915783575618,0.0,0.0
20.4427,0.0,0.0,-0.7504915783575618,0.0,0.0
20.4525,0.0,0.0,-0.7504915783575618,0.0,0.0
20.4627,0.0,0.0,-0.7504915783575618,0.0,0.0
20.4725,0.0,0.0,-0.7504915783575618,0.0,0.0
20.4826,0.0,0.0,-0.7504915783575618,0.0,0.0
20.4924,0.0,0.0,-0.7504915783575618,0.0,0.0
20.5026,0.0,0.0,-0.7504915783575618,0.0,0.0
20.5124,0.0,0.0,-0.7504915783575618,0.0,0.0
20.5225,0.0,0.0,-0.7504915783575618,0.0,0.0
20.5326,0.0,0.0,-0.7504915783575618,0.0,0.0
20.5428,0.0,0.0,-0.7504915783575618,0.0,0.0
20.5523,0.0,0.0,-0.7504915783575618,0.0,0.0
20.5623,0.0,0.0,-0.7504915783575618,0.0,0.0
20.5726,0.0,0.0,-0.7504915783575618,0.0,0.0
20.5827,0.0,0.0,-0.7504915783575618,0.0,0.0
20.5926,0.0,0.0,-0.7504915783575618,0.0,0.0
20.6026,0.0,0.0,-0.7504915783575618,0.0,0.0
20.6124,0.0,0.0,-0.7504915783575618,0.0,0.0
20.6226,0.0,0.0,-0.7504915783575618,0.0,0.0
20.6325,0.0,0.0,-0.7504915783575618,0.0,0.0
20.6426,0.0,0.0,-0.7504915783575618,0.0,0.0
20.6524,0.0,0.0,-0.7504915783575618,0.0,0.0
20.6626,0.0,0.0,-0.7504915783575618,0.0,0.0
20.6725,0.0,0.0,-0.7504915783575618,0.0,0.0
20.6826,0.0,0.0,-0.7504915783575618,0.0,0.0
20.6925,0.0,0.0,-0.7504915783575618,0.0,0.0
20.7024,0.0,0.0,-0.7504915783575618,0.0,0.0
20.7125,0.0,0.0,-0.7504915783575618,0.0,0.0
20.7226,0.0,0.0,-0.7504915783575618,0.0,0.0
20.7327,0.0,0.0,-0.7504915783575618,0.0,0.0
20.7426,0.0,0.0,-0.7504915783575618,0.0,0.0
20.7524,0.0,0.0,-0.7504915783575618,0.0,0.0
20.7625,0.0,0.0,-0.7504915783575618,0.0,0.0
20.7725,0.0,0.0,-0.7504915783575618,0.0,0.0
20.7826,0.0,0.0,-0.7504915783575618,0.0,0.0
20.7923,0.0,0.0,-0.7504915783575618,0.0,0.0
20.8027,0.0,0.0,-0.7504915783575618,0.0,0.0
20.8126,0.0,0.0,-0.7504915783575618,0.0,0.0
20.8226,0.0,0.0,-0.7504915783575618,0.0,0.0
20.8327,0.0,0.0,-0.7504915783575618,0.0,0.0
20.8427,0.0,0.0,-0.7504915783575618,0.0,0.0
20.8528,0.0,0.0,-0.7504915783575618,0.0,0.0
20.8627,0.0,0.0,-0.7504915783575618,0.0,0.0
20.8726,0.0,0.0,-0.7504915783575618,0.0,0.0
20.8827,0.0,0.0,-0.7504915783575618,0.0,0.0
20.8923,0.0,0.0,-0.7504915783575618,0.0,0.0
20.9027,0.0,0.0,-0.7504915783575618,0.0,0.0
20.9123,0.0,0.0,-0.7504915783575618,0.0,0.0
20.9226,0.0,0.0,-0.7504915783575618,0.0,0.0
20.9325,0.0,0.0,-0.7504915783575618,0.0,0.0
20.9426,0.0,0.0,-0.7504915783575618,0.0,0.0
20.9526,0.0,0.0,-0.7504915783575618,0.0,0.0
20.9624,0.0,0.0,-0.7504915783575618,0.0,0.0
20.9723,0.0,0.0,-0.7504915783575618,0.0,0.0
20.9823,0.0,0.0,-0.7504915783575618,0.0,0.0
20.9924,0.0,0.0,-0.7504915783575618,0.0,0.0
21.0024,0.0,0.0,-0.7504915783575618,0.0,0.0
21.0124,0.0,0.0,-0.7504915783575618,0.0,0.0
21.0225,0.0,0.0,-0.7504915783575618,0.0,0.0
21.0324,0.0,0.0,-0.7504915783575618,0.0,0.0
21.0425,0.0,0.0,-0.7504915783575618,0.0,0.0
21.0525,0.0,0.0,-0.7504915783575618,0.0,0.0
21.0626,0.0,0.0,-0.7504915783575618,0.0,0.0
21.0725,0.0,0.0,-0.7504915783575618,0.0,0.0
21.0826,0.0,0.0,-0.7504915783575618,0.0,0.0
21.0926,0.0,0.0,-0.7504915783575618,0.0,0.0
21.1027,0.0,0.0,-0.7504915783575618,0.0,0.0
21.1126,0.0,0.0,-0.7504915783575618,0.0,0.0
21.1227,0.0,0.0,-0.7504915783575618,0.0,0.0
21.1326,0.0,0.0,-0.7504915783575618,0.0,0.0
21.1427,0.0,0.0,-0.7504915783575618,0.0,0.0
21.1526,0.0,0.0,-0.7504915783575618,0.0,0.0
21.1626,0.0,0.0,-0.7504915783575618,0.0,0.0
21.1726,0.0,0.0,-0.7504915783575618,0.0,0.0
21.1827,0.0,0.0,-0.7504915783575618,0.0,0.0
21.1926,0.0,0.0,-0.7504915783575618,0.0,0.0
21.2025,0.0,0.0,-0.7504915783575618,0.0,0.0
21.2126,0.0,0.0,-0.7504915783575618,0.0,0.0
21.2221,0.0,0.0,-0.7504915783575618,0.0,0.0
21.2326,0.0,0.0,-0.7504915783575618,0.0,0.0
21.2427,0.0,0.0,-0.7504915783575618,0.0,0.0
21.2527,0.0,0.0,-0.7504915783575618,0.0,0.0
21.2627,0.0,0.0,-0.7504915783575618,0.0,0.0
21.2725,0.0,0.0,-0.7504915783575618,0.0,0.0
21.2827,0.0,0.0,-0.7504915783575618,0.0,0.0
21.2926,0.0,0.0,-0.7504915783575618,0.0,0.0
21.3024,0.0,0.0,-0.7504915783575618,0.0,0.0
21.3125,0.0,0.0,-0.7504915783575618,0.0,0.0
21.3223,0.0,0.0,-0.7504915783575618,0.0,0.0
21.3321,0.0,0.0,-0.7504915783575618,0.0,0.0
21.3429,0.0,0.0,-0.7504915783575618,0.0,0.0
21.3523,0.0,0.0,-0.7504915783575618,0.0,0.0
21.3625,0.0,0.0,-0.7504915783575618,0.0,0.0
21.3724,0.0,0.0,-0.7504915783575618,0.0,0.0
21.3826,0.0,0.0,-0.7504915783575618,0.0,0.0
21.3924,0.0,0.0,-0.7504915783575618,0.0,0.0
21.4025,0.0,0.0,-0.7504915783575618,0.0,0.0
21.4126,0.0,0.0,-0.7504915783575618,0.0,0.0
21.4224,0.0,0.0,-0.7504915783575618,0.0,0.0
21.4327,0.0,0.0,-0.7504915783575618,0.0,0.0
21.4426,0.0,0.0,-0.7504915783575618,0.0,0.0
21.4525,0.0,0.0,-0.7504915783575618,0.0,0.0
21.4626,0.0,0.0,-0.7504915783575618,0.0,0.0
21.4725,0.0,0.0,-0.7504915783575618,0.0,0.0
21.4826,0.0,0.0,-0.7504915783575618,0.0,0.0
21.4924,0.0,0.0,-0.7504915783575618,0.0,0.0
21.5025,0.0,0.0,-0.7504915783575618,0.0,0.0
21.5124,0.0,0.0,-0.7504915783575618,0.0,0.0
21.5226,0.0,0.0,-0.7504915783575618,0.0,0.0
21.5324,0.0,0.0,-0.7504915783575618,0.0,0.0
21.5426,0.0,0.0,-0.7504915783575618,0.0,0.0
21.5523,0.0,0.0,-0.7504915783575618,0.0,0.0
21.5624,0.0,0.0,-0.7504915783575618,0.0,0.0
21.5725,0.0,0.0,-0.7504915783575618,0.0,0.0
21.5826,0.0,0.0,-0.7504915783575618,0.0,0.0
21.5922,0.0,0.0,-0.7504915783575618,0.0,0.0
21.6026,0.0,0.0,-0.7504915783575618,0.0,0.0
21.6126,0.0,0.0,-0.7504915783575618,0.0,0.0
21.6226,0.0,0.0,-0.7504915783575618,0.0,0.0
21.6327,0.0,0.0,-0.7504915783575618,0.0,0.0
21.6425,0.0,0.0,-0.7504915783575618,0.0,0.0
21.6526,0.0,0.0,-0.7504915783575618,0.0,0.0
21.6626,0.0,0.0,-0.7504915783575618,0.0,0.0
21.6727,0.0,0.0,-0.7504915783575618,0.0,0.0
21.6826,0.0,0.0,-0.7504915783575618,0.0,0.0
21.6927,0.0,0.0,-0.7504915783575618,0.0,0.0
21.7027,0.0,0.0,-0.7504915783575618,0.0,0.0
21.7125,0.0,0.0,-0.7504915783575618,0.0,0.0
21.7226,0.0,0.0,-0.7504915783575618,0.0,0.0
21.7325,0.0,0.0,-0.7504915783575618,0.0,0.0
21.7424,0.0,0.0,-0.7504915783575618,0.0,0.0
21.7525,0.0,0.0,-0.7504915783575618,0.0,0.0
21.7625,0.0,0.0,-0.7504915783575618,0.0,0.0
21.7724,0.0,0.0,-0.7504915783575618,0.0,0.0
21.7824,0.0,0.0,-0.7504915783575618,0.0,0.0
21.7925,0.0,0.0,-0.7504915783575618,0.0,0.0
21.8024,0.0,0.0,-0.7504915783575618,0.0,0.0
21.8125,0.0,0.0,-0.7504915783575618,0.0,0.0
21.8224,0.0,0.0,-0.7504915783575618,0.0,0.0
21.8324,0.0,0.0,-0.7504915783575618,0.0,0.0
21.8425,0.0,0.0,-0.7504915783575618,0.0,0.0
21.8526,0.0,0.0,-0.7504915783575618,0.0,0.0
21.8625,0.0,0.0,-0.7504915783575618,0.0,0.0
21.8722,0.0,0.0,-0.7504915783575618,0.0,0.0
21.8826,0.0,0.0,-0.7504915783575618,0.0,0.0
21.8923,0.0,0.0,-0.7504915783575618,0.0,0.0
21.9024,0.0,0.0,-0.7504915783575618,0.0,0.0
21.9124,0.0,0.0,0.10471975511965978,0.0,0.0
21.9225,0.0,0.0,0.10471975511965978,0.0,0.0
21.9325,0.0,0.0,0.10471975511965978,0.0,0.0
21.9426,0.0,0.0,0.10471975511965978,0.0,0.0
21.9525,0.0,0.0,0.10471975511965978,0.0,0.0
21.9624,0.0,0.0,0.10471975511965978,0.0,0.0
21.9722,0.0,0.0,0.10471975511965978,0.0,0.0
21.9824,0.0,0.0,0.10471975511965978,0.0,0.0
21.9924,0.0,0.0,0.10471975511965978,0.0,0.0
22.0025,0.0,0.0,0.10471975511965978,0.0,0.0
22.0124,0.0,0.0,0.10471975511965978,0.0,0.0
22.0225,0.0,0.0,0.10471975511965978,0.0,0.0
22.0325,0.0,0.0,0.10471975511965978,0.0,0.0
22.0427,0.0,0.0,0.10471975511965978,0.0,0.0
22.0526,0.0,0.0,0.10471975511965978,0.0,0.0
22.0626,0.0,0.0,0.10471975511965978,0.0,0.0
22.0724,0.0,0.0,0.10471975511965978,0.0,0.0
22.0826,0.0,0.0,0.10471975511965978,0.0,0.0
22.0924,0.0,0.0,0.10471975511965978,0.0,0.0
22.1025,0.0,0.0,0.10471975511965978,0.0,0.0
22.1124,0.0,0.0,0.10471975511965978,0.0,0.0
22.1226,0.0,0.0,0.10471975511965978,0.0,0.0
22.1324,0.0,0.0,0.10471975511965978,0.0,0.0
22.1426,0.0,0.0,0.10471975511965978,0.0,0.0
22.1524,0.0,0.0,0.10471975511965978,0.0,0.0
22.1625,0.0,0.0,0.10471975511965978,0.0,0.0
22.1725,0.0,0.0,0.10471975511965978,0.0,0.0
22.1825,0.0,0.0,0.10471975511965978,0.0,0.0
22.1925,0.0,0.0,0.10471975511965978,0.0,0.0
22.2025,0.0,0.0,0.10471975511965978,0.0,0.0
22.2126,0.0,0.0,0.10471975511965978,0.0,0.0
22.2226,0.0,0.0,0.10471975511965978,0.0,0.0
22.2324,0.0,0.0,0.10471975511965978,0.0,0.0
22.2425,0.0,0.0,0.10471975511965978,0.0,0.0
22.2525,0.0,0.0,0.10471975511965978,0.0,0.0
22.2626,0.0,0.0,0.10471975511965978,0.0,0.0
22.2725,0.0,0.0,0.10471975511965978,0.0,0.0
22.2826,0.0,0.0,0.10471975511965978,0.0,0.0
22.2925,0.0,0.0,0.10471975511965978,0.0,0.0
22.3024,0.0,0.0,0.10471975511965978,0.0,0.0
22.3126,0.0,0.0,0.10471975511965978,0.0,0.0
22.3221,0.0,0.0,0.10471975511965978,0.0,0.0
22.3320,0.0,0.0,0.10471975511965978,0.0,0.0
22.3422,0.0,0.0,0.10471975511965978,0.0,0.0
22.3522,0.0,0.0,0.10471975511965978,0.0,0.0
22.3621,0.0,0.0,0.10471975511965978,0.0,0.0
22.3724,0.0,0.0,0.10471975511965978,0.0,0.0
22.3824,0.0,0.0,0.10471975511965978,0.0,0.0
22.3925,0.0,0.0,0.10471975511965978,0.0,0.0
22.4025,0.0,0.0,0.10471975511965978,0.0,0.0
22.4125,0.0,0.0,0.10471975511965978,0.0,0.0
22.4225,0.0,0.0,0.10471975511965978,0.0,0.0
22.4325,0.0,0.0,0.10471975511965978,0.0,0.0
22.4424,0.0,0.0,0.10471975511965978,0.0,0.0
22.4525,0.0,0.0,0.10471975511965978,0.0,0.0
22.4625,0.0,0.0,0.10471975511965978,0.0,0.0
22.4725,0.0,0.0,0.10471975511965978,0.0,0.0
22.4825,0.0,0.0,0.10471975511965978,0.0,0.0
22.4925,0.0,0.0,0.10471975511965978,0.0,0.0
22.5026,0.0,0.0,0.10471975511965978,0.0,0.0
22.5125,0.0,0.0,0.10471975511965978,0.0,0.0
22.5226,0.0,0.0,0.10471975511965978,0.0,0.0
22.5324,0.0,0.0,0.10471975511965978,0.0,0.0
22.5422,0.0,0.0,0.10471975511965978,0.0,0.0
22.5525,0.0,0.0,0.10471975511965978,0.0,0.0
22.5625,0.0,0.0,0.10471975511965978,0.0,0.0
22.5724,0.0,0.0,0.10471975511965978,0.0,0.0
22.5824,0.0,0.0,0.10471975511965978,0.0,0.0
22.5926,0.0,0.0,0.10471975511965978,0.0,0.0
22.6027,0.0,0.0,0.10471975511965978,0.0,0.0
22.6126,0.0,0.0,0.10471975511965978,0.0,0.0
22.6227,0.0,0.0,0.10471975511965978,0.0,0.0
22.6325,0.0,0.0,0.10471975511965978,0.0,0.0
22.6427,0.0,0.0,0.10471975511965978,0.0,0.0
22.6525,0.0,0.0,0.10471975511965978,0.0,0.0
22.6626,0.0,0.0,0.10471975511965978,0.0,0.0
22.6725,0.0,0.0,0.10471975511965978,0.0,0.0
22.6826,0.0,0.0,0.10471975511965978,0.0,0.0
22.6926,0.0,0.0,0.10471975511965978,0.0,0.0
22.7026,0.0,0.0,0.10471975511965978,0.0,0.0
22.7126,0.0,0.0,0.10471975511965978,0.0,0.0
22.7226,0.0,0.0,0.10471975511965978,0.0,0.0
22.7325,0.0,0.0,0.10471975511965978,0.0,0.0
22.7427,0.0,0.0,0.10471975511965978,0.0,0.0
22.7525,0.0,0.0,0.10471975511965978,0.0,0.0
22.7627,0.0,0.0,0.10471975511965978,0.0,0.0
22.7725,0.0,0.0,0.10471975511965978,0.0,0.0
22.7827,0.0,0.0,0.10471975511965978,0.0,0.0
22.7925,0.0,0.0,0.10471975511965978,0.0,0.0
22.8026,0.0,0.0,0.10471975511965978,0.0,0.0
22.8125,0.0,0.0,0.10471975511965978,0.0,0.0
22.8226,0.0,0.0,0.10471975511965978,0.0,0.0
22.8324,0.0,0.0,0.10471975511965978,0.0,0.0
22.8426,0.0,0.0,0.10471975511965978,0.0,0.0
22.8525,0.0,0.0,0.10471975511965978,0.0,0.0
22.8625,0.0,0.0,0.10471975511965978,0.0,0.0
22.8724,0.0,0.0,0.10471975511965978,0.0,0.0
22.8825,0.0,0.0,0.10471975511965978,0.0,0.0
22.8924,0.0,0.0,0.10471975511965978,0.0,0.0
22.9024,0.0,0.0,0.10471975511965978,0.0,0.0
22.9124,0.0,0.0,0.10471975511965978,0.0,0.0
22.9224,0.0,0.0,0.10471975511965978,0.0,0.0
22.9324,0.0,0.0,0.10471975511965978,0.0,0.0
22.9426,0.0,0.0,0.10471975511965978,0.0,0.0
22.9524,0.0,0.0,0.10471975511965978,0.0,0.0
22.9624,0.0,0.0,0.10471975511965978,0.0,0.0
22.9724,0.0,0.0,0.10471975511965978,0.0,0.0
22.9826,0.0,0.0,0.10471975511965978,0.0,0.0
22.9924,0.0,0.0,0.10471975511965978,0.0,0.0
23.0023,0.0,0.0,0.10471975511965978,0.0,0.0
23.0126,0.0,0.0,0.10471975511965978,0.0,0.0
23.0225,0.0,0.0,0.10471975511965978,0.0,0.0
23.0324,0.0,0.0,0.10471975511965978,0.0,0.0
23.0425,0.0,0.0,0.10471975511965978,0.0,0.0
23.0524,0.0,0.0,0.10471975511965978,0.0,0.0
23.0626,0.0,0.0,0.10471975511965978,0.0,0.0
23.0724,0.0,0.0,0.10471975511965978,0.0,0.0
23.0826,0.0,0.0,0.10471975511965978,0.0,0.0
23.0924,0.0,0.0,0.10471975511965978,0.0,0.0
23.1023,0.0,0.0,0.10471975511965978,0.0,0.0
23.1124,0.0,0.0,0.10471975511965978,0.0,0.0
23.1225,0.0,0.0,0.10471975511965978,0.0,0.0
23.1325,0.0,0.0,0.10471975511965978,0.0,0.0
23.1424,0.0,0.0,0.10471975511965978,0.0,0.0
23.1525,0.0,0.0,0.10471975511965978,0.0,0.0
23.1625,0.0,0.0,0.10471975511965978,0.0,0.0
23.1725,0.0,0.0,0.10471975511965978,0.0,0.0
23.1827,0.0,0.0,0.10471975511965978,0.0,0.0
23.1925,0.0,0.0,0.10471975511965978,0.0,0.0
23.2027,0.0,0.0,0.10471975511965978,0.0,0.0
23.2125,0.0,0.0,0.10471975511965978,0.0,0.0
23.2224,0.0,0.0,0.10471975511965978,0.0,0.0
23.2325,0.0,0.0,0.10471975511965978,0.0,0.0
23.2426,0.0,0.0,0.10471975511965978,0.0,0.0
23.2525,0.0,0.0,0.10471975511965978,0.0,0.0
23.2626,0.0,0.0,0.10471975511965978,0.0,0.0
23.2725,0.0,0.0,0.10471975511965978,0.0,0.0
23.2827,0.0,0.0,0.10471975511965978,0.0,0.0
23.2925,0.0,0.0,0.10471975511965978,0.0,0.0
23.3027,0.0,0.0,0.10471975511965978,0.0,0.0
23.3125,0.0,0.0,0.10471975511965978,0.0,0.0
23.3221,0.0,0.0,0.10471975511965978,0.0,0.0
23.3319,0.0,0.0,0.10471975511965978,0.0,0.0
23.3423,0.0,0.0,0.10471975511965978,0.0,0.0
23.3521,0.0,0.0,0.10471975511965978,0.0,0.0
23.3622,0.0,0.0,0.10471975511965978,0.0,0.0
23.3723,0.0,0.0,0.10471975511965978,0.0,0.0
23.3825,0.0,0.0,0.10471975511965978,0.0,0.0
23.3924,0.0,0.0,0.10471975511965978,0.0,0.0
23.4026,0.0,0.0,0.10471975511965978,0.0,0.0
23.4124,0.0,0.0,0.9599310885968813,0.0,0.0
23.4226,0.0,0.0,0.9599310885968813,0.0,0.0
23.4325,0.0,0.0,0.9599310885968813,0.0,0.0
23.4425,0.0,0.0,0.9599310885968813,0.0,0.0
23.4523,0.0,0.0,0.9599310885968813,0.0,0.0
23.4625,0.0,0.0,0.9599310885968813,0.0,0.0
23.4724,0.0,0.0,0.9599310885968813,0.0,0.0
23.4825,0.0,0.0,0.9599310885968813,0.0,0.0
23.4924,0.0,0.0,0.9599310885968813,0.0,0.0
23.5025,0.0,0.0,0.9599310885968813,0.0,0.0
23.5124,0.0,0.0,0.9599310885968813,0.0,0.0
23.5226,0.0,0.0,0.9599310885968813,0.0,0.0
23.5326,0.0,0.0,0.9599310885968813,0.0,0.0
23.5425,0.0,0.0,0.9599310885968813,0.0,0.0
23.5523,0.0,0.0,0.9599310885968813,0.0,0.0
23.5624,0.0,0.0,0.9599310885968813,0.0,0.0
23.5724,0.0,0.0,0.9599310885968813,0.0,0.0
23.5826,0.0,0.0,0.9599310885968813,0.0,0.0
23.5925,0.0,0.0,0.9599310885968813,0.0,0.0
23.6024,0.0,0.0,0.9599310885968813,0.0,0.0
23.6124,0.0,0.0,0.9599310885968813,0.0,0.0
23.6226,0.0,0.0,0.9599310885968813,0.0,0.0
23.6324,0.0,0.0,0.9599310885968813,0.0,0.0
23.6426,0.0,0.0,0.9599310885968813,0.0,0.0
23.6524,0.0,0.0,0.9599310885968813,0.0,0.0
23.6624,0.0,0.0,0.9599310885968813,0.0,0.0
23.6723,0.0,0.0,0.9599310885968813,0.0,0.0
23.6824,0.0,0.0,0.9599310885968813,0.0,0.0
23.6924,0.0,0.0,0.9599310885968813,0.0,0.0
23.7024,0.0,0.0,0.9599310885968813,0.0,0.0
23.7122,0.0,0.0,0.9599310885968813,0.0,0.0
23.7224,0.0,0.0,0.9599310885968813,0.0,0.0
23.7324,0.0,0.0,0.9599310885968813,0.0,0.0
23.7426,0.0,0.0,0.9599310885968813,0.0,0.0
23.7524,0.0,0.0,0.9599310885968813,0.0,0.0
23.7625,0.0,0.0,0.9599310885968813,0.0,0.0
23.7723,0.0,0.0,0.9599310885968813,0.0,0.0
23.7824,0.0,0.0,0.9599310885968813,0.0,0.0
23.7924,0.0,0.0,0.9599310885968813,0.0,0.0
23.8023,0.0,0.0,0.9599310885968813,0.0,0.0
23.8124,0.0,0.0,0.9599310885968813,0.0,0.0
23.8225,0.0,0.0,0.9599310885968813,0.0,0.0
23.8321,0.0,0.0,0.9599310885968813,0.0,0.0
23.8426,0.0,0.0,0.9599310885968813,0.0,0.0
23.8526,0.0,0.0,0.9599310885968813,0.0,0.0
23.8626,0.0,0.0,0.9599310885968813,0.0,0.0
23.8726,0.0,0.0,0.9599310885968813,0.0,0.0
23.8821,0.0,0.0,0.9599310885968813,0.0,0.0
23.8926,0.0,0.0,0.9599310885968813,0.0,0.0
23.9027,0.0,0.0,0.9599310885968813,0.0,0.0
23.9127,0.0,0.0,0.9599310885968813,0.0,0.0
23.9226,0.0,0.0,0.9599310885968813,0.0,0.0
23.9325,0.0,0.0,0.9599310885968813,0.0,0.0
23.9426,0.0,0.0,0.9599310885968813,0.0,0.0
23.9525,0.0,0.0,0.9599310885968813,0.0,0.0
23.9626,0.0,0.0,0.9599310885968813,0.0,0.0
23.9724,0.0,0.0,0.9599310885968813,0.0,0.0
23.9824,0.0,0.0,0.9599310885968813,0.0,0.0
23.9924,0.0,0.0,0.9599310885968813,0.0,0.0
24.0024,0.0,0.0,0.9599310885968813,0.0,0.0
24.0126,0.0,0.0,0.9599310885968813,0.0,0.0
24.0225,0.0,0.0,0.9599310885968813,0.0,0.0
24.0325,0.0,0.0,0.9599310885968813,0.0,0.0
24.0425,0.0,0.0,0.9599310885968813,0.0,0.0
24.0525,0.0,0.0,0.9599310885968813,0.0,0.0
24.0626,0.0,0.0,0.9599310885968813,0.0,0.0
24.0725,0.0,0.0,0.9599310885968813,0.0,0.0
24.0826,0.0,0.0,0.9599310885968813,0.0,0.0
24.0925,0.0,0.0,0.9599310885968813,0.0,0.0
24.1024,0.0,0.0,0.9599310885968813,0.0,0.0
24.1124,0.0,0.0,0.9599310885968813,0.0,0.0
24.1224,0.0,0.0,0.9599310885968813,0.0,0.0
24.1323,0.0,0.0,0.9599310885968813,0.0,0.0
24.1423,0.0,0.0,0.9599310885968813,0.0,0.0
24.1524,0.0,0.0,0.9599310885968813,0.0,0.0
24.1623,0.0,0.0,0.9599310885968813,0.0,0.0
24.1724,0.0,0.0,0.9599310885968813,0.0,0.0
24.1824,0.0,0.0,0.9599310885968813,0.0,0.0
24.1924,0.0,0.0,0.9599310885968813,0.0,0.0
24.2026,0.0,0.0,0.9599310885968813,0.0,0.0
24.2124,0.0,0.0,0.9599310885968813,0.0,0.0
24.2228,0.0,0.0,0.9599310885968813,0.0,0.0
24.2323,0.0,0.0,0.9599310885968813,0.0,0.0
24.2424,0.0,0.0,0.9599310885968813,0.0,0.0
24.2528,0.0,0.0,0.9599310885968813,0.0,0.0
24.2625,0.0,0.0,0.9599310885968813,0.0,0.0
24.2723,0.0,0.0,0.9599310885968813,0.0,0.0
24.2825,0.0,0.0,0.9599310885968813,0.0,0.0
24.2924,0.0,0.0,0.9599310885968813,0.0,0.0
24.3025,0.0,0.0,0.9599310885968813,0.0,0.0
24.3123,0.0,0.0,0.9599310885968813,0.0,0.0
24.3220,0.0,0.0,0.9599310885968813,0.0,0.0
24.3318,0.0,0.0,0.9599310885968813,0.0,0.0
24.3418,0.0,0.0,0.9599310885968813,0.0,0.0
24.3523,0.0,0.0,0.9599310885968813,0.0,0.0
24.3625,0.0,0.0,0.9599310885968813,0.0,0.0
24.3720,0.0,0.0,0.9599310885968813,0.0,0.0
24.3821,0.0,0.0,0.9599310885968813,0.0,0.0
24.3921,0.0,0.0,0.9599310885968813,0.0,0.0
24.4023,0.0,0.0,0.9599310885968813,0.0,0.0
24.4121,0.0,0.0,0.9599310885968813,0.0,0.0
24.4224,0.0,0.0,0.9599310885968813,0.0,0.0
24.4324,0.0,0.0,0.9599310885968813,0.0,0.0
24.4423,0.0,0.0,0.9599310885968813,0.0,0.0
24.4523,0.0,0.0,0.9599310885968813,0.0,0.0
24.4627,0.0,0.0,0.9599310885968813,0.0,0.0
24.4724,0.0,0.0,0.9599310885968813,0.0,0.0
24.4824,0.0,0.0,0.9599310885968813,0.0,0.0
24.4925,0.0,0.0,0.9599310885968813,0.0,0.0
24.5026,0.0,0.0,0.9599310885968813,0.0,0.0
24.5125,0.0,0.0,0.9599310885968813,0.0,0.0
24.5228,0.0,0.0,0.9599310885968813,0.0,0.0
24.5325,0.0,0.0,0.9599310885968813,0.0,0.0
24.5428,0.0,0.0,0.9599310885968813,0.0,0.0
24.5524,0.0,0.0,0.9599310885968813,0.0,0.0
24.5624,0.0,0.0,0.9599310885968813,0.0,0.0
24.5724,0.0,0.0,0.9599310885968813,0.0,0.0
24.5826,0.0,0.0,0.9599310885968813,0.0,0.0
24.5925,0.0,0.0,0.9599310885968813,0.0,0.0
24.6024,0.0,0.0,0.9599310885968813,0.0,0.0
24.6123,0.0,0.0,0.9599310885968813,0.0,0.0
24.6225,0.0,0.0,0.9599310885968813,0.0,0.0
24.6324,0.0,0.0,0.9599310885968813,0.0,0.0
24.6425,0.0,0.0,0.9599310885968813,0.0,0.0
24.6524,0.0,0.0,0.9599310885968813,0.0,0.0
24.6625,0.0,0.0,0.9599310885968813,0.0,0.0
24.6723,0.0,0.0,0.9599310885968813,0.0,0.0
24.6825,0.0,0.0,0.9599310885968813,0.0,0.0
24.6929,0.0,0.0,0.9599310885968813,0.0,0.0
24.7026,0.0,0.0,0.9599310885968813,0.0,0.0
24.7125,0.0,0.0,0.9599310885968813,0.0,0.0
24.7226,0.0,0.0,0.9599310885968813,0.0,0.0
24.7325,0.0,0.0,0.9599310885968813,0.0,0.0
24.7426,0.0,0.0,0.9599310885968813,0.0,0.0
24.7524,0.0,0.0,0.9599310885968813,0.0,0.0
24.7626,0.0,0.0,0.9599310885968813,0.0,0.0
24.7725,0.0,0.0,0.9599310885968813,0.0,0.0
24.7825,0.0,0.0,0.9599310885968813,0.0,0.0
24.7924,0.0,0.0,0.9599310885968813,0.0,0.0
24.8024,0.0,0.0,0.9599310885968813,0.0,0.0
24.8124,0.0,0.0,0.9599310885968813,0.0,0.0
24.8225,0.0,0.0,0.9599310885968813,0.0,0.0
24.8327,0.0,0.0,0.9599310885968813,0.0,0.0
24.8426,0.0,0.0,0.9599310885968813,0.0,0.0
24.8525,0.0,0.0,0.9599310885968813,0.0,0.0
24.8626,0.0,0.0,0.9599310885968813,0.0,0.0
24.8724,0.0,0.0,0.9599310885968813,0.0,0.0
24.8825,0.0,0.0,0.9599310885968813,0.0,0.0
24.8924,0.0,0.0,0.9599310885968813,0.0,0.0
24.9028,0.0,0.0,0.9599310885968813,0.0,0.0
24.9123,0.0,0.0,1.8151424220741028,0.0,0.0
24.9225,0.0,0.0,1.8151424220741028,0.0,0.0
24.9325,0.0,0.0,1.8151424220741028,0.0,0.0
24.9426,0.0,0.0,1.8151424220741028,0.0,0.0
24.9525,0.0,0.0,1.8151424220741028,0.0,0.0
24.9627,0.0,0.0,1.8151424220741028,0.0,0.0
24.9720,0.0,0.0,1.8151424220741028,0.0,0.0
24.9825,0.0,0.0,1.8151424220741028,0.0,0.0
24.9924,0.0,0.0,1.8151424220741028,0.0,0.0
25.0025,0.0,0.0,1.8151424220741028,0.0,0.0
25.0123,0.0,0.0,1.8151424220741028,0.0,0.0
25.0222,0.0,0.0,1.8151424220741028,0.0,0.0
25.0323,0.0,0.0,1.8151424220741028,0.0,0.0
25.0425,0.0,0.0,1.8151424220741028,0.0,0.0
25.0523,0.0,0.0,1.8151424220741028,0.0,0.0
25.0625,0.0,0.0,1.8151424220741028,0.0,0.0
25.0725,0.0,0.0,1.8151424220741028,0.0,0.0
25.0826,0.0,0.0,1.8151424220741028,0.0,0.0
25.0925,0.0,0.0,1.8151424220741028,0.0,0.0
25.1026,0.0,0.0,1.8151424220741028,0.0,0.0
25.1126,0.0,0.0,1.8151424220741028,0.0,0.0
25.1224,0.0,0.0,1.8151424220741028,0.0,0.0
25.1326,0.0,0.0,1.8151424220741028,0.0,0.0
25.1425,0.0,0.0,1.8151424220741028,0.0,0.0
25.1527,0.0,0.0,1.8151424220741028,0.0,0.0
25.1627,0.0,0.0,1.8151424220741028,0.0,0.0
25.1726,0.0,0.0,1.8151424220741028,0.0,0.0
25.1827,0.0,0.0,1.8151424220741028,0.0,0.0
25.1927,0.0,0.0,1.8151424220741028,0.0,0.0
25.2027,0.0,0.0,1.8151424220741028,0.0,0.0
25.2127,0.0,0.0,1.8151424220741028,0.0,0.0
25.2226,0.0,0.0,1.8151424220741028,0.0,0.0
25.2324,0.0,0.0,1.8151424220741028,0.0,0.0
25.2426,0.0,0.0,1.8151424220741028,0.0,0.0
25.2526,0.0,0.0,1.8151424220741028,0.0,0.0
25.2639,0.0,0.0,1.8151424220741028,0.0,0.0
25.2725,0.0,0.0,1.8151424220741028,0.0,0.0
25.2827,0.0,0.0,1.8151424220741028,0.0,0.0
25.2928,0.0,0.0,1.8151424220741028,0.0,0.0
25.3026,0.0,0.0,1.8151424220741028,0.0,0.0
25.3125,0.0,0.0,1.8151424220741028,0.0,0.0
25.3223,0.0,0.0,1.8151424220741028,0.0,0.0
25.3321,0.0,0.0,1.8151424220741028,0.0,0.0
25.3420,0.0,0.0,1.8151424220741028,0.0,0.0
25.3519,0.0,0.0,1.8151424220741028,0.0,0.0
25.3621,0.0,0.0,1.8151424220741028,0.0,0.0
25.3723,0.0,0.0,1.8151424220741028,0.0,0.0
25.3824,0.0,0.0,1.8151424220741028,0.0,0.0
25.3924,0.0,0.0,1.8151424220741028,0.0,0.0
25.4026,0.0,0.0,1.8151424220741028,0.0,0.0
25.4126,0.0,0.0,1.8151424220741028,0.0,0.0
25.4225,0.0,0.0,1.8151424220741028,0.0,0.0
25.4323,0.0,0.0,1.8151424220741028,0.0,0.0
25.4426,0.0,0.0,1.8151424220741028,0.0,0.0
25.4526,0.0,0.0,1.8151424220741028,0.0,0.0
25.4626,0.0,0.0,1.8151424220741028,0.0,0.0
25.4725,0.0,0.0,1.8151424220741028,0.0,0.0
25.4826,0.0,0.0,1.8151424220741028,0.0,0.0
25.4925,0.0,0.0,1.8151424220741028,0.0,0.0
25.5026,0.0,0.0,1.8151424220741028,0.0,0.0
25.5125,0.0,0.0,1.8151424220741028,0.0,0.0
25.5227,0.0,0.0,1.8151424220741028,0.0,0.0
25.5326,0.0,0.0,1.8151424220741028,0.0,0.0
25.5427,0.0,0.0,1.8151424220741028,0.0,0.0
25.5525,0.0,0.0,1.8151424220741028,0.0,0.0
25.5626,0.0,0.0,1.8151424220741028,0.0,0.0
25.5726,0.0,0.0,1.8151424220741028,0.0,0.0
25.5826,0.0,0.0,1.8151424220741028,0.0,0.0
25.5928,0.0,0.0,1.8151424220741028,0.0,0.0
25.6027,0.0,0.0,1.8151424220741028,0.0,0.0
25.6127,0.0,0.0,1.8151424220741028,0.0,0.0
25.6226,0.0,0.0,1.8151424220741028,0.0,0.0
25.6326,0.0,0.0,1.8151424220741028,0.0,0.0
25.6427,0.0,0.0,1.8151424220741028,0.0,0.0
25.6526,0.0,0.0,1.8151424220741028,0.0,0.0
25.6626,0.0,0.0,1.8151424220741028,0.0,0.0
25.6724,0.0,0.0,1.8151424220741028,0.0,0.0
25.6823,0.0,0.0,1.8151424220741028,0.0,0.0
25.6921,0.0,0.0,1.8151424220741028,0.0,0.0
25.7023,0.0,0.0,1.8151424220741028,0.0,0.0
25.7127,0.0,0.0,1.8151424220741028,0.0,0.0
25.7223,0.0,0.0,1.8151424220741028,0.0,0.0
25.7324,0.0,0.0,1.8151424220741028,0.0,0.0
25.7425,0.0,0.0,1.8151424220741028,0.0,0.0
25.7524,0.0,0.0,1.8151424220741028,0.0,0.0
25.7625,0.0,0.0,1.8151424220741028,0.0,0.0
25.7724,0.0,0.0,1.8151424220741028,0.0,0.0
25.7824,0.0,0.0,1.8151424220741028,0.0,0.0
25.7923,0.0,0.0,1.8151424220741028,0.0,0.0
25.8024,0.0,0.0,1.8151424220741028,0.0,0.0
25.8123,0.0,0.0,1.8151424220741028,0.0,0.0
25.8224,0.0,0.0,1.8151424220741028,0.0,0.0
25.8323,0.0,0.0,1.8151424220741028,0.0,0.0
25.8424,0.0,0.0,1.8151424220741028,0.0,0.0
25.8525,0.0,0.0,1.8151424220741028,0.0,0.0
25.8625,0.0,0.0,1.8151424220741028,0.0,0.0
25.8724,0.0,0.0,1.8151424220741028,0.0,0.0
25.8827,0.0,0.0,1.8151424220741028,0.0,0.0
25.8924,0.0,0.0,1.8151424220741028,0.0,0.0
25.9025,0.0,0.0,1.8151424220741028,0.0,0.0
25.9125,0.0,0.0,1.8151424220741028,0.0,0.0
25.9226,0.0,0.0,1.8151424220741028,0.0,0.0
25.9325,0.0,0.0,1.8151424220741028,0.0,0.0
25.9426,0.0,0.0,1.8151424220741028,0.0,0.0
25.9525,0.0,0.0,1.8151424220741028,0.0,0.0
25.9626,0.0,0.0,1.8151424220741028,0.0,0.0
25.9725,0.0,0.0,1.8151424220741028,0.0,0.0
25.9825,0.0,0.0,1.8151424220741028,0.0,0.0
25.9926,0.0,0.0,1.8151424220741028,0.0,0.0
26.0025,0.0,0.0,1.8151424220741028,0.0,0.0
26.0123,0.0,0.0,1.8151424220741028,0.0,0.0
26.0224,0.0,0.0,1.8151424220741028,0.0,0.0
26.0326,0.0,0.0,1.8151424220741028,0.0,0.0
26.0425,0.0,0.0,1.8151424220741028,0.0,0.0
26.0524,0.0,0.0,1.8151424220741028,0.0,0.0
26.0625,0.0,0.0,1.8151424220741028,0.0,0.0
26.0724,0.0,0.0,1.8151424220741028,0.0,0.0
26.0825,0.0,0.0,1.8151424220741028,0.0,0.0
26.0925,0.0,0.0,1.8151424220741028,0.0,0.0
26.1025,0.0,0.0,1.8151424220741028,0.0,0.0
26.1125,0.0,0.0,1.8151424220741028,0.0,0.0
26.1226,0.0,0.0,1.8151424220741028,0.0,0.0
26.1324,0.0,0.0,1.8151424220741028,0.0,0.0
26.1424,0.0,0.0,1.8151424220741028,0.0,0.0
26.1523,0.0,0.0,1.8151424220741028,0.0,0.0
26.1624,0.0,0.0,1.8151424220741028,0.0,0.0
26.1724,0.0,0.0,1.8151424220741028,0.0,0.0
26.1824,0.0,0.0,1.8151424220741028,0.0,0.0
26.1924,0.0,0.0,1.8151424220741028,0.0,0.0
26.2026,0.0,0.0,1.8151424220741028,0.0,0.0
26.2125,0.0,0.0,1.8151424220741028,0.0,0.0
26.2227,0.0,0.0,1.8151424220741028,0.0,0.0
26.2323,0.0,0.0,1.8151424220741028,0.0,0.0
26.2424,0.0,0.0,1.8151424220741028,0.0,0.0
26.2523,0.0,0.0,1.8151424220741028,0.0,0.0
26.2624,0.0,0.0,1.8151424220741028,0.0,0.0
26.2723,0.0,0.0,1.8151424220741028,0.0,0.0
26.2824,0.0,0.0,1.8151424220741028,0.0,0.0
26.2923,0.0,0.0,1.8151424220741028,0.0,0.0
26.3025,0.0,0.0,1.8151424220741028,0.0,0.0
26.3124,0.0,0.0,1.8151424220741028,0.0,0.0
26.3221,0.0,0.0,1.8151424220741028,0.0,0.0
26.3319,0.0,0.0,1.8151424220741028,0.0,0.0
26.3421,0.0,0.0,1.8151424220741028,0.0,0.0
26.3523,0.0,0.0,1.8151424220741028,0.0,0.0
26.3624,0.0,0.0,1.8151424220741028,0.0,0.0
26.3720,0.0,0.0,1.8151424220741028,0.0,0.0
26.3822,0.0,0.0,1.8151424220741028,0.0,0.0
26.3924,0.0,0.0,1.8151424220741028,0.0,0.0
26.4025,0.0,0.0,1.8151424220741028,0.0,0.0
26.4125,0.0,0.0,0.0,0.0,0.0
26.4226,0.0,0.0,0.0,0.0,0.0
26.4324,0.0,0.0,0.0,0.0,0.0
26.4426,0.0,0.0,0.0,0.0,0.0
26.4525,0.0,0.0,0.0,0.0,0.0
26.4626,0.0,0.0,0.0,0.0,0.0
26.4725,0.0,0.0,0.0,0.0,0.0
26.4825,0.0,0.0,0.0,0.0,0.0
26.4925,0.0,0.0,0.0,0.0,0.0
26.5023,0.0,0.0,0.0,0.0,0.0
26.5124,0.0,0.0,0.0,0.0,0.0
26.5222,0.0,0.0,0.0,0.0,0.0
26.5328,0.0,0.0,0.0,0.0,0.0
26.5425,0.0,0.0,0.0,0.0,0.0
26.5526,0.0,0.0,0.0,0.0,0.0
26.5625,0.0,0.0,0.0,0.0,0.0
26.5725,0.0,0.0,0.0,0.0,0.0
26.5826,0.0,0.0,0.0,0.0,0.0
26.5925,0.0,0.0,0.0,0.0,0.0
26.6026,0.0,0.0,0.0,0.0,0.0
26.6126,0.0,0.0,0.0,0.0,0.0
26.6226,0.0,0.0,0.0,0.0,0.0
26.6326,0.0,0.0,0.0,0.0,0.0
26.6426,0.0,0.0,0.0,0.0,0.0
26.6525,0.0,0.0,0.0,0.0,0.0
26.6625,0.0,0.0,0.0,0.0,0.0
26.6726,0.0,0.0,0.0,0.0,0.0
26.6826,0.0,0.0,0.0,0.0,0.0
26.6925,0.0,0.0,0.0,0.0,0.0
26.7025,0.0,0.0,0.0,0.0,0.0
26.7127,0.0,0.0,0.0,0.0,0.0
26.7225,0.0,0.0,0.0,0.0,0.0
26.7327,0.0,0.0,0.0,0.0,0.0
26.7426,0.0,0.0,0.0,0.0,0.0
26.7527,0.0,0.0,0.0,0.0,0.0
26.7627,0.0,0.0,0.0,0.0,0.0
26.7726,0.0,0.0,0.0,0.0,0.0
26.7827,0.0,0.0,0.0,0.0,0.0
26.7925,0.0,0.0,0.0,0.0,0.0
26.8024,0.0,0.0,0.0,0.0,0.0
26.8125,0.0,0.0,0.0,0.0,0.0
26.8226,0.0,0.0,0.0,0.0,0.0
26.8324,0.0,0.0,0.0,0.0,0.0
26.8427,0.0,0.0,0.0,0.0,0.0
26.8525,0.0,0.0,0.0,0.0,0.0
26.8625,0.0,0.0,0.0,0.0,0.0
26.8724,0.0,0.0,0.0,0.0,0.0
26.8825,0.0,0.0,0.0,0.0,0.0
26.8927,0.0,0.0,0.0,0.0,0.0
26.9025,0.0,0.0,0.0,0.0,0.0
26.9126,0.0,0.0,0.0,0.0,0.0
26.9226,0.0,0.0,0.0,0.0,0.0
26.9327,0.0,0.0,0.0,0.0,0.0
26.9426,0.0,0.0,0.0,0.0,0.0
26.9527,0.0,0.0,0.0,0.0,0.0
26.9627,0.0,0.0,0.0,0.0,0.0
26.9726,0.0,0.0,0.0,0.0,0.0
26.9825,0.0,0.0,0.0,0.0,0.0
26.9925,0.0,0.0,0.0,0.0,0.0
27.0027,0.0,0.0,0.0,0.0,0.0
27.0125,0.0,0.0,0.0,0.0,0.0
27.0227,0.0,0.0,0.0,0.0,0.0
27.0326,0.0,0.0,0.0,0.0,0.0
27.0426,0.0,0.0,0.0,0.0,0.0
27.0526,0.0,0.0,0.0,0.0,0.0
27.0626,0.0,0.0,0.0,0.0,0.0
27.0725,0.0,0.0,0.0,0.0,0.0
27.0826,0.0,0.0,0.0,0.0,0.0
27.0925,0.0,0.0,0.0,0.0,0.0
27.1026,0.0,0.0,0.0,0.0,0.0
27.1125,0.0,0.0,0.0,0.0,0.0
27.1226,0.0,0.0,0.0,0.0,0.0
27.1325,0.0,0.0,0.0,0.0,0.0
27.1426,0.0,0.0,0.0,0.0,0.0
27.1525,0.0,0.0,0.0,0.0,0.0
27.1626,0.0,0.0,0.0,-1.3264502315156905,0.0
27.1725,0.0,0.0,0.0,-1.3264502315156905,0.0
27.1826,0.0,0.0,0.0,-1.3264502315156905,0.0
27.1925,0.0,0.0,0.0,-1.3264502315156905,0.0
27.2027,0.0,0.0,0.0,-1.3264502315156905,0.0
27.2125,0.0,0.0,0.0,-1.3264502315156905,0.0
27.2226,0.0,0.0,0.0,-1.3264502315156905,0.0
27.2325,0.0,0.0,0.0,-1.3264502315156905,0.0
27.2425,0.0,0.0,0.0,-1.3264502315156905,0.0
27.2525,0.0,0.0,0.0,-1.3264502315156905,0.0
27.2624,0.0,0.0,0.0,-1.3264502315156905,0.0
27.2725,0.0,0.0,0.0,-1.3264502315156905,0.0
27.2824,0.0,0.0,0.0,-1.3264502315156905,0.0
27.2923,0.0,0.0,0.0,-1.3264502315156905,0.0
27.3023,0.0,0.0,0.0,-1.3264502315156905,0.0
27.3123,0.0,0.0,0.0,-1.3264502315156905,0.0
27.3222,0.0,0.0,0.0,-1.3264502315156905,0.0
27.3320,0.0,0.0,0.0,-1.3264502315156905,0.0
27.3421,0.0,0.0,0.0,-1.3264502315156905,0.0
27.3523,0.0,0.0,0.0,-1.3264502315156905,0.0
27.3624,0.0,0.0,0.0,-1.3264502315156905,0.0
27.3722,0.0,0.0,0.0,-1.3264502315156905,0.0
27.3824,0.0,0.0,0.0,-1.3264502315156905,0.0
27.3922,0.0,0.0,0.0,-1.3264502315156905,0.0
27.4025,0.0,0.0,0.0,-1.3264502315156905,0.0
27.4122,0.0,0.0,0.0,-1.3264502315156905,0.0
27.4225,0.0,0.0,0.0,-1.3264502315156905,0.0
27.4325,0.0,0.0,0.0,-1.3264502315156905,0.0
27.4424,0.0,0.0,0.0,-1.3264502315156905,0.0
27.4525,0.0,0.0,0.0,-1.3264502315156905,0.0
27.4624,0.0,0.0,0.0,-1.3264502315156905,0.0
27.4723,0.0,0.0,0.0,-1.3264502315156905,0.0
27.4823,0.0,0.0,0.0,-1.3264502315156905,0.0
27.4924,0.0,0.0,0.0,-1.3264502315156905,0.0
27.5023,0.0,0.0,0.0,-1.3264502315156905,0.0
27.5126,0.0,0.0,0.0,-1.3264502315156905,0.0
27.5226,0.0,0.0,0.0,-1.3264502315156905,0.0
27.5324,0.0,0.0,0.0,-1.3264502315156905,0.0
27.5426,0.0,0.0,0.0,-1.3264502315156905,0.0
27.5525,0.0,0.0,0.0,-1.3264502315156905,0.0
27.5626,0.0,0.0,0.0,-1.3264502315156905,0.0
27.5725,0.0,0.0,0.0,-1.3264502315156905,0.0
27.5825,0.0,0.0,0.0,-1.3264502315156905,0.0
27.5923,0.0,0.0,0.0,-1.3264502315156905,0.0
27.6024,0.0,0.0,0.0,-1.3264502315156905,0.0
27.6125,0.0,0.0,0.0,-1.3264502315156905,0.0
27.6224,0.0,0.0,0.0,-1.3264502315156905,0.0
27.6326,0.0,0.0,0.0,-1.3264502315156905,0.0
27.6424,0.0,0.0,0.0,-1.3264502315156905,0.0
27.6525,0.0,0.0,0.0,-1.3264502315156905,0.0
27.6624,0.0,0.0,0.0,-1.3264502315156905,0.0
27.6726,0.0,0.0,0.0,-1.3264502315156905,0.0
27.6825,0.0,0.0,0.0,-1.3264502315156905,0.0
27.6922,0.0,0.0,0.0,-1.3264502315156905,0.0
27.7026,0.0,0.0,0.0,-1.3264502315156905,0.0
27.7124,0.0,0.0,0.0,-1.3264502315156905,0.0
27.7226,0.0,0.0,0.0,-1.3264502315156905,0.0
27.7322,0.0,0.0,0.0,-1.3264502315156905,0.0
27.7426,0.0,0.0,0.0,-1.3264502315156905,0.0
27.7524,0.0,0.0,0.0,-1.3264502315156905,0.0
27.7625,0.0,0.0,0.0,-1.3264502315156905,0.0
27.7724,0.0,0.0,0.0,-1.3264502315156905,0.0
27.7826,0.0,0.0,0.0,-1.3264502315156905,0.0
27.7924,0.0,0.0,0.0,-1.3264502315156905,0.0
27.8024,0.0,0.0,0.0,-1.3264502315156905,0.0
27.8135,0.0,0.0,0.0,-1.3264502315156905,0.0
27.8224,0.0,0.0,0.0,-1.3264502315156905,0.0
27.8324,0.0,0.0,0.0,-1.3264502315156905,0.0
27.8424,0.0,0.0,0.0,-1.3264502315156905,0.0
27.8523,0.0,0.0,0.0,-1.3264502315156905,0.0
27.8626,0.0,0.0,0.0,-1.3264502315156905,0.0
27.8722,0.0,0.0,0.0,-1.3264502315156905,0.0
27.8826,0.0,0.0,0.0,-1.3264502315156905,0.0
27.8924,0.0,0.0,0.0,-1.3264502315156905,0.0
27.9025,0.0,0.0,0.0,-1.3264502315156905,0.0
27.9124,0.0,0.0,0.0,-1.3264502315156905,0.0
27.9223,0.0,0.0,0.0,-1.3264502315156905,0.0
27.9324,0.0,0.0,0.0,-1.3264502315156905,0.0
27.9424,0.0,0.0,0.0,-1.3264502315156905,0.0
27.9524,0.0,0.0,0.0,-1.3264502315156905,0.0
27.9623,0.0,0.0,0.0,-1.3264502315156905,0.0
27.9725,0.0,0.0,0.0,-1.3264502315156905,0.0
27.9826,0.0,0.0,0.0,-1.3264502315156905,0.0
27.9923,0.0,0.0,0.0,-1.3264502315156905,0.0
28.0025,0.0,0.0,0.0,-1.3264502315156905,0.0
28.0125,0.0,0.0,0.0,-1.3264502315156905,0.0
28.0224,0.0,0.0,0.0,-1.3264502315156905,0.0
28.0324,0.0,0.0,0.0,-1.3264502315156905,0.0
28.0426,0.0,0.0,0.0,-1.3264502315156905,0.0
28.0524,0.0,0.0,0.0,-1.3264502315156905,0.0
28.0624,0.0,0.0,0.0,-1.3264502315156905,0.0
28.0723,0.0,0.0,0.0,-1.3264502315156905,0.0
28.0826,0.0,0.0,0.0,-1.3264502315156905,0.0
28.0924,0.0,0.0,0.0,-1.3264502315156905,0.0
28.1026,0.0,0.0,0.0,-1.3264502315156905,0.0
28.1124,0.0,0.0,0.0,-1.3264502315156905,0.0
28.1226,0.0,0.0,0.0,-1.3264502315156905,0.0
28.1326,0.0,0.0,0.0,-1.3264502315156905,0.0
28.1425,0.0,0.0,0.0,-1.3264502315156905,0.0
28.1524,0.0,0.0,0.0,-1.3264502315156905,0.0
28.1625,0.0,0.0,0.0,-1.3264502315156905,0.0
28.1723,0.0,0.0,0.0,-1.3264502315156905,0.0
28.1826,0.0,0.0,0.0,-1.3264502315156905,0.0
28.1923,0.0,0.0,0.0,-1.3264502315156905,0.0
28.2026,0.0,0.0,0.0,-1.3264502315156905,0.0
28.2125,0.0,0.0,0.0,-1.3264502315156905,0.0
28.2226,0.0,0.0,0.0,-1.3264502315156905,0.0
28.2325,0.0,0.0,0.0,-1.3264502315156905,0.0
28.2426,0.0,0.0,0.0,-1.3264502315156905,0.0
28.2523,0.0,0.0,0.0,-1.3264502315156905,0.0
28.2628,0.0,0.0,0.0,-1.3264502315156905,0.0
28.2724,0.0,0.0,0.0,-1.3264502315156905,0.0
28.2826,0.0,0.0,0.0,-1.3264502315156905,0.0
28.2924,0.0,0.0,0.0,-1.3264502315156905,0.0
28.3030,0.0,0.0,0.0,-1.3264502315156905,0.0
28.3125,0.0,0.0,0.0,-1.3264502315156905,0.0
28.3222,0.0,0.0,0.0,-1.3264502315156905,0.0
28.3319,0.0,0.0,0.0,-1.3264502315156905,0.0
28.3421,0.0,0.0,0.0,-1.3264502315156905,0.0
28.3522,0.0,0.0,0.0,-1.3264502315156905,0.0
28.3626,0.0,0.0,0.0,-1.3264502315156905,0.0
28.3725,0.0,0.0,0.0,-1.3264502315156905,0.0
28.3825,0.0,0.0,0.0,-1.3264502315156905,0.0
28.3926,0.0,0.0,0.0,-1.3264502315156905,0.0
28.4025,0.0,0.0,0.0,-1.3264502315156905,0.0
28.4126,0.0,0.0,0.0,-1.3264502315156905,0.0
28.4225,0.0,0.0,0.0,-1.3264502315156905,0.0
28.4325,0.0,0.0,0.0,-1.3264502315156905,0.0
28.4427,0.0,0.0,0.0,-1.3264502315156905,0.0
28.4526,0.0,0.0,0.0,-1.3264502315156905,0.0
28.4627,0.0,0.0,0.0,-1.3264502315156905,0.0
28.4725,0.0,0.0,0.0,-1.3264502315156905,0.0
28.4824,0.0,0.0,0.0,-1.3264502315156905,0.0
28.4925,0.0,0.0,0.0,-1.3264502315156905,0.0
28.5025,0.0,0.0,0.0,-1.3264502315156905,0.0
28.5125,0.0,0.0,0.0,-1.3264502315156905,0.0
28.5224,0.0,0.0,0.0,-1.3264502315156905,0.0
28.5325,0.0,0.0,0.0,-1.3264502315156905,0.0
28.5424,0.0,0.0,0.0,-1.3264502315156905,0.0
28.5524,0.0,0.0,0.0,-1.3264502315156905,0.0
28.5624,0.0,0.0,0.0,-1.3264502315156905,0.0
28.5724,0.0,0.0,0.0,-1.3264502315156905,0.0
28.5824,0.0,0.0,0.0,-1.3264502315156905,0.0
28.5924,0.0,0.0,0.0,-1.3264502315156905,0.0
28.6024,0.0,0.0,0.0,-1.3264502315156905,0.0
28.6124,0.0,0.0,0.0,-1.3264502315156905,0.0
28.6226,0.0,0.0,0.0,-1.3264502315156905,0.0
28.6324,0.0,0.0,0.0,-1.3264502315156905,0.0
28.6425,0.0,0.0,0.0,-1.3264502315156905,0.0
28.6524,0.0,0.0,0.0,-1.3264502315156905,0.0
28.6626,0.0,0.0,0.0,-0.6632251157578453,0.0
28.6724,0.0,0.0,0.0,-0.6632251157578453,0.0
28.6825,0.0,0.0,0.0,-0.6632251157578453,0.0
28.6925,0.0,0.0,0.0,-0.6632251157578453,0.0
28.7024,0.0,0.0,0.0,-0.6632251157578453,0.0
28.7124,0.0,0.0,0.0,-0.6632251157578453,0.0
28.7225,0.0,0.0,0.0,-0.6632251157578453,0.0
28.7324,0.0,0.0,0.0,-0.6632251157578453,0.0
28.7425,0.0,0.0,0.0,-0.6632251157578453,0.0
28.7524,0.0,0.0,0.0,-0.6632251157578453,0.0
28.7625,0.0,0.0,0.0,-0.6632251157578453,0.0
28.7724,0.0,0.0,0.0,-0.6632251157578453,0.0
28.7824,0.0,0.0,0.0,-0.6632251157578453,0.0
28.7924,0.0,0.0,0.0,-0.6632251157578453,0.0
28.8025,0.0,0.0,0.0,-0.6632251157578453,0.0
28.8124,0.0,0.0,0.0,-0.6632251157578453,0.0
28.8225,0.0,0.0,0.0,-0.6632251157578453,0.0
28.8325,0.0,0.0,0.0,-0.6632251157578453,0.0
28.8425,0.0,0.0,0.0,-0.6632251157578453,0.0
28.8524,0.0,0.0,0.0,-0.6632251157578453,0.0
28.8625,0.0,0.0,0.0,-0.6632251157578453,0.0
28.8725,0.0,0.0,0.0,-0.6632251157578453,0.0
28.8825,0.0,0.0,0.0,-0.6632251157578453,0.0
28.8924,0.0,0.0,0.0,-0.6632251157578453,0.0
28.9024,0.0,0.0,0.0,-0.6632251157578453,0.0
28.9126,0.0,0.0,0.0,-0.6632251157578453,0.0
28.9224,0.0,0.0,0.0,-0.6632251157578453,0.0
28.9326,0.0,0.0,0.0,-0.6632251157578453,0.0
28.9425,0.0,0.0,0.0,-0.6632251157578453,0.0
28.9524,0.0,0.0,0.0,-0.6632251157578453,0.0
28.9625,0.0,0.0,0.0,-0.6632251157578453,0.0
28.9723,0.0,0.0,0.0,-0.6632251157578453,0.0
28.9824,0.0,0.0,0.0,-0.6632251157578453,0.0
28.9924,0.0,0.0,0.0,-0.6632251157578453,0.0
29.0024,0.0,0.0,0.0,-0.6632251157578453,0.0
29.0125,0.0,0.0,0.0,-0.6632251157578453,0.0
29.0227,0.0,0.0,0.0,-0.6632251157578453,0.0
29.0325,0.0,0.0,0.0,-0.6632251157578453,0.0
29.0424,0.0,0.0,0.0,-0.6632251157578453,0.0
29.0523,0.0,0.0,0.0,-0.6632251157578453,0.0
29.0624,0.0,0.0,0.0,-0.6632251157578453,0.0
29.0724,0.0,0.0,0.0,-0.6632251157578453,0.0
29.0824,0.0,0.0,0.0,-0.6632251157578453,0.0
29.0925,0.0,0.0,0.0,-0.6632251157578453,0.0
29.1025,0.0,0.0,0.0,-0.6632251157578453,0.0
29.1125,0.0,0.0,0.0,-0.6632251157578453,0.0
29.1225,0.0,0.0,0.0,-0.6632251157578453,0.0
29.1325,0.0,0.0,0.0,-0.6632251157578453,0.0
29.1424,0.0,0.0,0.0,-0.6632251157578453,0.0
29.1524,0.0,0.0,0.0,-0.6632251157578453,0.0
29.1624,0.0,0.0,0.0,-0.6632251157578453,0.0
29.1725,0.0,0.0,0.0,-0.6632251157578453,0.0
29.1824,0.0,0.0,0.0,-0.6632251157578453,0.0
29.1925,0.0,0.0,0.0,-0.6632251157578453,0.0
29.2024,0.0,0.0,0.0,-0.6632251157578453,0.0
29.2125,0.0,0.0,0.0,-0.6632251157578453,0.0
29.2224,0.0,0.0,0.0,-0.6632251157578453,0.0
29.2325,0.0,0.0,0.0,-0.6632251157578453,0.0
29.2424,0.0,0.0,0.0,-0.6632251157578453,0.0
29.2524,0.0,0.0,0.0,-0.6632251157578453,0.0
29.2627,0.0,0.0,0.0,-0.6632251157578453,0.0
29.2723,0.0,0.0,0.0,-0.6632251157578453,0.0
29.2826,0.0,0.0,0.0,-0.6632251157578453,0.0
29.2923,0.0,0.0,0.0,-0.6632251157578453,0.0
29.3025,0.0,0.0,0.0,-0.6632251157578453,0.0
29.3125,0.0,0.0,0.0,-0.6632251157578453,0.0
29.3226,0.0,0.0,0.0,-0.6632251157578453,0.0
29.3320,0.0,0.0,0.0,-0.6632251157578453,0.0
29.3421,0.0,0.0,0.0,-0.6632251157578453,0.0
29.3525,0.0,0.0,0.0,-0.6632251157578453,0.0
29.3625,0.0,0.0,0.0,-0.6632251157578453,0.0
29.3725,0.0,0.0,0.0,-0.6632251157578453,0.0
29.3825,0.0,0.0,0.0,-0.6632251157578453,0.0
29.3924,0.0,0.0,0.0,-0.6632251157578453,0.0
29.4025,0.0,0.0,0.0,-0.6632251157578453,0.0
29.4124,0.0,0.0,0.0,-0.6632251157578453,0.0
29.4225,0.0,0.0,0.0,-0.6632251157578453,0.0
29.4324,0.0,0.0,0.0,-0.6632251157578453,0.0
29.4424,0.0,0.0,0.0,-0.6632251157578453,0.0
29.4525,0.0,0.0,0.0,-0.6632251157578453,0.0
29.4626,0.0,0.0,0.0,-0.6632251157578453,0.0
29.4725,0.0,0.0,0.0,-0.6632251157578453,0.0
29.4824,0.0,0.0,0.0,-0.6632251157578453,0.0
29.4925,0.0,0.0,0.0,-0.6632251157578453,0.0
29.5024,0.0,0.0,0.0,-0.6632251157578453,0.0
29.5124,0.0,0.0,0.0,-0.6632251157578453,0.0
29.5224,0.0,0.0,0.0,-0.6632251157578453,0.0
29.5325,0.0,0.0,0.0,-0.6632251157578453,0.0
29.5424,0.0,0.0,0.0,-0.6632251157578453,0.0
29.5525,0.0,0.0,0.0,-0.6632251157578453,0.0
29.5625,0.0,0.0,0.0,-0.6632251157578453,0.0
29.5726,0.0,0.0,0.0,-0.6632251157578453,0.0
29.5824,0.0,0.0,0.0,-0.6632251157578453,0.0
29.5923,0.0,0.0,0.0,-0.6632251157578453,0.0
29.6026,0.0,0.0,0.0,-0.6632251157578453,0.0
29.6125,0.0,0.0,0.0,-0.6632251157578453,0.0
29.6224,0.0,0.0,0.0,-0.6632251157578453,0.0
29.6323,0.0,0.0,0.0,-0.6632251157578453,0.0
29.6426,0.0,0.0,0.0,-0.6632251157578453,0.0
29.6524,0.0,0.0,0.0,-0.6632251157578453,0.0
29.6626,0.0,0.0,0.0,-0.6632251157578453,0.0
29.6724,0.0,0.0,0.0,-0.6632251157578453,0.0
29.6826,0.0,0.0,0.0,-0.6632251157578453,0.0
29.6924,0.0,0.0,0.0,-0.6632251157578453,0.0
29.7025,0.0,0.0,0.0,-0.6632251157578453,0.0
29.7124,0.0,0.0,0.0,-0.6632251157578453,0.0
29.7223,0.0,0.0,0.0,-0.6632251157578453,0.0
29.7324,0.0,0.0,0.0,-0.6632251157578453,0.0
29.7426,0.0,0.0,0.0,-0.6632251157578453,0.0
29.7523,0.0,0.0,0.0,-0.6632251157578453,0.0
29.7626,0.0,0.0,0.0,-0.6632251157578453,0.0
29.7724,0.0,0.0,0.0,-0.6632251157578453,0.0
29.7826,0.0,0.0,0.0,-0.6632251157578453,0.0
29.7924,0.0,0.0,0.0,-0.6632251157578453,0.0
29.8026,0.0,0.0,0.0,-0.6632251157578453,0.0
29.8124,0.0,0.0,0.0,-0.6632251157578453,0.0
29.8223,0.0,0.0,0.0,-0.6632251157578453,0.0
29.8323,0.0,0.0,0.0,-0.6632251157578453,0.0
29.8425,0.0,0.0,0.0,-0.6632251157578453,0.0
29.8524,0.0,0.0,0.0,-0.6632251157578453,0.0
29.8625,0.0,0.0,0.0,-0.6632251157578453,0.0
29.8722,0.0,0.0,0.0,-0.6632251157578453,0.0
29.8824,0.0,0.0,0.0,-0.6632251157578453,0.0
29.8924,0.0,0.0,0.0,-0.6632251157578453,0.0
29.9025,0.0,0.0,0.0,-0.6632251157578453,0.0
29.9124,0.0,0.0,0.0,-0.6632251157578453,0.0
29.9225,0.0,0.0,0.0,-0.6632251157578453,0.0
29.9325,0.0,0.0,0.0,-0.6632251157578453,0.0
29.9425,0.0,0.0,0.0,-0.6632251157578453,0.0
29.9524,0.0,0.0,0.0,-0.6632251157578453,0.0
29.9627,0.0,0.0,0.0,-0.6632251157578453,0.0
29.9725,0.0,0.0,0.0,-0.6632251157578453,0.0
29.9824,0.0,0.0,0.0,-0.6632251157578453,0.0
29.9925,0.0,0.0,0.0,-0.6632251157578453,0.0
30.0026,0.0,0.0,0.0,-0.6632251157578453,0.0
30.0125,0.0,0.0,0.0,-0.6632251157578453,0.0
30.0226,0.0,0.0,0.0,-0.6632251157578453,0.0
30.0325,0.0,0.0,0.0,-0.6632251157578453,0.0
30.0425,0.0,0.0,0.0,-0.6632251157578453,0.0
30.0524,0.0,0.0,0.0,-0.6632251157578453,0.0
30.0627,0.0,0.0,0.0,-0.6632251157578453,0.0
30.0724,0.0,0.0,0.0,-0.6632251157578453,0.0
30.0826,0.0,0.0,0.0,-0.6632251157578453,0.0
30.0924,0.0,0.0,0.0,-0.6632251157578453,0.0
30.1026,0.0,0.0,0.0,-0.6632251157578453,0.0
30.1124,0.0,0.0,0.0,-0.6632251157578453,0.0
30.1226,0.0,0.0,0.0,-0.6632251157578453,0.0
30.1324,0.0,0.0,0.0,-0.6632251157578453,0.0
30.1426,0.0,0.0,0.0,-0.6632251157578453,0.0
30.1524,0.0,0.0,0.0,-0.6632251157578453,0.0
30.1625,0.0,0.0,0.0,0.0,0.0
30.1724,0.0,0.0,0.0,0.0,0.0
30.1825,0.0,0.0,0.0,0.0,0.0
30.1924,0.0,0.0,0.0,0.0,0.0
30.2026,0.0,0.0,0.0,0.0,0.0
30.2124,0.0,0.0,0.0,0.0,0.0
30.2226,0.0,0.0,0.0,0.0,0.0
30.2324,0.0,0.0,0.0,0.0,0.0
30.2426,0.0,0.0,0.0,0.0,0.0
30.2526,0.0,0.0,0.0,0.0,0.0
30.2626,0.0,0.0,0.0,0.0,0.0
30.2725,0.0,0.0,0.0,0.0,0.0
30.2825,0.0,0.0,0.0,0.0,0.0
30.2925,0.0,0.0,0.0,0.0,0.0
30.3025,0.0,0.0,0.0,0.0,0.0
30.3125,0.0,0.0,0.0,0.0,0.0
30.3229,0.0,0.0,0.0,0.0,0.0
30.3323,0.0,0.0,0.0,0.0,0.0
30.3418,0.0,0.0,0.0,0.0,0.0
30.3522,0.0,0.0,0.0,0.0,0.0
30.3624,0.0,0.0,0.0,0.0,0.0
30.3724,0.0,0.0,0.0,0.0,0.0
30.3821,0.0,0.0,0.0,0.0,0.0
30.3920,0.0,0.0,0.0,0.0,0.0
30.4025,0.0,0.0,0.0,0.0,0.0
30.4125,0.0,0.0,0.0,0.0,0.0
30.4225,0.0,0.0,0.0,0.0,0.0
30.4325,0.0,0.0,0.0,0.0,0.0
30.4425,0.0,0.0,0.0,0.0,0.0
30.4525,0.0,0.0,0.0,0.0,0.0
30.4625,0.0,0.0,0.0,0.0,0.0
30.4724,0.0,0.0,0.0,0.0,0.0
30.4826,0.0,0.0,0.0,0.0,0.0
30.4925,0.0,0.0,0.0,0.0,0.0
30.5025,0.0,0.0,0.0,0.0,0.0
30.5125,0.0,0.0,0.0,0.0,0.0
30.5226,0.0,0.0,0.0,0.0,0.0
30.5325,0.0,0.0,0.0,0.0,0.0
30.5426,0.0,0.0,0.0,0.0,0.0
30.5525,0.0,0.0,0.0,0.0,0.0
30.5626,0.0,0.0,0.0,0.0,0.0
30.5725,0.0,0.0,0.0,0.0,0.0
30.5824,0.0,0.0,0.0,0.0,0.0
30.5925,0.0,0.0,0.0,0.0,0.0
30.6024,0.0,0.0,0.0,0.0,0.0
30.6124,0.0,0.0,0.0,0.0,0.0
30.6224,0.0,0.0,0.0,0.0,0.0
30.6325,0.0,0.0,0.0,0.0,0.0
30.6425,0.0,0.0,0.0,0.0,0.0
30.6525,0.0,0.0,0.0,0.0,0.0
30.6625,0.0,0.0,0.0,0.0,0.0
30.6725,0.0,0.0,0.0,0.0,0.0
30.6825,0.0,0.0,0.0,0.0,0.0
30.6925,0.0,0.0,0.0,0.0,0.0
30.7025,0.0,0.0,0.0,0.0,0.0
30.7125,0.0,0.0,0.0,0.0,0.0
30.7224,0.0,0.0,0.0,0.0,0.0
30.7325,0.0,0.0,0.0,0.0,0.0
30.7425,0.0,0.0,0.0,0.0,0.0
30.7524,0.0,0.0,0.0,0.0,0.0
30.7625,0.0,0.0,0.0,0.0,0.0
30.7724,0.0,0.0,0.0,0.0,0.0
30.7825,0.0,0.0,0.0,0.0,0.0
30.7924,0.0,0.0,0.0,0.0,0.0
30.8025,0.0,0.0,0.0,0.0,0.0
30.8123,0.0,0.0,0.0,0.0,0.0
30.8225,0.0,0.0,0.0,0.0,0.0
30.8324,0.0,0.0,0.0,0.0,0.0
30.8425,0.0,0.0,0.0,0.0,0.0
30.8525,0.0,0.0,0.0,0.0,0.0
30.8625,0.0,0.0,0.0,0.0,0.0
30.8724,0.0,0.0,0.0,0.0,0.0
30.8825,0.0,0.0,0.0,0.0,0.0
30.8924,0.0,0.0,0.0,0.0,0.0
30.9025,0.0,0.0,0.0,0.0,0.0
30.9125,0.0,0.0,0.0,0.0,0.0
30.9226,0.0,0.0,0.0,0.0,0.0
30.9324,0.0,0.0,0.0,0.0,0.0
30.9424,0.0,0.0,0.0,0.0,0.0
30.9524,0.0,0.0,0.0,0.0,0.0
30.9625,0.0,0.0,0.0,0.0,0.0
30.9724,0.0,0.0,0.0,0.0,0.0
30.9825,0.0,0.0,0.0,0.0,0.0
30.9921,0.0,0.0,0.0,0.0,0.0
31.0025,0.0,0.0,0.0,0.0,0.0
31.0124,0.0,0.0,0.0,0.0,0.0
31.0225,0.0,0.0,0.0,0.0,0.0
31.0326,0.0,0.0,0.0,0.0,0.0
31.0424,0.0,0.0,0.0,0.0,0.0
31.0525,0.0,0.0,0.0,0.0,0.0
31.0625,0.0,0.0,0.0,0.0,0.0
31.0725,0.0,0.0,0.0,0.0,0.0
31.0825,0.0,0.0,0.0,0.0,0.0
31.0924,0.0,0.0,0.0,0.0,0.0
31.1025,0.0,0.0,0.0,0.0,0.0
31.1125,0.0,0.0,0.0,0.0,0.0
31.1225,0.0,0.0,0.0,0.0,0.0
31.1324,0.0,0.0,0.0,0.0,0.0
31.1424,0.0,0.0,0.0,0.0,0.0
31.1524,0.0,0.0,0.0,0.0,0.0
31.1625,0.0,0.0,0.0,0.0,0.0
31.1723,0.0,0.0,0.0,0.0,0.0
31.1825,0.0,0.0,0.0,0.0,0.0
31.1925,0.0,0.0,0.0,0.0,0.0
31.2026,0.0,0.0,0.0,0.0,0.0
31.2124,0.0,0.0,0.0,0.0,0.0
31.2225,0.0,0.0,0.0,0.0,0.0
31.2325,0.0,0.0,0.0,0.0,0.0
31.2425,0.0,0.0,0.0,0.0,0.0
31.2526,0.0,0.0,0.0,0.0,0.0
31.2621,0.0,0.0,0.0,0.0,0.0
31.2725,0.0,0.0,0.0,0.0,0.0
31.2825,0.0,0.0,0.0,0.0,0.0
31.2925,0.0,0.0,0.0,0.0,0.0
31.3025,0.0,0.0,0.0,0.0,0.0
31.3125,0.0,0.0,0.0,0.0,0.0
31.3226,0.0,0.0,0.0,0.0,0.0
31.3324,0.0,0.0,0.0,0.0,0.0
31.3421,0.0,0.0,0.0,0.0,0.0
31.3520,0.0,0.0,0.0,0.0,0.0
31.3624,0.0,0.0,0.0,0.0,0.0
31.3724,0.0,0.0,0.0,0.0,0.0
31.3824,0.0,0.0,0.0,0.0,0.0
31.3922,0.0,0.0,0.0,0.0,0.0
31.4024,0.0,0.0,0.0,0.0,0.0
31.4122,0.0,0.0,0.0,0.0,0.0
31.4225,0.0,0.0,0.0,0.0,0.0
31.4323,0.0,0.0,0.0,0.0,0.0
31.4425,0.0,0.0,0.0,0.0,0.0
31.4525,0.0,0.0,0.0,0.0,0.0
31.4625,0.0,0.0,0.0,0.0,0.0
31.4724,0.0,0.0,0.0,0.0,0.0
31.4824,0.0,0.0,0.0,0.0,0.0
31.4924,0.0,0.0,0.0,0.0,0.0
31.5024,0.0,0.0,0.0,0.0,0.0
31.5124,0.0,0.0,0.0,0.0,0.0
31.5225,0.0,0.0,0.0,0.0,0.0
31.5325,0.0,0.0,0.0,0.0,0.0
31.5425,0.0,0.0,0.0,0.0,0.0
31.5524,0.0,0.0,0.0,0.0,0.0
31.5626,0.0,0.0,0.0,0.0,0.0
31.5725,0.0,0.0,0.0,0.0,0.0
31.5827,0.0,0.0,0.0,0.0,0.0
31.5924,0.0,0.0,0.0,0.0,0.0
31.6026,0.0,0.0,0.0,0.0,0.0
31.6124,0.0,0.0,0.0,0.0,0.0
31.6223,0.0,0.0,0.0,0.0,0.0
31.6324,0.0,0.0,0.0,0.0,0.0
31.6425,0.0,0.0,0.0,0.0,0.0
31.6525,0.0,0.0,0.0,0.0,0.0
31.6624,0.0,0.0,0.0,0.6632251157578453,0.0
31.6725,0.0,0.0,0.0,0.6632251157578453,0.0
31.6825,0.0,0.0,0.0,0.6632251157578453,0.0
31.6924,0.0,0.0,0.0,0.6632251157578453,0.0
31.7025,0.0,0.0,0.0,0.6632251157578453,0.0
31.7125,0.0,0.0,0.0,0.6632251157578453,0.0
31.7225,0.0,0.0,0.0,0.6632251157578453,0.0
31.7324,0.0,0.0,0.0,0.6632251157578453,0.0
31.7422,0.0,0.0,0.0,0.6632251157578453,0.0
31.7524,0.0,0.0,0.0,0.6632251157578453,0.0
31.7625,0.0,0.0,0.0,0.6632251157578453,0.0
31.7725,0.0,0.0,0.0,0.6632251157578453,0.0
31.7825,0.0,0.0,0.0,0.6632251157578453,0.0
31.7925,0.0,0.0,0.0,0.6632251157578453,0.0
31.8026,0.0,0.0,0.0,0.6632251157578453,0.0
31.8124,0.0,0.0,0.0,0.6632251157578453,0.0
31.8224,0.0,0.0,0.0,0.6632251157578453,0.0
31.8325,0.0,0.0,0.0,0.6632251157578453,0.0
31.8426,0.0,0.0,0.0,0.6632251157578453,0.0
31.8526,0.0,0.0,0.0,0.6632251157578453,0.0
31.8627,0.0,0.0,0.0,0.6632251157578453,0.0
31.8726,0.0,0.0,0.0,0.6632251157578453,0.0
31.8827,0.0,0.0,0.0,0.6632251157578453,0.0
31.8925,0.0,0.0,0.0,0.6632251157578453,0.0
31.9026,0.0,0.0,0.0,0.6632251157578453,0.0
31.9126,0.0,0.0,0.0,0.6632251157578453,0.0
31.9223,0.0,0.0,0.0,0.6632251157578453,0.0
31.9324,0.0,0.0,0.0,0.6632251157578453,0.0
31.9427,0.0,0.0,0.0,0.6632251157578453,0.0
31.9525,0.0,0.0,0.0,0.6632251157578453,0.0
31.9624,0.0,0.0,0.0,0.6632251157578453,0.0
31.9724,0.0,0.0,0.0,0.6632251157578453,0.0
31.9826,0.0,0.0,0.0,0.6632251157578453,0.0
31.9923,0.0,0.0,0.0,0.6632251157578453,0.0
32.0025,0.0,0.0,0.0,0.6632251157578453,0.0
32.0124,0.0,0.0,0.0,0.6632251157578453,0.0
32.0226,0.0,0.0,0.0,0.6632251157578453,0.0
32.0325,0.0,0.0,0.0,0.6632251157578453,0.0
32.0426,0.0,0.0,0.0,0.6632251157578453,0.0
32.0524,0.0,0.0,0.0,0.6632251157578453,0.0
32.0625,0.0,0.0,0.0,0.6632251157578453,0.0
32.0724,0.0,0.0,0.0,0.6632251157578453,0.0
32.0825,0.0,0.0,0.0,0.6632251157578453,0.0
32.0924,0.0,0.0,0.0,0.6632251157578453,0.0
32.1024,0.0,0.0,0.0,0.6632251157578453,0.0
32.1125,0.0,0.0,0.0,0.6632251157578453,0.0
32.1225,0.0,0.0,0.0,0.6632251157578453,0.0
32.1325,0.0,0.0,0.0,0.6632251157578453,0.0
32.1425,0.0,0.0,0.0,0.6632251157578453,0.0
32.1524,0.0,0.0,0.0,0.6632251157578453,0.0
32.1625,0.0,0.0,0.0,0.6632251157578453,0.0
32.1725,0.0,0.0,0.0,0.6632251157578453,0.0
32.1824,0.0,0.0,0.0,0.6632251157578453,0.0
32.1924,0.0,0.0,0.0,0.6632251157578453,0.0
32.2025,0.0,0.0,0.0,0.6632251157578453,0.0
32.2124,0.0,0.0,0.0,0.6632251157578453,0.0
32.2225,0.0,0.0,0.0,0.6632251157578453,0.0
32.2324,0.0,0.0,0.0,0.6632251157578453,0.0
32.2426,0.0,0.0,0.0,0.6632251157578453,0.0
32.2524,0.0,0.0,0.0,0.6632251157578453,0.0
32.2625,0.0,0.0,0.0,0.6632251157578453,0.0
32.2725,0.0,0.0,0.0,0.6632251157578453,0.0
32.2823,0.0,0.0,0.0,0.6632251157578453,0.0
32.2924,0.0,0.0,0.0,0.6632251157578453,0.0
32.3024,0.0,0.0,0.0,0.6632251157578453,0.0
32.3124,0.0,0.0,0.0,0.6632251157578453,0.0
32.3222,0.0,0.0,0.0,0.6632251157578453,0.0
32.3319,0.0,0.0,0.0,0.6632251157578453,0.0
32.3420,0.0,0.0,0.0,0.6632251157578453,0.0
32.3519,0.0,0.0,0.0,0.6632251157578453,0.0
32.3623,0.0,0.0,0.0,0.6632251157578453,0.0
32.3725,0.0,0.0,0.0,0.6632251157578453,0.0
32.3826,0.0,0.0,0.0,0.6632251157578453,0.0
32.3926,0.0,0.0,0.0,0.6632251157578453,0.0
32.4024,0.0,0.0,0.0,0.6632251157578453,0.0
32.4125,0.0,0.0,0.0,0.6632251157578453,0.0
32.4226,0.0,0.0,0.0,0.6632251157578453,0.0
32.4325,0.0,0.0,0.0,0.6632251157578453,0.0
32.4426,0.0,0.0,0.0,0.6632251157578453,0.0
32.4525,0.0,0.0,0.0,0.6632251157578453,0.0
32.4625,0.0,0.0,0.0,0.6632251157578453,0.0
32.4725,0.0,0.0,0.0,0.6632251157578453,0.0
32.4824,0.0,0.0,0.0,0.6632251157578453,0.0
32.4923,0.0,0.0,0.0,0.6632251157578453,0.0
32.5023,0.0,0.0,0.0,0.6632251157578453,0.0
32.5123,0.0,0.0,0.0,0.6632251157578453,0.0
32.5225,0.0,0.0,0.0,0.6632251157578453,0.0
32.5324,0.0,0.0,0.0,0.6632251157578453,0.0
32.5425,0.0,0.0,0.0,0.6632251157578453,0.0
32.5524,0.0,0.0,0.0,0.6632251157578453,0.0
32.5626,0.0,0.0,0.0,0.6632251157578453,0.0
32.5724,0.0,0.0,0.0,0.6632251157578453,0.0
32.5825,0.0,0.0,0.0,0.6632251157578453,0.0
32.5924,0.0,0.0,0.0,0.6632251157578453,0.0
32.6026,0.0,0.0,0.0,0.6632251157578453,0.0
32.6126,0.0,0.0,0.0,0.6632251157578453,0.0
32.6225,0.0,0.0,0.0,0.6632251157578453,0.0
32.6325,0.0,0.0,0.0,0.6632251157578453,0.0
32.6425,0.0,0.0,0.0,0.6632251157578453,0.0
32.6525,0.0,0.0,0.0,0.6632251157578453,0.0
32.6626,0.0,0.0,0.0,0.6632251157578453,0.0
32.6725,0.0,0.0,0.0,0.6632251157578453,0.0
32.6824,0.0,0.0,0.0,0.6632251157578453,0.0
32.6925,0.0,0.0,0.0,0.6632251157578453,0.0
32.7026,0.0,0.0,0.0,0.6632251157578453,0.0
32.7125,0.0,0.0,0.0,0.6632251157578453,0.0
32.7225,0.0,0.0,0.0,0.6632251157578453,0.0
32.7325,0.0,0.0,0.0,0.6632251157578453,0.0
32.7425,0.0,0.0,0.0,0.6632251157578453,0.0
32.7525,0.0,0.0,0.0,0.6632251157578453,0.0
32.7626,0.0,0.0,0.0,0.6632251157578453,0.0
32.7725,0.0,0.0,0.0,0.6632251157578453,0.0
32.7826,0.0,0.0,0.0,0.6632251157578453,0.0
32.7925,0.0,0.0,0.0,0.6632251157578453,0.0
32.8025,0.0,0.0,0.0,0.6632251157578453,0.0
32.8124,0.0,0.0,0.0,0.6632251157578453,0.0
32.8225,0.0,0.0,0.0,0.6632251157578453,0.0
32.8325,0.0,0.0,0.0,0.6632251157578453,0.0
32.8425,0.0,0.0,0.0,0.6632251157578453,0.0
32.8524,0.0,0.0,0.0,0.6632251157578453,0.0
32.8627,0.0,0.0,0.0,0.6632251157578453,0.0
32.8725,0.0,0.0,0.0,0.6632251157578453,0.0
32.8827,0.0,0.0,0.0,0.6632251157578453,0.0
32.8925,0.0,0.0,0.0,0.6632251157578453,0.0
32.9026,0.0,0.0,0.0,0.6632251157578453,0.0
32.9125,0.0,0.0,0.0,0.6632251157578453,0.0
32.9226,0.0,0.0,0.0,0.6632251157578453,0.0
32.9324,0.0,0.0,0.0,0.6632251157578453,0.0
32.9425,0.0,0.0,0.0,0.6632251157578453,0.0
32.9525,0.0,0.0,0.0,0.6632251157578453,0.0
32.9625,0.0,0.0,0.0,0.6632251157578453,0.0
32.9726,0.0,0.0,0.0,0.6632251157578453,0.0
32.9826,0.0,0.0,0.0,0.6632251157578453,0.0
32.9924,0.0,0.0,0.0,0.6632251157578453,0.0
33.0025,0.0,0.0,0.0,0.6632251157578453,0.0
33.0125,0.0,0.0,0.0,0.6632251157578453,0.0
33.0226,0.0,0.0,0.0,0.6632251157578453,0.0
33.0326,0.0,0.0,0.0,0.6632251157578453,0.0
33.0427,0.0,0.0,0.0,0.6632251157578453,0.0
33.0525,0.0,0.0,0.0,0.6632251157578453,0.0
33.0625,0.0,0.0,0.0,0.6632251157578453,0.0
33.0725,0.0,0.0,0.0,0.6632251157578453,0.0
33.0827,0.0,0.0,0.0,0.6632251157578453,0.0
33.0926,0.0,0.0,0.0,0.6632251157578453,0.0
33.1026,0.0,0.0,0.0,0.6632251157578453,0.0
33.1125,0.0,0.0,0.0,0.6632251157578453,0.0
33.1226,0.0,0.0,0.0,0.6632251157578453,0.0
33.1326,0.0,0.0,0.0,0.6632251157578453,0.0
33.1427,0.0,0.0,0.0,0.6632251157578453,0.0
33.1526,0.0,0.0,0.0,0.6632251157578453,0.0
33.1625,0.0,0.0,0.0,1.3264502315156905,0.0
33.1726,0.0,0.0,0.0,1.3264502315156905,0.0
33.1824,0.0,0.0,0.0,1.3264502315156905,0.0
33.1924,0.0,0.0,0.0,1.3264502315156905,0.0
33.2024,0.0,0.0,0.0,1.3264502315156905,0.0
33.2126,0.0,0.0,0.0,1.3264502315156905,0.0
33.2227,0.0,0.0,0.0,1.3264502315156905,0.0
33.2326,0.0,0.0,0.0,1.3264502315156905,0.0
33.2426,0.0,0.0,0.0,1.3264502315156905,0.0
33.2524,0.0,0.0,0.0,1.3264502315156905,0.0
33.2624,0.0,0.0,0.0,1.3264502315156905,0.0
33.2724,0.0,0.0,0.0,1.3264502315156905,0.0
33.2827,0.0,0.0,0.0,1.3264502315156905,0.0
33.2925,0.0,0.0,0.0,1.3264502315156905,0.0
33.3025,0.0,0.0,0.0,1.3264502315156905,0.0
33.3124,0.0,0.0,0.0,1.3264502315156905,0.0
33.3225,0.0,0.0,0.0,1.3264502315156905,0.0
33.3322,0.0,0.0,0.0,1.3264502315156905,0.0
33.3422,0.0,0.0,0.0,1.3264502315156905,0.0
33.3523,0.0,0.0,0.0,1.3264502315156905,0.0
33.3623,0.0,0.0,0.0,1.3264502315156905,0.0
33.3726,0.0,0.0,0.0,1.3264502315156905,0.0
33.3825,0.0,0.0,0.0,1.3264502315156905,0.0
33.3925,0.0,0.0,0.0,1.3264502315156905,0.0
33.4024,0.0,0.0,0.0,1.3264502315156905,0.0
33.4126,0.0,0.0,0.0,1.3264502315156905,0.0
33.4223,0.0,0.0,0.0,1.3264502315156905,0.0
33.4324,0.0,0.0,0.0,1.3264502315156905,0.0
33.4424,0.0,0.0,0.0,1.3264502315156905,0.0
33.4525,0.0,0.0,0.0,1.3264502315156905,0.0
33.4625,0.0,0.0,0.0,1.3264502315156905,0.0
33.4725,0.0,0.0,0.0,1.3264502315156905,0.0
33.4824,0.0,0.0,0.0,1.3264502315156905,0.0
33.4925,0.0,0.0,0.0,1.3264502315156905,0.0
33.5025,0.0,0.0,0.0,1.3264502315156905,0.0
33.5125,0.0,0.0,0.0,1.3264502315156905,0.0
33.5225,0.0,0.0,0.0,1.3264502315156905,0.0
33.5325,0.0,0.0,0.0,1.3264502315156905,0.0
33.5424,0.0,0.0,0.0,1.3264502315156905,0.0
33.5524,0.0,0.0,0.0,1.3264502315156905,0.0
33.5624,0.0,0.0,0.0,1.3264502315156905,0.0
33.5724,0.0,0.0,0.0,1.3264502315156905,0.0
33.5823,0.0,0.0,0.0,1.3264502315156905,0.0
33.5927,0.0,0.0,0.0,1.3264502315156905,0.0
33.6024,0.0,0.0,0.0,1.3264502315156905,0.0
33.6125,0.0,0.0,0.0,1.3264502315156905,0.0
33.6225,0.0,0.0,0.0,1.3264502315156905,0.0
33.6324,0.0,0.0,0.0,1.3264502315156905,0.0
33.6425,0.0,0.0,0.0,1.3264502315156905,0.0
33.6524,0.0,0.0,0.0,1.3264502315156905,0.0
33.6626,0.0,0.0,0.0,1.3264502315156905,0.0
33.6725,0.0,0.0,0.0,1.3264502315156905,0.0
33.6826,0.0,0.0,0.0,1.3264502315156905,0.0
33.6923,0.0,0.0,0.0,1.3264502315156905,0.0
33.7025,0.0,0.0,0.0,1.3264502315156905,0.0
33.7124,0.0,0.0,0.0,1.3264502315156905,0.0
33.7226,0.0,0.0,0.0,1.3264502315156905,0.0
33.7324,0.0,0.0,0.0,1.3264502315156905,0.0
33.7425,0.0,0.0,0.0,1.3264502315156905,0.0
33.7525,0.0,0.0,0.0,1.3264502315156905,0.0
33.7626,0.0,0.0,0.0,1.3264502315156905,0.0
33.7725,0.0,0.0,0.0,1.3264502315156905,0.0
33.7827,0.0,0.0,0.0,1.3264502315156905,0.0
33.7926,0.0,0.0,0.0,1.3264502315156905,0.0
33.8027,0.0,0.0,0.0,1.3264502315156905,0.0
33.8125,0.0,0.0,0.0,1.3264502315156905,0.0
33.8227,0.0,0.0,0.0,1.3264502315156905,0.0
33.8324,0.0,0.0,0.0,1.3264502315156905,0.0
33.8427,0.0,0.0,0.0,1.3264502315156905,0.0
33.8525,0.0,0.0,0.0,1.3264502315156905,0.0
33.8626,0.0,0.0,0.0,1.3264502315156905,0.0
33.8725,0.0,0.0,0.0,1.3264502315156905,0.0
33.8827,0.0,0.0,0.0,1.3264502315156905,0.0
33.8926,0.0,0.0,0.0,1.3264502315156905,0.0
33.9027,0.0,0.0,0.0,1.3264502315156905,0.0
33.9126,0.0,0.0,0.0,1.3264502315156905,0.0
33.9225,0.0,0.0,0.0,1.3264502315156905,0.0
33.9327,0.0,0.0,0.0,1.3264502315156905,0.0
33.9427,0.0,0.0,0.0,1.3264502315156905,0.0
33.9526,0.0,0.0,0.0,1.3264502315156905,0.0
33.9626,0.0,0.0,0.0,1.3264502315156905,0.0
33.9725,0.0,0.0,0.0,1.3264502315156905,0.0
33.9826,0.0,0.0,0.0,1.3264502315156905,0.0
33.9924,0.0,0.0,0.0,1.3264502315156905,0.0
34.0025,0.0,0.0,0.0,1.3264502315156905,0.0
34.0124,0.0,0.0,0.0,1.3264502315156905,0.0
34.0225,0.0,0.0,0.0,1.3264502315156905,0.0
34.0325,0.0,0.0,0.0,1.3264502315156905,0.0
34.0425,0.0,0.0,0.0,1.3264502315156905,0.0
34.0525,0.0,0.0,0.0,1.3264502315156905,0.0
34.0627,0.0,0.0,0.0,1.3264502315156905,0.0
34.0727,0.0,0.0,0.0,1.3264502315156905,0.0
34.0825,0.0,0.0,0.0,1.3264502315156905,0.0
34.0925,0.0,0.0,0.0,1.3264502315156905,0.0
34.1027,0.0,0.0,0.0,1.3264502315156905,0.0
34.1125,0.0,0.0,0.0,1.3264502315156905,0.0
34.1227,0.0,0.0,0.0,1.3264502315156905,0.0
34.1326,0.0,0.0,0.0,1.3264502315156905,0.0
34.1427,0.0,0.0,0.0,1.3264502315156905,0.0
34.1526,0.0,0.0,0.0,1.3264502315156905,0.0
34.1625,0.0,0.0,0.0,1.3264502315156905,0.0
34.1725,0.0,0.0,0.0,1.3264502315156905,0.0
34.1826,0.0,0.0,0.0,1.3264502315156905,0.0
34.1925,0.0,0.0,0.0,1.3264502315156905,0.0
34.2026,0.0,0.0,0.0,1.3264502315156905,0.0
34.2126,0.0,0.0,0.0,1.3264502315156905,0.0
34.2227,0.0,0.0,0.0,1.3264502315156905,0.0
34.2326,0.0,0.0,0.0,1.3264502315156905,0.0
34.2426,0.0,0.0,0.0,1.3264502315156905,0.0
34.2524,0.0,0.0,0.0,1.3264502315156905,0.0
34.2624,0.0,0.0,0.0,1.3264502315156905,0.0
34.2726,0.0,0.0,0.0,1.3264502315156905,0.0
34.2824,0.0,0.0,0.0,1.3264502315156905,0.0
34.2924,0.0,0.0,0.0,1.3264502315156905,0.0
34.3023,0.0,0.0,0.0,1.3264502315156905,0.0
34.3124,0.0,0.0,0.0,1.3264502315156905,0.0
34.3226,0.0,0.0,0.0,1.3264502315156905,0.0
34.3321,0.0,0.0,0.0,1.3264502315156905,0.0
34.3421,0.0,0.0,0.0,1.3264502315156905,0.0
34.3521,0.0,0.0,0.0,1.3264502315156905,0.0
34.3628,0.0,0.0,0.0,1.3264502315156905,0.0
34.3722,0.0,0.0,0.0,1.3264502315156905,0.0
34.3824,0.0,0.0,0.0,1.3264502315156905,0.0
34.3924,0.0,0.0,0.0,1.3264502315156905,0.0
34.4025,0.0,0.0,0.0,1.3264502315156905,0.0
34.4124,0.0,0.0,0.0,1.3264502315156905,0.0
34.4226,0.0,0.0,0.0,1.3264502315156905,0.0
34.4325,0.0,0.0,0.0,1.3264502315156905,0.0
34.4425,0.0,0.0,0.0,1.3264502315156905,0.0
34.4525,0.0,0.0,0.0,1.3264502315156905,0.0
34.4625,0.0,0.0,0.0,1.3264502315156905,0.0
34.4725,0.0,0.0,0.0,1.3264502315156905,0.0
34.4825,0.0,0.0,0.0,1.3264502315156905,0.0
34.4925,0.0,0.0,0.0,1.3264502315156905,0.0
34.5025,0.0,0.0,0.0,1.3264502315156905,0.0
34.5125,0.0,0.0,0.0,1.3264502315156905,0.0
34.5225,0.0,0.0,0.0,1.3264502315156905,0.0
34.5324,0.0,0.0,0.0,1.3264502315156905,0.0
34.5426,0.0,0.0,0.0,1.3264502315156905,0.0
34.5525,0.0,0.0,0.0,1.3264502315156905,0.0
34.5625,0.0,0.0,0.0,1.3264502315156905,0.0
34.5725,0.0,0.0,0.0,1.3264502315156905,0.0
34.5826,0.0,0.0,0.0,1.3264502315156905,0.0
34.5925,0.0,0.0,0.0,1.3264502315156905,0.0
34.6026,0.0,0.0,0.0,1.3264502315156905,0.0
34.6125,0.0,0.0,0.0,1.3264502315156905,0.0
34.6225,0.0,0.0,0.0,1.3264502315156905,0.0
34.6326,0.0,0.0,0.0,1.3264502315156905,0.0
34.6425,0.0,0.0,0.0,1.3264502315156905,0.0
34.6524,0.0,0.0,0.0,1.3264502315156905,0.0
34.6626,0.0,0.0,0.0,0.0,0.0
34.6725,0.0,0.0,0.0,0.0,0.0
34.6826,0.0,0.0,0.0,0.0,0.0
34.6925,0.0,0.0,0.0,0.0,0.0
34.7026,0.0,0.0,0.0,0.0,0.0
34.7125,0.0,0.0,0.0,0.0,0.0
34.7226,0.0,0.0,0.0,0.0,0.0
34.7325,0.0,0.0,0.0,0.0,0.0
34.7426,0.0,0.0,0.0,0.0,0.0
34.7523,0.0,0.0,0.0,0.0,0.0
34.7626,0.0,0.0,0.0,0.0,0.0
34.7725,0.0,0.0,0.0,0.0,0.0
34.7825,0.0,0.0,0.0,0.0,0.0
34.7926,0.0,0.0,0.0,0.0,0.0
34.8025,0.0,0.0,0.0,0.0,0.0
34.8124,0.0,0.0,0.0,0.0,0.0
34.8225,0.0,0.0,0.0,0.0,0.0
34.8325,0.0,0.0,0.0,0.0,0.0
34.8425,0.0,0.0,0.0,0.0,0.0
34.8524,0.0,0.0,0.0,0.0,0.0
34.8625,0.0,0.0,0.0,0.0,0.0
34.8724,0.0,0.0,0.0,0.0,0.0
34.8826,0.0,0.0,0.0,0.0,0.0
34.8924,0.0,0.0,0.0,0.0,0.0
34.9025,0.0,0.0,0.0,0.0,0.0
34.9125,0.0,0.0,0.0,0.0,0.0
34.9225,0.0,0.0,0.0,0.0,0.0
34.9324,0.0,0.0,0.0,0.0,0.0
34.9425,0.0,0.0,0.0,0.0,0.0
34.9525,0.0,0.0,0.0,0.0,0.0
34.9626,0.0,0.0,0.0,0.0,0.0
34.9726,0.0,0.0,0.0,0.0,0.0
34.9826,0.0,0.0,0.0,0.0,0.0
34.9926,0.0,0.0,0.0,0.0,0.0
35.0022,0.0,0.0,0.0,0.0,0.0
35.0126,0.0,0.0,0.0,0.0,0.0
35.0227,0.0,0.0,0.0,0.0,0.0
35.0328,0.0,0.0,0.0,0.0,0.0
35.0426,0.0,0.0,0.0,0.0,0.0
35.0526,0.0,0.0,0.0,0.0,0.0
35.0627,0.0,0.0,0.0,0.0,0.0
35.0724,0.0,0.0,0.0,0.0,0.0
35.0825,0.0,0.0,0.0,0.0,0.0
35.0925,0.0,0.0,0.0,0.0,0.0
35.1026,0.0,0.0,0.0,0.0,0.0
35.1124,0.0,0.0,0.0,0.0,0.0
35.1225,0.0,0.0,0.0,0.0,0.0
35.1325,0.0,0.0,0.0,0.0,0.0
35.1424,0.0,0.0,0.0,0.0,0.0
35.1525,0.0,0.0,0.0,0.0,0.0
35.1625,0.0,0.0,0.0,0.0,0.0
35.1724,0.0,0.0,0.0,0.0,0.0
35.1827,0.0,0.0,0.0,0.0,0.0
35.1924,0.0,0.0,0.0,0.0,0.0
35.2025,0.0,0.0,0.0,0.0,0.0
35.2124,0.0,0.0,0.0,0.0,0.0
35.2226,0.0,0.0,0.0,0.0,0.0
35.2324,0.0,0.0,0.0,0.0,0.0
35.2426,0.0,0.0,0.0,0.0,0.0
35.2524,0.0,0.0,0.0,0.0,0.0
35.2625,0.0,0.0,0.0,0.0,0.0
35.2725,0.0,0.0,0.0,0.0,0.0
35.2824,0.0,0.0,0.0,0.0,0.0
35.2925,0.0,0.0,0.0,0.0,0.0
35.3024,0.0,0.0,0.0,0.0,0.0
35.3125,0.0,0.0,0.0,0.0,0.0
35.3225,0.0,0.0,0.0,0.0,0.0
35.3320,0.0,0.0,0.0,0.0,0.0
35.3419,0.0,0.0,0.0,0.0,0.0
35.3529,0.0,0.0,0.0,0.0,0.0
35.3625,0.0,0.0,0.0,0.0,0.0
35.3724,0.0,0.0,0.0,0.0,0.0
35.3824,0.0,0.0,0.0,0.0,0.0
35.3925,0.0,0.0,0.0,0.0,0.0
35.4025,0.0,0.0,0.0,0.0,0.0
35.4125,0.0,0.0,0.0,0.0,-1.1868238913561442
35.4224,0.0,0.0,0.0,0.0,-1.1868238913561442
35.4326,0.0,0.0,0.0,0.0,-1.1868238913561442
35.4425,0.0,0.0,0.0,0.0,-1.1868238913561442
35.4525,0.0,0.0,0.0,0.0,-1.1868238913561442
35.4625,0.0,0.0,0.0,0.0,-1.1868238913561442
35.4726,0.0,0.0,0.0,0.0,-1.1868238913561442
35.4824,0.0,0.0,0.0,0.0,-1.1868238913561442
35.4924,0.0,0.0,0.0,0.0,-1.1868238913561442
35.5024,0.0,0.0,0.0,0.0,-1.1868238913561442
35.5124,0.0,0.0,0.0,0.0,-1.1868238913561442
35.5224,0.0,0.0,0.0,0.0,-1.1868238913561442
35.5324,0.0,0.0,0.0,0.0,-1.1868238913561442
35.5424,0.0,0.0,0.0,0.0,-1.1868238913561442
35.5526,0.0,0.0,0.0,0.0,-1.1868238913561442
35.5626,0.0,0.0,0.0,0.0,-1.1868238913561442
35.5724,0.0,0.0,0.0,0.0,-1.1868238913561442
35.5824,0.0,0.0,0.0,0.0,-1.1868238913561442
35.5924,0.0,0.0,0.0,0.0,-1.1868238913561442
35.6024,0.0,0.0,0.0,0.0,-1.1868238913561442
35.6125,0.0,0.0,0.0,0.0,-1.1868238913561442
35.6225,0.0,0.0,0.0,0.0,-1.1868238913561442
35.6324,0.0,0.0,0.0,0.0,-1.1868238913561442
35.6424,0.0,0.0,0.0,0.0,-1.1868238913561442
35.6525,0.0,0.0,0.0,0.0,-1.1868238913561442
35.6624,0.0,0.0,0.0,0.0,-1.1868238913561442
35.6724,0.0,0.0,0.0,0.0,-1.1868238913561442
35.6826,0.0,0.0,0.0,0.0,-1.1868238913561442
35.6924,0.0,0.0,0.0,0.0,-1.1868238913561442
35.7024,0.0,0.0,0.0,0.0,-1.1868238913561442
35.7125,0.0,0.0,0.0,0.0,-1.1868238913561442
35.7224,0.0,0.0,0.0,0.0,-1.1868238913561442
35.7325,0.0,0.0,0.0,0.0,-1.1868238913561442
35.7424,0.0,0.0,0.0,0.0,-1.1868238913561442
35.7524,0.0,0.0,0.0,0.0,-1.1868238913561442
35.7625,0.0,0.0,0.0,0.0,-1.1868238913561442
35.7725,0.0,0.0,0.0,0.0,-1.1868238913561442
35.7824,0.0,0.0,0.0,0.0,-1.1868238913561442
35.7925,0.0,0.0,0.0,0.0,-1.1868238913561442
35.8025,0.0,0.0,0.0,0.0,-1.1868238913561442
35.8125,0.0,0.0,0.0,0.0,-1.1868238913561442
35.8226,0.0,0.0,0.0,0.0,-1.1868238913561442
35.8325,0.0,0.0,0.0,0.0,-1.1868238913561442
35.8427,0.0,0.0,0.0,0.0,-1.1868238913561442
35.8524,0.0,0.0,0.0,0.0,-1.1868238913561442
35.8625,0.0,0.0,0.0,0.0,-1.1868238913561442
35.8726,0.0,0.0,0.0,0.0,-1.1868238913561442
35.8828,0.0,0.0,0.0,0.0,-1.1868238913561442
35.8925,0.0,0.0,0.0,0.0,-1.1868238913561442
35.9028,0.0,0.0,0.0,0.0,-1.1868238913561442
35.9125,0.0,0.0,0.0,0.0,-1.1868238913561442
35.9227,0.0,0.0,0.0,0.0,-1.1868238913561442
35.9325,0.0,0.0,0.0,0.0,-1.1868238913561442
35.9427,0.0,0.0,0.0,0.0,-1.1868238913561442
35.9525,0.0,0.0,0.0,0.0,-1.1868238913561442
35.9627,0.0,0.0,0.0,0.0,-1.1868238913561442
35.9725,0.0,0.0,0.0,0.0,-1.1868238913561442
35.9827,0.0,0.0,0.0,0.0,-1.1868238913561442
35.9924,0.0,0.0,0.0,0.0,-1.1868238913561442
36.0024,0.0,0.0,0.0,0.0,-1.1868238913561442
36.0124,0.0,0.0,0.0,0.0,-1.1868238913561442
36.0226,0.0,0.0,0.0,0.0,-1.1868238913561442
36.0324,0.0,0.0,0.0,0.0,-1.1868238913561442
36.0425,0.0,0.0,0.0,0.0,-1.1868238913561442
36.0525,0.0,0.0,0.0,0.0,-1.1868238913561442
36.0626,0.0,0.0,0.0,0.0,-1.1868238913561442
36.0725,0.0,0.0,0.0,0.0,-1.1868238913561442
36.0825,0.0,0.0,0.0,0.0,-1.1868238913561442
36.0925,0.0,0.0,0.0,0.0,-1.1868238913561442
36.1026,0.0,0.0,0.0,0.0,-1.1868238913561442
36.1125,0.0,0.0,0.0,0.0,-1.1868238913561442
36.1227,0.0,0.0,0.0,0.0,-1.1868238913561442
36.1325,0.0,0.0,0.0,0.0,-1.1868238913561442
36.1426,0.0,0.0,0.0,0.0,-1.1868238913561442
36.1525,0.0,0.0,0.0,0.0,-1.1868238913561442
36.1626,0.0,0.0,0.0,0.0,-1.1868238913561442
36.1725,0.0,0.0,0.0,0.0,-1.1868238913561442
36.1826,0.0,0.0,0.0,0.0,-1.1868238913561442
36.1924,0.0,0.0,0.0,0.0,-1.1868238913561442
36.2025,0.0,0.0,0.0,0.0,-1.1868238913561442
36.2125,0.0,0.0,0.0,0.0,-1.1868238913561442
36.2225,0.0,0.0,0.0,0.0,-1.1868238913561442
36.2325,0.0,0.0,0.0,0.0,-1.1868238913561442
36.2425,0.0,0.0,0.0,0.0,-1.1868238913561442
36.2526,0.0,0.0,0.0,0.0,-1.1868238913561442
36.2626,0.0,0.0,0.0,0.0,-1.1868238913561442
36.2726,0.0,0.0,0.0,0.0,-1.1868238913561442
36.2827,0.0,0.0,0.0,0.0,-1.1868238913561442
36.2925,0.0,0.0,0.0,0.0,-1.1868238913561442
36.3027,0.0,0.0,0.0,0.0,-1.1868238913561442
36.3125,0.0,0.0,0.0,0.0,-1.1868238913561442
36.3224,0.0,0.0,0.0,0.0,-1.1868238913561442
36.3324,0.0,0.0,0.0,0.0,-1.1868238913561442
36.3419,0.0,0.0,0.0,0.0,-1.1868238913561442
36.3523,0.0,0.0,0.0,0.0,-1.1868238913561442
36.3624,0.0,0.0,0.0,0.0,-1.1868238913561442
36.3722,0.0,0.0,0.0,0.0,-1.1868238913561442
36.3825,0.0,0.0,0.0,0.0,-1.1868238913561442
36.3924,0.0,0.0,0.0,0.0,-1.1868238913561442
36.4027,0.0,0.0,0.0,0.0,-1.1868238913561442
36.4126,0.0,0.0,0.0,0.0,-1.1868238913561442
36.4225,0.0,0.0,0.0,0.0,-1.1868238913561442
36.4326,0.0,0.0,0.0,0.0,-1.1868238913561442
36.4422,0.0,0.0,0.0,0.0,-1.1868238913561442
36.4526,0.0,0.0,0.0,0.0,-1.1868238913561442
36.4627,0.0,0.0,0.0,0.0,-1.1868238913561442
36.4726,0.0,0.0,0.0,0.0,-1.1868238913561442
36.4827,0.0,0.0,0.0,0.0,-1.1868238913561442
36.4926,0.0,0.0,0.0,0.0,-1.1868238913561442
36.5027,0.0,0.0,0.0,0.0,-1.1868238913561442
36.5126,0.0,0.0,0.0,0.0,-1.1868238913561442
36.5227,0.0,0.0,0.0,0.0,-1.1868238913561442
36.5329,0.0,0.0,0.0,0.0,-1.1868238913561442
36.5426,0.0,0.0,0.0,0.0,-1.1868238913561442
36.5525,0.0,0.0,0.0,0.0,-1.1868238913561442
36.5625,0.0,0.0,0.0,0.0,-1.1868238913561442
36.5724,0.0,0.0,0.0,0.0,-1.1868238913561442
36.5827,0.0,0.0,0.0,0.0,-1.1868238913561442
36.5924,0.0,0.0,0.0,0.0,-1.1868238913561442
36.6026,0.0,0.0,0.0,0.0,-1.1868238913561442
36.6125,0.0,0.0,0.0,0.0,-1.1868238913561442
36.6226,0.0,0.0,0.0,0.0,-1.1868238913561442
36.6325,0.0,0.0,0.0,0.0,-1.1868238913561442
36.6426,0.0,0.0,0.0,0.0,-1.1868238913561442
36.6525,0.0,0.0,0.0,0.0,-1.1868238913561442
36.6627,0.0,0.0,0.0,0.0,-1.1868238913561442
36.6726,0.0,0.0,0.0,0.0,-1.1868238913561442
36.6826,0.0,0.0,0.0,0.0,-1.1868238913561442
36.6926,0.0,0.0,0.0,0.0,-1.1868238913561442
36.7026,0.0,0.0,0.0,0.0,-1.1868238913561442
36.7125,0.0,0.0,0.0,0.0,-1.1868238913561442
36.7226,0.0,0.0,0.0,0.0,-1.1868238913561442
36.7324,0.0,0.0,0.0,0.0,-1.1868238913561442
36.7426,0.0,0.0,0.0,0.0,-1.1868238913561442
36.7525,0.0,0.0,0.0,0.0,-1.1868238913561442
36.7624,0.0,0.0,0.0,0.0,-1.1868238913561442
36.7723,0.0,0.0,0.0,0.0,-1.1868238913561442
36.7832,0.0,0.0,0.0,0.0,-1.1868238913561442
36.7923,0.0,0.0,0.0,0.0,-1.1868238913561442
36.8025,0.0,0.0,0.0,0.0,-1.1868238913561442
36.8123,0.0,0.0,0.0,0.0,-1.1868238913561442
36.8226,0.0,0.0,0.0,0.0,-1.1868238913561442
36.8325,0.0,0.0,0.0,0.0,-1.1868238913561442
36.8426,0.0,0.0,0.0,0.0,-1.1868238913561442
36.8525,0.0,0.0,0.0,0.0,-1.1868238913561442
36.8627,0.0,0.0,0.0,0.0,-1.1868238913561442
36.8724,0.0,0.0,0.0,0.0,-1.1868238913561442
36.8826,0.0,0.0,0.0,0.0,-1.1868238913561442
36.8925,0.0,0.0,0.0,0.0,-1.1868238913561442
36.9026,0.0,0.0,0.0,0.0,-1.1868238913561442
36.9125,0.0,0.0,0.0,0.0,-0.5934119456780721
36.9225,0.0,0.0,0.0,0.0,-0.5934119456780721
36.9325,0.0,0.0,0.0,0.0,-0.5934119456780721
36.9426,0.0,0.0,0.0,0.0,-0.5934119456780721
36.9525,0.0,0.0,0.0,0.0,-0.5934119456780721
36.9624,0.0,0.0,0.0,0.0,-0.5934119456780721
36.9726,0.0,0.0,0.0,0.0,-0.5934119456780721
36.9824,0.0,0.0,0.0,0.0,-0.5934119456780721
36.9925,0.0,0.0,0.0,0.0,-0.5934119456780721
37.0023,0.0,0.0,0.0,0.0,-0.5934119456780721
37.0124,0.0,0.0,0.0,0.0,-0.5934119456780721
37.0224,0.0,0.0,0.0,0.0,-0.5934119456780721
37.0325,0.0,0.0,0.0,0.0,-0.5934119456780721
37.0424,0.0,0.0,0.0,0.0,-0.5934119456780721
37.0524,0.0,0.0,0.0,0.0,-0.5934119456780721
37.0624,0.0,0.0,0.0,0.0,-0.5934119456780721
37.0725,0.0,0.0,0.0,0.0,-0.5934119456780721
37.0826,0.0,0.0,0.0,0.0,-0.5934119456780721
37.0925,0.0,0.0,0.0,0.0,-0.5934119456780721
37.1025,0.0,0.0,0.0,0.0,-0.5934119456780721
37.1125,0.0,0.0,0.0,0.0,-0.5934119456780721
37.1225,0.0,0.0,0.0,0.0,-0.5934119456780721
37.1325,0.0,0.0,0.0,0.0,-0.5934119456780721
37.1427,0.0,0.0,0.0,0.0,-0.5934119456780721
37.1525,0.0,0.0,0.0,0.0,-0.5934119456780721
37.1627,0.0,0.0,0.0,0.0,-0.5934119456780721
37.1725,0.0,0.0,0.0,0.0,-0.5934119456780721
37.1826,0.0,0.0,0.0,0.0,-0.5934119456780721
37.1925,0.0,0.0,0.0,0.0,-0.5934119456780721
37.2025,0.0,0.0,0.0,0.0,-0.5934119456780721
37.2125,0.0,0.0,0.0,0.0,-0.5934119456780721
37.2226,0.0,0.0,0.0,0.0,-0.5934119456780721
37.2325,0.0,0.0,0.0,0.0,-0.5934119456780721
37.2427,0.0,0.0,0.0,0.0,-0.5934119456780721
37.2525,0.0,0.0,0.0,0.0,-0.5934119456780721
37.2625,0.0,0.0,0.0,0.0,-0.5934119456780721
37.2725,0.0,0.0,0.0,0.0,-0.5934119456780721
37.2822,0.0,0.0,0.0,0.0,-0.5934119456780721
37.2925,0.0,0.0,0.0,0.0,-0.5934119456780721
37.3024,0.0,0.0,0.0,0.0,-0.5934119456780721
37.3125,0.0,0.0,0.0,0.0,-0.5934119456780721
37.3225,0.0,0.0,0.0,0.0,-0.5934119456780721
37.3323,0.0,0.0,0.0,0.0,-0.5934119456780721
37.3419,0.0,0.0,0.0,0.0,-0.5934119456780721
37.3520,0.0,0.0,0.0,0.0,-0.5934119456780721
37.3623,0.0,0.0,0.0,0.0,-0.5934119456780721
37.3725,0.0,0.0,0.0,0.0,-0.5934119456780721
37.3823,0.0,0.0,0.0,0.0,-0.5934119456780721
37.3924,0.0,0.0,0.0,0.0,-0.5934119456780721
37.4030,0.0,0.0,0.0,0.0,-0.5934119456780721
37.4124,0.0,0.0,0.0,0.0,-0.5934119456780721
37.4225,0.0,0.0,0.0,0.0,-0.5934119456780721
37.4325,0.0,0.0,0.0,0.0,-0.5934119456780721
37.4425,0.0,0.0,0.0,0.0,-0.5934119456780721
37.4524,0.0,0.0,0.0,0.0,-0.5934119456780721
37.4625,0.0,0.0,0.0,0.0,-0.5934119456780721
37.4724,0.0,0.0,0.0,0.0,-0.5934119456780721
37.4825,0.0,0.0,0.0,0.0,-0.5934119456780721
37.4925,0.0,0.0,0.0,0.0,-0.5934119456780721
37.5025,0.0,0.0,0.0,0.0,-0.5934119456780721
37.5125,0.0,0.0,0.0,0.0,-0.5934119456780721
37.5225,0.0,0.0,0.0,0.0,-0.5934119456780721
37.5325,0.0,0.0,0.0,0.0,-0.5934119456780721
37.5425,0.0,0.0,0.0,0.0,-0.5934119456780721
37.5523,0.0,0.0,0.0,0.0,-0.5934119456780721
37.5626,0.0,0.0,0.0,0.0,-0.5934119456780721
37.5724,0.0,0.0,0.0,0.0,-0.5934119456780721
37.5826,0.0,0.0,0.0,0.0,-0.5934119456780721
37.5925,0.0,0.0,0.0,0.0,-0.5934119456780721
37.6027,0.0,0.0,0.0,0.0,-0.5934119456780721
37.6125,0.0,0.0,0.0,0.0,-0.5934119456780721
37.6225,0.0,0.0,0.0,0.0,-0.5934119456780721
37.6326,0.0,0.0,0.0,0.0,-0.5934119456780721
37.6424,0.0,0.0,0.0,0.0,-0.5934119456780721
37.6524,0.0,0.0,0.0,0.0,-0.5934119456780721
37.6625,0.0,0.0,0.0,0.0,-0.5934119456780721
37.6725,0.0,0.0,0.0,0.0,-0.5934119456780721
37.6825,0.0,0.0,0.0,0.0,-0.5934119456780721
37.6925,0.0,0.0,0.0,0.0,-0.5934119456780721
37.7025,0.0,0.0,0.0,0.0,-0.5934119456780721
37.7125,0.0,0.0,0.0,0.0,-0.5934119456780721
37.7224,0.0,0.0,0.0,0.0,-0.5934119456780721
37.7324,0.0,0.0,0.0,0.0,-0.5934119456780721
37.7425,0.0,0.0,0.0,0.0,-0.5934119456780721
37.7525,0.0,0.0,0.0,0.0,-0.5934119456780721
37.7624,0.0,0.0,0.0,0.0,-0.5934119456780721
37.7725,0.0,0.0,0.0,0.0,-0.5934119456780721
37.7824,0.0,0.0,0.0,0.0,-0.5934119456780721
37.7923,0.0,0.0,0.0,0.0,-0.5934119456780721
37.8024,0.0,0.0,0.0,0.0,-0.5934119456780721
37.8125,0.0,0.0,0.0,0.0,-0.5934119456780721
37.8225,0.0,0.0,0.0,0.0,-0.5934119456780721
37.8325,0.0,0.0,0.0,0.0,-0.5934119456780721
37.8427,0.0,0.0,0.0,0.0,-0.5934119456780721
37.8525,0.0,0.0,0.0,0.0,-0.5934119456780721
37.8625,0.0,0.0,0.0,0.0,-0.5934119456780721
37.8726,0.0,0.0,0.0,0.0,-0.5934119456780721
37.8825,0.0,0.0,0.0,0.0,-0.5934119456780721
37.8925,0.0,0.0,0.0,0.0,-0.5934119456780721
37.9026,0.0,0.0,0.0,0.0,-0.5934119456780721
37.9125,0.0,0.0,0.0,0.0,-0.5934119456780721
37.9225,0.0,0.0,0.0,0.0,-0.5934119456780721
37.9326,0.0,0.0,0.0,0.0,-0.5934119456780721
37.9426,0.0,0.0,0.0,0.0,-0.5934119456780721
37.9526,0.0,0.0,0.0,0.0,-0.5934119456780721
37.9626,0.0,0.0,0.0,0.0,-0.5934119456780721
37.9726,0.0,0.0,0.0,0.0,-0.5934119456780721
37.9826,0.0,0.0,0.0,0.0,-0.5934119456780721
37.9926,0.0,0.0,0.0,0.0,-0.5934119456780721
38.0025,0.0,0.0,0.0,0.0,-0.5934119456780721
38.0122,0.0,0.0,0.0,0.0,-0.5934119456780721
38.0226,0.0,0.0,0.0,0.0,-0.5934119456780721
38.0325,0.0,0.0,0.0,0.0,-0.5934119456780721
38.0427,0.0,0.0,0.0,0.0,-0.5934119456780721
38.0525,0.0,0.0,0.0,0.0,-0.5934119456780721
38.0626,0.0,0.0,0.0,0.0,-0.5934119456780721
38.0726,0.0,0.0,0.0,0.0,-0.5934119456780721
38.0826,0.0,0.0,0.0,0.0,-0.5934119456780721
38.0925,0.0,0.0,0.0,0.0,-0.5934119456780721
38.1026,0.0,0.0,0.0,0.0,-0.5934119456780721
38.1126,0.0,0.0,0.0,0.0,-0.5934119456780721
38.1226,0.0,0.0,0.0,0.0,-0.5934119456780721
38.1325,0.0,0.0,0.0,0.0,-0.5934119456780721
38.1427,0.0,0.0,0.0,0.0,-0.5934119456780721
38.1525,0.0,0.0,0.0,0.0,-0.5934119456780721
38.1626,0.0,0.0,0.0,0.0,-0.5934119456780721
38.1726,0.0,0.0,0.0,0.0,-0.5934119456780721
38.1826,0.0,0.0,0.0,0.0,-0.5934119456780721
38.1926,0.0,0.0,0.0,0.0,-0.5934119456780721
38.2026,0.0,0.0,0.0,0.0,-0.5934119456780721
38.2126,0.0,0.0,0.0,0.0,-0.5934119456780721
38.2226,0.0,0.0,0.0,0.0,-0.5934119456780721
38.2327,0.0,0.0,0.0,0.0,-0.5934119456780721
38.2426,0.0,0.0,0.0,0.0,-0.5934119456780721
38.2525,0.0,0.0,0.0,0.0,-0.5934119456780721
38.2626,0.0,0.0,0.0,0.0,-0.5934119456780721
38.2725,0.0,0.0,0.0,0.0,-0.5934119456780721
38.2825,0.0,0.0,0.0,0.0,-0.5934119456780721
38.2924,0.0,0.0,0.0,0.0,-0.5934119456780721
38.3025,0.0,0.0,0.0,0.0,-0.5934119456780721
38.3125,0.0,0.0,0.0,0.0,-0.5934119456780721
38.3225,0.0,0.0,0.0,0.0,-0.5934119456780721
38.3322,0.0,0.0,0.0,0.0,-0.5934119456780721
38.3420,0.0,0.0,0.0,0.0,-0.5934119456780721
38.3522,0.0,0.0,0.0,0.0,-0.5934119456780721
38.3624,0.0,0.0,0.0,0.0,-0.5934119456780721
38.3724,0.0,0.0,0.0,0.0,-0.5934119456780721
38.3825,0.0,0.0,0.0,0.0,-0.5934119456780721
38.3924,0.0,0.0,0.0,0.0,-0.5934119456780721
38.4024,0.0,0.0,0.0,0.0,-0.5934119456780721
38.4126,0.0,0.0,0.0,0.0,0.0
38.4225,0.0,0.0,0.0,0.0,0.0
38.4324,0.0,0.0,0.0,0.0,0.0
38.4425,0.0,0.0,0.0,0.0,0.0
38.4523,0.0,0.0,0.0,0.0,0.0
38.4624,0.0,0.0,0.0,0.0,0.0
38.4724,0.0,0.0,0.0,0.0,0.0
38.4825,0.0,0.0,0.0,0.0,0.0
38.4921,0.0,0.0,0.0,0.0,0.0
38.5026,0.0,0.0,0.0,0.0,0.0
38.5124,0.0,0.0,0.0,0.0,0.0
38.5226,0.0,0.0,0.0,0.0,0.0
38.5324,0.0,0.0,0.0,0.0,0.0
38.5426,0.0,0.0,0.0,0.0,0.0
38.5525,0.0,0.0,0.0,0.0,0.0
38.5625,0.0,0.0,0.0,0.0,0.0
38.5724,0.0,0.0,0.0,0.0,0.0
38.5825,0.0,0.0,0.0,0.0,0.0
38.5921,0.0,0.0,0.0,0.0,0.0
38.6023,0.0,0.0,0.0,0.0,0.0
38.6123,0.0,0.0,0.0,0.0,0.0
38.6227,0.0,0.0,0.0,0.0,0.0
38.6325,0.0,0.0,0.0,0.0,0.0
38.6425,0.0,0.0,0.0,0.0,0.0
38.6524,0.0,0.0,0.0,0.0,0.0
38.6625,0.0,0.0,0.0,0.0,0.0
38.6726,0.0,0.0,0.0,0.0,0.0
38.6826,0.0,0.0,0.0,0.0,0.0
38.6927,0.0,0.0,0.0,0.0,0.0
38.7025,0.0,0.0,0.0,0.0,0.0
38.7126,0.0,0.0,0.0,0.0,0.0
38.7225,0.0,0.0,0.0,0.0,0.0
38.7325,0.0,0.0,0.0,0.0,0.0
38.7427,0.0,0.0,0.0,0.0,0.0
38.7525,0.0,0.0,0.0,0.0,0.0
38.7626,0.0,0.0,0.0,0.0,0.0
38.7725,0.0,0.0,0.0,0.0,0.0
38.7829,0.0,0.0,0.0,0.0,0.0
38.7925,0.0,0.0,0.0,0.0,0.0
38.8024,0.0,0.0,0.0,0.0,0.0
38.8124,0.0,0.0,0.0,0.0,0.0
38.8245,0.0,0.0,0.0,0.0,0.0
38.8324,0.0,0.0,0.0,0.0,0.0
38.8426,0.0,0.0,0.0,0.0,0.0
38.8526,0.0,0.0,0.0,0.0,0.0
38.8627,0.0,0.0,0.0,0.0,0.0
38.8724,0.0,0.0,0.0,0.0,0.0
38.8826,0.0,0.0,0.0,0.0,0.0
38.8922,0.0,0.0,0.0,0.0,0.0
38.9024,0.0,0.0,0.0,0.0,0.0
38.9125,0.0,0.0,0.0,0.0,0.0
38.9227,0.0,0.0,0.0,0.0,0.0
38.9326,0.0,0.0,0.0,0.0,0.0
38.9427,0.0,0.0,0.0,0.0,0.0
38.9525,0.0,0.0,0.0,0.0,0.0
38.9625,0.0,0.0,0.0,0.0,0.0
38.9725,0.0,0.0,0.0,0.0,0.0
38.9824,0.0,0.0,0.0,0.0,0.0
38.9925,0.0,0.0,0.0,0.0,0.0
39.0026,0.0,0.0,0.0,0.0,0.0
39.0125,0.0,0.0,0.0,0.0,0.0
39.0224,0.0,0.0,0.0,0.0,0.0
39.0324,0.0,0.0,0.0,0.0,0.0
39.0425,0.0,0.0,0.0,0.0,0.0
39.0525,0.0,0.0,0.0,0.0,0.0
39.0624,0.0,0.0,0.0,0.0,0.0
39.0725,0.0,0.0,0.0,0.0,0.0
39.0826,0.0,0.0,0.0,0.0,0.0
39.0925,0.0,0.0,0.0,0.0,0.0
39.1026,0.0,0.0,0.0,0.0,0.0
39.1125,0.0,0.0,0.0,0.0,0.0
39.1228,0.0,0.0,0.0,0.0,0.0
39.1325,0.0,0.0,0.0,0.0,0.0
39.1425,0.0,0.0,0.0,0.0,0.0
39.1523,0.0,0.0,0.0,0.0,0.0
39.1623,0.0,0.0,0.0,0.0,0.0
39.1724,0.0,0.0,0.0,0.0,0.0
39.1825,0.0,0.0,0.0,0.0,0.0
39.1924,0.0,0.0,0.0,0.0,0.0
39.2024,0.0,0.0,0.0,0.0,0.0
39.2124,0.0,0.0,0.0,0.0,0.0
39.2224,0.0,0.0,0.0,0.0,0.0
39.2323,0.0,0.0,0.0,0.0,0.0
39.2425,0.0,0.0,0.0,0.0,0.0
39.2523,0.0,0.0,0.0,0.0,0.0
39.2623,0.0,0.0,0.0,0.0,0.0
39.2724,0.0,0.0,0.0,0.0,0.0
39.2826,0.0,0.0,0.0,0.0,0.0
39.2924,0.0,0.0,0.0,0.0,0.0
39.3026,0.0,0.0,0.0,0.0,0.0
39.3122,0.0,0.0,0.0,0.0,0.0
39.3226,0.0,0.0,0.0,0.0,0.0
39.3323,0.0,0.0,0.0,0.0,0.0
39.3419,0.0,0.0,0.0,0.0,0.0
39.3520,0.0,0.0,0.0,0.0,0.0
39.3622,0.0,0.0,0.0,0.0,0.0
39.3720,0.0,0.0,0.0,0.0,0.0
39.3821,0.0,0.0,0.0,0.0,0.0
39.3926,0.0,0.0,0.0,0.0,0.0
39.4024,0.0,0.0,0.0,0.0,0.0
39.4124,0.0,0.0,0.0,0.0,0.0
39.4224,0.0,0.0,0.0,0.0,0.0
39.4326,0.0,0.0,0.0,0.0,0.0
39.4424,0.0,0.0,0.0,0.0,0.0
39.4525,0.0,0.0,0.0,0.0,0.0
39.4624,0.0,0.0,0.0,0.0,0.0
39.4724,0.0,0.0,0.0,0.0,0.0
39.4825,0.0,0.0,0.0,0.0,0.0
39.4925,0.0,0.0,0.0,0.0,0.0
39.5025,0.0,0.0,0.0,0.0,0.0
39.5124,0.0,0.0,0.0,0.0,0.0
39.5225,0.0,0.0,0.0,0.0,0.0
39.5323,0.0,0.0,0.0,0.0,0.0
39.5426,0.0,0.0,0.0,0.0,0.0
39.5525,0.0,0.0,0.0,0.0,0.0
39.5627,0.0,0.0,0.0,0.0,0.0
39.5725,0.0,0.0,0.0,0.0,0.0
39.5824,0.0,0.0,0.0,0.0,0.0
39.5925,0.0,0.0,0.0,0.0,0.0
39.6027,0.0,0.0,0.0,0.0,0.0
39.6124,0.0,0.0,0.0,0.0,0.0
39.6226,0.0,0.0,0.0,0.0,0.0
39.6325,0.0,0.0,0.0,0.0,0.0
39.6425,0.0,0.0,0.0,0.0,0.0
39.6524,0.0,0.0,0.0,0.0,0.0
39.6625,0.0,0.0,0.0,0.0,0.0
39.6723,0.0,0.0,0.0,0.0,0.0
39.6825,0.0,0.0,0.0,0.0,0.0
39.6925,0.0,0.0,0.0,0.0,0.0
39.7026,0.0,0.0,0.0,0.0,0.0
39.7124,0.0,0.0,0.0,0.0,0.0
39.7226,0.0,0.0,0.0,0.0,0.0
39.7325,0.0,0.0,0.0,0.0,0.0
39.7425,0.0,0.0,0.0,0.0,0.0
39.7524,0.0,0.0,0.0,0.0,0.0
39.7626,0.0,0.0,0.0,0.0,0.0
39.7723,0.0,0.0,0.0,0.0,0.0
39.7825,0.0,0.0,0.0,0.0,0.0
39.7926,0.0,0.0,0.0,0.0,0.0
39.8026,0.0,0.0,0.0,0.0,0.0
39.8124,0.0,0.0,0.0,0.0,0.0
39.8226,0.0,0.0,0.0,0.0,0.0
39.8324,0.0,0.0,0.0,0.0,0.0
39.8426,0.0,0.0,0.0,0.0,0.0
39.8525,0.0,0.0,0.0,0.0,0.0
39.8626,0.0,0.0,0.0,0.0,0.0
39.8725,0.0,0.0,0.0,0.0,0.0
39.8826,0.0,0.0,0.0,0.0,0.0
39.8925,0.0,0.0,0.0,0.0,0.0
39.9025,0.0,0.0,0.0,0.0,0.0
39.9125,0.0,0.0,0.0,0.0,0.5934119456780721
39.9226,0.0,0.0,0.0,0.0,0.5934119456780721
39.9325,0.0,0.0,0.0,0.0,0.5934119456780721
39.9426,0.0,0.0,0.0,0.0,0.5934119456780721
39.9525,0.0,0.0,0.0,0.0,0.5934119456780721
39.9626,0.0,0.0,0.0,0.0,0.5934119456780721
39.9725,0.0,0.0,0.0,0.0,0.5934119456780721
39.9826,0.0,0.0,0.0,0.0,0.5934119456780721
39.9925,0.0,0.0,0.0,0.0,0.5934119456780721
40.0025,0.0,0.0,0.0,0.0,0.5934119456780721
40.0125,0.0,0.0,0.0,0.0,0.5934119456780721
40.0225,0.0,0.0,0.0,0.0,0.5934119456780721
40.0325,0.0,0.0,0.0,0.0,0.5934119456780721
40.0427,0.0,0.0,0.0,0.0,0.5934119456780721
40.0525,0.0,0.0,0.0,0.0,0.5934119456780721
40.0626,0.0,0.0,0.0,0.0,0.5934119456780721
40.0725,0.0,0.0,0.0,0.0,0.5934119456780721
40.0826,0.0,0.0,0.0,0.0,0.5934119456780721
40.0925,0.0,0.0,0.0,0.0,0.5934119456780721
40.1026,0.0,0.0,0.0,0.0,0.5934119456780721
40.1124,0.0,0.0,0.0,0.0,0.5934119456780721
40.1226,0.0,0.0,0.0,0.0,0.5934119456780721
40.1324,0.0,0.0,0.0,0.0,0.5934119456780721
40.1426,0.0,0.0,0.0,0.0,0.5934119456780721
40.1526,0.0,0.0,0.0,0.0,0.5934119456780721
40.1627,0.0,0.0,0.0,0.0,0.5934119456780721
40.1726,0.0,0.0,0.0,0.0,0.5934119456780721
40.1827,0.0,0.0,0.0,0.0,0.5934119456780721
40.1926,0.0,0.0,0.0,0.0,0.5934119456780721
40.2027,0.0,0.0,0.0,0.0,0.5934119456780721
40.2126,0.0,0.0,0.0,0.0,0.5934119456780721
40.2225,0.0,0.0,0.0,0.0,0.5934119456780721
40.2326,0.0,0.0,0.0,0.0,0.5934119456780721
40.2427,0.0,0.0,0.0,0.0,0.5934119456780721
40.2526,0.0,0.0,0.0,0.0,0.5934119456780721
40.2625,0.0,0.0,0.0,0.0,0.5934119456780721
40.2725,0.0,0.0,0.0,0.0,0.5934119456780721
40.2826,0.0,0.0,0.0,0.0,0.5934119456780721
40.2923,0.0,0.0,0.0,0.0,0.5934119456780721
40.3027,0.0,0.0,0.0,0.0,0.5934119456780721
40.3126,0.0,0.0,0.0,0.0,0.5934119456780721
40.3227,0.0,0.0,0.0,0.0,0.5934119456780721
40.3325,0.0,0.0,0.0,0.0,0.5934119456780721
40.3422,0.0,0.0,0.0,0.0,0.5934119456780721
40.3519,0.0,0.0,0.0,0.0,0.5934119456780721
40.3626,0.0,0.0,0.0,0.0,0.5934119456780721
40.3723,0.0,0.0,0.0,0.0,0.5934119456780721
40.3823,0.0,0.0,0.0,0.0,0.5934119456780721
40.3923,0.0,0.0,0.0,0.0,0.5934119456780721
40.4025,0.0,0.0,0.0,0.0,0.5934119456780721
40.4123,0.0,0.0,0.0,0.0,0.5934119456780721
40.4225,0.0,0.0,0.0,0.0,0.5934119456780721
40.4324,0.0,0.0,0.0,0.0,0.5934119456780721
40.4424,0.0,0.0,0.0,0.0,0.5934119456780721
40.4525,0.0,0.0,0.0,0.0,0.5934119456780721
40.4624,0.0,0.0,0.0,0.0,0.5934119456780721
40.4725,0.0,0.0,0.0,0.0,0.5934119456780721
40.4826,0.0,0.0,0.0,0.0,0.5934119456780721
40.4925,0.0,0.0,0.0,0.0,0.5934119456780721
40.5025,0.0,0.0,0.0,0.0,0.5934119456780721
40.5125,0.0,0.0,0.0,0.0,0.5934119456780721
40.5226,0.0,0.0,0.0,0.0,0.5934119456780721
40.5325,0.0,0.0,0.0,0.0,0.5934119456780721
40.5424,0.0,0.0,0.0,0.0,0.5934119456780721
40.5525,0.0,0.0,0.0,0.0,0.5934119456780721
40.5625,0.0,0.0,0.0,0.0,0.5934119456780721
40.5724,0.0,0.0,0.0,0.0,0.5934119456780721
40.5826,0.0,0.0,0.0,0.0,0.5934119456780721
40.5924,0.0,0.0,0.0,0.0,0.5934119456780721
40.6026,0.0,0.0,0.0,0.0,0.5934119456780721
40.6125,0.0,0.0,0.0,0.0,0.5934119456780721
40.6227,0.0,0.0,0.0,0.0,0.5934119456780721
40.6325,0.0,0.0,0.0,0.0,0.5934119456780721
40.6427,0.0,0.0,0.0,0.0,0.5934119456780721
40.6525,0.0,0.0,0.0,0.0,0.5934119456780721
40.6626,0.0,0.0,0.0,0.0,0.5934119456780721
40.6725,0.0,0.0,0.0,0.0,0.5934119456780721
40.6826,0.0,0.0,0.0,0.0,0.5934119456780721
40.6925,0.0,0.0,0.0,0.0,0.5934119456780721
40.7026,0.0,0.0,0.0,0.0,0.5934119456780721
40.7125,0.0,0.0,0.0,0.0,0.5934119456780721
40.7226,0.0,0.0,0.0,0.0,0.5934119456780721
40.7325,0.0,0.0,0.0,0.0,0.5934119456780721
40.7426,0.0,0.0,0.0,0.0,0.5934119456780721
40.7523,0.0,0.0,0.0,0.0,0.5934119456780721
40.7626,0.0,0.0,0.0,0.0,0.5934119456780721
40.7724,0.0,0.0,0.0,0.0,0.5934119456780721
40.7826,0.0,0.0,0.0,0.0,0.5934119456780721
40.7926,0.0,0.0,0.0,0.0,0.5934119456780721
40.8023,0.0,0.0,0.0,0.0,0.5934119456780721
40.8125,0.0,0.0,0.0,0.0,0.5934119456780721
40.8224,0.0,0.0,0.0,0.0,0.5934119456780721
40.8324,0.0,0.0,0.0,0.0,0.5934119456780721
40.8424,0.0,0.0,0.0,0.0,0.5934119456780721
40.8525,0.0,0.0,0.0,0.0,0.5934119456780721
40.8624,0.0,0.0,0.0,0.0,0.5934119456780721
40.8721,0.0,0.0,0.0,0.0,0.5934119456780721
40.8825,0.0,0.0,0.0,0.0,0.5934119456780721
40.8925,0.0,0.0,0.0,0.0,0.5934119456780721
40.9026,0.0,0.0,0.0,0.0,0.5934119456780721
40.9125,0.0,0.0,0.0,0.0,0.5934119456780721
40.9225,0.0,0.0,0.0,0.0,0.5934119456780721
40.9325,0.0,0.0,0.0,0.0,0.5934119456780721
40.9424,0.0,0.0,0.0,0.0,0.5934119456780721
40.9525,0.0,0.0,0.0,0.0,0.5934119456780721
40.9625,0.0,0.0,0.0,0.0,0.5934119456780721
40.9725,0.0,0.0,0.0,0.0,0.5934119456780721
40.9825,0.0,0.0,0.0,0.0,0.5934119456780721
40.9925,0.0,0.0,0.0,0.0,0.5934119456780721
41.0025,0.0,0.0,0.0,0.0,0.5934119456780721
41.0123,0.0,0.0,0.0,0.0,0.5934119456780721
41.0220,0.0,0.0,0.0,0.0,0.5934119456780721
41.0325,0.0,0.0,0.0,0.0,0.5934119456780721
41.0425,0.0,0.0,0.0,0.0,0.5934119456780721
41.0524,0.0,0.0,0.0,0.0,0.5934119456780721
41.0625,0.0,0.0,0.0,0.0,0.5934119456780721
41.0730,0.0,0.0,0.0,0.0,0.5934119456780721
41.0824,0.0,0.0,0.0,0.0,0.5934119456780721
41.0924,0.0,0.0,0.0,0.0,0.5934119456780721
41.1025,0.0,0.0,0.0,0.0,0.5934119456780721
41.1125,0.0,0.0,0.0,0.0,0.5934119456780721
41.1226,0.0,0.0,0.0,0.0,0.5934119456780721
41.1323,0.0,0.0,0.0,0.0,0.5934119456780721
41.1425,0.0,0.0,0.0,0.0,0.5934119456780721
41.1525,0.0,0.0,0.0,0.0,0.5934119456780721
41.1625,0.0,0.0,0.0,0.0,0.5934119456780721
41.1725,0.0,0.0,0.0,0.0,0.5934119456780721
41.1825,0.0,0.0,0.0,0.0,0.5934119456780721
41.1925,0.0,0.0,0.0,0.0,0.5934119456780721
41.2025,0.0,0.0,0.0,0.0,0.5934119456780721
41.2125,0.0,0.0,0.0,0.0,0.5934119456780721
41.2225,0.0,0.0,0.0,0.0,0.5934119456780721
41.2324,0.0,0.0,0.0,0.0,0.5934119456780721
41.2425,0.0,0.0,0.0,0.0,0.5934119456780721
41.2525,0.0,0.0,0.0,0.0,0.5934119456780721
41.2623,0.0,0.0,0.0,0.0,0.5934119456780721
41.2723,0.0,0.0,0.0,0.0,0.5934119456780721
41.2825,0.0,0.0,0.0,0.0,0.5934119456780721
41.2924,0.0,0.0,0.0,0.0,0.5934119456780721
41.3025,0.0,0.0,0.0,0.0,0.5934119456780721
41.3123,0.0,0.0,0.0,0.0,0.5934119456780721
41.3225,0.0,0.0,0.0,0.0,0.5934119456780721
41.3323,0.0,0.0,0.0,0.0,0.5934119456780721
41.3420,0.0,0.0,0.0,0.0,0.5934119456780721
41.3518,0.0,0.0,0.0,0.0,0.5934119456780721
41.3623,0.0,0.0,0.0,0.0,0.5934119456780721
41.3720,0.0,0.0,0.0,0.0,0.5934119456780721
41.3822,0.0,0.0,0.0,0.0,0.5934119456780721
41.3922,0.0,0.0,0.0,0.0,0.5934119456780721
41.4024,0.0,0.0,0.0,0.0,0.5934119456780721
41.4123,0.0,0.0,0.0,0.0,1.1868238913561442
41.4225,0.0,0.0,0.0,0.0,1.1868238913561442
41.4323,0.0,0.0,0.0,0.0,1.1868238913561442
41.4426,0.0,0.0,0.0,0.0,1.1868238913561442
41.4524,0.0,0.0,0.0,0.0,1.1868238913561442
41.4624,0.0,0.0,0.0,0.0,1.1868238913561442
41.4723,0.0,0.0,0.0,0.0,1.1868238913561442
41.4826,0.0,0.0,0.0,0.0,1.1868238913561442
41.4924,0.0,0.0,0.0,0.0,1.1868238913561442
41.5025,0.0,0.0,0.0,0.0,1.1868238913561442
41.5124,0.0,0.0,0.0,0.0,1.1868238913561442
41.5225,0.0,0.0,0.0,0.0,1.1868238913561442
41.5323,0.0,0.0,0.0,0.0,1.1868238913561442
41.5426,0.0,0.0,0.0,0.0,1.1868238913561442
41.5524,0.0,0.0,0.0,0.0,1.1868238913561442
41.5627,0.0,0.0,0.0,0.0,1.1868238913561442
41.5723,0.0,0.0,0.0,0.0,1.1868238913561442
41.5826,0.0,0.0,0.0,0.0,1.1868238913561442
41.5924,0.0,0.0,0.0,0.0,1.1868238913561442
41.6025,0.0,0.0,0.0,0.0,1.1868238913561442
41.6125,0.0,0.0,0.0,0.0,1.1868238913561442
41.6225,0.0,0.0,0.0,0.0,1.1868238913561442
41.6325,0.0,0.0,0.0,0.0,1.1868238913561442
41.6425,0.0,0.0,0.0,0.0,1.1868238913561442
41.6525,0.0,0.0,0.0,0.0,1.1868238913561442
41.6626,0.0,0.0,0.0,0.0,1.1868238913561442
41.6724,0.0,0.0,0.0,0.0,1.1868238913561442
41.6825,0.0,0.0,0.0,0.0,1.1868238913561442
41.6923,0.0,0.0,0.0,0.0,1.1868238913561442
41.7027,0.0,0.0,0.0,0.0,1.1868238913561442
41.7126,0.0,0.0,0.0,0.0,1.1868238913561442
41.7226,0.0,0.0,0.0,0.0,1.1868238913561442
41.7326,0.0,0.0,0.0,0.0,1.1868238913561442
41.7426,0.0,0.0,0.0,0.0,1.1868238913561442
41.7526,0.0,0.0,0.0,0.0,1.1868238913561442
41.7626,0.0,0.0,0.0,0.0,1.1868238913561442
41.7725,0.0,0.0,0.0,0.0,1.1868238913561442
41.7826,0.0,0.0,0.0,0.0,1.1868238913561442
41.7926,0.0,0.0,0.0,0.0,1.1868238913561442
41.8025,0.0,0.0,0.0,0.0,1.1868238913561442
41.8124,0.0,0.0,0.0,0.0,1.1868238913561442
41.8226,0.0,0.0,0.0,0.0,1.1868238913561442
41.8325,0.0,0.0,0.0,0.0,1.1868238913561442
41.8425,0.0,0.0,0.0,0.0,1.1868238913561442
41.8524,0.0,0.0,0.0,0.0,1.1868238913561442
41.8625,0.0,0.0,0.0,0.0,1.1868238913561442
41.8726,0.0,0.0,0.0,0.0,1.1868238913561442
41.8825,0.0,0.0,0.0,0.0,1.1868238913561442
41.8925,0.0,0.0,0.0,0.0,1.1868238913561442
41.9028,0.0,0.0,0.0,0.0,1.1868238913561442
41.9124,0.0,0.0,0.0,0.0,1.1868238913561442
41.9225,0.0,0.0,0.0,0.0,1.1868238913561442
41.9325,0.0,0.0,0.0,0.0,1.1868238913561442
41.9426,0.0,0.0,0.0,0.0,1.1868238913561442
41.9526,0.0,0.0,0.0,0.0,1.1868238913561442
41.9625,0.0,0.0,0.0,0.0,1.1868238913561442
41.9725,0.0,0.0,0.0,0.0,1.1868238913561442
41.9826,0.0,0.0,0.0,0.0,1.1868238913561442
41.9924,0.0,0.0,0.0,0.0,1.1868238913561442
42.0026,0.0,0.0,0.0,0.0,1.1868238913561442
42.0123,0.0,0.0,0.0,0.0,1.1868238913561442
42.0225,0.0,0.0,0.0,0.0,1.1868238913561442
42.0323,0.0,0.0,0.0,0.0,1.1868238913561442
42.0424,0.0,0.0,0.0,0.0,1.1868238913561442
42.0523,0.0,0.0,0.0,0.0,1.1868238913561442
42.0625,0.0,0.0,0.0,0.0,1.1868238913561442
42.0723,0.0,0.0,0.0,0.0,1.1868238913561442
42.0826,0.0,0.0,0.0,0.0,1.1868238913561442
42.0925,0.0,0.0,0.0,0.0,1.1868238913561442
42.1026,0.0,0.0,0.0,0.0,1.1868238913561442
42.1125,0.0,0.0,0.0,0.0,1.1868238913561442
42.1226,0.0,0.0,0.0,0.0,1.1868238913561442
42.1324,0.0,0.0,0.0,0.0,1.1868238913561442
42.1424,0.0,0.0,0.0,0.0,1.1868238913561442
42.1523,0.0,0.0,0.0,0.0,1.1868238913561442
42.1625,0.0,0.0,0.0,0.0,1.1868238913561442
42.1725,0.0,0.0,0.0,0.0,1.1868238913561442
42.1825,0.0,0.0,0.0,0.0,1.1868238913561442
42.1922,0.0,0.0,0.0,0.0,1.1868238913561442
42.2024,0.0,0.0,0.0,0.0,1.1868238913561442
42.2124,0.0,0.0,0.0,0.0,1.1868238913561442
42.2226,0.0,0.0,0.0,0.0,1.1868238913561442
42.2324,0.0,0.0,0.0,0.0,1.1868238913561442
42.2425,0.0,0.0,0.0,0.0,1.1868238913561442
42.2523,0.0,0.0,0.0,0.0,1.1868238913561442
42.2623,0.0,0.0,0.0,0.0,1.1868238913561442
42.2724,0.0,0.0,0.0,0.0,1.1868238913561442
42.2825,0.0,0.0,0.0,0.0,1.1868238913561442
42.2925,0.0,0.0,0.0,0.0,1.1868238913561442
42.3025,0.0,0.0,0.0,0.0,1.1868238913561442
42.3122,0.0,0.0,0.0,0.0,1.1868238913561442
42.3224,0.0,0.0,0.0,0.0,1.1868238913561442
42.3327,0.0,0.0,0.0,0.0,1.1868238913561442
42.3421,0.0,0.0,0.0,0.0,1.1868238913561442
42.3519,0.0,0.0,0.0,0.0,1.1868238913561442
42.3621,0.0,0.0,0.0,0.0,1.1868238913561442
42.3721,0.0,0.0,0.0,0.0,1.1868238913561442
42.3821,0.0,0.0,0.0,0.0,1.1868238913561442
42.3923,0.0,0.0,0.0,0.0,1.1868238913561442
42.4025,0.0,0.0,0.0,0.0,1.1868238913561442
42.4123,0.0,0.0,0.0,0.0,1.1868238913561442
42.4225,0.0,0.0,0.0,0.0,1.1868238913561442
42.4325,0.0,0.0,0.0,0.0,1.1868238913561442
42.4424,0.0,0.0,0.0,0.0,1.1868238913561442
42.4526,0.0,0.0,0.0,0.0,1.1868238913561442
42.4626,0.0,0.0,0.0,0.0,1.1868238913561442
42.4724,0.0,0.0,0.0,0.0,1.1868238913561442
42.4827,0.0,0.0,0.0,0.0,1.1868238913561442
42.4923,0.0,0.0,0.0,0.0,1.1868238913561442
42.5024,0.0,0.0,0.0,0.0,1.1868238913561442
42.5124,0.0,0.0,0.0,0.0,1.1868238913561442
42.5225,0.0,0.0,0.0,0.0,1.1868238913561442
42.5324,0.0,0.0,0.0,0.0,1.1868238913561442
42.5423,0.0,0.0,0.0,0.0,1.1868238913561442
42.5525,0.0,0.0,0.0,0.0,1.1868238913561442
42.5636,0.0,0.0,0.0,0.0,1.1868238913561442
42.5759,0.0,0.0,0.0,0.0,1.1868238913561442
42.5819,0.0,0.0,0.0,0.0,1.1868238913561442
42.5919,0.0,0.0,0.0,0.0,1.1868238913561442
42.6019,0.0,0.0,0.0,0.0,1.1868238913561442
42.6119,0.0,0.0,0.0,0.0,1.1868238913561442
42.6222,0.0,0.0,0.0,0.0,1.1868238913561442
42.6322,0.0,0.0,0.0,0.0,1.1868238913561442
42.6426,0.0,0.0,0.0,0.0,1.1868238913561442
42.6524,0.0,0.0,0.0,0.0,1.1868238913561442
42.6626,0.0,0.0,0.0,0.0,1.1868238913561442
42.6725,0.0,0.0,0.0,0.0,1.1868238913561442
42.6826,0.0,0.0,0.0,0.0,1.1868238913561442
42.6925,0.0,0.0,0.0,0.0,1.1868238913561442
42.7025,0.0,0.0,0.0,0.0,1.1868238913561442
42.7126,0.0,0.0,0.0,0.0,1.1868238913561442
42.7224,0.0,0.0,0.0,0.0,1.1868238913561442
42.7319,0.0,0.0,0.0,0.0,1.1868238913561442
42.7425,0.0,0.0,0.0,0.0,1.1868238913561442
42.7524,0.0,0.0,0.0,0.0,1.1868238913561442
42.7625,0.0,0.0,0.0,0.0,1.1868238913561442
42.7725,0.0,0.0,0.0,0.0,1.1868238913561442
42.7824,0.0,0.0,0.0,0.0,1.1868238913561442
42.7926,0.0,0.0,0.0,0.0,1.1868238913561442
42.8025,0.0,0.0,0.0,0.0,1.1868238913561442
42.8124,0.0,0.0,0.0,0.0,1.1868238913561442
42.8222,0.0,0.0,0.0,0.0,1.1868238913561442
42.8324,0.0,0.0,0.0,0.0,1.1868238913561442
42.8423,0.0,0.0,0.0,0.0,1.1868238913561442
42.8524,0.0,0.0,0.0,0.0,1.1868238913561442
42.8624,0.0,0.0,0.0,0.0,1.1868238913561442
42.8726,0.0,0.0,0.0,0.0,1.1868238913561442
42.8825,0.0,0.0,0.0,0.0,1.1868238913561442
42.8927,0.0,0.0,0.0,0.0,1.1868238913561442
42.9026,0.0,0.0,0.0,0.0,1.1868238913561442
42.9125,0.0,0.0,0.0,0.0,0.0
42.9225,0.0,0.0,0.0,0.0,0.0
42.9325,0.0,0.0,0.0,0.0,0.0
42.9422,0.0,0.0,0.0,0.0,0.0
42.9523,0.0,0.0,0.0,0.0,0.0
42.9624,0.0,0.0,0.0,0.0,0.0
42.9723,0.0,0.0,0.0,0.0,0.0
42.9825,0.0,0.0,0.0,0.0,0.0
42.9924,0.0,0.0,0.0,0.0,0.0
43.0026,0.0,0.0,0.0,0.0,0.0
43.0124,0.0,0.0,0.0,0.0,0.0
43.0224,0.0,0.0,0.0,0.0,0.0
43.0324,0.0,0.0,0.0,0.0,0.0
43.0421,0.0,0.0,0.0,0.0,0.0
43.0523,0.0,0.0,0.0,0.0,0.0
43.0623,0.0,0.0,0.0,0.0,0.0
43.0724,0.0,0.0,0.0,0.0,0.0
43.0824,0.0,0.0,0.0,0.0,0.0
43.0924,0.0,0.0,0.0,0.0,0.0
43.1025,0.0,0.0,0.0,0.0,0.0
43.1125,0.0,0.0,0.0,0.0,0.0
43.1225,0.0,0.0,0.0,0.0,0.0
43.1325,0.0,0.0,0.0,0.0,0.0
43.1424,0.0,0.0,0.0,0.0,0.0
43.1525,0.0,0.0,0.0,0.0,0.0
43.1623,0.0,0.0,0.0,0.0,0.0
43.1724,0.0,0.0,0.0,0.0,0.0
43.1824,0.0,0.0,0.0,0.0,0.0
43.1924,0.0,0.0,0.0,0.0,0.0
43.2024,0.0,0.0,0.0,0.0,0.0
43.2124,0.0,0.0,0.0,0.0,0.0
43.2225,0.0,0.0,0.0,0.0,0.0
43.2325,0.0,0.0,0.0,0.0,0.0
43.2426,0.0,0.0,0.0,0.0,0.0
43.2524,0.0,0.0,0.0,0.0,0.0
43.2625,0.0,0.0,0.0,0.0,0.0
43.2723,0.0,0.0,0.0,0.0,0.0
43.2825,0.0,0.0,0.0,0.0,0.0
43.2925,0.0,0.0,0.0,0.0,0.0
43.3021,0.0,0.0,0.0,0.0,0.0
43.3124,0.0,0.0,0.0,0.0,0.0
43.3227,0.0,0.0,0.0,0.0,0.0
43.3323,0.0,0.0,0.0,0.0,0.0
43.3422,0.0,0.0,0.0,0.0,0.0
43.3520,0.0,0.0,0.0,0.0,0.0
43.3620,0.0,0.0,0.0,0.0,0.0
43.3719,0.0,0.0,0.0,0.0,0.0
43.3820,0.0,0.0,0.0,0.0,0.0
43.3924,0.0,0.0,0.0,0.0,0.0
43.4025,0.0,0.0,0.0,0.0,0.0
43.4124,0.0,0.0,0.0,0.0,0.0
43.4227,0.0,0.0,0.0,0.0,0.0
43.4322,0.0,0.0,0.0,0.0,0.0
43.4425,0.0,0.0,0.0,0.0,0.0
43.4525,0.0,0.0,0.0,0.0,0.0
43.4626,0.0,0.0,0.0,0.0,0.0
43.4723,0.0,0.0,0.0,0.0,0.0
43.4825,0.0,0.0,0.0,0.0,0.0
43.4924,0.0,0.0,0.0,0.0,0.0
43.5025,0.0,0.0,0.0,0.0,0.0
43.5124,0.0,0.0,0.0,0.0,0.0
43.5224,0.0,0.0,0.0,0.0,0.0
43.5323,0.0,0.0,0.0,0.0,0.0
43.5429,0.0,0.0,0.0,0.0,0.0
43.5525,0.0,0.0,0.0,0.0,0.0
43.5627,0.0,0.0,0.0,0.0,0.0
43.5724,0.0,0.0,0.0,0.0,0.0
43.5827,0.0,0.0,0.0,0.0,0.0
43.5924,0.0,0.0,0.0,0.0,0.0
43.6027,0.0,0.0,0.0,0.0,0.0
43.6125,0.0,0.0,0.0,0.0,0.0
43.6228,0.0,0.0,0.0,0.0,0.0
43.6326,0.0,0.0,0.0,0.0,0.0
43.6428,0.0,0.0,0.0,0.0,0.0
43.6525,0.0,0.0,0.0,0.0,0.0
