t,q_waist,q_shoulder,q_elbow,q_wrist,q_gripper,v_waist,v_shoulder,v_elbow,v_wrist,v_gripper
0.0000,0.0,0.0,0.0,0.0,0.0,0.0,0.0,0.0,0.0,0.0
0.0007,0.0,0.0,0.0,0.0,0.0,0.0,0.0,0.0,0.0,0.0
0.0011,0.0,0.0,0.0,0.0,0.0,0.0,0.0,0.0,0.0,0.0
0.0015,0.0,0.0,0.0,0.0,0.0,0.0,0.0,0.0,0.0,0.0
0.0019,0.0,0.0,0.0,0.0,0.0,0.0,0.0,0.0,0.0,0.0
0.0023,0.0,0.0,0.0,0.0,0.0,0.0,0.0,0.0,0.0,0.0
0.0027,0.0,0.0,0.0,0.0,0.0,0.0,0.0,0.0,0.0,0.0
0.0228,0.0,0.0,0.0,0.0,0.0,0.0,0.0,0.0,0.0,0.0
0.0429,0.0,0.0,0.0,0.0,0.0,0.0,0.0,0.0,0.0,0.0
0.0630,0.0,0.0,0.0,0.0,0.0,0.0,0.0,0.0,0.0,0.0
0.0830,0.0,0.0,0.0,0.0,0.0,0.0,0.0,0.0,0.0,0.0
0.1029,0.0,0.0,0.0,0.0,0.0,0.0,0.0,0.0,0.0,0.0
0.1228,0.0,0.0,0.0,0.0,0.0,0.0,0.0,0.0,0.0,0.0
0.1430,0.0,0.0,0.0,0.0,0.0,0.0,0.0,0.0,0.0,0.0
0.1631,0.0,0.0,0.0,0.0,0.0,0.0,0.0,0.0,0.0,0.0
0.1830,0.0,0.0,0.0,0.0,0.0,0.0,0.0,0.0,0.0,0.0
0.2030,0.0,0.0,0.0,0.0,0.0,0.0,0.0,0.0,0.0,0.0
0.2231,0.0,0.0,0.0,0.0,0.0,0.0,0.0,0.0,0.0,0.0
0.2430,0.0,0.0,0.0,0.0,0.0,0.0,0.0,0.0,0.0,0.0
0.2628,0.0,0.0,0.0,0.0,0.0,0.0,0.0,0.0,0.0,0.0
0.2829,0.0,0.0,0.0,0.0,0.0,0.0,0.0,0.0,0.0,0.0
0.3023,0.0,0.0,0.0,0.0,0.0,0.0,0.0,0.0,0.0,0.0
0.3226,0.0,0.0,0.0,0.0,0.0,0.0,0.0,0.0,0.0,0.0
0.3428,0.0,0.0,0.0,0.0,0.0,0.0,0.0,0.0,0.0,0.0
0.3629,0.0,0.0,0.0,0.0,0.0,0.0,0.0,0.0,0.0,0.0
0.3829,0.0,0.0,0.0,0.0,0.0,0.0,0.0,0.0,0.0,0.0
0.4031,0.0,0.0,0.0,0.0,0.0,0.0,0.0,0.0,0.0,0.0
0.4228,0.0,0.0,0.0,0.0,0.0,0.0,0.0,0.0,0.0,0.0
0.4430,0.0,0.0,0.0,0.0,0.0,0.0,0.0,0.0,0.0,0.0
0.4630,0.0,0.0,0.0,0.0,0.0,0.0,0.0,0.0,0.0,0.0
0.4829,0.0,0.0,0.0,0.0,0.0,0.0,0.0,0.0,0.0,0.0
0.5029,0.0,0.0,0.0,0.0,0.0,0.0,0.0,0.0,0.0,0.0
0.5229,0.0,0.0,0.0,0.0,0.0,0.0,0.0,0.0,0.0,0.0
0.5428,0.0,0.0,0.0,0.0,0.0,0.0,0.0,0.0,0.0,0.0
0.5628,0.0,0.0,0.0,0.0,0.0,0.0,0.0,0.0,0.0,0.0
0.5829,0.0,0.0,0.0,0.0,0.0,0.0,0.0,0.0,0.0,0.0
0.6029,0.0,0.0,0.0,0.0,0.0,0.0,0.0,0.0,0.0,0.0
0.6228,0.0,0.0,0.0,0.0,0.0,0.0,0.0,0.0,0.0,0.0
0.6430,0.0,0.0,0.0,0.0,0.0,0.0,0.0,0.0,0.0,0.0
0.6630,0.0,0.0,0.0,0.0,0.0,0.0,0.0,0.0,0.0,0.0
0.6832,0.0,0.0,0.0,0.0,0.0,0.0,0.0,0.0,0.0,0.0
0.7031,0.0,0.0,0.0,0.0,0.0,0.0,0.0,0.0,0.0,0.0
0.7229,0.0,0.0,0.0,0.0,0.0,0.0,0.0,0.0,0.0,0.0
0.7429,0.0,0.0,0.0,0.0,0.0,0.0,0.0,0.0,0.0,0.0
0.7631,0.0,0.0,0.0,0.0,0.0,0.0,0.0,0.0,0.0,0.0
0.7831,0.0,0.0,0.0,0.0,0.0,0.0,0.0,0.0,0.0,0.0
0.8030,0.0,0.0,0.0,0.0,0.0,0.0,0.0,0.0,0.0,0.0
0.8230,0.0,0.0,0.0,0.0,0.0,0.0,0.0,0.0,0.0,0.0
0.8429,0.0,0.0,0.0,0.0,0.0,0.0,0.0,0.0,0.0,0.0
0.8630,0.0,0.0,0.0,0.0,0.0,0.0,0.0,0.0,0.0,0.0
0.8830,0.0,0.0,0.0,0.0,0.0,0.0,0.0,0.0,0.0,0.0
0.9032,0.0,0.0,0.0,0.0,0.0,0.0,0.0,0.0,0.0,0.0
0.9228,0.0,0.0,0.0,0.0,0.0,0.0,0.0,0.0,0.0,0.0
0.9429,0.0,0.0,0.0,0.0,0.0,0.0,0.0,0.0,0.0,0.0
0.9628,0.0,0.0,0.0,0.0,0.0,0.0,0.0,0.0,0.0,0.0
0.9828,0.0,0.0,0.0,0.0,0.0,0.0,0.0,0.0,0.0,0.0
1.0028,0.0,0.0,0.0,0.0,0.0,0.0,0.0,0.0,0.0,0.0
1.0231,0.0,0.0,0.0,0.0,0.0,0.0,0.0,0.0,0.0,0.0
1.0427,0.0,0.0,0.0,0.0,0.0,0.0,0.0,0.0,0.0,0.0
1.0629,0.0,0.0,0.0,0.0,0.0,0.0,0.0,0.0,0.0,0.0
1.0829,0.0,0.0,0.0,0.0,0.0,0.0,0.0,0.0,0.0,0.0
1.1031,0.0,0.0,0.0,0.0,0.0,0.0,0.0,0.0,0.0,0.0
1.1228,0.0,0.0,0.0,0.0,0.0,0.0,0.0,0.0,0.0,0.0
1.1428,0.0,0.0,0.0,0.0,0.0,0.0,0.0,0.0,0.0,0.0
1.1638,0.0,0.0,0.0,0.0,0.0,0.0,0.0,0.0,0.0,0.0
1.1830,0.0,0.0,0.0,0.0,0.0,0.0,0.0,0.0,0.0,0.0
1.2029,0.0,0.0,0.0,0.0,0.0,0.0,0.0,0.0,0.0,0.0
1.2229,0.0,0.0,0.0,0.0,0.0,0.0,0.0,0.0,0.0,0.0
1.2428,0.0,0.0,0.0,0.0,0.0,0.0,0.0,0.0,0.0,0.0
1.2629,0.0,0.0,0.0,0.0,0.0,0.0,0.0,0.0,0.0,0.0
1.2832,0.0,0.0,0.0,0.0,0.0,0.0,0.0,0.0,0.0,0.0
1.3023,0.0,0.0,0.0,0.0,0.0,0.0,0.0,0.0,0.0,0.0
1.3228,0.0,0.0,0.0,0.0,0.0,0.0,0.0,0.0,0.0,0.0
1.3428,0.0,0.0,0.0,0.0,0.0,0.0,0.0,0.0,0.0,0.0
1.3629,0.0,0.0,0.0,0.0,0.0,0.0,0.0,0.0,0.0,0.0
1.3828,0.0,0.0,0.0,0.0,0.0,0.0,0.0,0.0,0.0,0.0
1.4029,0.0,0.0,0.0,0.0,0.0,0.0,0.0,0.0,0.0,0.0
1.4228,0.0,0.0,0.0,0.0,0.0,0.0,0.0,0.0,0.0,0.0
1.4427,0.0,0.0,0.0,0.0,0.0,0.0,0.0,0.0,0.0,0.0
1.4629,0.0,0.0,0.0,0.0,0.0,0.0,0.0,0.0,0.0,0.0
1.4830,0.0,0.0,0.0,0.0,0.0,0.0,0.0,0.0,0.0,0.0
1.5030,0.0,0.0,0.0,0.0,0.0,0.0,0.0,0.0,0.0,0.0
1.5230,0.0,0.0,0.0,0.0,0.0,0.0,0.0,0.0,0.0,0.0
1.5431,0.0,0.0,0.0,0.0,0.0,0.0,0.0,0.0,0.0,0.0
1.5630,0.0,0.0,0.0,0.0,0.0,0.0,0.0,0.0,0.0,0.0
1.5830,0.0,0.0,0.0,0.0,0.0,0.0,0.0,0.0,0.0,0.0
1.6029,0.0,0.0,0.0,0.0,0.0,0.0,0.0,0.0,0.0,0.0
1.6229,0.0,0.0,0.0,0.0,0.0,0.0,0.0,0.0,0.0,0.0
1.6430,0.0,0.0,0.0,0.0,0.0,0.0,0.0,0.0,0.0,0.0
1.6630,0.0,0.0,0.0,0.0,0.0,0.0,0.0,0.0,0.0,0.0
1.6830,0.0,0.0,0.0,0.0,0.0,0.0,0.0,0.0,0.0,0.0
1.7029,0.0,0.0,0.0,0.0,0.0,0.0,0.0,0.0,0.0,0.0
1.7231,0.0,0.0,0.0,0.0,0.0,0.0,0.0,0.0,0.0,0.0
1.7430,0.0,0.0,0.0,0.0,0.0,0.0,0.0,0.0,0.0,0.0
1.7629,0.0,0.0,0.0,0.0,0.0,0.0,0.0,0.0,0.0,0.0
1.7829,0.0,0.0,0.0,0.0,0.0,0.0,0.0,0.0,0.0,0.0
1.8030,0.0,0.0,0.0,0.0,0.0,0.0,0.0,0.0,0.0,0.0
1.8231,0.0,0.0,0.0,0.0,0.0,0.0,0.0,0.0,0.0,0.0
1.8430,0.0,0.0,0.0,0.0,0.0,0.0,0.0,0.0,0.0,0.0
1.8630,0.0,0.0,0.0,0.0,0.0,0.0,0.0,0.0,0.0,0.0
1.8830,0.0,0.0,0.0,0.0,0.0,0.0,0.0,0.0,0.0,0.0
1.9030,0.0,0.0,0.0,0.0,0.0,0.0,0.0,0.0,0.0,0.0
1.9223,0.0,0.0,0.0,0.0,0.0,0.0,0.0,0.0,0.0,0.0
1.9424,0.0,0.0,0.0,0.0,0.0,0.0,0.0,0.0,0.0,0.0
1.9623,0.0,0.0,0.0,0.0,0.0,0.0,0.0,0.0,0.0,0.0
1.9823,0.0,0.0,0.0,0.0,0.0,0.0,0.0,0.0,0.0,0.0
2.0022,0.0,0.0,0.0,0.0,0.0,0.0,0.0,0.0,0.0,0.0
2.0223,0.0,0.0,0.0,0.0,0.0,0.0,0.0,0.0,0.0,0.0
2.0424,0.0,0.0,0.0,0.0,0.0,0.0,0.0,0.0,0.0,0.0
2.0622,0.0,0.0,0.0,0.0,0.0,0.0,0.0,0.0,0.0,0.0
2.0823,0.0,0.0,0.0,0.0,0.0,0.0,0.0,0.0,0.0,0.0
2.1024,0.0,0.0,0.0,0.0,0.0,0.0,0.0,0.0,0.0,0.0
2.1223,0.0,0.0,0.0,0.0,0.0,0.0,0.0,0.0,0.0,0.0
2.1424,0.0,0.0,0.0,0.0,0.0,0.0,0.0,0.0,0.0,0.0
2.1624,0.0,0.0,0.0,0.0,0.0,0.0,0.0,0.0,0.0,0.0
2.1823,0.0,0.0,0.0,0.0,0.0,0.0,0.0,0.0,0.0,0.0
2.2022,0.0,0.0,0.0,0.0,0.0,0.0,0.0,0.0,0.0,0.0
2.2224,0.0,0.0,0.0,0.0,0.0,0.0,0.0,0.0,0.0,0.0
2.2425,0.0,0.0,0.0,0.0,0.0,0.0,0.0,0.0,0.0,0.0
2.2624,0.0,0.0,0.0,0.0,0.0,0.0,0.0,0.0,0.0,0.0
2.2823,0.0,0.0,0.0,0.0,0.0,0.0,0.0,0.0,0.0,0.0
2.3035,0.0,0.0,0.0,0.0,0.0,0.0,0.0,0.0,0.0,0.0
2.3227,0.0,0.0,0.0,0.0,0.0,0.0,0.0,0.0,0.0,0.0
2.3424,0.0,0.0,0.0,0.0,0.0,0.0,0.0,0.0,0.0,0.0
2.3624,0.0,0.0,0.0,0.0,0.0,0.0,0.0,0.0,0.0,0.0
2.3825,0.0,0.0,0.0,0.0,0.0,0.0,0.0,0.0,0.0,0.0
2.4023,0.0,0.0,0.0,0.0,0.0,0.0,0.0,0.0,0.0,0.0
2.4223,0.0,0.0,0.0,0.0,0.0,0.0,0.0,0.0,0.0,0.0
2.4425,0.0,0.0,0.0,0.0,0.0,0.0,0.0,0.0,0.0,0.0
2.4628,-0.0125,0.0,0.0,0.0,0.0,-0.625,0.0,0.0,0.0,0.0
2.4828,-0.034375,0.0,0.0,0.0,0.0,-1.09375,0.0,0.0,0.0,0.0
2.5027,-0.06328125000000001,0.0,0.0,0.0,0.0,-1.4453125,0.0,0.0,0.0,0.0
2.5228,-0.09746093750000001,0.0,0.0,0.0,0.0,-1.708984375,0.0,0.0,0.0,0.0
2.5427,-0.13559570312500002,0.0,0.0,0.0,0.0,-1.90673828125,0.0,0.0,0.0,0.0
2.5629,-0.17669677734375003,0.0,0.0,0.0,0.0,-2.0550537109375,0.0,0.0,0.0,0.0
2.5829,-0.22002258300781252,0.0,0.0,0.0,0.0,-2.166290283203125,0.0,0.0,0.0,0.0
2.6028,-0.2650169372558594,0.0,0.0,0.0,0.0,-2.2497177124023438,0.0,0.0,0.0,0.0
2.6229,-0.31126270294189456,0.0,0.0,0.0,0.0,-2.312288284301758,0.0,0.0,0.0,0.0
2.6428,-0.3584470272064209,0.0,0.0,0.0,0.0,-2.3592162132263184,0.0,0.0,0.0,0.0
2.6628,-0.4063352704048157,0.0,0.0,0.0,0.0,-2.3944121599197388,0.0,0.0,0.0,0.0
2.6828,-0.4547514528036118,0.0,0.0,0.0,0.0,-2.420809119939804,0.0,0.0,0.0,0.0
2.7030,-0.5035635896027089,0.0,0.0,0.0,0.0,-2.440606839954853,0.0,0.0,0.0,0.0
2.7226,-0.5526726922020316,0.0,0.0,0.0,0.0,-2.45545512996614,0.0,0.0,0.0,0.0
2.7427,-0.6020045191515238,0.0,0.0,0.0,0.0,-2.466591347474605,0.0,0.0,0.0,0.0
2.7628,-0.6515033893636428,0.0,0.0,0.0,0.0,-2.4749435106059536,0.0,0.0,0.0,0.0
2.7829,-0.7011275420227321,0.0,0.0,0.0,0.0,-2.4812076329544652,0.0,0.0,0.0,0.0
2.8029,-0.750845656517049,0.0,0.0,0.0,0.0,-2.485905724715849,0.0,0.0,0.0,0.0
2.8227,-0.8006342423877868,0.0,0.0,0.0,0.0,-2.4894292935368867,0.0,0.0,0.0,0.0
2.8428,-0.8504756817908401,0.0,0.0,0.0,0.0,-2.492071970152665,0.0,0.0,0.0,0.0
2.8630,-0.90035676134313,0.0,0.0,0.0,0.0,-2.4940539776144988,0.0,0.0,0.0,0.0
2.8829,-0.9502675710073475,0.0,0.0,0.0,0.0,-2.495540483210874,0.0,0.0,0.0,0.0
2.9029,-1.0002006782555106,0.0,0.0,0.0,0.0,-2.4966553624081556,0.0,0.0,0.0,0.0
2.9229,-1.050150508691633,0.0,0.0,0.0,0.0,-2.4974915218061167,0.0,0.0,0.0,0.0
2.9428,-1.1001128815187247,0.0,0.0,0.0,0.0,-2.4981186413545875,0.0,0.0,0.0,0.0
2.9628,-1.1500846611390434,0.0,0.0,0.0,0.0,-2.4985889810159407,0.0,0.0,0.0,0.0
2.9827,-1.2000634958542826,0.0,0.0,0.0,0.0,-2.4989417357619557,0.0,0.0,0.0,0.0
3.0030,-1.250047621890712,0.0,0.0,0.0,0.0,-2.4992063018214665,0.0,0.0,0.0,0.0
3.0228,-1.300035716418034,0.0,0.0,0.0,0.0,-2.4994047263661,0.0,0.0,0.0,0.0
3.0430,-1.3500267873135257,0.0,0.0,0.0,0.0,-2.499553544774575,0.0,0.0,0.0,0.0
3.0629,-1.4000200904851443,0.0,0.0,0.0,0.0,-2.4996651585809313,0.0,0.0,0.0,0.0
3.0828,-1.4500150678638584,0.0,0.0,0.0,0.0,-2.4997488689356984,0.0,0.0,0.0,0.0
3.1028,-1.500011300897894,0.0,0.0,0.0,0.0,-2.4998116517017737,0.0,0.0,0.0,0.0
3.1228,-1.5500084756734205,0.0,0.0,0.0,0.0,-2.4998587387763305,0.0,0.0,0.0,0.0
3.1427,-1.6000063567550655,0.0,0.0,0.0,0.0,-2.499894054082248,0.0,0.0,0.0,0.0
3.1628,-1.6500047675662992,0.0,0.0,0.0,0.0,-2.499920540561686,0.0,0.0,0.0,0.0
3.1827,-1.7000035756747245,0.0,0.0,0.0,0.0,-2.4999404054212646,0.0,0.0,0.0,0.0
3.2028,-1.7500026817560435,0.0,0.0,0.0,0.0,-2.4999553040659483,0.0,0.0,0.0,0.0
3.2228,-1.799787976145689,0.0,0.0,0.0,0.0,-2.4892647194822786,0.0,0.0,0.0,0.0
3.2428,-1.8464257941032007,0.0,0.0,0.0,0.0,-2.3318908978755895,0.0,0.0,0.0,0.0
3.2629,-1.8879047356591614,0.0,0.0,0.0,0.0,-2.0739470777980373,0.0,0.0,0.0,0.0
3.2828,-1.9230257834206013,0.0,0.0,0.0,0.0,-1.7560523880719914,0.0,0.0,0.0,0.0
3.3025,-1.951271147970464,0.0,0.0,0.0,0.0,-1.4122682274931373,0.0,0.0,0.0,0.0
3.3221,-1.9726650282386522,0.0,0.0,0.0,0.0,-1.0696940134094082,0.0,0.0,0.0,0.0
3.3429,-1.9876366624794932,0.0,0.0,0.0,0.0,-0.748581712042047,0.0,0.0,0.0,0.0
3.3630,-1.9968933141453733,0.0,0.0,0.0,0.0,-0.46283258329400306,0.0,0.0,0.0,0.0
3.3828,-2.00130832978008,0.0,0.0,0.0,0.0,-0.22075078173532986,0.0,0.0,0.0,0.0
3.4028,-2.0018272174533243,0.0,0.0,0.0,0.0,-0.025944383662204862,0.0,0.0,0.0,0.0
3.4229,-1.9993928758950767,0.0,0.0,0.0,0.0,0.12171707791237169,0.0,0.0,0.0,0.0
3.4429,-1.9948896729067056,0.0,0.0,0.0,0.0,0.22516014941856155,0.0,0.0,0.0,0.0
3.4631,-1.9891050160250439,0.0,0.0,0.0,0.0,0.2892328440830905,0.0,0.0,0.0,0.0
3.4831,-1.9827063481363139,0.0,0.0,0.0,0.0,0.31993339443650204,0.0,0.0,0.0,0.0
3.5030,-1.9762310920656065,0.0,0.0,0.0,0.0,0.3237628035353707,0.0,0.0,0.0,0.0
3.5230,-1.9700869102226586,0.0,0.0,0.0,0.0,0.3072090921474002,0.0,0.0,0.0,0.0
3.5431,-1.9645596849611071,0.0,0.0,0.0,0.0,0.27636126307757847,0.0,0.0,0.0,0.0
3.5631,-1.959826810651296,0.0,0.0,0.0,0.0,0.23664371549055774,0.0,0.0,0.0,0.0
3.5831,-1.9559736720138787,0.0,0.0,0.0,0.0,0.19265693187085867,0.0,0.0,0.0,0.0
3.6034,-1.953011523449002,0.0,0.0,0.0,0.0,0.14810742824383274,0.0,0.0,0.0,0.0
3.6229,-1.9508953463524232,0.0,0.0,0.0,0.0,0.10580885482893304,0.0,0.0,0.0,0.0
3.6431,-1.9495406184828628,0.0,0.0,0.0,0.0,0.06773639347802203,0.0,0.0,0.0,0.0
3.6632,-1.9488382612057396,0.0,0.0,0.0,0.0,0.03511786385615734,0.0,0.0,0.0,0.0
3.6832,-1.9486673233095717,0.0,0.0,0.0,0.0,0.008546894808389216,0.0,0.0,0.0,0.0
3.7033,-1.9489052062228904,0.0,0.0,0.0,0.0,-0.011894145665940409,0.0,0.0,0.0,0.0
3.7232,-1.949435431768525,0.0,0.0,0.0,0.0,-0.026511277281731464,0.0,0.0,0.0,0.0
3.7430,-1.9501531007556583,0.0,0.0,0.0,0.0,-0.035883449356671156,0.0,0.0,0.0,0.0
3.7630,-1.9509682921846878,0.0,0.0,0.0,0.0,-0.040759571451475955,0.0,0.0,0.0,0.0
3.7833,-1.9518077139593977,0.0,0.0,0.0,0.0,-0.04197108873549097,0.0,0.0,0.0,0.0
3.8032,-1.952614943186885,0.0,0.0,0.0,0.0,-0.04036146137437266,0.0,0.0,0.0,0.0
3.8233,-1.9533495942503065,0.0,0.0,0.0,0.0,-0.03673255317107161,0.0,0.0,0.0,0.0
3.8433,-1.9539857326268733,0.0,0.0,0.0,0.0,-0.031806918828331594,0.0,0.0,0.0,0.0
3.8630,-1.9545098181857048,0.0,0.0,0.0,0.0,-0.02620427794157639,0.0,0.0,0.0,0.0
3.8833,-1.9549184189977051,0.0,0.0,0.0,0.0,-0.020430040600015353,0.0,0.0,0.0,0.0
3.9033,-1.955215890200862,0.0,0.0,0.0,0.0,-0.014873560157843566,0.0,0.0,0.0,0.0
3.9230,-1.9429389936032297,0.0,0.0,0.0,0.0,0.6138448298816173,0.0,0.0,0.0,0.0
3.9431,-1.9212313211550054,0.0,0.0,0.0,0.0,1.085383622411213,0.0,0.0,0.0,0.0
3.9631,-1.8924505668188372,0.0,0.0,0.0,0.0,1.4390377168084099,0.0,0.0,0.0,0.0
3.9832,-1.858365001066711,0.0,0.0,0.0,0.0,1.7042782876063074,0.0,0.0,0.0,0.0
4.0031,-1.8203008267526164,0.0,0.0,0.0,0.0,1.9032087157047306,0.0,0.0,0.0,0.0
4.0234,-1.7792526960170454,0.0,0.0,0.0,0.0,2.052406536778548,0.0,0.0,0.0,0.0
4.0438,-1.7359665979653671,0.0,0.0,0.0,0.0,2.1643049025839107,0.0,0.0,0.0,0.0
4.0634,-1.6910020244266084,0.0,0.0,0.0,0.0,2.248228676937933,0.0,0.0,0.0,0.0
4.0832,-1.6447785942725395,0.0,0.0,0.0,0.0,2.31117150770345,0.0,0.0,0.0,0.0
4.1032,-1.5976110216569877,0.0,0.0,0.0,0.0,2.3583786307775876,0.0,0.0,0.0,0.0
4.1234,-1.5497353421953237,0.0,0.0,0.0,0.0,2.393783973083191,0.0,0.0,0.0,0.0
4.1435,-1.5013285825990759,0.0,0.0,0.0,0.0,2.420337979812393,0.0,0.0,0.0,0.0
4.1634,-1.45252351290189,0.0,0.0,0.0,0.0,2.4402534848592947,0.0,0.0,0.0,0.0
4.1834,-1.4034197106290007,0.0,0.0,0.0,0.0,2.455190113644471,0.0,0.0,0.0,0.0
4.2034,-1.3540918589243336,0.0,0.0,0.0,0.0,2.4663925852333533,0.0,0.0,0.0,0.0
4.2234,-1.3045959701458334,0.0,0.0,0.0,0.0,2.4747944389250147,0.0,0.0,0.0,0.0
4.2428,-1.2549740535619582,0.0,0.0,0.0,0.0,2.481095829193761,0.0,0.0,0.0,0.0
4.2631,-1.2052576161240518,0.0,0.0,0.0,0.0,2.485821871895321,0.0,0.0,0.0,0.0
4.2831,-1.155470288045622,0.0,0.0,0.0,0.0,2.4893664039214904,0.0,0.0,0.0,0.0
4.3022,-1.1074446375710718,0.0,0.0,0.0,0.0,2.4012825237275104,0.0,0.0,0.0,0.0
4.3226,-1.0636217843279043,0.0,0.0,0.0,0.0,2.1911426621583745,0.0,0.0,0.0,0.0
4.3428,-1.025580400202864,0.0,0.0,0.0,0.0,1.9020692062520201,0.0,0.0,0.0,0.0
4.3630,-0.9941576009639213,0.0,0.0,0.0,0.0,1.5711399619471331,0.0,0.0,0.0,0.0
4.3830,-0.9695841083438884,0.0,0.0,0.0,0.0,1.2286746310016399,0.0,0.0,0.0,0.0
4.4029,-0.95162200524524,0.0,0.0,0.0,0.0,0.8981051549324215,0.0,0.0,0.0,0.0
4.4232,-0.9396961704735487,0.0,0.0,0.0,0.0,0.5962917385845623,0.0,0.0,0.0,0.0
4.4432,-0.9330130870333768,0.0,0.0,0.0,0.0,0.3341541720085941,0.0,0.0,0.0,0.0
4.4632,-0.9306630520982547,0.0,0.0,0.0,0.0,0.11750174675610231,0.0,0.0,0.0,0.0
4.4831,-0.9317038056380273,0.0,0.0,0.0,0.0,-0.05203767698863282,0.0,0.0,0.0,0.0
4.5033,-0.9352252053215847,0.0,0.0,0.0,0.0,-0.1760699841778663,0.0,0.0,0.0,0.0
4.5229,-0.9403958056319671,0.0,0.0,0.0,0.0,-0.2585300155191193,0.0,0.0,0.0,0.0
4.5430,-0.9464930703938453,0.0,0.0,0.0,0.0,-0.30486323809391186,0.0,0.0,0.0,0.0
4.5631,-0.9529194976086328,0.0,0.0,0.0,0.0,-0.3213213607393716,0.0,0.0,0.0,0.0
4.5831,-0.9592072110302149,0.0,0.0,0.0,0.0,-0.314385671079104,0.0,0.0,0.0,0.0
4.6031,-0.965013626301598,0.0,0.0,0.0,0.0,-0.29032076356915704,0.0,0.0,0.0,0.0
4.6230,-0.970110683044049,0.0,0.0,0.0,0.0,-0.25485283712254736,0.0,0.0,0.0,0.0
4.6431,-0.9743698974852537,0.0,0.0,0.0,0.0,-0.2129607220602372,0.0,0.0,0.0,0.0
4.6631,-0.9777451773340515,0.0,0.0,0.0,0.0,-0.1687639924398905,0.0,0.0,0.0,0.0
4.6831,-0.9802549894476162,0.0,0.0,0.0,0.0,-0.125490605678237,0.0,0.0,0.0,0.0
4.7031,-0.9819651120329423,0.0,0.0,0.0,0.0,-0.08550612926630274,0.0,0.0,0.0,0.0
4.7231,-0.9829728601169698,0.0,0.0,0.0,0.0,-0.05038740420137375,0.0,0.0,0.0,0.0
4.7431,-0.9833933624399818,0.0,0.0,0.0,0.0,-0.021025116150594554,0.0,0.0,0.0,0.0
4.7631,-0.9833482003028513,0.0,0.0,0.0,0.0,0.0022581068565256587,0.0,0.0,0.0,0.0
4.7832,-0.9829564995488418,0.0,0.0,0.0,0.0,0.019585037700474435,0.0,0.0,0.0,0.0
4.8031,-0.9823283968774137,0.0,0.0,0.0,0.0,0.03140513357140747,0.0,0.0,0.0,0.0
4.8231,-0.9815606789282072,0.0,0.0,0.0,0.0,0.03838589746032295,0.0,0.0,0.0,0.0
4.8435,-0.9807343125976195,0.0,0.0,0.0,0.0,0.04131831652939008,0.0,0.0,0.0,0.0
4.8630,-0.9799135419608309,0.0,0.0,0.0,0.0,0.04103853183942719,0.0,0.0,0.0,0.0
4.8830,-0.9791462143325991,0.0,0.0,0.0,0.0,0.03836638141158941,0.0,0.0,0.0,0.0
4.9030,-0.9784650086184787,0.0,0.0,0.0,0.0,0.03406028570601556,0.0,0.0,0.0,0.0
4.9228,-0.9778892666827893,0.0,0.0,0.0,0.0,0.02878709678447416,0.0,0.0,0.0,0.0
4.9431,-0.9774271670970643,0.0,0.0,0.0,0.0,0.02310497928624981,0.0,0.0,0.0,0.0
4.9631,-0.9770780252489563,0.0,0.0,0.0,0.0,0.01745709240540666,0.0,0.0,0.0,0.0
4.9832,-0.9768345502149473,0.0,0.0,0.0,0.0,0.012173751700450056,0.0,0.0,0.0,0.0
5.0030,-0.9766849337935531,0.0,0.0,0.0,0.0,0.00748082106970557,0.0,0.0,0.0,0.0
5.0231,-0.9766146883169039,0.0,0.0,0.0,0.0,0.0035122738324648893,0.0,0.0,0.0,0.0
5.0430,-0.9766081857774122,0.0,0.0,0.0,0.0,0.000325126974586646,0.0,0.0,0.0,0.0
5.0635,-0.976649880593158,0.0,0.0,0.0,0.0,-0.002084740787297282,0.0,0.0,0.0,0.0
5.0832,-0.9767252217363875,0.0,0.0,0.0,0.0,-0.003767057161472539,0.0,0.0,0.0,0.0
5.1031,-0.9768212771566358,0.0,0.0,0.0,0.0,-0.00480277101241551,0.0,0.0,0.0,0.0
5.1229,-0.9769271049594334,0.0,0.0,0.0,0.0,-0.005291390139877946,0.0,0.0,0.0,0.0
5.1429,-0.977033912380975,0.0,0.0,0.0,0.0,-0.005340371077082112,0.0,0.0,0.0,0.0
5.1631,-0.9771350460712822,0.0,0.0,0.0,0.0,-0.005056684515360206,0.0,0.0,0.0,0.0
5.1830,-0.9772258564417452,0.0,0.0,0.0,0.0,-0.00454051852314725,0.0,0.0,0.0,0.0
5.2030,-0.9773034757000971,0.0,0.0,0.0,0.0,-0.003880962917598561,0.0,0.0,0.0,0.0
5.2231,-0.9773665444688647,0.0,0.0,0.0,0.0,-0.0031534384383812715,0.0,0.0,0.0,0.0
5.2428,-0.9774149162443181,0.0,0.0,0.0,0.0,-0.0024185887726654908,0.0,0.0,0.0,0.0
5.2631,-0.9774493629682585,0.0,0.0,0.0,0.0,-0.0017223361970185762,0.0,0.0,0.0,0.0
5.2835,-0.9774712991001278,0.0,0.0,0.0,0.0,-0.00109680659346227,0.0,0.0,0.0,0.0
5.3022,-0.9774825361200316,0.0,0.0,0.0,0.0,-0.0005618509951871601,0.0,0.0,0.0,0.0
5.3230,-0.977485074584767,0.0,0.0,0.0,0.0,-0.0001269232367694334,0.0,0.0,0.0,0.0
5.3431,-0.977480936825242,0.0,0.0,0.0,0.0,0.0002068879762501012,0.0,0.0,0.0,0.0
5.3632,-0.9774720401630932,0.0,0.0,0.0,0.0,0.00044483310743971137,0.0,0.0,0.0,0.0
5.3833,-0.9774601081237054,0.0,0.0,0.0,0.0,0.0005966019693856369,0.0,0.0,0.0,0.0
5.4032,-0.9774466154737518,0.0,0.0,0.0,0.0,0.0006746324976817916,0.0,0.0,0.0,0.0
5.4233,-0.9649364959862865,0.0,0.0,0.0,0.0,0.6255059743732613,0.0,0.0,0.0,0.0
5.4432,-0.9430539063706875,0.0,0.0,0.0,0.0,1.094129480779946,0.0,0.0,0.0,0.0
5.4635,-0.9141419641589883,0.0,0.0,0.0,0.0,1.4455971105849594,0.0,0.0,0.0,0.0
5.4835,-0.8799580075002139,0.0,0.0,0.0,0.0,1.7091978329387196,0.0,0.0,0.0,0.0
5.5034,-0.8418200400061331,0.0,0.0,0.0,0.0,1.9068983747040398,0.0,0.0,0.0,0.0
5.5234,-0.8007165643855725,0.0,0.0,0.0,0.0,2.0551737810280297,0.0,0.0,0.0,0.0
5.5432,-0.757388957670152,0.0,0.0,0.0,0.0,2.1663803357710223,0.0,0.0,0.0,0.0
5.5634,-0.7123932526335867,0.0,0.0,0.0,0.0,2.249785251828267,0.0,0.0,0.0,0.0
5.5832,-0.6661464738561627,0.0,0.0,0.0,0.0,2.3123389388712,0.0,0.0,0.0,0.0
5.6032,-0.6189613897730947,0.0,0.0,0.0,0.0,2.3592542041534,0.0,0.0,0.0,0.0
5.6232,-0.5710725767107937,0.0,0.0,0.0,0.0,2.39444065311505,0.0,0.0,0.0,0.0
5.6429,-0.5226559669140679,0.0,0.0,0.0,0.0,2.4208304898362876,0.0,0.0,0.0,0.0
5.6632,-0.4738435095665236,0.0,0.0,0.0,0.0,2.4406228673772157,0.0,0.0,0.0,0.0
5.6831,-0.4247341665558654,0.0,0.0,0.0,0.0,2.455467150532912,0.0,0.0,0.0,0.0
5.7032,-0.3754021592978717,0.0,0.0,0.0,0.0,2.466600362899684,0.0,0.0,0.0,0.0
5.7231,-0.3259031538543764,0.0,0.0,0.0,0.0,2.4749502721747634,0.0,0.0,0.0,0.0
5.7431,-0.27627889977175496,0.0,0.0,0.0,0.0,2.4812127041310728,0.0,0.0,0.0,0.0
5.7634,-0.22656070920978888,0.0,0.0,0.0,0.0,2.4859095280983046,0.0,0.0,0.0,0.0
5.7835,-0.17677206628831432,0.0,0.0,0.0,0.0,2.4894321460737285,0.0,0.0,0.0,0.0
5.8033,-0.12882426011990955,0.0,0.0,0.0,0.0,2.3973903084202393,0.0,0.0,0.0,0.0
5.8234,-0.08513394988641139,0.0,0.0,0.0,0.0,2.184515511674908,0.0,0.0,0.0,0.0
5.8435,-0.04725818021810309,0.0,0.0,0.0,0.0,1.893788483415415,0.0,0.0,0.0,0.0
5.8629,-0.016015862153785677,0.0,0.0,0.0,0.0,1.5621159032158705,0.0,0.0,0.0,0.0
5.8831,0.00837682812367952,0.0,0.0,0.0,0.0,1.2196345138732598,0.0,0.0,0.0,0.0
5.9029,0.02616873614435765,0.0,0.0,0.0,0.0,0.8895954010339063,0.0,0.0,0.0,0.0
5.9228,0.03794254299120479,0.0,0.0,0.0,0.0,0.5886903423423568,0.0,0.0,0.0,0.0
5.9430,0.04449634554686785,0.0,0.0,0.0,0.0,0.32769012778315326,0.0,0.0,0.0,0.0
5.9630,0.04674191673080308,0.0,0.0,0.0,0.0,0.11227855919676138,0.0,0.0,0.0,0.0
5.9831,0.045621580114906315,0.0,0.0,0.0,0.0,-0.05601683079483821,0.0,0.0,0.0,0.0
6.0032,0.04204403284608936,0.0,0.0,0.0,0.0,-0.17887736344084762,0.0,0.0,0.0,0.0
6.0232,0.03683823042371128,0.0,0.0,0.0,0.0,-0.2602901211189038,0.0,0.0,0.0,0.0
6.0431,0.030723584781505046,0.0,0.0,0.0,0.0,-0.30573228211031167,0.0,0.0,0.0,0.0
6.0630,0.02429418546296007,0.0,0.0,0.0,0.0,-0.32146996592724886,0.0,0.0,0.0,0.0
6.0831,0.018014484846273732,0.0,0.0,0.0,0.0,-0.31398503083431684,0.0,0.0,0.0,0.0
6.1031,0.012223840292982555,0.0,0.0,0.0,0.0,-0.2895322276645588,0.0,0.0,0.0,0.0
6.1231,0.00714742646043522,0.0,0.0,0.0,0.0,-0.25382069162736676,0.0,0.0,0.0,0.0
6.1431,0.002911270498398605,0.0,0.0,0.0,0.0,-0.21180779810183073,0.0,0.0,0.0,0.0
6.1631,-0.00044052270303277224,0.0,0.0,0.0,0.0,-0.16758966007156886,0.0,0.0,0.0,0.0
6.1831,-0.002927936241924339,0.0,0.0,0.0,0.0,-0.12437067694457833,0.0,0.0,0.0,0.0
6.2030,-0.004617820221577553,0.0,0.0,0.0,0.0,-0.08449419898266072,0.0,0.0,0.0,0.0
6.2230,-0.005608163993022811,0.0,0.0,0.0,0.0,-0.04951718857226288,0.0,0.0,0.0,0.0
6.2430,-0.006014431982025385,0.0,0.0,0.0,0.0,-0.020313399450128725,0.0,0.0,0.0,0.0
6.2631,-0.005958267054855793,0.0,0.0,0.0,0.0,0.002808246358479611,0.0,0.0,0.0,0.0
6.2832,-0.0055586473361872515,0.0,0.0,0.0,0.0,0.01998098593342709,0.0,0.0,0.0,0.0
6.3024,-0.00492541370701461,0.0,0.0,0.0,0.0,0.031661681458632074,0.0,0.0,0.0,0.0
6.3227,-0.004154963662714253,0.0,0.0,0.0,0.0,0.038522502215017886,0.0,0.0,0.0,0.0
6.3429,-0.003327828309726129,0.0,0.0,0.0,0.0,0.04135676764940617,0.0,0.0,0.0,0.0
6.3630,-0.0025078070964014683,0.0,0.0,0.0,0.0,0.04100106066623302,0.0,0.0,0.0,0.0
6.3828,-0.0017423227606238848,0.0,0.0,0.0,0.0,0.03827421678887917,0.0,0.0,0.0,0.0
6.4030,-0.001063670143153264,0.0,0.0,0.0,0.0,0.03393263087353103,0.0,0.0,0.0,0.0
6.4229,-0.0004908604714611028,0.0,0.0,0.0,0.0,0.028640483584608065,0.0,0.0,0.0,0.0
6.4429,-3.1801589404315586e-05,0.0,0.0,0.0,0.0,0.022952944102839358,0.0,0.0,0.0,0.0
6.4629,0.0003144006675025337,0.0,0.0,0.0,0.0,0.017310112845342465,0.0,0.0,0.0,0.0
6.4831,0.0005551883201325187,0.0,0.0,0.0,0.0,0.012039382631499248,0.0,0.0,0.0,0.0
6.5031,0.0007024677603970563,0.0,0.0,0.0,0.0,0.00736397201322688,0.0,0.0,0.0,0.0
6.5232,0.0007707792749716361,0.0,0.0,0.0,0.0,0.003415575728728991,0.0,0.0,0.0,0.0
6.5431,0.0007757661544042729,0.0,0.0,0.0,0.0,0.00024934397163183485,0.0,0.0,0.0,0.0
6.5629,0.0007329603447144941,0.0,0.0,0.0,0.0,-0.0021402904844889424,0.0,0.0,0.0,0.0
6.5832,0.0006568783667642903,0.0,0.0,0.0,0.0,-0.003804098897510189,0.0,0.0,0.0,0.0
6.6032,0.0005604041812957801,0.0,0.0,0.0,0.0,-0.004823709273425513,0.0,0.0,0.0,0.0
6.6231,0.0004544242913166506,0.0,0.0,0.0,0.0,-0.005298994498956475,0.0,0.0,0.0,0.0
6.6430,0.00034767391635330444,0.0,0.0,0.0,0.0,-0.005337518748167308,0.0,0.0,0.0,0.0
6.6630,0.00024675070014959656,0.0,0.0,0.0,0.0,-0.0050461608101853945,0.0,0.0,0.0,0.0
6.6830,0.00015625324598783985,0.0,0.0,0.0,0.0,-0.004524872708087836,0.0,0.0,0.0,0.0
6.7032,7.900496060725191e-05,0.0,0.0,0.0,0.0,-0.0038624142690293966,0.0,0.0,0.0,0.0
6.7232,1.6328448935375837e-05,0.0,0.0,0.0,0.0,-0.0031338255835938033,0.0,0.0,0.0,0.0
6.7429,-3.165864175465376e-05,0.0,0.0,0.0,0.0,-0.0023993545345014798,0.0,0.0,0.0,0.0
6.7630,-6.574944126689673e-05,0.0,0.0,0.0,0.0,-0.0017045399756121485,0.0,0.0,0.0,0.0
6.7829,-8.737257442506516e-05,0.0,0.0,0.0,0.0,-0.001081156657908421,0.0,0.0,0.0,0.0
6.8032,-9.834756982818756e-05,0.0,0.0,0.0,0.0,-0.0005487497701561204,0.0,0.0,0.0,0.0
6.8232,-0.00010067796219083811,0.0,0.0,0.0,0.0,-0.00011651961813252757,0.0,0.0,0.0,0.0
6.8432,-9.638507873137574e-05,0.0,0.0,0.0,0.0,0.00021464417297311868,0.0,0.0,0.0,0.0
6.8631,-8.738231141289642e-05,0.0,0.0,0.0,0.0,0.00045013836592396625,0.0,0.0,0.0,0.0
6.8831,-7.538729723926314e-05,0.0,0.0,0.0,0.0,0.0005997507086816639,0.0,0.0,0.0,0.0
6.9031,-6.18677987746824e-05,0.0,0.0,0.0,0.0,0.0006759749232290374,0.0,0.0,0.0,0.0
6.9229,0.012448271825073753,0.0,0.0,0.0,0.0,0.6255069811924218,0.0,0.0,0.0,0.0
6.9430,0.034330876542960076,0.0,0.0,0.0,0.0,1.0941302358943163,0.0,0.0,0.0,0.0
6.9631,0.06324283008137482,0.0,0.0,0.0,0.0,1.4455976769207373,0.0,0.0,0.0,0.0
6.9830,0.09742679523518588,0.0,0.0,0.0,0.0,1.709198257690553,0.0,0.0,0.0,0.0
7.0031,0.13556476910054416,0.0,0.0,0.0,0.0,1.9068986932679146,0.0,0.0,0.0,0.0
7.0231,0.1766682494995629,0.0,0.0,0.0,0.0,2.055174019950936,0.0,0.0,0.0,0.0
7.0429,0.21999585979882694,0.0,0.0,0.0,0.0,2.166380514963202,0.0,0.0,0.0,0.0
7.0631,0.26499156752327496,0.0,0.0,0.0,0.0,2.2497853862224018,0.0,0.0,0.0,0.0
7.0831,0.311238348316611,0.0,0.0,0.0,0.0,2.312339039666801,0.0,0.0,0.0,0.0
7.1031,0.358423433911613,0.0,0.0,0.0,0.0,2.359254279750101,0.0,0.0,0.0,0.0
7.1231,0.40631224810786454,0.0,0.0,0.0,0.0,2.3944407098125757,0.0,0.0,0.0,0.0
7.1431,0.4547288587550532,0.0,0.0,0.0,0.0,2.4208305323594317,0.0,0.0,0.0,0.0
7.1628,0.5035413167404447,0.0,0.0,0.0,0.0,2.4406228992695738,0.0,0.0,0.0,0.0
7.1831,0.5526506602294883,0.0,0.0,0.0,0.0,2.4554671744521803,0.0,0.0,0.0,0.0
7.2029,0.601982667846271,0.0,0.0,0.0,0.0,2.466600380839135,0.0,0.0,0.0,0.0
7.2229,0.651481673558858,0.0,0.0,0.0,0.0,2.474950285629351,0.0,0.0,0.0,0.0
7.2429,0.7011059278432983,0.0,0.0,0.0,0.0,2.4812127142220133,0.0,0.0,0.0,0.0
7.2628,0.7508241185566285,0.0,0.0,0.0,0.0,2.4859095356665097,0.0,0.0,0.0,0.0
7.2830,0.8006127615916261,0.0,0.0,0.0,0.0,2.4894321517498823,0.0,0.0,0.0,0.0
7.3023,0.8485605410393863,0.0,0.0,0.0,0.0,2.3973889723880073,0.0,0.0,0.0,0.0
7.3224,0.8922508060298526,0.0,0.0,0.0,0.0,2.18451324952332,0.0,0.0,0.0,0.0
7.3431,0.9301265192779208,0.0,0.0,0.0,0.0,1.893785662403406,0.0,0.0,0.0,0.0
7.3632,0.9613687759243061,0.0,0.0,0.0,0.0,1.562112832319266,0.0,0.0,0.0,0.0
7.3832,0.9857614047206462,0.0,0.0,0.0,0.0,1.2196314398170047,0.0,0.0,0.0,0.0
7.4035,1.003553254901672,0.0,0.0,0.0,0.0,0.8895925090512886,0.0,0.0,0.0,0.0
7.4229,1.0153270101103504,0.0,0.0,0.0,0.0,0.5886877604339245,0.0,0.0,0.0,0.0
7.4431,1.0218807687772478,0.0,0.0,0.0,0.0,0.3276879333448658,0.0,0.0,0.0,0.0
7.4630,1.0241263045177953,0.0,0.0,0.0,0.0,0.11227678702737978,0.0,0.0,0.0,0.0
7.4832,1.0230059409191476,0.0,0.0,0.0,0.0,-0.056018179932377316,0.0,0.0,0.0,0.0
7.5033,1.0194283746320225,0.0,0.0,0.0,0.0,-0.1788783143562522,0.0,0.0,0.0,0.0
7.5231,1.0142225603057669,0.0,0.0,0.0,0.0,-0.260290716312783,0.0,0.0,0.0,0.0
7.5432,1.0081079088097387,0.0,0.0,0.0,0.0,-0.3057325748014141,0.0,0.0,0.0,0.0
7.5631,1.0016785085261426,0.0,0.0,0.0,0.0,-0.3214700141798028,0.0,0.0,0.0,0.0
7.5830,0.9953988106688865,0.0,0.0,0.0,0.0,-0.3139848928628062,0.0,0.0,0.0,0.0
7.6032,0.9896081715028207,0.0,0.0,0.0,0.0,-0.2895319583032903,0.0,0.0,0.0,0.0
7.6231,0.9845317647051115,0.0,0.0,0.0,0.0,-0.253820339885456,0.0,0.0,0.0,0.0
7.6429,0.9802956165915324,0.0,0.0,0.0,0.0,-0.2118074056789528,0.0,0.0,0.0,0.0
7.6631,0.9769438313778657,0.0,0.0,0.0,0.0,-0.16758926068333813,0.0,0.0,0.0,0.0
7.6830,0.9744564254519531,0.0,0.0,0.0,0.0,-0.12437029629562688,0.0,0.0,0.0,0.0
7.7031,0.9727665483474109,0.0,0.0,0.0,0.0,-0.08449385522710573,0.0,0.0,0.0,0.0
7.7230,0.9717762104851692,0.0,0.0,0.0,0.0,-0.0495168931120884,0.0,0.0,0.0,0.0
7.7432,0.9713699473263872,0.0,0.0,0.0,0.0,-0.020313157939100046,0.0,0.0,0.0,0.0
7.7631,0.971426115984727,0.0,0.0,0.0,0.0,0.0028084329169872357,0.0,0.0,0.0,0.0
7.7832,0.9718257383864076,0.0,0.0,0.0,0.0,0.019981120084033313,0.0,0.0,0.0,0.0
7.8032,0.9724589737514931,0.0,0.0,0.0,0.0,0.03166176825427584,0.0,0.0,0.0,0.0
7.8232,0.9732294247172272,0.0,0.0,0.0,0.0,0.03852254828670115,0.0,0.0,0.0,0.0
7.8432,0.9740565603255036,0.0,0.0,0.0,0.0,0.04135678041381806,0.0,0.0,0.0,0.0
7.8631,0.9748765812791901,0.0,0.0,0.0,0.0,0.04100104768432651,0.0,0.0,0.0,0.0
7.8831,0.9756420649847131,0.0,0.0,0.0,0.0,0.03827418527614837,0.0,0.0,0.0,0.0
7.9032,0.976320716731782,0.0,0.0,0.0,0.0,0.03393258735344581,0.0,0.0,0.0,0.0
7.9231,0.9768935254051863,0.0,0.0,0.0,0.0,0.028640433670212073,0.0,0.0,0.0,0.0
7.9431,0.9773525832529377,0.0,0.0,0.0,0.0,0.022952892387574003,0.0,0.0,0.0,0.0
7.9631,0.9776987845105846,0.0,0.0,0.0,0.0,0.017310062882341055,0.0,0.0,0.0,0.0
7.9831,0.977939571250194,0.0,0.0,0.0,0.0,0.012039336980475828,0.0,0.0,0.0,0.0
8.0031,0.978086849896899,0.0,0.0,0.0,0.0,0.007363932335248475,0.0,0.0,0.0,0.0
8.0232,0.9781551607551232,0.0,0.0,0.0,0.0,0.0034155429112131394,0.0,0.0,0.0,0.0
8.0431,0.9781601471204935,0.0,0.0,0.0,0.0,0.00024931826851394816,0.0,0.0,0.0,0.0
8.0632,0.978117340934301,0.0,0.0,0.0,0.0,-0.002140309309621268,0.0,0.0,0.0,0.0
8.0830,0.9780412587056081,0.0,0.0,0.0,0.0,-0.0038041114346453095,0.0,0.0,0.0,0.0
8.1029,0.9779447843787614,0.0,0.0,0.0,0.0,-0.004823716342334548,0.0,0.0,0.0,0.0
8.1230,0.9778388044379102,0.0,0.0,0.0,0.0,-0.005298997042561456,0.0,0.0,0.0,0.0
8.1430,0.9777320540830066,0.0,0.0,0.0,0.0,-0.005337517745177845,0.0,0.0,0.0,0.0
8.1630,0.977631130938858,0.0,0.0,0.0,0.0,-0.0050461572074293505,0.0,0.0,0.0,0.0
8.1830,0.9775406335914245,0.0,0.0,0.0,0.0,-0.0045248673716723085,0.0,0.0,0.0,0.0
8.2031,0.9774633854323734,0.0,0.0,0.0,0.0,-0.003862407952554046,0.0,0.0,0.0,0.0
8.2231,0.9774007090541522,0.0,0.0,0.0,0.0,-0.00313381891106211,0.0,0.0,0.0,0.0
8.2432,0.9773527220942466,0.0,0.0,0.0,0.0,-0.0023993479952795103,0.0,0.0,0.0,0.0
8.2632,0.9773186314156721,0.0,0.0,0.0,0.0,-0.0017045339287257626,0.0,0.0,0.0,0.0
8.2833,0.9772970083888104,0.0,0.0,0.0,0.0,-0.0010811513430869022,0.0,0.0,0.0,0.0
8.3024,0.977286033482345,0.0,0.0,0.0,0.0,-0.0005487453232726398,0.0,0.0,0.0,0.0
8.3230,0.9772837031605647,0.0,0.0,0.0,0.0,-0.00011651608901574399,0.0,0.0,0.0,0.0
8.3426,0.977287996096605,0.0,0.0,0.0,0.0,0.00021464680201788622,0.0,0.0,0.0,0.0
8.3629,0.9772969988998484,0.0,0.0,0.0,0.0,0.00045014016217215583,0.0,0.0,0.0,0.0
8.3831,0.9773089939352996,0.0,0.0,0.0,0.0,0.0005997517725575023,0.0,0.0,0.0,0.0
8.4030,0.9773225134427794,0.0,0.0,0.0,0.0,0.0006759753739931254,0.0,0.0,0.0,0.0
8.4231,0.9898326530733893,0.0,0.0,0.0,0.0,0.6255069815304948,0.0,0.0,0.0,0.0
8.4430,1.0117152577963466,0.0,0.0,0.0,0.0,1.094130236147871,0.0,0.0,0.0,0.0
8.4631,1.0406272113385646,0.0,0.0,0.0,0.0,1.4455976771109034,0.0,0.0,0.0,0.0
8.4831,1.0748111764952282,0.0,0.0,0.0,0.0,1.7091982578331775,0.0,0.0,0.0,0.0
8.5031,1.1129491503627258,0.0,0.0,0.0,0.0,1.906898693374883,0.0,0.0,0.0,0.0
8.5231,1.154052630763349,0.0,0.0,0.0,0.0,2.055174020031162,0.0,0.0,0.0,0.0
8.5434,1.1973802410638164,0.0,0.0,0.0,0.0,2.1663805150233717,0.0,0.0,0.0,0.0
8.5634,1.242375948789167,0.0,0.0,0.0,0.0,2.2497853862675288,0.0,0.0,0.0,0.0
8.5839,1.28862272958318,0.0,0.0,0.0,0.0,2.3123390397006465,0.0,0.0,0.0,0.0
8.6031,1.3358078151786896,0.0,0.0,0.0,0.0,2.359254279775485,0.0,0.0,0.0,0.0
8.6230,1.383696629375322,0.0,0.0,0.0,0.0,2.394440709831614,0.0,0.0,0.0,0.0
8.6432,1.432113240022796,0.0,0.0,0.0,0.0,2.4208305323737105,0.0,0.0,0.0,0.0
8.6631,1.4809256980084018,0.0,0.0,0.0,0.0,2.440622899280283,0.0,0.0,0.0,0.0
8.6832,1.530035041497606,0.0,0.0,0.0,0.0,2.455467174460212,0.0,0.0,0.0,0.0
8.7032,1.5793670491145093,0.0,0.0,0.0,0.0,2.466600380845159,0.0,0.0,0.0,0.0
8.7232,1.6288660548271867,0.0,0.0,0.0,0.0,2.474950285633869,0.0,0.0,0.0,0.0
8.7432,1.6784903091116947,0.0,0.0,0.0,0.0,2.4812127142254017,0.0,0.0,0.0,0.0
8.7630,1.7282084998250757,0.0,0.0,0.0,0.0,2.4859095356690513,0.0,0.0,0.0,0.0
8.7830,1.7779971428601116,0.0,0.0,0.0,0.0,2.4894321517517883,0.0,0.0,0.0,0.0
8.8033,1.8259449222988007,0.0,0.0,0.0,0.0,2.397388971934454,0.0,0.0,0.0,0.0
8.8232,1.8696351872739083,0.0,0.0,0.0,0.0,2.184513248755386,0.0,0.0,0.0,0.0
8.8431,1.9075109005028235,0.0,0.0,0.0,0.0,1.893785661445762,0.0,0.0,0.0,0.0
8.8632,1.9387531571283594,0.0,0.0,0.0,0.0,1.5621128312767985,0.0,0.0,0.0,0.0
8.8830,1.9631457859038288,0.0,0.0,0.0,0.0,1.2196314387734681,0.0,0.0,0.0,0.0
8.9032,1.98093763606522,0.0,0.0,0.0,0.0,0.8895925080695621,0.0,0.0,0.0,0.0
8.9230,1.9927113912563692,0.0,0.0,0.0,0.0,0.5886877595574591,0.0,0.0,0.0,0.0
8.9430,1.9992651499083678,0.0,0.0,0.0,0.0,0.3276879325999342,0.0,0.0,0.0,0.0
8.9632,2.001510685636884,0.0,0.0,0.0,0.0,0.1122767864257947,0.0,0.0,0.0,0.0
8.9830,2.0003903220290766,0.0,0.0,0.0,0.0,-0.05601818039035805,0.0,0.0,0.0,0.0
9.0030,1.9968127557354955,0.0,0.0,0.0,0.0,-0.17887831467905096,0.0,0.0,0.0,0.0
9.0230,1.991606941405199,0.0,0.0,0.0,0.0,-0.26029071651482744,0.0,0.0,0.0,0.0
9.0432,1.9854922899071834,0.0,0.0,0.0,0.0,-0.3057325749007698,0.0,0.0,0.0,0.0
9.0632,1.9790628896232598,0.0,0.0,0.0,0.0,-0.32147001419618015,0.0,0.0,0.0,0.0
9.0829,1.9727831917669405,0.0,0.0,0.0,0.0,-0.31398489281596714,0.0,0.0,0.0,0.0
9.1030,1.9669925526027034,0.0,0.0,0.0,0.0,-0.2895319582118494,0.0,0.0,0.0,0.0
9.1229,1.9619161458073824,0.0,0.0,0.0,0.0,-0.25382033976604995,0.0,0.0,0.0,0.0
9.1431,1.9576799976964676,0.0,0.0,0.0,0.0,-0.21180740554573718,0.0,0.0,0.0,0.0
9.1628,1.9543282124855124,0.0,0.0,0.0,0.0,-0.16758926054775827,0.0,0.0,0.0,0.0
9.1829,1.9518408065621842,0.0,0.0,0.0,0.0,-0.12437029616640835,0.0,0.0,0.0,0.0
9.2029,1.950150929459976,0.0,0.0,0.0,0.0,-0.08449385511041133,0.0,0.0,0.0,0.0
9.2229,1.94916059159974,0.0,0.0,0.0,0.0,-0.04951689301178882,0.0,0.0,0.0,0.0
9.2428,1.9487543284425979,0.0,0.0,0.0,0.0,-0.020313157857114433,0.0,0.0,0.0,0.0
9.2631,1.9488104971022042,0.0,0.0,0.0,0.0,0.0028084329803179722,0.0,0.0,0.0,0.0
9.2831,1.9492101195047957,0.0,0.0,0.0,0.0,0.019981120129573267,0.0,0.0,0.0,0.0
9.3025,1.9498433548704706,0.0,0.0,0.0,0.0,0.031661768283740226,0.0,0.0,0.0,0.0
9.3224,1.9506138058365174,0.0,0.0,0.0,0.0,0.03852254830234094,0.0,0.0,0.0,0.0
9.3429,1.9514409414448806,0.0,0.0,0.0,0.0,0.041356780418150815,0.0,0.0,0.0,0.0
9.3631,1.952260962398479,0.0,0.0,0.0,0.0,0.04100104767991887,0.0,0.0,0.0,0.0
9.3832,1.953026446103788,0.0,0.0,0.0,0.0,0.03827418526544955,0.0,0.0,0.0,0.0
9.4032,1.9537050978505615,0.0,0.0,0.0,0.0,0.033932587338670425,0.0,0.0,0.0,0.0
9.4232,1.9542779065236269,0.0,0.0,0.0,0.0,0.028640433653265896,0.0,0.0,0.0,0.0
9.4432,1.9547369643710273,0.0,0.0,0.0,0.0,0.02295289237001625,0.0,0.0,0.0,0.0
9.4633,1.955083165628335,0.0,0.0,0.0,0.0,0.017310062865377777,0.0,0.0,0.0,0.0
9.4833,1.9553239523676345,0.0,0.0,0.0,0.0,0.012039336964975925,0.0,0.0,0.0,0.0
9.5031,1.95547123101407,0.0,0.0,0.0,0.0,0.007363932321776026,0.0,0.0,0.0,0.0
9.5231,1.9555395418720714,0.0,0.0,0.0,0.0,0.003415542900069301,0.0,0.0,0.0,0.0
9.5435,1.955544528237267,0.0,0.0,0.0,0.0,0.00024931825978536607,0.0,0.0,0.0,0.0
9.5635,1.9555017220509467,0.0,0.0,0.0,0.0,-0.002140309316014493,0.0,0.0,0.0,0.0
9.5834,1.9554256398221688,0.0,0.0,0.0,0.0,-0.003804111438903658,0.0,0.0,0.0,0.0
9.6034,1.955329165495274,0.0,0.0,0.0,0.0,-0.0048237163447366095,0.0,0.0,0.0,0.0
9.6232,1.9552231855544056,0.0,0.0,0.0,0.0,-0.005298997043427084,0.0,0.0,0.0,0.0
9.6432,1.9551164351995087,0.0,0.0,0.0,0.0,-0.005337517744839522,0.0,0.0,0.0,0.0
9.6630,1.9550155120553845,0.0,0.0,0.0,0.0,-0.005046157206208381,0.0,0.0,0.0,0.0
9.6830,1.9549250147079873,0.0,0.0,0.0,0.0,-0.004524867369862297,0.0,0.0,0.0,0.0
9.7032,1.9548477665489792,0.0,0.0,0.0,0.0,-0.003862407950411166,0.0,0.0,0.0,0.0
9.7231,1.9547850901708033,0.0,0.0,0.0,0.0,-0.003133818908798475,0.0,0.0,0.0,0.0
9.7432,1.954737103210942,0.0,0.0,0.0,0.0,-0.0023993479930612006,0.0,0.0,0.0,0.0
9.7631,1.9547030125324085,0.0,0.0,0.0,0.0,-0.0017045339266743404,0.0,0.0,0.0,0.0
9.7832,1.9546813895055828,0.0,0.0,0.0,0.0,-0.0010811513412838803,0.0,0.0,0.0,0.0
9.8032,1.9546704145991476,0.0,0.0,0.0,0.0,-0.000548745321763832,0.0,0.0,0.0,0.0
9.8232,1.9546680842773911,0.0,0.0,0.0,0.0,-0.00011651608781819086,0.0,0.0,0.0,0.0
9.8431,1.9546723772134493,0.0,0.0,0.0,0.0,0.00021464680291038887,0.0,0.0,0.0,0.0
9.8631,1.9546813800167049,0.0,0.0,0.0,0.0,0.0004501401627822469,0.0,0.0,0.0,0.0
9.8832,1.9546933750521633,0.0,0.0,0.0,0.0,0.0005997517729194804,0.0,0.0,0.0,0.0
9.9031,1.9547068945596462,0.0,0.0,0.0,0.0,0.0006759753741470364,0.0,0.0,0.0,0.0
9.9231,1.9422170341902585,0.0,0.0,0.0,0.0,-0.6244930184693898,0.0,0.0,0.0,0.0
9.9434,1.9203496389132177,0.0,0.0,0.0,0.0,-1.0933697638520423,0.0,0.0,0.0,0.0
9.9635,1.891449092455437,0.0,0.0,0.0,0.0,-1.4450273228890318,0.0,0.0,0.0,0.0
9.9835,1.8572736826121015,0.0,0.0,0.0,0.0,-1.708770492166774,0.0,0.0,0.0,0.0
10.0034,1.8191421252295998,0.0,0.0,0.0,0.0,-1.9065778691250803,0.0,0.0,0.0,0.0
10.0235,1.7780434571927237,0.0,0.0,0.0,0.0,-2.0549334018438103,0.0,0.0,0.0,0.0
10.0433,1.7347194561650665,0.0,0.0,0.0,0.0,-2.166200051382858,0.0,0.0,0.0,0.0
10.0635,1.6897264553943236,0.0,0.0,0.0,0.0,-2.249650038537143,0.0,0.0,0.0,0.0
10.0835,1.6434817048162664,0.0,0.0,0.0,0.0,-2.312237528902857,0.0,0.0,0.0,0.0
10.1032,1.5962981418827236,0.0,0.0,0.0,0.0,-2.359178146677143,0.0,0.0,0.0,0.0
10.1229,1.5484104696825665,0.0,0.0,0.0,0.0,-2.394383610007857,0.0,0.0,0.0,0.0
10.1429,1.4999947155324487,0.0,0.0,0.0,0.0,-2.420787707505893,0.0,0.0,0.0,0.0
10.1638,1.4511828999198604,0.0,0.0,0.0,0.0,-2.4405907806294196,0.0,0.0,0.0,0.0
10.1832,1.402074038210419,0.0,0.0,0.0,0.0,-2.455443085472065,0.0,0.0,0.0,0.0
10.2033,1.3527423919283381,0.0,0.0,0.0,0.0,-2.4665823141040484,0.0,0.0,0.0,0.0
10.2233,1.3032436572167774,0.0,0.0,0.0,0.0,-2.4749367355780363,0.0,0.0,0.0,0.0
10.2431,1.2536196061831069,0.0,0.0,0.0,0.0,-2.481202551683527,0.0,0.0,0.0,0.0
10.2630,1.203901567907854,0.0,0.0,0.0,0.0,-2.4859019137626452,0.0,0.0,0.0,0.0
10.2832,1.1541130392014143,0.0,0.0,0.0,0.0,-2.4894264353219837,0.0,0.0,0.0,0.0
10.3024,1.1042716426715846,0.0,0.0,0.0,0.0,-2.4920698264914876,0.0,0.0,0.0,0.0
10.3228,1.0543905952742123,0.0,0.0,0.0,0.0,-2.4940523698686157,0.0,0.0,0.0,0.0
10.3426,1.0044798097261831,0.0,0.0,0.0,0.0,-2.4955392774014618,0.0,0.0,0.0,0.0
10.3631,0.9545467205651612,0.0,0.0,0.0,0.0,-2.496654458051096,0.0,0.0,0.0,0.0
10.3833,0.9045969036943948,0.0,0.0,0.0,0.0,-2.497490843538322,0.0,0.0,0.0,0.0
10.4035,0.85463454104132,0.0,0.0,0.0,0.0,-2.498118132653741,0.0,0.0,0.0,0.0
10.4235,0.8046627690515138,0.0,0.0,0.0,0.0,-2.498588599490306,0.0,0.0,0.0,0.0
10.4434,0.7546839400591592,0.0,0.0,0.0,0.0,-2.4989414496177296,0.0,0.0,0.0,0.0
10.4635,0.7046998183148933,0.0,0.0,0.0,0.0,-2.499206087213297,0.0,0.0,0.0,0.0
10.4833,0.6547117270066938,0.0,0.0,0.0,0.0,-2.499404565409973,0.0,0.0,0.0,0.0
10.5028,0.6047206585255442,0.0,0.0,0.0,0.0,-2.4995534240574795,0.0,0.0,0.0,0.0
10.5235,0.554727357164682,0.0,0.0,0.0,0.0,-2.4996650680431096,0.0,0.0,0.0,0.0
10.5435,0.5047323811440354,0.0,0.0,0.0,0.0,-2.4997488010323323,0.0,0.0,0.0,0.0
10.5630,0.4547361491285504,0.0,0.0,0.0,0.0,-2.4998116007742492,0.0,0.0,0.0,0.0
10.5830,0.4047389751169367,0.0,0.0,0.0,0.0,-2.499858700580687,0.0,0.0,0.0,0.0
10.6031,0.3547410946082264,0.0,0.0,0.0,0.0,-2.4998940254355153,0.0,0.0,0.0,0.0
10.6231,0.30474268422669365,0.0,0.0,0.0,0.0,-2.4999205190766363,0.0,0.0,0.0,0.0
10.6432,0.2547438764405441,0.0,0.0,0.0,0.0,-2.4999403893074774,0.0,0.0,0.0,0.0
10.6630,0.20474477060093194,0.0,0.0,0.0,0.0,-2.499955291980608,0.0,0.0,0.0,0.0
10.6832,0.1549607549851669,-0.0125,0.0,0.0,0.0,-2.4892007807882517,-0.625,0.0,0.0,0.0
10.7032,0.1083250979742331,-0.034375,0.0,0.0,0.0,-2.3317828505466895,-1.09375,0.0,0.0,0.0
10.7231,0.06684884933757879,-0.06328125000000001,0.0,0.0,0.0,-2.0738124318327165,-1.4453125,0.0,0.0,0.0
10.7432,0.03173073189983331,-0.09746093750000001,0.0,0.0,0.0,-1.7559058718872738,-1.708984375,0.0,0.0,0.0
10.7631,0.0034882999075342043,-0.13559570312500002,0.0,0.0,0.0,-1.4121215996149552,-1.90673828125,0.0,0.0,0.0
10.7831,-0.017902822081142175,-0.17669677734375003,0.0,0.0,0.0,-1.069556099433819,-2.0550537109375,0.0,0.0,0.0
10.8031,-0.03287199424778093,-0.22002258300781252,0.0,0.0,0.0,-0.7484586083319377,-2.166290283203125,0.0,0.0,0.0
10.8233,-0.04212655371789314,-0.2650169372558594,0.0,0.0,0.0,-0.46272797350561046,-2.2497177124023438,0.0,0.0,0.0
10.8432,-0.04653988009740371,-0.31126270294189456,0.0,0.0,0.0,-0.22066631897552844,-2.312288284301758,0.0,0.0,0.0
10.8632,-0.04705748207619241,-0.3584470272064209,0.0,0.0,0.0,-0.025880098939435187,-2.3592162132263184,0.0,0.0,0.0
10.8832,-0.044622234635712396,-0.4063352704048157,0.0,0.0,0.0,0.12176237202400084,-2.3944121599197388,0.0,0.0,0.0
10.9032,-0.04011846497720964,-0.4547514528036118,0.0,0.0,0.0,0.2251884829251378,-2.420809119939804,0.0,0.0,0.0
10.9230,-0.03433352983469999,-0.5035635896027089,0.0,0.0,0.0,0.28924675712548226,-2.440606839954853,0.0,0.0,0.0
10.9431,-0.02793481668773576,-0.5526726922020316,0.0,0.0,0.0,0.31993565734821167,-2.45545512996614,0.0,0.0,0.0
10.9632,-0.021459692826248437,-0.6020045191515238,0.0,0.0,0.0,0.32375619307436604,-2.466591347474605,0.0,0.0,0.0
10.9832,-0.015315768360558039,-0.6515033893636428,0.0,0.0,0.0,0.30719622328451984,-2.4749435106059536,0.0,0.0,0.0
11.0030,-0.009788878909656759,-0.7011275420227321,0.0,0.0,0.0,0.276344472545064,-2.4812076329544652,0.0,0.0,0.0
11.0231,-0.005056379086901393,-0.750845656517049,0.0,0.0,0.0,0.23662499113776828,-2.485905724715849,0.0,0.0,0.0
11.0432,-0.0012036214746207852,-0.8006342423877868,0.0,0.0,0.0,0.1926378806140304,-2.4894292935368867,0.0,0.0,0.0
11.0632,0.0017581640230669177,-0.8485806901145824,0.0,0.0,0.0,0.14808927488438514,-2.3973223863397783,0.0,0.0,0.0
11.0831,0.00387401330494868,-0.8922687473698135,0.0,0.0,0.0,0.1057924640940881,-2.1844028627615604,0.0,0.0,0.0
11.1033,0.005228459468063081,-0.9301417283360576,0.0,0.0,0.0,0.06772230815572003,-1.8936490483122035,0.0,0.0,0.0
11.1229,0.005930586522315096,-0.9613810232275867,0.0,0.0,0.0,0.03510635271260078,-1.5619647445764535,0.0,0.0,0.0
11.1430,0.0061013466216652025,-0.9857706958695878,0.0,0.0,0.0,0.008538004967505293,-1.219483632100054,0.0,0.0,0.0
11.1629,0.00586333589887787,-1.0035597714659228,0.0,0.0,0.0,-0.01190053613936664,-0.8894537798167509,0.0,0.0,0.0
11.1830,0.005333027702854698,-1.015331054742228,0.0,0.0,0.0,-0.026515409801158588,-0.5885641638152685,0.0,0.0,0.0
11.2031,0.004615314893666038,-1.0218827167819329,0.0,0.0,0.0,-0.03588564045943303,-0.32758310198524093,0.0,0.0,0.0
11.2229,0.0038001113931545798,-1.024126563171805,0.0,0.0,0.0,-0.04076017502557289,-0.11219231949360581,0.0,0.0,0.0
11.2431,0.0029607020841817115,-1.0230049170409103,0.0,0.0,0.0,-0.041970465448643406,0.056082306544737115,0.0,0.0,0.0
11.2632,0.0021535029774011577,-1.019426450287294,0.0,0.0,0.0,-0.04035995533902769,0.17892333768081015,0.0,0.0,0.0
11.2832,0.0014188934686716727,-1.0142200760718538,0.0,0.0,0.0,-0.036730475436474244,0.26031871077201607,0.0,0.0,0.0
11.3024,0.0007828027290042587,-1.008105153712972,0.0,0.0,0.0,-0.0318045369833707,0.3057461179440998,0.0,0.0,0.0
11.3224,0.0002587665105134427,-1.0016757155880416,0.0,0.0,0.0,-0.0262018109245408,0.3214719062465169,0.0,0.0,0.0
11.3424,-0.00014978664398547585,-0.9953961569260708,0.0,0.0,0.0,-0.020427657724945928,0.3139779330985387,0.0,0.0,0.0
11.3629,-0.00044721431122053624,-0.9896057813810379,0.0,0.0,0.0,-0.014871383361753018,0.28951877725164255,0.0,0.0,0.0
11.3832,-0.0006434522029735994,-0.9845297157064105,0.0,0.0,0.0,-0.009811894587653155,0.253803283731372,0.0,0.0,0.0
11.4030,-0.0007520234896099807,-0.9802939463750647,0.0,0.0,0.0,-0.005428564331819068,0.21178846656728667,0.0,0.0,0.0
11.4232,-0.0007883305452106679,-0.9769425454610611,0.0,0.0,0.0,-0.0018153527800343593,0.16757004570018547,0.0,0.0,0.0
11.4431,-0.0007682610041985432,-0.9744555049149041,0.0,0.0,0.0,0.0010034770506062345,0.1243520273078486,0.0,0.0,0.0
11.4630,-0.000707113188187537,-0.9727659570774015,0.0,0.0,0.0,0.003057390800550306,0.08447739187512493,0.0,0.0,0.0
11.4832,-0.0006188255348880303,-0.9717759016416401,0.0,0.0,0.0,0.00441438266497534,0.04950277178807461,0.0,0.0,0.0
11.5030,-0.0005154802628201183,-0.97136986883333,0.0,0.0,0.0,0.005167263603395596,0.020301640415502448,0.0,0.0,0.0
11.5229,-0.0004070424929999773,-0.9714262149641071,0.0,0.0,0.0,0.0054218884910070516,-0.00281730653885693,0.0,0.0,0.0
11.5429,-0.0003012916160548729,-0.971825964531353,0.0,0.0,0.0,0.00528754384725522,-0.019987478362295176,0.0,0.0,0.0
11.5630,-0.0002039009613827522,-0.9724592817019156,0.0,0.0,0.0,0.004869532733606034,-0.03166585852813626,0.0,0.0,0.0
11.5830,-0.00011862391269569656,-0.9732297755447322,0.0,0.0,0.0,0.004263852434352782,-0.03852469214082899,0.0,0.0,0.0
11.6031,-4.754869141866303e-05,-0.9740569222611702,0.0,0.0,0.0,0.0035537610638516764,-0.041357335821898794,0.0,0.0,0.0
11.6232,8.6106460242319e-06,-0.974876929829838,0.0,0.0,0.0,0.0028079668721447465,-0.04100037843338709,0.0,0.0,0.0
11.6431,5.0213510344949184e-05,-0.975642382583558,0.0,0.0,0.0,0.002080143216035864,-0.0382726376860001,0.0,0.0,0.0
11.6631,7.84028479647902e-05,-0.976320992060844,0.0,0.0,0.0,0.0014094668809920504,-0.03393047386429994,0.0,0.0,0.0
11.6831,9.484068030178354e-05,-0.9768937525121674,0.0,0.0,0.0,0.0008218916168496672,-0.028638022566166692,0.0,0.0,0.0
11.7030,0.00010147861373642154,-0.9773527605669393,0.0,0.0,0.0,0.00033189667173189985,-0.022950402738596637,0.0,0.0,0.0
11.7231,0.00010036834698821474,-0.9776989138410114,0.0,0.0,0.0,-5.551333741033972e-05,-0.017307663703603253,0.0,0.0,0.0
11.7431,9.351354610776677e-05,-0.9779396568331142,0.0,0.0,0.0,-0.000342740044022399,-0.01203714960514204,0.0,0.0,0.0
11.7631,8.276163268096478e-05,-0.978086897534214,0.0,0.0,0.0,-0.0005375956713400995,-0.007362035054987549,0.0,0.0,0.0
11.7831,6.973199965000539e-05,-0.9781551770749954,0.0,0.0,0.0,-0.000651481651547969,-0.0034139770390725,0.0,0.0,0.0
11.8030,5.577585489778554e-05,-0.9781601389730913,0.0,0.0,0.0,-0.0006978072376109929,-0.0002480949047917744,0.0,0.0,0.0
11.8231,4.1962195039753515e-05,-0.9781173149252872,0.0,0.0,0.0,-0.0006906829929016013,0.0021412023902063057,0.0,0.0,0.0
11.8432,2.9084218443844286e-05,-0.9780412208609264,0.0,0.0,0.0,-0.0006438988297954615,0.003804703218042593,0.0,0.0,0.0
11.8631,1.7680682890281707e-05,-0.9779447399280097,0.0,0.0,0.0,-0.000570176777678129,0.004824046645837346,0.0,0.0,0.0
11.8830,8.06719025169287e-06,-0.977838757699651,0.0,0.0,0.0,-0.0004806746319294418,0.005299111417933315,0.0,0.0,0.0
11.9030,3.7303935764967004e-07,-0.9777320084334125,0.0,0.0,0.0,-0.00038470754470216,0.005337463311929283,0.0,0.0,0.0
11.9230,-5.41995617434171e-06,-0.9776310888447383,0.0,0.0,0.0,-0.000289649776599569,0.005045979433710615,0.0,0.0,0.0
11.9426,-9.439505452874743e-06,-0.9775405966895577,0.0,0.0,0.0,-0.00020097746392665162,0.004524607759024021,0.0,0.0,0.0
11.9630,-1.1887797084602032e-05,-0.9774633546388084,0.0,0.0,0.0,-0.0001224145815863645,0.003862102537467477,0.0,0.0,0.0
11.9832,-1.3010747983321378e-05,-0.9774006846894273,0.0,0.0,0.0,-5.614754493596727e-05,0.0031334974690520895,0.0,0.0,0.0
12.0031,-1.3072316278361604e-05,-0.9773527040130353,0.0,0.0,0.0,-3.07841475201132e-06,0.002399033819597282,0.0,0.0,0.0
12.0232,-1.2334153522940077e-05,-0.9773186191319687,0.0,0.0,0.0,3.6908137771076326e-05,0.0017042440533301733,0.0,0.0,0.0
12.0431,-1.1040482244997527e-05,-0.9772970011902601,0.0,0.0,0.0,6.468356389712748e-05,0.0010808970854300469,0.0,0.0,0.0
12.0632,-9.407799851840763e-06,-0.9772860305295725,0.0,0.0,0.0,8.163411965783819e-05,0.0005485330343790642,0.0,0.0,0.0
12.0832,-7.618820065862745e-06,-0.977283703569292,0.0,0.0,0.0,8.944898929890093e-05,0.00011634801402814936,0.0,0.0,0.0
12.1033,-5.819956022427466e-06,-0.9772879990019335,0.0,0.0,0.0,8.994320217176392e-05,-0.00021477163207675942,0.0,0.0,0.0
12.1230,-4.121610628505359e-06,-0.9772970035033082,0.0,0.0,0.0,8.491726969610535e-05,-0.00045022506873071085,0.0,0.0,0.0
12.1432,-2.600554945353457e-06,-0.9773089995361501,0.0,0.0,0.0,7.605278415759508e-05,-0.000599801642097245,0.0,0.0,0.0
12.1632,-1.3037298862683234e-06,-0.9773225194556221,0.0,0.0,0.0,6.484125295425669e-05,-0.0006759959735962492,0.0,0.0,0.0
12.1832,-2.5288729877837376e-07,-0.964832659395226,0.0,0.0,0.0,5.254212937449748e-05,0.6244930030198028,0.0,0.0,0.0
12.2032,5.50417879765791e-07,-0.942965264349929,0.0,0.0,0.0,4.016525892720823e-05,1.0933697522648522,0.0,0.0,0.0
12.2230,1.119871690887967e-06,-0.9140647180659562,0.0,0.0,0.0,2.84726905561088e-05,1.4450273141986392,0.0,0.0,0.0
12.2432,1.479769747776321e-06,-0.8798893083529766,0.0,0.0,0.0,1.79949028444177e-05,1.7087704856489794,0.0,0.0,0.0
12.2632,1.6609071055760073e-06,-0.8417577510682419,0.0,0.0,0.0,9.056867889984312e-06,1.9065778642367346,0.0,0.0,0.0
12.2832,1.6971056975912115e-06,-0.8006590831046909,0.0,0.0,0.0,1.8099296007602121e-06,2.054933398177551,0.0,0.0,0.0
12.3029,1.622428299747142e-06,-0.7573350821320276,0.0,0.0,0.0,-3.7338698922034755e-06,2.166200048633163,0.0,0.0,0.0
12.3224,1.4690745533792613e-06,-0.7123420814025302,0.0,0.0,0.0,-7.667687318394032e-06,2.2496500364748724,0.0,0.0,0.0
12.3421,1.2659147704005952e-06,-0.6660973308554071,0.0,0.0,0.0,-1.0157989148933308e-05,2.3122375273561544,0.0,0.0,0.0
12.3628,1.0375900469425598e-06,-0.6207694595272452,0.0,0.0,0.0,-1.1416236172901767e-05,2.2663935664081003,0.0,0.0,0.0
12.3830,8.040911015324797e-07,-0.5788489198929937,0.0,0.0,0.0,-1.1674947270504004e-05,2.0960269817125736,0.0,0.0,0.0
12.4031,5.807214263829709e-07,-0.5419991114072302,0.0,0.0,0.0,-1.1168483757475442e-05,1.8424904242881746,0.0,0.0,0.0
12.4232,3.7835088443786106e-07,-0.5111633397919786,0.0,0.0,0.0,-1.0118527097255495e-05,1.5417885807625846,0.0,0.0,0.0
12.4431,2.0387192491275696e-07,-0.48668824212652584,0.0,0.0,0.0,-8.723947976255204e-06,1.2237548832726373,0.0,0.0,0.0
12.4633,6.07803897741635e-08,-0.4684521557833495,0.0,0.0,0.0,-7.154576756929674e-06,0.9118043171588186,0.0,0.0,0.0
12.4833,-5.0185084966231417e-08,-0.45598949311247094,0.0,0.0,0.0,-5.548273737019746e-06,0.6231331335439255,0.0,0.0,0.0
12.5032,-1.3039808592355374e-07,-0.4486046579560685,0.0,0.0,0.0,-4.010650047866115e-06,0.36924175782012014,0.0,0.0,0.0
12.5231,-1.8273395148613223e-07,-0.44547128354490734,0.0,0.0,0.0,-2.616793278128925e-06,0.1566687205580588,0.0,0.0,0.0
12.5432,-2.1102181356889817e-07,-0.44571450715734673,0.0,0.0,0.0,-1.414393104138297e-06,-0.012161180621970746,0.0,0.0,0.0
12.5630,-2.1957640131683874e-07,-0.4484755858707402,0.0,0.0,0.0,-4.277293873970282e-07,-0.13805393566967472,0.0,0.0,0.0
12.5829,-2.1281775804878385e-07,-0.45295939118704565,0.0,0.0,0.0,3.379321634027451e-07,-0.22419026581527227,0.0,0.0,0.0
12.6029,-1.9497971011481563e-07,-0.4584662131365567,0.0,0.0,0.0,8.919023966984103e-07,-0.27534109747555413,0.0,0.0,0.0
12.6229,-1.6990239155745054e-07,-0.46440988824400137,0.0,0.0,0.0,1.2538659278682547e-06,-0.2971837553722323,0.0,0.0,0.0
12.6431,-1.4090025914597968e-07,-0.4703245827134495,0.0,0.0,0.0,1.4501066205735427e-06,-0.295734723472407,0.0,0.0,0.0
12.6631,-1.1069464428861776e-07,-0.4758626600362334,0.0,0.0,0.0,1.510280742868096e-06,-0.27690386613919354,0.0,0.0,0.0
12.6831,-8.139875448827924e-08,-0.48078598985965204,0.0,0.0,0.0,1.4647944900169255e-06,-0.2461664911709318,0.0,0.0,0.0
12.7030,-5.4542911868728606e-08,-0.4849528592691416,0.0,0.0,0.0,1.3427921309775318e-06,-0.2083434704744796,0.0,0.0,0.0
12.7231,-3.112845519194191e-08,-0.488302371203615,0.0,0.0,0.0,1.1707228338393347e-06,-0.16747559672367174,0.0,0.0,0.0
12.7429,-1.1699905372835377e-08,-0.4908378943157579,0.0,0.0,0.0,9.714274909553267e-07,-0.12677615560714559,0.0,0.0,0.0
12.7630,3.573501313864643e-09,-0.49261079442442435,0.0,0.0,0.0,7.636703343350011e-07,-0.0886450054333223,0.0,0.0,0.0
12.7829,1.4814146250057781e-08,-0.4937053532739635,0.0,0.0,0.0,5.620322468096568e-07,-0.05472794247695554,0.0,0.0,0.0
12.8031,2.2355781177199165e-08,-0.4942254826481847,0.0,0.0,0.0,3.770817463570693e-07,-0.026006468711063088,0.0,0.0,0.0
12.8229,2.6670660501923255e-08,-0.4942835821534643,0.0,0.0,0.0,2.157439662362045e-07,-0.002904975263980012,0.0,0.0,0.0
12.8429,2.8306580365350928e-08,-0.4939916732867209,0.0,0.0,0.0,8.179599317138359e-08,0.014595443337171016,0.0,0.0,0.0
12.8631,2.7835125441000628e-08,-0.4934547726729648,0.0,0.0,0.0,-2.3572746217515083e-08,0.02684503068780407,0.0,0.0,0.0
12.8832,2.5811426721277865e-08,-0.4927663422857746,0.0,0.0,0.0,-1.011849359861382e-07,0.03442151935951053,0.0,0.0,0.0
12.9030,2.2744967078209122e-08,-0.4920055703917402,0.0,0.0,0.0,-1.5332298215343726e-07,0.038038594701719816,0.0,0.0,0.0
12.9230,1.9080424321215016e-08,-0.4912361886812147,0.0,0.0,0.0,-1.832271378497053e-07,0.038469085526273594,0.0,0.0,0.0
12.9427,1.5187191794196534e-08,-0.49050651251095245,0.0,0.0,0.0,-1.9466162635092402e-07,0.036483808513112476,0.0,0.0,0.0
12.9630,1.1356035891280882e-08,-0.48985039606610337,0.0,0.0,0.0,-1.9155779514578263e-07,0.03280582224245485,0.0,0.0,0.0
12.9831,7.80130681061729e-09,-0.48928881640200506,0.0,0.0,0.0,-1.777364540331796e-07,0.02807898320491438,0.0,0.0,0.0
13.0031,4.667181591482559e-09,-0.48883183410331577,0.0,0.0,0.0,-1.5670626095673657e-07,0.02284911493446409,0.0,0.0,0.0
13.0230,2.036556781642557e-09,-0.4884807187666046,0.0,0.0,0.0,-1.315312404920001e-07,0.0175557668355585,0.0,0.0,0.0
13.0426,-5.860523263599809e-11,-0.4882300705715797,0.0,0.0,0.0,-1.0475810071392775e-07,0.012532409751245796,0.0,0.0,0.0
13.0628,-1.6264604293867546e-09,-0.48806981162452096,0.0,0.0,0.0,-7.839275983753782e-08,0.008012947352936551,0.0,0.0,0.0
13.0832,-2.7047642011866164e-09,-0.4879869601502604,0.0,0.0,0.0,-5.39151885899931e-08,0.004142573713028417,0.0,0.0,0.0
13.1031,-3.351206177965316e-09,-0.48796713536905406,0.0,0.0,0.0,-3.2322098838934976e-08,0.0009912390603156055,0.0,0.0,0.0
13.1239,-3.6349652898714216e-09,-0.48799577009451084,0.0,0.0,0.0,-1.4187955595305284e-08,-0.001431736272837973,0.0,0.0,0.0
13.1428,-3.6296867064087157e-09,-0.48805903136643747,0.0,0.0,0.0,2.639291731353034e-10,-0.003163063596332824,0.0,0.0,0.0
13.1630,-3.407946566427163e-09,-0.48814446687190094,0.0,0.0,0.0,1.1087006999077625e-08,-0.004271775273174076,0.0,0.0,0.0
13.1826,-3.037164667455369e-09,-0.48824140692218926,0.0,0.0,0.0,1.8539094948589708e-08,-0.0048470025144146,0.0,0.0,0.0
13.2030,-2.5768483631792013e-09,-0.48834115897807884,0.0,0.0,0.0,2.3015815213808387e-08,-0.004987602794480036,0.0,0.0,0.0
13.2228,-2.077000233181323e-09,-0.48843703491481605,0.0,0.0,0.0,2.4992406499893894e-08,-0.004793796836860376,0.0,0.0,0.0
13.2431,-1.5774941216920354e-09,-0.48852425120598475,0.0,0.0,0.0,2.497530557446439e-08,-0.004360814558433998,0.0,0.0,0.0
13.2630,-1.1082148907735474e-09,-0.4885997397855069,0.0,0.0,0.0,2.34639615459244e-08,-0.003774428976108111,0.0,0.0,0.0
13.2831,-6.897625741382686e-10,-0.48866190326652287,0.0,0.0,0.0,2.0922615831763942e-08,-0.0031081740507972007,0.0,0.0,0.0
13.3031,-3.3453758221351334e-10,-0.4887103431147982,0.0,0.0,0.0,1.776124959623776e-08,-0.002421992413766158,0.0,0.0,0.0
13.3227,-4.8046583337136125e-11,-0.48874558384762157,0.0,0.0,0.0,1.432454994381886e-08,-0.001762036641166826,0.0,0.0,0.0
13.3432,1.6970446082037497e-10,-0.4887688107998865,0.0,0.0,0.0,1.0887552207875554e-08,-0.0011613476132472786,0.0,0.0,0.0
13.3625,3.228354762892858e-10,-0.48878163379959677,0.0,0.0,0.0,7.656550773445541e-09,-0.0006411499855128553,0.0,0.0,0.0
13.3830,4.1831360931361176e-10,-0.4887858844549084,0.0,0.0,0.0,4.773906651216299e-09,-0.0002125327655811905,0.0,0.0,0.0
13.4030,4.6482339252303953e-10,-0.4887834508126023,0.0,0.0,0.0,2.325489160471389e-09,0.00012168211530242328,0.0,0.0,0.0
13.4231,4.71816326378728e-10,-0.4887761499656214,0.0,0.0,0.0,3.49646692784423e-10,0.00036504234904693685,0.0,0.0,0.0
13.4430,4.4875204718777065e-10,-0.48876563676595314,0.0,0.0,0.0,-1.1532139595478669e-09,0.000525659983412569,0.0,0.0,0.0
13.4632,4.0452871496328643e-10,-0.4887533450937495,0.0,0.0,0.0,-2.211166611224212e-09,0.000614583610181978,0.0,0.0,0.0
13.4831,3.4708949289712605e-10,-0.48874045706747654,0.0,0.0,0.0,-2.871961103308018e-09,0.0006444013136481636,0.0,0.0,0.0
13.5032,2.831847067736782e-10,-0.48872789505722797,0.0,0.0,0.0,-3.195239306172392e-09,0.0006281005124288854,0.0,0.0,0.0
13.5230,2.1826503477467165e-10,-0.4887163312796126,0.0,0.0,0.0,-3.2459835999503285e-09,0.0005781888807687062,0.0,0.0,0.0
13.5430,1.5647937868893643e-10,-0.4887062100031291,0.0,0.0,0.0,-3.0892828042867613e-09,0.0005060638241775122,0.0,0.0,0.0
13.5631,1.0075137390329882e-10,-0.4886977778790834,0.0,0.0,0.0,-2.7864002392818803e-09,0.0004216062022835197,0.0,0.0,0.0
13.5832,5.291028787987268e-11,-0.4886911185468089,0.0,0.0,0.0,-2.3920543011713067e-09,0.0003329666137260294,0.0,0.0,0.0
13.6031,1.3854856089510721e-11,-0.48868618836829925,0.0,0.0,0.0,-1.952771589518098e-09,0.00024650892548439473,0.0,0.0,0.0
13.6231,-1.6268009118631394e-11,-0.48868285086582375,0.0,0.0,0.0,-1.5061432604071058e-09,0.00016687512377417193,0.0,0.0,0.0
13.6431,-3.788407747762009e-11,-0.48868090812052245,0.0,0.0,0.0,-1.0808034179494351e-09,9.713726506501143e-05,0.0,0.0,0.0
13.6631,-5.182308409820441e-11,-0.48868012800781985,0.0,0.0,0.0,-6.969503310292161e-10,3.9005635129248026e-05,0.0,0.0,0.0
13.6833,-5.916795401775039e-11,-0.4761795429232929,0.0,0.0,0.0,-3.6724349597729887e-10,0.6250292542263469,0.0,0.0,0.0
13.7030,-6.112652921634484e-11,-0.4543041041098977,0.0,0.0,0.0,-9.792875992972299e-11,1.0937719406697601,0.0,0.0,0.0
13.7230,-5.892786886231e-11,-0.4253975249998513,0.0,0.0,0.0,1.099330177017423e-10,1.44532895550232,0.0,0.0,0.0
13.7430,-5.3743201465045263e-11,-0.3912175906673165,0.0,0.0,0.0,2.592333698632367e-10,1.7089967166267401,0.0,0.0,0.0
13.7630,-4.6630108829194e-11,-0.3530826399179154,0.0,0.0,0.0,3.556546317925633e-10,1.906747537470055,0.0,0.0,0.0
13.7836,-3.849748282255391e-11,-0.31198142685586455,0.0,0.0,0.0,4.0663130033200447e-10,2.0550606531025415,0.0,0.0,0.0
13.8030,-3.008816434822061e-11,-0.26865551705932644,0.0,0.0,0.0,4.204659237166651e-10,2.166295489826906,0.0,0.0,0.0
13.8234,-2.1975885631577395e-11,-0.22366108471192286,0.0,0.0,0.0,4.0561393583216067e-10,2.2497216173701795,0.0,0.0,0.0
13.8432,-1.457312345620034e-11,-0.17741526045137018,0.0,0.0,0.0,3.701381087688527e-10,2.3122912130276347,0.0,0.0,0.0
13.8634,-8.146664417295528e-12,-0.13208597662887345,0.0,0.0,0.0,3.213229519452405e-10,2.266464191124837,0.0,0.0,0.0
13.8834,-2.838020273079189e-12,-0.09016385516426849,0.0,0.0,0.0,2.65432207210817e-10,2.096106073230248,0.0,0.0,0.0
13.9033,1.313744051467817e-12,-0.053312432755958664,0.0,0.0,0.0,2.075882162273503e-10,1.8425711204154913,0.0,0.0,0.0
13.9229,4.348742651790002e-12,-0.022475119984368776,0.0,0.0,0.0,1.5174993001610926e-10,1.5418656385794944,0.0,0.0,0.0
13.9429,6.36406704292424e-12,0.002001371793385765,0.0,0.0,0.0,1.0076621955671194e-10,1.223824588887727,0.0,0.0,0.0
13.9630,7.493716313699464e-12,0.02023865831909853,0.0,0.0,0.0,5.648246353876123e-11,0.9118643262856381,0.0,0.0,0.0
13.9830,7.891330287958915e-12,0.032702303714237185,0.0,0.0,0.0,1.9880698712972524e-11,0.6231822697569329,0.0,0.0,0.0
14.0030,7.716060951375968e-12,0.04008789953773695,0.0,0.0,0.0,-8.763466829147352e-12,0.3692797911749881,0.0,0.0,0.0
14.0231,7.1216452918561994e-12,0.04322182243309755,0.0,0.0,0.0,-2.9720782975988415e-11,0.15669614476803023,0.0,0.0,0.0
14.0429,6.248534829705001e-12,0.04297895525863215,0.0,0.0,0.0,-4.365552310755991e-11,-0.012143358723269992,0.0,0.0,0.0
14.0632,5.218789893309302e-12,0.04021806756226517,0.0,0.0,0.0,-5.148724681978494e-11,-0.13804438481834894,0.0,0.0,0.0
14.0832,4.13335379741397e-12,0.035734317736254025,0.0,0.0,0.0,-5.4271804794766614e-11,-0.2241874913005572,0.0,0.0,0.0
14.1031,3.0712754976476325e-12,0.030227446302570425,0.0,0.0,0.0,-5.310391498831687e-11,-0.27534357168418,0.0,0.0,0.0
14.1230,2.0904402429640214e-12,0.0242836459491535,0.0,0.0,0.0,-4.904176273418055e-11,-0.2971900176708463,0.0,0.0,0.0
14.1429,1.2293873873734718e-12,0.018368776927141596,0.0,0.0,0.0,-4.3052642779527477e-11,-0.2957434511005952,0.0,0.0,0.0
14.1630,5.098345024381513e-13,0.012830498545004173,0.0,0.0,0.0,-3.5977644246766025e-11,-0.2769139191068712,0.0,0.0,0.0
14.1829,-6.042023140962808e-14,0.007906959845700855,0.0,0.0,0.0,-2.8512736692388972e-11,-0.2461769349651659,0.0,0.0,0.0
14.2029,-4.84486067910885e-13,0.003739888230481315,0.0,0.0,0.0,-2.1203291825062844e-11,-0.208353580760977,0.0,0.0,0.0
14.2230,-7.734662812121746e-13,0.0003901912252377809,0.0,0.0,0.0,-1.444901066506448e-11,-0.1674848502621767,0.0,0.0,0.0
14.2430,-9.437934643154114e-13,-0.002145493002209136,0.0,0.0,0.0,-8.516359155161837e-12,-0.12678421137234586,0.0,0.0,0.0
14.2631,-1.0149112437839143e-12,-0.003918526592661776,0.0,0.0,0.0,-3.555888973425143e-12,-0.08865167952263198,0.0,0.0,0.0
14.2831,-1.0073549037582565e-12,-0.005013190189941549,0.0,0.0,0.0,3.778170012828856e-13,-0.05473317986398865,0.0,0.0,0.0
14.3028,-9.412463545135178e-13,-0.005533396476504886,0.0,0.0,0.0,3.3054274622369337e-12,-0.02601031432816684,0.0,0.0,0.0
14.3222,-8.351901613091527e-13,-0.005591547402837096,0.0,0.0,0.0,5.3028096602182545e-12,-0.002907546316610471,0.0,0.0,0.0
14.3431,-7.055366067273298e-13,-0.005299667753416027,0.0,0.0,0.0,6.482677729091149e-12,0.014593982471053434,0.0,0.0,0.0
14.3630,-5.659642443873227e-13,-0.004762777951145263,0.0,0.0,0.0,6.978618117000351e-12,0.026844490113538157,0.0,0.0,0.0
14.3831,-4.273271179690781e-13,-0.004074343922373476,0.0,0.0,0.0,6.931856320912231e-12,0.03442170143858941,0.0,0.0,0.0
14.4031,-2.9770964607724993e-13,-0.003313557765452226,0.0,0.0,0.0,6.480873594591408e-12,0.03803930784606248,0.0,0.0,0.0
14.4230,-1.826339633937438e-13,-0.002544154681834155,0.0,0.0,0.0,5.753784134175306e-12,0.038470154180903535,0.0,0.0,0.0
14.4431,-8.536916357748958e-14,-0.0018144530882105527,0.0,0.0,0.0,4.863239990812711e-12,0.036485079681180116,0.0,0.0,0.0
14.4630,-7.298413900649544e-15,-0.0011583097077002178,0.0,0.0,0.0,3.903537483842002e-12,0.032807169025516746,0.0,0.0,0.0
14.4831,5.1692553191019456e-14,-0.0005967035898554535,0.0,0.0,0.0,2.94954835458345e-12,0.028080305892238214,0.0,0.0,0.0
14.5034,9.283422531831004e-14,-0.0001396967860805531,0.0,0.0,0.0,2.057083606364529e-12,0.02285034018874502,0.0,0.0,0.0
14.5234,1.1812042589467939e-13,0.0002114401239154554,0.0,0.0,0.0,1.2643100288184668e-12,0.017556845499800425,0.0,0.0,0.0
14.5434,1.2999785077327564e-13,0.00046210639897753444,0.0,0.0,0.0,5.938712439298119e-13,0.012533313753103952,0.0,0.0,0.0
14.5634,1.3110604838582628e-13,0.0006223797213354416,0.0,0.0,0.0,5.5409880627532044e-14,0.00801366611789536,0.0,0.0,0.0
14.5834,1.2407083369208968e-13,0.0007052419298237455,0.0,0.0,0.0,-3.517607346868298e-13,0.004143110424415194,0.0,0.0,0.0
14.6032,1.1135017265026185e-13,0.0007250740704005486,0.0,0.0,0.0,-6.360330520913914e-13,0.0009916070288401592,0.0,0.0,0.0
14.6234,9.512866650987527e-14,0.0006964437316091181,0.0,0.0,0.0,-8.110753070193291e-13,-0.0014315169395715263,0.0,0.0,0.0
14.6431,7.725481691399281e-14,0.0006331843536189981,0.0,0.0,0.0,-8.936924797941227e-13,-0.0031629688995059987,0.0,0.0,0.0
14.6631,5.92141407022414e-14,0.0005477487589092682,0.0,0.0,0.0,-9.020338105875705e-13,-0.004271779735486494,0.0,0.0,0.0
14.6832,4.2130785101293353e-14,0.00045080713734241474,0.0,0.0,0.0,-8.541677800474021e-13,-0.004847081078342675,0.0,0.0,0.0
14.7029,2.679042129450472e-14,0.00035105249292672973,0.0,0.0,0.0,-7.670181903394316e-13,-0.00498773222078425,0.0,0.0,0.0
14.7231,1.3677723161742964e-14,0.0002551733600393622,0.0,0.0,0.0,-6.556349066380879e-13,-0.004793956644368377,0.0,0.0,0.0
14.7430,3.022536172467068e-15,0.0001679536087714748,0.0,0.0,0.0,-5.327593494637948e-13,-0.004360987563394369,0.0,0.0,0.0
14.7629,-5.150206239837878e-15,9.246157879427079e-05,0.0,0.0,0.0,-4.0863712061524726e-13,-0.003774601498860201,0.0,0.0,0.0
14.7830,-1.0970750674676314e-14,3.029486158371154e-05,0.0,0.0,0.0,-2.910272217419218e-13,-0.003108335860527963,0.0,0.0,0.0
14.8031,-1.4677913960324563e-14,-1.8147868019230604e-05,0.0,0.0,0.0,-1.8535816428241241e-13,-0.002422136480147107,0.0,0.0,0.0
14.8230,-1.6577611586941277e-14,-5.3391043140283376e-05,0.0,0.0,0.0,-9.498488133083563e-14,-0.0017621587560526385,0.0,0.0,0.0
14.8432,-1.7007728111687334e-14,-7.661996189265595e-05,0.0,0.0,0.0,-2.15058262373029e-14,-0.0011614459376186287,0.0,0.0,0.0
14.8630,-1.6309851818545637e-14,-8.944445324337602e-05,0.0,0.0,0.0,3.489381465708483e-14,-0.0006412245675360037,0.0,0.0,0.0
14.8831,-1.4807853489576627e-14,-9.369615456181352e-05,0.0,0.0,0.0,7.509991644845053e-14,-0.00021258506592187467,0.0,0.0,0.0
14.9031,-1.2792883533475271e-14,-9.126316127693283e-05,0.0,0.0,0.0,1.0074849780506778e-13,0.00012164966424403455,0.0,0.0,0.0
14.9234,-1.0514083054390739e-14,-8.396262663665635e-05,0.0,0.0,0.0,1.1394002395422664e-13,0.0003650267320138244,0.0,0.0,0.0
14.9434,-8.174137711813895e-15,-7.34494680582496e-05,0.0,0.0,0.0,1.1699726712884222e-13,0.0005256579289203374,0.0,0.0,0.0
14.9633,-5.928730442172428e-15,-6.115763104094955e-05,0.0,0.0,0.0,1.1227036348207336e-13,0.0006145918508650018,0.0,0.0,0.0
14.9834,-3.888951163410982e-15,-4.826929541551755e-05,0.0,0.0,0.0,1.019889639380723e-13,0.0006444167812716,0.0,0.0,0.0
15.0034,-2.1257796345352383e-15,-3.57068859715125e-05,0.0,0.0,0.0,8.815857644378717e-14,0.0006281204722002527,0.0,0.0,0.0
15.0232,-6.758542098063165e-16,-2.4142665730217955e-05,0.0,0.0,0.0,7.249627123644609e-14,0.000578211012064727,0.0,0.0,0.0
15.0430,4.521411113287538e-16,-1.4020940605433973e-05,0.0,0.0,0.0,5.6399766056753515e-14,0.0005060862562391991,0.0,0.0,0.0
15.0630,1.2710091355003314e-15,-5.588390325519947e-06,0.0,0.0,0.0,4.0943401208578875e-14,0.00042162751399570125,0.0,0.0,0.0
15.0831,1.8088996054989947e-15,1.0713258039467685e-06,0.0,0.0,0.0,2.6894523499933164e-14,0.00033298580647333576,0.0,0.0,0.0
15.1031,2.1037834816680525e-15,6.001833352809999e-06,0.0,0.0,0.0,1.474419380845289e-14,0.0002465253774431615,0.0,0.0,0.0
15.1232,2.198719379894763e-15,9.33960401328882e-06,0.0,0.0,0.0,4.74679491133551e-15,0.00016688853302394114,0.0,0.0,0.0
15.1431,2.13799814077111e-15,1.128255576785061e-05,0.0,0.0,0.0,-3.036061956182656e-15,9.714758772808939e-05,0.0,0.0,0.0
15.1637,1.9641773229821037e-15,1.2062816237700914e-05,0.0,0.0,0.0,-8.691040889450321e-15,3.901302349251521e-05,0.0,0.0,0.0
15.1832,1.7159610702614226e-15,0.012512648011590088,0.0,0.0,0.0,-1.2410812636034052e-14,0.6250292597676194,0.0,0.0,0.0
15.2031,1.4268412165052264e-15,0.034388086908104375,0.0,0.0,0.0,-1.4455992687809806e-14,1.0937719448257144,0.0,0.0,0.0
15.2230,1.1243908531977658e-15,0.06329466608049009,0.0,0.0,0.0,-1.5122518165373033e-14,1.4453289586192857,0.0,0.0,0.0
15.2435,8.300896295253042e-16,0.09747460045977938,0.0,0.0,0.0,-1.4715061183623073e-14,1.7089967189644644,0.0,0.0,0.0
15.2635,5.595583339994399e-16,0.13560955124424634,0.0,0.0,0.0,-1.3526564776293217e-14,1.9067475392233484,0.0,0.0,0.0
15.2829,3.230863623150752e-16,0.17671076433259658,0.0,0.0,0.0,-1.1823598584218233e-14,2.0550606544175114,0.0,0.0,0.0
15.3029,1.2634720181289715e-16,0.22003667414885925,0.0,0.0,0.0,-9.8369580251089e-15,2.1662954908131336,0.0,0.0,0.0
15.3223,-2.8788000672510194e-17,0.26503110651105627,0.0,0.0,0.0,-7.756760124270367e-15,2.24972161810985,0.0,0.0,0.0
15.3426,-1.4341212249621508e-16,0.311276930782704,0.0,0.0,0.0,-5.731206091185245e-15,2.3122912135823874,0.0,0.0,0.0
15.3628,-2.2077548651422086e-16,0.3566062145729823,0.0,0.0,0.0,-3.8681682009002885e-15,2.2664641895139153,0.0,0.0,0.0
15.3830,-2.6555148033687193e-16,0.39852833597481685,0.0,0.0,0.0,-2.238799691132554e-15,2.0961060700917264,0.0,0.0,0.0
15.4033,-2.832003868836479e-16,0.43537975830120845,0.0,0.0,0.0,-8.824453273387995e-16,1.842571116319581,0.0,0.0,0.0
15.4232,-2.7944504358071103e-16,0.4662170709814344,0.0,0.0,0.0,1.877671651468441e-16,1.5418656340112973,0.0,0.0,0.0
15.4432,-2.5986183348866573e-16,0.49069356266622255,0.0,0.0,0.0,9.791605046022662e-16,1.2238245842394067,0.0,0.0,0.0
15.4631,-2.295827159103118e-16,0.5089308491033451,0.0,0.0,0.0,1.5139558789176968e-15,0.9118643218561242,0.0,0.0,0.0
15.4831,-1.9309841477192763e-16,0.521394494418491,0.0,0.0,0.0,1.8242150569192082e-15,0.6231822657572947,0.0,0.0,0.0
15.5033,-1.5414928403182384e-16,0.5287800901732457,0.0,0.0,0.0,1.947456537005189e-15,0.36927978773773507,0.0,0.0,0.0
15.5234,-1.1568847893483656e-16,0.5319140130124217,0.0,0.0,0.0,1.9230402548493636e-15,0.15669614195880113,0.0,0.0,0.0
15.5434,-7.990156637600591e-17,0.5316711457945631,0.0,0.0,0.0,1.7893456279415323e-15,-0.012143360892927363,0.0,0.0,0.0
15.5633,-4.826728797432257e-17,0.5289102580670001,0.0,0.0,0.0,1.581713920084167e-15,-0.13804438637814795,0.0,0.0,0.0
15.5832,-2.164554189460071e-17,0.5244265082208126,0.0,0.0,0.0,1.331087303986093e-15,-0.22418749230937438,0.0,0.0,0.0
15.6031,-3.8049982113327046e-19,0.5189196367764279,0.0,0.0,0.0,1.063252103673372e-15,-0.2753435722192317,0.0,0.0,0.0
15.6230,1.5591111723235304e-17,0.5129758364200585,0.0,0.0,0.0,7.985805772184288e-16,-0.29719001781847076,0.0,0.0,0.0
15.6433,2.663435367811762e-17,0.5070609674010826,0.0,0.0,0.0,5.521620977441157e-16,-0.29574345094879173,0.0,0.0,0.0
15.6632,3.33187239235923e-17,0.5015226890262905,0.0,0.0,0.0,3.342185122737339e-16,-0.27691391873960486,0.0,0.0,0.0
15.6832,3.633287817228277e-17,0.4965991503371237,0.0,0.0,0.0,1.5070771243452351e-16,-0.24617693445833827,0.0,0.0,0.0
15.7032,3.641352116846366e-17,0.49243207873352596,0.0,0.0,0.0,4.0321498090443316e-18,-0.20835358017988798,0.0,0.0,0.0
15.7231,3.428919214549151e-17,0.4890823817403208,0.0,0.0,0.0,-1.0621645114860773e-16,-0.167484849660257,0.0,0.0,0.0
15.7432,3.06385938495329e-17,0.48654669752450247,0.0,0.0,0.0,-1.8252991479793032e-16,-0.12678421079091834,0.0,0.0,0.0
15.7632,2.6062329496591974e-17,0.4847736639446733,0.0,0.0,0.0,-2.2881321764704646e-16,-0.0886516789914593,0.0,0.0,0.0
15.7831,2.1066391462090757e-17,0.48367900035662575,0.0,0.0,0.0,-2.4979690172506077e-16,-0.05473317940237753,0.0,0.0,0.0
15.8030,1.6055454448489402e-17,0.4831587940776973,0.0,0.0,0.0,-2.5054685068006784e-16,-0.026010313946423547,0.0,0.0,0.0
15.8235,1.133392442137902e-17,0.48310064315734386,0.0,0.0,0.0,-2.360765013555191e-16,-0.0029075460176726867,0.0,0.0,0.0
15.8431,7.112741435763492e-18,0.48339252281114287,0.0,0.0,0.0,-2.1105914928077639e-16,0.014593982689950775,0.0,0.0,0.0
15.8632,3.520089710406037e-18,0.48392941261632827,0.0,0.0,0.0,-1.7963258626787278e-16,0.026844490259271346,0.0,0.0,0.0
15.8835,6.143955337635829e-19,0.4846178466467424,0.0,0.0,0.0,-1.452847088321227e-16,0.03442170152070556,0.0,0.0,0.0
15.9031,-1.6017388307440726e-18,0.4853786328042532,0.0,0.0,0.0,-1.1080671822538277e-16,0.03803930787553883,0.0,0.0,0.0
15.9232,-3.16773527428017e-18,0.48614803588763583,0.0,0.0,0.0,-7.829982217680486e-17,0.038470154169131396,0.0,0.0,0.0
15.9432,-4.152168490475433e-18,0.4868777374804194,0.0,0.0,0.0,-4.9221660809763135e-17,0.03648507963917791,0.0,0.0,0.0
15.9631,-4.641363293193354e-18,0.48753388085968663,0.0,0.0,0.0,-2.4459740135896053e-17,0.03280716896336208,0.0,0.0,0.0
15.9833,-4.729777597640194e-18,0.4880954869760606,0.0,0.0,0.0,-4.420715222341978e-18,0.028080305818698532,0.0,0.0,0.0
16.0034,-4.512301670116912e-18,0.4885524937782822,0.0,0.0,0.0,1.0873796376164098e-17,0.022850340111078997,0.0,0.0,0.0
16.0232,-4.0784566242674364e-18,0.4889036306867562,0.0,0.0,0.0,2.169225229247381e-17,0.01755684542369953,0.0,0.0,0.0
16.0429,-3.508365442424283e-18,0.489154296960411,0.0,0.0,0.0,2.850455909215767e-17,0.012533313682742952,0.0,0.0,0.0
16.0631,-2.8702951294964612e-18,0.48931457028153225,0.0,0.0,0.0,3.1903515646391104e-17,0.008013666056061025,0.0,0.0,0.0
16.0833,-2.219524687030807e-18,0.489397432488986,0.0,0.0,0.0,3.253852212328271e-17,0.004143110372685891,0.0,0.0,0.0
16.1033,-1.5982753739597179e-18,0.48941726462874185,0.0,0.0,0.0,3.106246565355445e-17,0.000991606987793328,0.0,0.0,0.0
16.1233,-1.0364418667188182e-18,0.489388634289339,0.0,0.0,0.0,2.809167536204499e-17,-0.0014315169701437074,0.0,0.0,0.0
16.1433,-5.528802242850142e-19,0.48932537491093125,0.0,0.0,0.0,2.41780821216902e-17,-0.003162968920387878,0.0,0.0,0.0
16.1629,-1.570361790025603e-19,0.4892399393159743,0.0,0.0,0.0,1.9792202264122693e-17,-0.0042717797478478104,0.0,0.0,0.0
16.1832,1.492690256994337e-19,0.48914299769430286,0.0,0.0,0.0,1.53152602350997e-17,-0.004847081083571941,0.0,0.0,0.0
16.2033,3.7004178768396314e-19,0.4890432430498958,0.0,0.0,0.0,1.1038638099226474e-17,-0.004987732220350678,0.0,0.0,0.0
16.2229,5.134188519113225e-19,0.48894736391710153,0.0,0.0,0.0,7.168853211367966e-18,-0.004793956639713625,0.0,0.0,0.0
16.2432,5.901465189671626e-19,0.48886014416598444,0.0,0.0,0.0,3.836383352792007e-18,-0.004360987555852946,0.0,0.0,0.0
16.2630,6.12283478121013e-19,0.4887846521361923,0.0,0.0,0.0,1.1068479576925174e-18,-0.0037746014896061827,0.0,0.0,0.0
16.2832,5.9214918879914e-19,0.48872248541918145,0.0,0.0,0.0,-1.0067144660936506e-18,-0.0031083358505447395,0.0,0.0,0.0
16.3033,5.415195204797868e-19,0.48867404268977715,0.0,0.0,0.0,-2.531483415967658e-18,-0.002422136470216048,0.0,0.0,0.0
16.3226,4.710560980114847e-19,0.488638799514842,0.0,0.0,0.0,-3.523171123415104e-18,-0.0017621587467566394,0.0,0.0,0.0
16.3427,3.8994516527956905e-19,0.4886155705962549,0.0,0.0,0.0,-4.0555466365957826e-18,-0.001161445929356663,0.0,0.0,0.0
16.3630,3.0571525581385817e-19,0.48860274610504395,0.0,0.0,0.0,-4.211495473285544e-18,-0.0006412245605452693,0.0,0.0,0.0
16.3828,2.2419990836574356e-19,0.48859849440383785,0.0,0.0,0.0,-4.075767372405732e-18,-0.00021258506030394115,0.0,0.0,0.0
16.4030,1.4961140327771297e-19,0.48860092739720773,0.0,0.0,0.0,-3.7294252544015295e-18,0.00012164966849536653,0.0,0.0,0.0
16.4232,8.469334026502724e-20,0.48860822793190745,0.0,0.0,0.0,-3.2459031506342863e-18,0.0003650267349851983,0.0,0.0,0.0
16.4432,3.092319258961132e-20,0.4886187410905225,0.0,0.0,0.0,-2.6885073837707963e-18,0.0005256579307534217,0.0,0.0,0.0
16.4632,-1.1259809722327304e-20,0.48863103292755716,0.0,0.0,0.0,-2.109150115596931e-18,0.0006145918517344233,0.0,0.0,0.0
16.4832,-4.222147287294163e-20,0.4886439212631845,0.0,0.0,0.0,-1.5480831575307165e-18,0.0006444167813661903,0.0,0.0,0.0
16.5031,-6.290943186352589e-20,0.48865648367261866,0.0,0.0,0.0,-1.0343979495292125e-18,0.0006281204717079718,0.0,0.0,0.0
16.5230,-7.465083519465252e-20,0.4886680478928419,0.0,0.0,0.0,-5.870701665563317e-19,0.0005782110111618669,0.0,0.0,0.0
16.5432,-7.897783758131835e-20,0.4886781696179436,0.0,0.0,0.0,-2.163501193332912e-19,0.0005060862550825443,0.0,0.0,0.0
16.5630,-7.748441911643862e-20,0.4886866021681979,0.0,0.0,0.0,7.467092324398667e-20,0.00042162751271802737,0.0,0.0,0.0
16.5831,-7.17152901207925e-20,0.48869326188430157,0.0,0.0,0.0,2.8845644978230586e-19,0.00033298580518160547,0.0,0.0,0.0
16.6033,-6.308552596681036e-20,0.48869819239182594,0.0,0.0,0.0,4.314882076991069e-19,0.0002465253762183666,0.0,0.0,0.0
16.6230,-5.282807129331514e-20,0.48870153016246437,0.0,0.0,0.0,5.128727336747612e-19,0.00016688853192282758,0.0,0.0,0.0
16.6430,-4.1965296010594815e-20,0.4887034731142001,0.0,0.0,0.0,5.431387641360164e-19,9.7147586785871e-05,0.0,0.0,0.0
16.6630,-3.130029678791888e-20,0.4887042533746546,0.0,0.0,0.0,5.332499611337967e-19,3.901302272598521e-05,0.0,0.0,0.0
16.6828,-2.14235295636368e-20,0.5012048385699955,0.0,0.0,0.0,4.938383612141042e-19,0.6250292597670445,0.0,0.0,0.0
16.7030,-1.2730542371607028e-20,0.5230802774665012,0.0,0.0,0.0,4.346493596014885e-19,1.0937719448252834,0.0,0.0,0.0
16.7228,-5.446969435288279e-21,0.5519868566388805,0.0,0.0,0.0,3.641786468159375e-19,1.4453289586189626,0.0,0.0,0.0
16.7431,3.4252843306808024e-22,0.5861667910181649,0.0,0.0,0.0,2.8947489341781796e-19,1.708996718964222,0.0,0.0,0.0
16.7631,4.664100128351265e-21,0.6243017418026282,0.0,0.0,0.0,2.1607858476415924e-19,1.9067475392231663,0.0,0.0,0.0
16.7830,7.625432892112577e-21,0.6654029548909757,0.0,0.0,0.0,1.4806663818806563e-19,2.0550606544173746,0.0,0.0,0.0
16.8034,9.388906491406807e-21,0.7087288647072363,0.0,0.0,0.0,8.817367996471149e-20,2.166295490813031,0.0,0.0,0.0
16.8231,1.0148177301393071e-20,0.7537232970694318,0.0,0.0,0.0,3.79635404993132e-20,2.2497216181097732,0.0,0.0,0.0
16.8435,1.0108739770799185e-20,0.7999691213410783,0.0,0.0,0.0,-1.971876529694314e-21,2.3122912135823297,0.0,0.0,0.0
16.8632,9.472637236605818e-21,0.845298405131358,0.0,0.0,0.0,-3.1805126709668286e-20,2.266464189513986,0.0,0.0,0.0
16.8832,8.427202101764445e-21,0.8872205265331958,0.0,0.0,0.0,-5.227175674206867e-20,2.096106070091889,0.0,0.0,0.0
16.9030,7.137493624527548e-21,0.9240719488595919,0.0,0.0,0.0,-6.448542386184484e-20,1.842571116319803,0.0,0.0,0.0
16.9235,5.741962649128223e-21,0.9549092615398229,0.0,0.0,0.0,-6.977654876996627e-20,1.5418656340115504,0.0,0.0,0.0
16.9432,4.3507966586310354e-21,0.9793857532246163,0.0,0.0,0.0,-6.955829952485938e-20,1.2238245842396678,0.0,0.0,0.0
16.9632,3.0463743662402825e-21,0.9976230396617438,0.0,0.0,0.0,-6.522111461953764e-20,0.9118643218563757,0.0,0.0,0.0
16.9833,1.885275184972801e-21,1.0100866849768944,0.0,0.0,0.0,-5.805495906337408e-20,0.623182265757524,0.0,0.0,0.0
17.0029,9.013342879238218e-22,1.017472280731653,0.0,0.0,0.0,-4.919704485244896e-20,0.3692797877379337,0.0,0.0,0.0
17.0233,1.0929855786165813e-22,1.0206062035708323,0.0,0.0,0.0,-3.9601786503108184e-20,0.15669614195896509,0.0,0.0,0.0
17.0431,-4.912861531566641e-22,1.0203633363529763,0.0,0.0,0.0,-3.002923555091611e-20,-0.01214336089279941,0.0,0.0,0.0
17.0631,-9.12247517231006e-22,1.0176024486254152,0.0,0.0,0.0,-2.1048068203717092e-20,-0.13804438637805463,0.0,0.0,0.0
17.0833,-1.1732336892529018e-21,1.0131186987792289,0.0,0.0,0.0,-1.30493086010948e-20,-0.22418749230931273,0.0,0.0,0.0
17.1032,-1.2985792969141498e-21,1.007611827334845,0.0,0.0,0.0,-6.267280383062396e-21,-0.2753435722191975,0.0,0.0,0.0
17.1232,-1.3146737448452368e-21,1.0016680269784757,0.0,0.0,0.0,-8.04722396554347e-22,-0.29719001781845905,0.0,0.0,0.0
17.1433,-1.2478641561028378e-21,0.9957531579594997,0.0,0.0,0.0,3.34047943711995e-21,-0.2957434509487976,0.0,0.0,0.0
17.1632,-1.1228851151798683e-21,0.9902148795847072,0.0,0.0,0.0,6.248952046148476e-21,-0.27691391873962357,0.0,0.0,0.0
17.1830,-9.617777275768491e-22,0.9852913408955399,0.0,0.0,0.0,8.055369380150963e-21,-0.2461769344583656,0.0,0.0,0.0
17.2028,-7.832405232199737e-22,0.9811242692919415,0.0,0.0,0.0,8.92686021784377e-21,-0.20835358017992028,0.0,0.0,0.0
17.2229,-6.023431885591187e-22,0.9777745722987357,0.0,0.0,0.0,9.044866733042748e-21,-0.16748484966029104,0.0,0.0,0.0
17.2431,-4.305295962499304e-22,0.9752388880829166,0.0,0.0,0.0,8.590679615459417e-21,-0.12678421079095153,0.0,0.0,0.0
17.2632,-2.758376262430433e-22,0.9734658545030868,0.0,0.0,0.0,7.734598500344353e-21,-0.0886516789914897,0.0,0.0,0.0
17.2830,-1.4326839116329543e-22,0.9723711909150387,0.0,0.0,0.0,6.628461753987394e-21,-0.054733179402403825,0.0,0.0,0.0
17.3032,-3.524536138368679e-23,0.9718509846361097,0.0,0.0,0.0,5.401151488980432e-21,-0.026010313946445103,0.0,0.0,0.0
17.3223,4.78866326340409e-23,0.971792833715756,0.0,0.0,0.0,4.156599700886385e-21,-0.002907546017689354,0.0,0.0,0.0
17.3428,1.0736243018929422e-22,0.9720847133695547,0.0,0.0,0.0,2.9737898777626656e-21,0.014593982689938778,0.0,0.0,0.0
17.3631,1.4552753254437654e-22,0.97262160317474,0.0,0.0,0.0,1.9082551177541166e-21,0.02684449025926368,0.0,0.0,0.0
17.3834,1.654197073580257e-22,0.9733100372051541,0.0,0.0,0.0,9.946087406824578e-22,0.03442170152070148,0.0,0.0,0.0
17.4029,1.7041365602678102e-22,0.9740708233626648,0.0,0.0,0.0,2.496974334377662e-22,0.0380393078755376,0.0,0.0,0.0
17.4230,1.6393429816674066e-22,0.9748402264460475,0.0,0.0,0.0,-3.239678930020184e-22,0.03847015416913247,0.0,0.0,0.0
17.4433,1.4923872188170595e-22,0.9755699280388311,0.0,0.0,0.0,-7.347788142517358e-22,0.03648507963918055,0.0,0.0,0.0
17.4632,1.2926271635502756e-22,0.9762260714180985,0.0,0.0,0.0,-9.988002763339197e-22,0.03280716896336573,0.0,0.0,0.0
17.4830,1.065249492287171e-22,0.9767876775344725,0.0,0.0,0.0,-1.1368883563155225e-21,0.028080305818702602,0.0,0.0,0.0
17.5030,8.308012693026124e-23,0.9772446843366942,0.0,0.0,0.0,-1.172241114922793e-21,0.022850340111083212,0.0,0.0,0.0
17.5230,6.051170259060367e-23,0.9775958212451683,0.0,0.0,0.0,-1.1284212169828785e-21,0.017556845423703525,0.0,0.0,0.0
17.5430,3.9954682180424267e-23,0.9778464875188232,0.0,0.0,0.0,-1.0278510205089699e-21,0.012533313682746449,0.0,0.0,0.0
17.5632,2.2139635941964262e-23,0.9780067608399444,0.0,0.0,0.0,-8.907523119230002e-22,0.00801366605606398,0.0,0.0,0.0
17.5832,7.449973106601402e-24,0.9780896230473982,0.0,0.0,0.0,-7.344831417681429e-22,0.004143110372688441,0.0,0.0,0.0
17.6031,-4.014272406316825e-24,0.9781094551871541,0.0,0.0,0.0,-5.732122756459114e-22,0.000991606987795407,0.0,0.0,0.0
17.6234,-1.2371600196626486e-23,0.9780808248477513,0.0,0.0,0.0,-4.1786638951548304e-22,-0.0014315169701419814,0.0,0.0,0.0
17.6433,-1.7897300027561143e-23,0.9780175654693436,0.0,0.0,0.0,-2.7628499154673285e-22,-0.0031629689203865833,0.0,0.0,0.0
17.6633,-2.0967736899108467e-23,0.9779321298743866,0.0,0.0,0.0,-1.535218435773662e-22,-0.004271779747847006,0.0,0.0,0.0
17.6833,-2.2012500338822452e-23,0.9778351882527152,0.0,0.0,0.0,-5.223817198569925e-23,-0.004847081083571338,0.0,0.0,0.0
17.7033,-2.1475322898278594e-23,0.9777354336083082,0.0,0.0,0.0,2.685887202719292e-23,-0.004987732220350392,0.0,0.0,0.0
17.7232,-1.9783920443973984e-23,0.9776395544755139,0.0,0.0,0.0,8.457012271523047e-23,-0.0047939566397135775,0.0,0.0,0.0
17.7433,-1.732833337660709e-23,0.9775523347243968,0.0,0.0,0.0,1.2277935336834481e-22,-0.004360987555853077,0.0,0.0,0.0
17.7632,-1.444694307348549e-23,0.9774768426946047,0.0,0.0,0.0,1.4406951515607988e-22,-0.003774601489606614,0.0,0.0,0.0
17.7832,-1.1419083761735163e-23,0.9774146759775938,0.0,0.0,0.0,1.5139296558751637e-22,-0.0031083358505452296,0.0,0.0,0.0
17.8032,-8.463044252218308e-24,0.9773662332481895,0.0,0.0,0.0,1.4780197547584275e-22,-0.002422136470216582,0.0,0.0,0.0
17.8233,-5.738231964947568e-24,0.9773309900732543,0.0,0.0,0.0,1.3624061436353697e-22,-0.0017621587467572064,0.0,0.0,0.0
17.8430,-3.3503288315976586e-24,0.9773077611546671,0.0,0.0,0.0,1.1939515666749544e-22,-0.0011614459293570881,0.0,0.0,0.0
17.8632,-1.3583817516893676e-24,0.9772949366634562,0.0,0.0,0.0,9.959735399541455e-23,-0.0006412245605454216,0.0,0.0,0.0
17.8832,2.1708146334321294e-25,0.9772906849622501,0.0,0.0,0.0,7.877316075162902e-23,-0.00021258506030405537,0.0,0.0,0.0
17.9032,1.3856539868170557e-24,0.97729311795562,0.0,0.0,0.0,5.842862617369214e-23,0.00012164966849528087,0.0,0.0,0.0
17.9231,2.1789441402134144e-24,0.9773004184903197,0.0,0.0,0.0,3.9664507669817934e-23,0.000365026734985134,0.0,0.0,0.0
17.9431,2.6431751068478784e-24,0.9773109316489348,0.0,0.0,0.0,2.321154833172321e-23,0.00052565793075354,0.0,0.0,0.0
17.9626,2.832757825412854e-24,0.9773232234859695,0.0,0.0,0.0,9.479135928248771e-24,0.0006145918517345121,0.0,0.0,0.0
17.9831,2.8049793948118144e-24,0.9773361118215967,0.0,0.0,0.0,-1.3889215300519826e-24,0.0006444167813662568,0.0,0.0,0.0
18.0032,2.615846808172326e-24,0.9773486742310309,0.0,0.0,0.0,-9.45662933197443e-24,0.0006281204717081882,0.0,0.0,0.0
18.0232,2.31704655970237e-24,0.9773602384512541,0.0,0.0,0.0,-1.4940012423497802e-23,0.0005782110111621956,0.0,0.0,0.0
18.0432,1.9539235797677608e-24,0.9773703601763557,0.0,0.0,0.0,-1.8156148996730462e-23,0.0005060862550831239,0.0,0.0,0.0
18.0627,1.5643459300307382e-24,0.9773787927266101,0.0,0.0,0.0,-1.9478882486851128e-23,0.0004216275127189617,0.0,0.0,0.0
18.0829,1.178301936926127e-24,0.9773854524427138,0.0,0.0,0.0,-1.9302199655230562e-23,0.00033298580518263926,0.0,0.0,0.0
18.1030,8.180708258821008e-25,0.9773903829502382,0.0,0.0,0.0,-1.8011555552201302e-23,0.00024652537621930846,0.0,0.0,0.0
18.1231,4.988132430461553e-25,0.9773937207208766,0.0,0.0,0.0,-1.596287914179728e-23,0.0001668885319237005,0.0,0.0,0.0
18.1432,2.2944126133642677e-25,0.9773956636726123,0.0,0.0,0.0,-1.3468599085486425e-23,9.714758678669222e-05,0.0,0.0,0.0
18.1632,1.3645799373944773e-26,0.9773964439330669,0.0,0.0,0.0,-1.07897730981241e-23,3.901302272676765e-05,0.0,0.0,0.0
18.1830,-1.490195450603534e-25,0.9648970291284078,0.0,0.0,0.0,-8.133267221714909e-24,-0.6249707402329548,0.0,0.0,0.0
18.2029,-2.6207738068245583e-25,0.9430224680249135,0.0,0.0,0.0,-5.652891781105122e-24,-1.0937280551747162,0.0,0.0,0.0
18.2230,-3.311461145580853e-25,0.9141165471972927,0.0,0.0,0.0,-3.4534366937814736e-24,-1.4452960413810372,0.0,0.0,0.0
18.2432,-3.6307889809132226e-25,0.8799371065765772,0.0,0.0,0.0,-1.5966391766618493e-24,-1.7089720310357779,0.0,0.0,0.0
18.2632,-3.6524375185577065e-25,0.8418025261110406,0.0,0.0,0.0,-1.0824268822242032e-25,-1.9067290232768335,0.0,0.0,0.0
18.2831,-3.449527670677607e-25,0.8007015907618881,0.0,0.0,0.0,1.0145492394004968e-24,-2.055046767457625,0.0,0.0,0.0
18.3032,-3.090373624526876e-25,0.7573758892500237,0.0,0.0,0.0,1.7957702307536548e-24,-2.1662850755932186,0.0,0.0,0.0
18.3225,-2.6355856724422155e-25,0.7123816131161255,0.0,0.0,0.0,2.273939760423304e-24,-2.249713806694914,0.0,0.0,0.0
18.3425,-2.136359568032187e-25,0.6661359060157017,0.0,0.0,0.0,2.4961305220501424e-24,-2.3122853550211855,0.0,0.0,0.0
18.3633,-1.6337584156427344e-25,0.618951625690384,0.0,0.0,0.0,2.5130057619472627e-24,-2.3592140162658892,0.0,0.0,0.0
18.3832,-1.1587820464120809e-25,0.5710634154463956,0.0,0.0,0.0,2.3748818461532674e-24,-2.394410512199417,0.0,0.0,0.0
18.4030,-7.330228467043659e-26,0.5226472577634044,0.0,0.0,0.0,2.1287959985385748e-24,-2.4208078841495624,0.0,0.0,0.0
18.4232,-3.6972207612131776e-26,0.47383513950116096,0.0,0.0,0.0,1.8165038529152407e-24,-2.440605913112172,0.0,0.0,0.0
18.4430,-7.50631736167526e-27,0.4247260508044784,0.0,0.0,0.0,1.4732945125228258e-24,-2.4554544348341287,0.0,0.0,0.0
18.4632,1.5043479367867643e-26,0.37539423428196644,0.0,0.0,0.0,1.1274898364771451e-24,-2.4665908261255964,0.0,0.0,0.0
18.4831,3.1053218152952764e-26,0.3258953718900825,0.0,0.0,0.0,8.004869392542559e-25,-2.4749431195941973,0.0,0.0,0.0
18.5031,4.1197329152589436e-26,0.2762712250961695,0.0,0.0,0.0,5.072055499818336e-25,-2.481207339695648,0.0,0.0,0.0
18.5230,4.633357265316157e-26,0.2265531150007348,0.0,0.0,0.0,2.5681217502860687e-25,-2.485905504771736,0.0,0.0,0.0
18.5430,4.740574091940098e-26,0.17676453242915877,0.0,0.0,0.0,5.360841331197045e-26,-2.489429128578802,0.0,0.0,0.0
18.5630,4.536552266391648e-26,0.12881722355472722,0.0,0.0,0.0,-1.0201091277422511e-25,-2.397365443721578,0.0,0.0,0.0
18.5832,4.111342761246811e-26,0.08512770848561992,0.0,0.0,0.0,-2.1260475257241827e-25,-2.184475753455365,0.0,0.0,0.0
18.6032,3.545755066713375e-26,0.04725290967465224,0.0,0.0,0.0,-2.8279384726671807e-25,-1.8937399405483837,0.0,0.0,0.0
18.6235,2.9088189918104955e-26,0.01601163598594735,0.0,0.0,0.0,-3.1846803745143977e-25,-1.5620636844352445,0.0,0.0,0.0
18.6431,2.2565877961247062e-26,-0.008380017439738159,0.0,0.0,0.0,-3.2611559784289467e-25,-1.2195826712842754,0.0,0.0,0.0
18.6633,1.6320191315928818e-26,-0.026170956462618,0.0,0.0,0.0,-3.122843322659122e-25,-0.8895469511439922,0.0,0.0,0.0
18.6831,1.0656714852984407e-26,-0.0379439033420208,0.0,0.0,0.0,-2.831738231472206e-25,-0.5886473439701401,0.0,0.0,0.0
18.7034,5.769704614597034e-27,-0.044496979301051655,0.0,0.0,0.0,-2.4435051191936865e-25,-0.32765379795154265,0.0,0.0,0.0
18.7235,1.7582646589306823e-27,-0.046741967512261694,0.0,0.0,0.0,-2.0057199778331759e-25,-0.11224941056050203,0.0,0.0,0.0
18.7434,-1.3558111873549225e-27,-0.04562119061993352,0.0,0.0,0.0,-1.5570379231428024e-25,0.05603884461640857,0.0,0.0,0.0
18.7635,-3.610019400827831e-27,-0.04204333651349138,0.0,0.0,0.0,-1.1271041067364542e-25,0.178892705322107,0.0,0.0,0.0
18.7832,-5.084074396882842e-27,-0.036837345742850296,0.0,0.0,0.0,-7.370274980275057e-26,0.2602995385320544,0.0,0.0,0.0
18.8032,-5.8845711801111305e-27,-0.030722611920298463,0.0,0.0,0.0,-4.0024839161414403e-26,0.30573669112759166,0.0,0.0,0.0
18.8232,-6.131869496725679e-27,-0.02429320483816668,0.0,0.0,0.0,-1.2364915830727411e-26,0.32147035410658914,0.0,0.0,0.0
18.8429,-5.949431064383049e-27,-0.018013557236277844,0.0,0.0,0.0,9.12192161713148e-27,0.3139823800944419,0.0,0.0,0.0
18.8629,-5.455636376263094e-27,-0.012223008100684545,0.0,0.0,0.0,2.4689734405997756e-26,0.28952745677966496,0.0,0.0,0.0
18.8834,-4.7579521775973424e-27,-0.0071467157629484974,0.0,0.0,0.0,3.48842099332876e-26,0.25381461688680235,0.0,0.0,0.0
18.9032,-3.949211897942188e-27,-0.0029106935638695524,0.0,0.0,0.0,4.043701398275773e-26,0.21180110995394724,0.0,0.0,0.0
18.9231,-3.105703974324291e-27,0.0004409646992718291,-0.0125,0.0,0.0,4.217539618089486e-26,0.16758291315706908,-0.625,0.0,0.0
18.9433,-2.2867307931514104e-27,0.0029282505146715552,-0.034375,0.0,0.0,4.094865905864402e-26,0.12436429076998631,-1.09375,0.0,0.0
18.9631,-1.5352970596826656e-27,0.004618019845341057,-0.06328125000000001,0.0,0.0,3.757168667343724e-26,0.08448846653347507,-1.4453125,0.0,0.0
18.9830,-8.79603936000147e-28,0.005608265652622719,-0.09746093750000001,0.0,0.0,3.2784656184125926e-26,0.04951229036408313,-1.708984375,0.0,0.0
19.0032,-3.350578570782492e-28,0.006014454068926603,-0.13559570312500002,0.0,0.0,2.722730394609489e-26,0.02030942081519419,-1.90673828125,0.0,0.0
19.0231,9.345517353786908e-29,0.00595822813701892,-0.17669677734375003,0.0,0.0,2.1425651530805915e-26,-0.0028112965953841634,-2.0550537109375,0.0,0.0
19.0429,4.092326360876857e-28,0.005558564999867023,-0.22002258300781252,0.0,0.0,1.578887312749083e-26,-0.019983156857594882,-2.166290283203125,0.0,0.0
19.0631,6.21511774834787e-28,0.004925303747011079,-0.2650169372558594,0.0,0.0,1.0613956937355066e-26,-0.031663062642797224,-2.2497177124023438,0.0,0.0
19.0830,7.434304224050258e-28,0.004154839582548455,-0.31126270294189456,0.0,0.0,6.095932378511938e-27,-0.038523208223131156,-2.312288284301758,0.0,0.0
19.1030,7.902635827384033e-28,0.0033277010842485805,-0.3584470272064209,0.0,0.0,2.3416580166688763e-27,-0.04135692491499374,-2.3592162132263184,0.0,0.0
19.1230,7.779726380241323e-28,0.0025076851454687594,-0.4063352704048157,0.0,0.0,-6.145472357135528e-28,-0.041000796938991044,-2.3944121599197388,0.0,0.0
19.1431,7.22076071206981e-28,0.0017422120826557682,-0.4547514528036118,0.0,0.0,-2.7948283408575613e-27,-0.03827365314064956,-2.420809119939804,0.0,0.0
19.1635,6.368290818216988e-28,0.0010635745605866787,-0.5035635896027089,0.0,0.0,-4.2623494692641136e-27,-0.033931876103454474,-2.440606839954853,0.0,0.0
19.1829,5.346840948734351e-28,0.0004907819453996609,-0.5526726922020316,0.0,0.0,-5.1072493474131816e-27,-0.02863963075935089,-2.45545512996614,0.0,0.0
19.2028,4.259943089698313e-28,3.1740567285417905e-05,-0.6020045191515238,0.0,0.0,-5.4344892951801916e-27,-0.02295206890571215,-2.466591347474605,0.0,0.0
19.2229,3.1891731100393855e-28,-0.0003144449003373894,-0.6515033893636428,0.0,0.0,-5.353849898294638e-27,-0.017309273381140366,-2.4749435106059536,0.0,0.0
19.2431,2.1947452386928266e-28,-0.0005552173070342515,-0.7011275420227321,0.0,0.0,-4.972139356732794e-27,-0.012038620334843106,-2.4812076329544652,0.0,0.0
19.2630,1.317239620861338e-28,-0.000702483573634843,-0.750845656517049,0.0,0.0,-4.3875280891574434e-27,-0.007363313330029575,-2.485905724715849,0.0,0.0
19.2831,5.800760302360411e-29,-0.000770784259167196,-0.8006342423877868,0.0,0.0,-3.685817953126484e-27,-0.0034150342766176515,-2.4894292935368867,0.0,0.0
19.3030,-7.6012245470940165e-31,-0.000775762717766429,-0.8504756817908401,0.0,0.0,-2.938386273915675e-27,-0.0002489229299616506,-2.492071970152665,0.0,0.0
19.3224,-4.479030921616196e-29,-0.000732950798649868,-0.90035676134313,0.0,0.0,-2.201509338072628e-27,0.002140595955828049,-2.4940539776144988,0.0,0.0
19.3429,-7.512553073428166e-29,-0.0006568648113934552,-0.9502675710073475,0.0,0.0,-1.5167610759059851e-27,0.003804299362820641,-2.495540483210874,0.0,0.0
19.3630,-9.336941502881454e-29,-0.0005603884322675383,-1.0002006782555106,0.0,0.0,-9.121942147266439e-28,0.004823818956295847,-2.4966553624081556,0.0,0.0
19.3835,-1.0145016334798532e-28,-0.00045440784198704827,-1.050150508691633,0.0,0.0,-4.040374159585393e-28,0.0052990295140245,-2.4974915218061167,0.0,0.0
19.4029,-1.014237147864843e-28,-0.0003476579287574579,-1.1001128815187247,0.0,0.0,1.3224280750514626e-30,0.00533749566147952,-2.4981186413545875,0.0,0.0
19.4230,-9.531845547816947e-29,-0.00024673601810981763,-1.1500846611390434,0.0,0.0,3.0526296541574146e-28,0.005046095532382014,-2.4985889810159407,0.0,0.0
19.4429,-8.502040366824318e-29,-0.00015624042403749835,-1.2000634958542826,0.0,0.0,5.149025904963144e-28,0.004524779703615964,-2.4989417357619557,0.0,0.0
19.4631,-7.219564059070387e-29,-7.899430304100899e-05,-1.250047621890712,0.0,0.0,6.4123815387696535e-28,0.0038623060498244677,-2.4992063018214665,0.0,0.0
19.4832,-5.824532984710716e-29,-1.632005411118143e-05,-1.300035716418034,0.0,0.0,6.975155371798356e-28,0.003133712446491378,-2.4994047263661,0.0,0.0
19.5031,-4.42878769985832e-29,3.1664835832860126e-05,-1.3500267873135257,0.0,0.0,6.978726424261982e-28,0.0023992444972020777,-2.499553544774575,0.0,0.0
19.5230,-3.1162514742275237e-29,6.575361314091969e-05,-1.4000200904851443,0.0,0.0,6.562681128153983e-28,0.001704438865402978,-2.4996651585809313,0.0,0.0
19.5431,-1.944874216550775e-29,8.737497933350918e-05,-1.4498560371448366,0.0,0.0,5.856886288383744e-28,0.0010810683096294745,-2.491797332984615,0.0,0.0
19.5631,-9.496488203001668e-30,9.834850521794075e-05,-1.4965838096210027,0.0,0.0,4.97612698125304e-28,0.0005486762942215784,-2.3363886238083014,0.0,0.0
19.5831,-1.462508438942008e-30,0.00010067773931818798,-1.538176785110954,0.0,0.0,4.01698988202983e-28,0.00011646170501236158,-2.0796487744975676,0.0,0.0
19.6032,4.6507268904392584e-30,9.638400053428212e-05,-1.5734230843318473,0.0,0.0,3.056617664690633e-28,-0.00021468693919529278,-1.7623149610446633,0.0,0.0
19.6232,8.956609774048852e-30,8.73806564142958e-05,-1.6017945983976933,0.0,0.0,2.152941441804797e-28,-0.00045016720599931593,-1.4185757032923052,0.0,0.0
19.6431,1.1648625350313116e-29,7.538530893944831e-05,-1.6233077327533032,0.0,0.0,1.3460077881321321e-28,-0.0005997673737423743,-1.0756567177804985,0.0,0.0
19.6634,1.2968719511492527e-29,6.186567979694579e-05,-1.6383862942648995,0.0,0.0,6.600470805897056e-29,-0.0006759814571251256,-0.7539280755798139,0.0,0.0
19.6831,1.3180666961687534e-29,4.801401715225216e-05,-1.6477342124527896,0.0,0.0,1.0597372509750337e-29,-0.0006925831322346816,-0.46739590939451164,0.0,0.0
19.7031,1.2548787531632537e-29,3.47444291395968e-05,-1.6522232730566269,0.0,0.0,-3.159397150274985e-29,-0.0006634794006327677,-0.22445303019186447,0.0,0.0
19.7231,1.1321950707193336e-29,2.2707572381729478e-05,-1.6527988468361943,0.0,0.0,-6.134184122196e-29,-0.0006018428378933661,-0.028778688978367356,0.0,0.0
19.7431,9.722506046432336e-30,1.2317475470425216e-05,-1.6504047710707852,0.0,0.0,-7.997223303805001e-29,-0.0005195048455652131,0.11970378827045769,0.0,0.0
19.7630,7.939572188075647e-30,3.7858542587215072e-06,-1.6459271026925681,0.0,0.0,-8.914669291783452e-29,-0.00042658106058518546,0.22388341891084929,0.0,0.0
19.7830,6.1259974630235896e-30,-2.840012905579565e-06,-1.6401553999574383,0.0,0.0,-9.067873625260283e-29,-0.0003312933582150536,0.2885851367564918,0.0,0.0
19.8032,4.398256571453132e-30,-7.639012504470596e-06,-1.6337594736187315,0.0,0.0,-8.638704457852289e-29,-0.00023994997994455152,0.31979631693533417,0.0,0.0
19.8231,2.8385555084881004e-30,-1.0779921453370633e-05,-1.6272791351576645,0.0,0.0,-7.798505314825156e-29,-0.00015704544744500187,0.3240169230533456,0.0,0.0
19.8429,1.4984663807550409e-30,-1.2488807877843424e-05,-1.6211243079124915,0.0,0.0,-6.700445638665297e-29,-8.54443212236395e-05,0.30774136225865323,0.0,0.0
19.8630,4.034915521099439e-31,-1.302114422352741e-05,-1.6155829037139493,0.0,0.0,-5.474874143225485e-29,-2.661681728419936e-05,0.27707020992711484,0.0,0.0
19.8830,-4.419490625004755e-31,-1.2639127829378756e-05,-1.6108340510522927,0.0,0.0,-4.227203073052097e-29,1.9100819707432712e-05,0.23744263308283445,0.0,0.0
19.9031,-1.0495125797082615e-30,-1.159426786400454e-05,-1.6069645432029995,0.0,0.0,-3.03781758603893e-29,5.22429982687108e-05,0.1934753924646544,0.0,0.0
19.9232,-1.4422144628316053e-30,-1.0114966818133605e-05,-1.6039867144339368,0.0,0.0,-1.9635094156167194e-29,7.396505229354672e-05,0.1488914384531398,0.0,0.0
19.9430,-1.6502080074042168e-30,-8.398593024642388e-06,-1.6018563147011904,0.0,0.0,-1.039967722863058e-29,8.581868967456085e-05,0.10651998663731568,0.0,0.0
19.9627,-1.7071906853894225e-30,-6.607397098045431e-06,-1.6004893107296463,0.0,0.0,-2.8491338992602846e-30,8.955979632984781e-05,0.06835019857720834,0.0,0.0
19.9829,-1.6474962527549614e-30,-4.867556327214988e-06,-1.5997768738172964,0.0,0.0,2.9847216317230536e-30,8.699203854152214e-05,0.03562184561749552,0.0,0.0
20.0031,-1.5038756531138178e-30,-3.270622369459257e-06,-1.5995981084140831,0.0,0.0,7.181029982057174e-30,7.984669788778658e-05,0.008938270160661205,0.0,0.0
20.0231,-1.3059276641961311e-30,-1.8766845589749028e-06,-1.5998303225669153,0.0,0.0,9.897399445884334e-30,6.96968905242177e-05,-0.01161070764160433,0.0,0.0
20.0431,-1.0791110126560982e-30,-7.18630127573143e-07,-1.6003568385376115,0.0,0.0,1.1340832577001644e-29,5.7902721570087984e-05,-0.02632579853480705,0.0,0.0
20.0631,-8.442518632417076e-31,1.9302850363256531e-07,-1.6010724899134638,0.0,0.0,1.1742957470719527e-29,4.558293156028542e-05,-0.035782568792620505,0.0,0.0
20.0831,-6.174523893864122e-31,8.651907668188928e-07,-1.6018870537606322,0.0,0.0,1.1339973692764769e-29,3.360811315931637e-05,-0.040728192358423426,0.0,0.0
20.1030,-4.10305640631756e-31,1.3174010181995046e-06,-1.6027269281304577,0.0,0.0,1.0357337437732813e-29,2.2610512569030597e-05,-0.041993718491270475,0.0,0.0
20.1230,-2.3032724062785844e-31,1.5775146456429933e-06,-1.6035353929300862,0.0,0.0,8.998920000194878e-30,1.3005681372174433e-05,-0.04042323998142936,0.0,0.0
20.1430,-8.152380618726376e-32,1.6779489874870302e-06,-1.6042717926640895,0.0,0.0,7.440171722029734e-30,5.021717092201845e-06,-0.03681998670016308,0.0,0.0
20.1629,3.4970198014418084e-32,1.6525978046208361e-06,-1.6049099596148335,0.0,0.0,5.824700210084092e-30,-1.2675591433097067e-06,-0.031908347537203466,0.0,0.0
20.1831,1.2024248928481439e-31,1.5344285491939403e-06,-1.6054361619610886,0.0,0.0,4.263614563519815e-30,-5.908462771344788e-06,-0.02631011731275165,0.0,0.0
20.2030,1.7698215838052276e-31,1.353735894672132e-06,-1.6058468187132016,0.0,0.0,2.8369834547854182e-30,-9.034632726090413e-06,-0.02053283760564745,0.0,0.0
20.2232,2.0891798069947267e-31,1.1369922501004479e-06,-1.6061461768645813,0.0,0.0,1.5967911159474953e-30,-1.0837182228584205e-05,-0.014967907568980494,0.0,0.0
20.2433,2.2033476859671675e-31,9.062149816656579e-07,-1.606344099576328,0.0,0.0,5.7083939486220345e-31,-1.1538863421739498e-05,-0.009896135587341134,0.0,0.0
20.2630,2.156772734038468e-31,6.787591314396259e-07,-1.6064540703456456,0.0,0.0,-2.3287475964349765e-31,-1.1372792511301598e-05,-0.005498538465871245,0.0,0.0
20.2831,1.992435156049635e-31,4.674416958837244e-07,-1.606491478911982,0.0,0.0,-8.216878899441636e-31,-1.0565871777795075e-05,-0.001870428316816288,0.0,0.0
20.3031,1.7496358631950323e-31,2.809071174637748e-07,-1.6064722213121023,0.0,0.0,-1.2139964642730133e-30,-9.32672892099748e-06,0.0009628799939840798,0.0,0.0
20.3225,1.4625582417623784e-31,1.241517566009861e-07,-1.6064116195435534,0.0,0.0,-1.4353881071632697e-30,-7.837768043139434e-06,0.0030300884274454334,0.0,0.0
20.3426,1.1594965311821453e-31,-8.638694421645938e-10,-1.6063236457546155,0.0,0.0,-1.5153085529011657e-30,-6.250781302157534e-06,0.004398689446894628,0.0,0.0
20.3633,8.626304563760417e-32,-9.457375680799772e-08,-1.6062204213777223,0.0,0.0,-1.4843303740305178e-30,-4.6854943682916565e-06,0.005161218844667888,0.0,0.0
20.3833,5.882230728889015e-32,-1.5918174692389272e-07,-1.6061119525224758,0.0,0.0,-1.3720369174357008e-30,-3.2303995057947492e-06,0.005423442762318079,0.0,0.0
20.4033,3.471241509002123e-32,-1.980868346953804e-07,-1.6060060584397795,0.0,0.0,-1.205494609943446e-30,-1.9452543885743836e-06,0.005294704134816516,0.0,0.0
20.4233,1.4547251035468264e-32,-2.1538044044227332e-07,-1.5934266378777573,0.0,0.0,-1.0082582027276483e-30,-8.646802873446464e-07,0.6289710281011124,0.0,0.0
20.4435,-1.4494570675745596e-33,-2.154278183259066e-07,-1.5714920724562407,0.0,0.0,-7.998354051521411e-31,-2.368894181664849e-09,1.0967282710758344,0.0,0.0
20.4635,-1.3360020720802202e-32,-2.025376826390772e-07,-1.5425411483901033,0.0,0.0,-5.955281826613821e-31,6.445067843414711e-07,1.4475462033068758,0.0,0.0
20.4831,-2.14913422174748e-32,-1.807178199156105e-07,-1.5083279553405,0.0,0.0,-4.0656607483363e-31,1.090993136173335e-06,1.7106596524801567,0.0,0.0
20.5031,-2.6300352806930764e-32,-1.5350985367807385e-07,-1.4701680605532976,0.0,0.0,-2.4045052947279806e-31,1.3603983118768329e-06,1.9079947393601175,0.0,0.0
20.5230,-2.832908958060689e-32,-1.2389328777923693e-07,-1.4290481394628958,0.0,0.0,-1.0143683868380625e-31,1.4808282949418462e-06,2.0559960545200884,0.0,0.0
20.5435,-2.815089678602757e-32,-9.424726608835502e-08,-1.3857081986450945,0.0,0.0,8.90963972896599e-33,1.4823010845440953e-06,2.1669970408900663,0.0,0.0
20.5628,-2.632819838293142e-32,-6.63579138548923e-08,-1.3407032430317436,0.0,0.0,9.11349201548072e-32,1.3944676116731365e-06,2.2502477806675496,0.0,0.0
20.5833,-2.3381482677633429e-32,-4.1459424848501706e-08,-1.2944495263217304,0.0,0.0,1.4733578526489967e-31,1.2449244503195293e-06,2.312685835500662,0.0,0.0
20.6032,-1.976855693800193e-32,-2.029799260279866e-08,-1.2472592387892205,0.0,0.0,1.8064628698157502e-31,1.0580716122851522e-06,2.3595143766254965,0.0,0.0
20.6231,-1.587274921699819e-32,-3.2090388623534585e-09,-1.199366523139838,0.0,0.0,1.9479038605018705e-31,8.544476870222601e-07,2.3946357824691225,0.0,0.0
20.6432,-1.1998528473225492e-32,9.800218774721652e-09,-1.1509469864028012,0.0,0.0,1.9371103718863484e-31,6.504628818537555e-07,2.4209768368518416,0.0,0.0
20.6632,-8.37295120700244e-33,1.8969148876044686e-08,-1.1021323338500235,0.0,0.0,1.8127886331115262e-31,4.584465050661517e-07,2.440732627638881,0.0,0.0
20.6832,-5.1513911849150044e-33,2.470769751947428e-08,-1.0530213444354404,0.0,0.0,1.6107800110437178e-31,2.869274321714797e-07,2.455549470729161,0.0,0.0
20.7029,-2.4261376972545272e-33,2.752914715087802e-08,-1.003688102374503,0.0,0.0,1.3626267438302386e-31,1.4107248157018693e-07,2.466662103046871,0.0,0.0
20.7232,-2.366293196738976e-34,2.799348554537814e-08,-0.9541881708287999,0.0,0.0,1.0947541887903148e-31,2.3216919725006138e-08,2.474996577285153,0.0,0.0
20.7432,1.4196997226920083e-33,2.6662130208530544e-08,-0.9048414266212483,0.0,0.0,8.281645211829529e-32,-6.656776684237981e-08,2.467337210377579,0.0,0.0
20.7631,2.576764521104917e-33,2.4063885893383013e-08,-0.8585703775697635,0.0,0.0,5.785323992064544e-32,-1.2991221575737649e-07,2.313552452574244,0.0,0.0
20.7832,3.2899572486483035e-33,2.0671369503419383e-08,-0.8173823628284177,0.0,0.0,3.565963637716933e-32,-1.6962581949818141e-07,2.059400737067288,0.0,0.0
20.8032,3.627454359386945e-33,1.68867000407415e-08,-0.782477904704157,0.0,0.0,1.6874855536932086e-32,-1.892334731338942e-07,1.745222906213034,0.0,0.0
20.8234,3.66292993087771e-33,1.3034995941288595e-08,-0.7543803815301657,0.0,0.0,1.7737785745382285e-33,-1.9258520497264515e-07,1.4048761586995613,0.0,0.0
20.8435,3.469760813643121e-33,9.364118110221603e-09,-0.7330739109593161,0.0,0.0,-9.658455861729458e-33,-1.8354389155334965e-07,1.065323528542483,0.0,0.0
20.8632,3.116698326898592e-33,6.049112650308062e-09,-0.7181391180750736,0.0,0.0,-1.7653124337226456e-32,-1.6575027299567706e-07,0.7467396442121251,0.0,0.0
20.8833,2.6648995622262796e-33,3.1999117963544224e-09,-0.708879171028841,0.0,0.0,-2.258993823361562e-32,-1.42460042697682e-07,0.4629973523116293,0.0,0.0
20.9033,2.1661565149884687e-33,8.710164481079272e-10,-0.7044309551838899,0.0,0.0,-2.493715236189055e-32,-1.1644476741232477e-07,0.22241079224755977,0.0,0.0
20.9232,1.6621298386608023e-33,-9.2791604996342e-10,-0.7038584306905968,0.0,0.0,-2.520133381638332e-32,-8.994662490356736e-08,0.0286262246646542,0.0,0.0
20.9432,1.1843820410954044e-33,-2.2214404605191254e-09,-0.7062270261806449,0.0,0.0,-2.3887389878269894e-32,-6.467622052778526e-08,-0.1184297745024041,0.0,0.0
20.9630,7.550082704556317e-34,-3.058297340804757e-09,-0.710659345928796,0.0,0.0,-2.1468688531988635e-32,-4.184284401428157e-08,-0.22161598740755356,0.0,0.0
20.9828,3.876774462484642e-34,-3.502442160570695e-09,-0.7163735196856352,0.0,0.0,-1.8366541210358372e-32,-2.2207240988296905e-08,-0.28570868784196246,0.0,0.0
21.0030,8.891868131818079e-35,-3.625404245760907e-09,-0.7227062335235802,0.0,0.0,-1.493793824651417e-32,-6.148104259510596e-09,-0.3166356918972514,0.0,0.0
21.0230,-1.404855132586226e-34,-3.5001015549079116e-09,-0.7291228895920778,0.0,0.0,-1.147020972884017e-32,6.265134542649775e-09,-0.3208328034248832,0.0,0.0
21.0431,-3.0410952839570777e-34,-3.1961184434736904e-09,-0.7352175029693802,0.0,0.0,-8.181200756854259e-33,1.5199155571711068e-08,-0.30473066886511413,0.0,0.0
21.0632,-4.085809680447792e-34,-2.7763640032896027e-09,-0.7407049075256478,0.0,0.0,-5.2235719824535707e-33,2.0987722009204373e-08,-0.2743702278133804,0.0,0.0
21.0832,-4.62419689698896e-34,-2.294966332954161e-09,-0.7454076611927634,0.0,0.0,-2.6919360827058403e-33,2.4069883516772087e-08,-0.23513768335577723,0.0,0.0
21.1033,-4.750535495575499e-34,-1.79622010022533e-09,-0.7492397614729879,0.0,0.0,-6.316929929326921e-34,2.4937311636441548e-08,-0.1916050140112281,0.0,0.0
21.1233,-4.560257314780873e-34,-1.3143872196651871e-09,-0.7521889456962307,0.0,0.0,9.513909039731305e-34,2.409164402800715e-08,-0.1474592111621427,0.0,0.0
21.1433,-4.143933240298051e-34,-8.741493260651687e-10,-0.7542989918233427,0.0,0.0,2.0816203724141095e-33,2.2011894680000927e-08,-0.10550230635560007,0.0,0.0
21.1631,-3.583054190018051e-34,-4.915219463012446e-10,-0.7556530816107299,0.0,0.0,2.8043952513999972e-33,1.9131368988196202e-08,-0.06770448936935719,0.0,0.0
21.1833,-2.9474116509069683e-34,-1.7506009470022693e-10,-0.7563589587560802,0.0,0.0,3.178212695555413e-33,1.5823092580050884e-08,-0.035293857267513565,0.0,0.0
21.2031,-2.2938350475192383e-34,7.278989968254993e-11,-0.7565363237911817,0.0,0.0,3.26788301693865e-33,1.2392499719138843e-08,-0.00886825175507992,0.0,0.0
21.2228,-1.6660224921272866e-34,2.543100014886796e-10,-0.7563066628414907,0.0,0.0,3.139062776959759e-33,9.076005090306483e-09,0.011483047484550035,0.0,0.0
21.2435,-1.0952017260556855e-34,3.7519147775395607e-10,-0.7557855120601867,0.0,0.0,2.8541038303580054e-33,6.0440738132638235e-09,0.02605753906519946,0.0,0.0
21.2635,-6.013740479386436e-35,4.4334109628767605e-10,-0.7550770129520512,0.0,0.0,2.4691383905852097e-33,3.4074809266859994e-09,0.03542495540677455,0.0,0.0
21.2836,-1.9492084647454349e-35,4.678528444107055e-10,-0.7542705125452802,0.0,0.0,2.0322660073205004e-33,1.2255874061514714e-09,0.04032502033854929,0.0,0.0
21.3032,1.2161430541200413e-35,4.581654848383353e-10,-0.7534389011889389,0.0,0.0,1.582675759432738e-33,-4.84367978618513e-10,0.04158056781706736,0.0,0.0
21.3229,3.517188110021946e-35,4.2341003606875746e-10,-0.7526383533018002,0.0,0.0,1.1505225279509524e-33,-1.7377724384788905e-09,0.04002739435693184,0.0,0.0
21.3437,5.031940615347058e-35,3.7193884732744867e-10,-0.7519091358897919,0.0,0.0,7.573762526625559e-34,-2.5735594370654402e-09,0.03646087060041416,0.0,0.0
21.3630,5.866088557420069e-35,3.110191249318201e-10,-0.7512771693788519,0.0,0.0,4.1707397103650525e-34,-3.0459861197814264e-09,0.03159832554700111,0.0,0.0
21.3832,6.139734200529623e-35,2.466681856391895e-10,-0.7507560590343695,0.0,0.0,1.3682282155477689e-34,-3.2175469646315303e-09,0.02605551722412133,0.0,0.0
21.4031,5.97658438083001e-35,1.836048900313652e-10,-0.7503493574353992,0.0,0.0,-8.157490984980599e-35,-3.153164780391216e-09,0.020335079948514193,0.0,0.0
21.4233,5.495626953205501e-35,1.2529112492361503e-10,-0.7500528644915012,0.0,0.0,-2.404787138122548e-34,-2.9156882553875077e-09,0.014824647194898028,0.0,0.0
21.4434,4.805171265294789e-35,7.40383335973855e-11,-0.7498568176155413,0.0,0.0,-3.4522784395535613e-34,-2.562639566311476e-09,0.009802343797991914,0.0,0.0
21.4631,3.999019223444068e-35,3.1156440086870235e-11,-0.7497478681030927,0.0,0.0,-4.030760209253607e-34,-2.1440946755257635e-09,0.005447475622432731,0.0,0.0
21.4831,3.1544640386493824e-35,-2.874366451228432e-12,-0.7497107785840244,0.0,0.0,-4.222775923973425e-34,-1.7015403269049333e-09,0.0018544759534173515,0.0,0.0
21.5031,2.3317798077344057e-35,-2.8225009367728725e-11,-0.7497298094311353,0.0,0.0,-4.113421154574883e-34,-1.2675321458250146e-09,-0.0009515423555491848,0.0,0.0
21.5231,1.5748598460841088e-35,-4.5544490993040225e-11,-0.7497897887020541,0.0,0.0,-3.784599808251484e-34,-8.659740812655748e-10,-0.002998963545941183,0.0,0.0
21.5431,9.126782840813397e-36,-5.5801432752441435e-11,-0.7498768805345737,0.0,0.0,-3.3109078100138456e-34,-5.128470879700604e-10,-0.00435459162597869,0.0,0.0
21.5630,3.6128141553438246e-36,-6.014605310684586e-11,-0.7499790812783427,0.0,0.0,-2.756984342734786e-34,-2.1723101772022104e-10,-0.00511003718844821,0.0,0.0
21.5834,-7.394312080789835e-37,-5.979575518623842e-11,-0.7500864816609225,0.0,0.0,-2.176122681711404e-34,1.7514896030371806e-11,-0.0053700191289933865,0.0,0.0
21.6035,-3.959249358161351e-36,-5.594528643460854e-11,-0.7501913377496557,0.0,0.0,-1.6099090750411837e-34,1.9252343758149413e-10,-0.00524280443666276,0.0,0.0
21.6234,-6.136558009233445e-36,-4.970071768480962e-11,-0.75028799425268,0.0,0.0,-1.0886543255360472e-34,3.122284374899462e-10,-0.004832825151215102,0.0,0.0
21.6434,-7.401346016983509e-36,-4.203524806137185e-11,-0.7503727016762411,0.0,0.0,-6.32394003875032e-35,3.8327348117188854e-10,-0.004235371178056573,0.0,0.0
21.6635,-7.905856261777047e-36,-3.3764030960111214e-11,-0.7504433648447912,0.0,0.0,-2.5225512239676875e-35,4.1356085506303194e-10,-0.0035331584275042328,0.0,0.0
21.6835,-7.809887569665578e-36,-2.553477627655906e-11,-0.75049925503197,0.0,0.0,4.798434605573485e-36,4.114627341776076e-10,-0.00279450935893971,0.0,0.0
21.7035,-7.269317796402041e-36,-1.7830748687301402e-11,-0.7505407120718897,0.0,0.0,2.702848866317685e-35,3.852013794628829e-10,-0.002072851995979992,0.0,0.0
21.7234,-6.427731398670265e-36,-1.0982883074120075e-11,-0.7505688568289697,0.0,0.0,4.207931988658876e-35,3.4239328065906636e-10,-0.0014072378540012668,0.0,0.0
21.7433,-5.410877716451218e-36,-5.188010879786875e-12,-0.7505853286884953,0.0,0.0,5.084268411095237e-35,2.8974360971666e-10,-0.0008235929762771702,0.0,0.0
21.7633,-4.323584791799859e-36,-5.305760812497624e-13,-0.7505920575632834,0.0,0.0,5.436464623256793e-35,2.328717399268556e-10,-0.0003364437394073585,0.0,0.0
21.7830,-3.248700010803349e-36,2.9943345825280577e-12,-0.7505910754670312,0.0,0.0,5.374423904982552e-35,1.76245533188891e-10,4.9104812609426915e-05,0.0,0.0
21.8030,-2.2476144244077653e-36,5.458357505409739e-12,-0.7505843690682739,0.0,0.0,5.005427931977919e-35,1.2320114614408408e-10,0.00033531993786538257,0.0,0.0
21.8230,-1.3619433691466115e-36,6.978873247246416e-12,-0.7505737718265632,0.0,0.0,4.428355276305769e-35,7.602578709183385e-11,0.0005298620855353656,0.0,0.0
21.8431,-6.159734755519495e-37,7.700527658789139e-12,-0.7505608922871401,0.0,0.0,3.72984946797331e-35,3.608272057713614e-11,0.0006439769711557285,0.0,0.0
21.8633,-1.9537646822835915e-38,7.779736807918832e-12,-0.7505470737967981,0.0,0.0,2.982179143645568e-35,3.960457456484691e-12,0.0006909245171017519,0.0,0.0
21.8834,4.2896148353336945e-37,7.372359461290973e-12,-0.7505333802026873,0.0,0.0,2.2424956517810267e-35,-2.0368867331392976e-11,0.0006846797055353054,0.0,0.0
21.9029,7.395981422885212e-37,6.62448488364262e-12,-0.7505206018963968,0.0,0.0,1.553183293775759e-35,-3.739372888241765e-11,0.0006389153145282449,0.0,0.0
21.9231,9.281997478175739e-37,5.666109857387798e-12,-0.7380110181666789,0.0,0.0,9.430080276452629e-36,-4.79187513127411e-11,0.6254791864858962,0.0,0.0
21.9432,1.0139589670953089e-36,4.607361996253414e-12,-0.7161288303693905,0.0,0.0,4.2879609638867504e-36,-5.293739305671922e-11,1.094109389864422,0.0,0.0
21.9629,1.0174408435278916e-36,3.5368593806274208e-12,-0.6872171895214241,0.0,0.0,1.7409382162913556e-37,-5.352513078129966e-11,1.4455820423983166,0.0,0.0
21.9829,9.590058002406551e-37,2.5217708560702804e-12,-0.6530334588854493,0.0,0.0,-2.9217521643618233e-36,-5.075442622785701e-11,1.7091865317987374,0.0,0.0
22.0031,8.576391697607885e-37,1.6091482112882085e-12,-0.6148956609084683,0.0,0.0,-5.0683315239933325e-36,-4.5631132239103596e-11,1.906889898849053,0.0,0.0
22.0231,7.301558467152412e-37,8.28132335024362e-13,-0.5737923124257325,0.0,0.0,-6.374166152277365e-36,-3.9050793813192325e-11,2.0551674241367897,0.0,0.0
22.0433,5.907340036281662e-37,1.926824877250155e-13,-0.5304648010636807,0.0,0.0,-6.971092154353747e-36,-3.1772492364967326e-11,2.166375568102592,0.0,0.0
22.0632,4.5072358109517e-37,-2.9546584701299535e-13,-0.48546916754214176,0.0,0.0,-7.000521126649809e-36,-2.440741673690054e-11,2.2497816760769442,0.0,0.0
22.0831,3.186723493297127e-37,-6.438491472457238e-13,-0.43922244240098757,0.0,0.0,-6.602561588272867e-36,-1.741916501163642e-11,2.312336257057708,0.0,0.0
22.1030,2.0051358454583693e-37,-8.665056735855266e-13,-0.39203739854512193,0.0,0.0,-5.9079382391937884e-36,-1.1132826316990144e-11,2.359252192793281,0.0,0.0
22.1231,9.986369588517988e-38,-9.815077279252473e-13,-0.34414861565322274,0.0,0.0,-5.032494433032852e-36,-5.7501027169860285e-12,2.3944391445949607,0.0,0.0
22.1432,1.8384457636576304e-38,-1.008868805004523e-12,-0.29573202848429836,0.0,0.0,-4.0739619124301785e-36,-1.3680538539637794e-12,2.4208293584462206,0.0,0.0
22.1630,-4.3828038508070953e-38,-9.688574845137083e-13,-0.24691958810760506,0.0,0.0,-3.110624807232363e-36,2.0005660245407338e-12,2.4406220188346657,0.0,0.0
22.1831,-8.785772830607214e-38,-8.807175450747748e-13,-0.19781025782508507,0.0,0.0,-2.2014844899000594e-36,4.406996971946675e-12,2.455466514125999,0.0,0.0
22.2031,-1.156085319562087e-37,-7.617695377910882e-13,-0.1484782601131951,0.0,0.0,-1.3875401825068281e-36,5.9474003641843305e-12,2.4665998855944995,0.0,0.0
22.2229,-1.294851227764386e-37,-6.26852360060858e-13,-0.0989792618292776,0.0,0.0,-6.9382954101149505e-37,6.745858886511512e-12,2.4749499141958746,0.0,0.0
22.2431,-1.3212345852502471e-37,-4.880533351595338e-13,-0.04963307209940324,0.0,0.0,-1.319167874293056e-37,6.939951245066208e-12,2.467309486493718,0.0,0.0
22.2631,-1.261748028249628e-37,-3.5467086637396866e-13,-0.0033622601688536938,0.0,0.0,2.9743278500309495e-37,6.669123439278257e-12,2.3135405965274773,0.0,0.0
22.2832,-1.141428228804186e-37,-2.333537628023567e-13,0.03782576969636928,0.0,0.0,6.015989972272097e-37,6.065855178580599e-12,2.0594014932611486,0.0,0.0
22.3030,-9.827026854918534e-38,-1.283647093555063e-13,0.07273043122068394,0.0,0.0,7.936277165616631e-37,5.2494526723425195e-12,1.745233076215733,0.0,0.0
22.3224,-8.046963668780927e-38,-4.192103670903812e-14,0.10082828679785849,0.0,0.0,8.900315930688034e-37,4.3221836323234086e-12,1.4048927788587273,0.0,0.0
22.3426,-6.229098459050866e-38,2.5426979978355297e-14,0.12213516658004747,0.0,0.0,9.089326048650304e-37,3.3674008343696707e-12,1.0653439891094494,0.0,0.0
22.3624,-4.4919536442102686e-38,7.441237369519904e-14,0.13707040172906595,0.0,0.0,8.685724074202987e-37,2.449269685842187e-12,0.746761757450924,0.0,0.0
22.3830,-2.9195778144272047e-38,1.0668667656111991e-13,0.14633078929426543,0.0,0.0,7.86187914891532e-37,1.6137151432960432e-12,0.46301937825997447,0.0,0.0
22.4031,-1.5651212732242743e-38,1.2449120311689336e-13,0.1507794179176887,0.0,0.0,6.772282706014652e-37,8.902263277886727e-13,0.22243143117116387,0.0,0.0
22.4231,-4.5537159092862013e-39,1.3037512584670984e-13,0.15135230961737442,0.0,0.0,5.548748411478271e-37,2.941961364908244e-13,0.028644584984286126,0.0,0.0
22.4430,4.0426296624883776e-39,1.269655603432696e-13,0.14898402512227582,0.0,0.0,4.298172785887289e-37,-1.7047827517201127e-13,-0.11841422475492933,0.0,0.0
22.4631,1.0247331061570009e-38,1.1679045259509326e-13,0.14455195555079492,0.0,0.0,3.1023506995408157e-37,-5.087553874088173e-13,-0.2216034785740451,0.0,0.0
22.4831,1.4286017247187032e-38,1.021516946282554e-13,0.13883797134631615,0.0,0.0,2.0193430928085115e-37,-7.319378983418927e-13,-0.28569921022393924,0.0,0.0
22.5032,1.645787085156858e-38,8.504352447543168e-14,0.13250539021935767,0.0,0.0,1.0859268021907727e-37,-8.554085076411857e-13,-0.31662905634792354,0.0,0.0
22.5232,1.7099288803760622e-38,6.710978539228799e-14,0.12608881626815693,0.0,0.0,3.2070897609602215e-38,-8.966869541571843e-13,-0.32082869756003635,0.0,0.0
22.5427,1.655439493967902e-38,4.963289395639295e-14,0.11999424213584656,0.0,0.0,-2.72446932040802e-38,-8.738445717947522e-13,-0.3047287066155187,0.0,0.0
22.5630,1.5152460845237076e-38,3.3547251742088095e-14,0.11450684231564257,0.0,0.0,-7.009670472209722e-38,-8.04282110715243e-13,-0.2743699910101994,0.0,0.0
22.5830,1.3191862623691392e-38,1.9470184976834162e-14,0.10980406721873061,0.0,0.0,-9.802991107728413e-38,-7.038533382626966e-13,-0.23513875484559787,0.0,0.0
22.6032,1.0929902200110647e-38,7.744173804283664e-15,0.10597192717010238,0.0,0.0,-1.1309802117903726e-37,-5.863005586275248e-13,-0.19160700243141088,0.0,0.0
22.6232,8.57763775041845e-39,-1.5149850033862264e-15,0.10302269181060467,0.0,0.0,-1.1761322248460989e-37,-4.629579403834946e-13,-0.14746176797488597,0.0,0.0
22.6432,6.298781148124195e-39,-8.368455008935472e-15,0.10091258908952469,0.0,0.0,-1.1394283011471277e-37,-3.4267350027746224e-13,-0.10550513605399914,0.0,0.0
22.6632,4.211711827516051e-39,-1.3006450212561278e-14,0.0995584420105228,0.0,0.0,-1.0435346603040716e-37,-2.318997601812903e-13,-0.06770735395009408,0.0,0.0
22.6831,2.3937071274089807e-39,-1.5704559602526956e-14,0.09885251048781961,0.0,0.0,-9.090023500535352e-38,-1.3490546949828388e-13,-0.03529657613515963,0.0,0.0
22.7031,8.865811746841389e-40,-1.67858680688496e-14,0.09867509652370263,0.0,0.0,-7.535629763624208e-38,-5.4065423316132045e-14,-0.008870698205849209,0.0,0.0
22.7231,-2.969581603405407e-40,-1.6589697334460602e-14,0.09890471556637231,0.0,0.0,-5.917696675123398e-38,9.808536719449763e-15,0.011480952133484552,0.0,0.0
22.7433,-1.166795171988618e-39,-1.544718744360122e-14,0.09942583222157184,0.0,0.0,-4.3491850582403863e-38,5.712549454296913e-14,0.026055832759975812,0.0,0.0
22.7632,-1.7491652204053588e-39,-1.366347377884061e-14,0.10013430508685675,0.0,0.0,-2.9118502420837044e-38,8.918568323803051e-14,0.03542364326424569,0.0,0.0
22.7833,-2.0809928434935928e-39,-1.1505880103539717e-14,0.10094078673778861,0.0,0.0,-1.6591381154411707e-38,1.078796837650447e-13,0.04032408254659336,0.0,0.0
22.8031,-2.205003990200153e-39,-9.197332040851662e-15,0.10177238607889978,0.0,0.0,-6.200557335328001e-39,1.1542740313440268e-13,0.04157996705555852,0.0,0.0
22.8231,-2.1657121108180638e-39,-6.914081071384523e-15,0.10257292772717876,0.0,0.0,1.9645939691044582e-39,1.14162548473357e-13,0.04002708241394888,0.0,0.0
22.8431,-2.006300474632413e-39,-4.7867979800010965e-15,0.10330214360693685,0.0,0.0,7.970581809282535e-39,1.0636415456917131e-13,0.036460793987904735,0.0,0.0
22.8631,-1.7663637190152304e-39,-2.904127782663461e-15,0.10393411220751879,0.0,0.0,1.199683778085914e-38,9.413350986688176e-14,0.031598430029097346,0.0,0.0
22.8830,-1.4804293291614296e-39,-1.317877467700427e-15,0.1044552272326837,0.0,0.0,1.4296719492690046e-38,7.931251574815171e-14,0.026055751258245982,0.0,0.0
22.9029,-1.1771527770213932e-39,-4.911708341612589e-17,0.10486193517477596,0.0,0.0,1.5163827607001823e-38,6.343801921421505e-14,0.020335397104612716,0.0,0.0
22.9230,-8.790661962950821e-40,9.054002298020675e-16,0.10515843532803817,0.0,0.0,1.4904329036315548e-38,4.772586566090967e-14,0.014825007663110994,0.0,0.0
22.9432,-6.02757288972644e-40,1.5669642009275886e-15,0.10535448963048213,0.0,0.0,1.3815445366121908e-38,3.307819855627605e-14,0.00980271512219806,0.0,0.0
22.9630,-3.593601711424567e-40,1.969119327216074e-15,0.10546344628666576,0.0,0.0,1.2169855891509362e-38,2.0107756314424273e-14,0.005447832809181482,0.0,0.0
22.9832,-1.5525072250126887e-40,2.1525885122994735e-15,0.10550054230878313,0.0,0.0,1.0205472432059392e-38,9.173459254169983e-15,0.001854801105868162,0.0,0.0
23.0029,7.14640732969813e-42,2.1610350903740548e-15,0.10548151709402374,0.0,0.0,8.11985649154835e-39,4.223289037290655e-16,-0.0009512607379689193,0.0,0.0
23.0230,1.285154702631415e-40,2.0377079185075475e-15,0.10542154246449237,0.0,0.0,6.068453146672168e-39,-6.1663585933253656e-15,-0.002998731476568582,0.0,0.0
23.0430,2.1183133924743554e-40,1.822950064497214e-15,0.10533445425165389,0.0,0.0,4.165793449214702e-39,-1.0737892700516667e-14,-0.004354410641924202,0.0,0.0
23.0631,2.6160836063080993e-40,1.5525046701196314e-15,0.10523225614410538,0.0,0.0,2.4888510691687198e-39,-1.3522269718879143e-14,-0.005109905377425471,0.0,0.0
23.0832,2.8324462503049214e-40,1.2565203441292663e-15,0.10512485750197725,0.0,0.0,1.08181321998411e-39,-1.4799216299518252e-14,-0.005369932106405894,0.0,0.0
23.1029,2.8247714582842428e-40,9.591408789887364e-16,0.10502000237744212,0.0,0.0,-3.8373960103393786e-41,-1.486897325702649e-14,-0.005242756226756842,0.0,0.0
23.1231,2.6495290767716792e-40,6.785578273940149e-16,0.10492334619857382,0.0,0.0,-8.762119075628183e-40,-1.4029152579736076e-14,-0.004832808943414653,0.0,0.0
23.1430,2.359125546030956e-40,4.2740706905433284e-16,0.10483863859968776,0.0,0.0,-1.4520176537036174e-39,-1.2557537916984102e-14,-0.0042353799443031245,0.0,0.0
23.1631,1.999775365213556e-40,2.1339957615631133e-16,0.10476797489172153,0.0,0.0,-1.7967509040869998e-39,-1.0700374644901074e-14,-0.003533185398311271,0.0,0.0
23.1832,1.6102762076876926e-40,4.008998191341652e-17,0.10471208392442316,0.0,0.0,-1.9474957876293168e-39,-8.66547971214474e-15,-0.0027945483649187033,0.0,0.0
23.2032,1.2215352670820334e-40,-9.229761268355958e-17,0.10467062597066358,0.0,0.0,-1.9437047030282954e-39,-6.6193797298488045e-15,-0.0020728976879791695,0.0,0.0
23.2231,8.566874456028671e-41,-1.8605045187027808e-16,0.10464248025428366,0.0,0.0,-1.8242391073958314e-39,-4.6876419593359245e-15,-0.0014072858189957795,0.0,0.0
23.2432,5.316503327573203e-41,-2.452020541481003e-16,0.1046260074589213,0.0,0.0,-1.6251855642277337e-39,-2.957580113891109e-15,-0.0008236397681184741,0.0,0.0
23.2631,2.55973478157721e-41,-2.748536326075809e-16,0.10461927772204382,0.0,0.0,-1.3783842729979964e-39,-1.482578922974031e-15,-0.00033648684387340674,0.0,0.0
23.2833,3.3857428518558274e-42,-2.8060109849573654e-16,0.10462025906324268,0.0,0.0,-1.1105802481958136e-39,-2.873732944077806e-16,4.906705994281186e-05,0.0,0.0
23.3033,-1.3476105442192726e-41,-2.6807563200210907e-16,0.10462696483252686,0.0,0.0,-8.430924147024277e-40,6.262733246813742e-16,0.00033528846420840196,0.0,0.0
23.3224,-2.531392533619758e-41,-2.425969942117619e-16,0.10463756157671796,0.0,0.0,-5.918909947002426e-40,1.2739318895173578e-15,0.0005298372095550732,0.0,0.0
23.3430,-3.267345473652936e-41,-2.089321962162958e-16,0.10465044074743779,0.0,0.0,-3.679764700165893e-40,1.683239899773304e-15,0.000643958535991779,0.0,0.0
23.3625,-3.623269450258644e-41,-1.7114766594671849e-16,0.10466425898781098,0.0,0.0,-1.7796198830285385e-40,1.8892265134788655e-15,0.0006909120186598049,0.0,0.0
23.3831,-3.672816265697406e-41,-1.325404082877324e-16,0.10467795243600181,0.0,0.0,-2.477340771938106e-41,1.9303628829493044e-15,0.0006846724095412474,0.0,0.0
23.4032,-3.4896074013346335e-41,-9.563254054622888e-17,0.10469073068316441,0.0,0.0,9.160443218138639e-41,1.8453933870751755e-15,0.0006389123581298486,0.0,0.0
23.4232,-3.1428243089824757e-41,-6.221368730732751e-17,0.11720031436853635,0.0,0.0,1.733915461760788e-40,1.6709426619450683e-15,0.6254791842685974,0.0,0.0
23.4430,-2.694167531179409e-41,-3.3416726139711835e-17,0.13908250213256532,0.0,0.0,2.243283889015334e-40,1.4398480583807838e-15,1.094109388201448,0.0,0.0
23.4633,-2.1960248959563442e-41,-9.814001695617369e-18,0.16799414295558704,0.0,0.0,2.4907131761153232e-40,1.1801362222047232e-15,1.445582041151086,0.0,0.0
23.4830,-1.690656425781665e-41,8.476881739190522e-18,0.20217787357285333,0.0,0.0,2.5268423508733958e-40,9.145441717403945e-16,1.7091865308633145,0.0,0.0
23.5030,-1.2101906876037558e-41,2.1686431410945007e-17,0.24031567153580305,0.0,0.0,2.4023286908895464e-40,6.604774835877243e-16,1.9068898981474858,0.0,0.0
23.5232,-7.772299427140985e-42,3.029240778010417e-17,0.28141902000801533,0.0,0.0,2.1648037244482865e-40,4.302988184579582e-16,2.055167423610614,0.0,0.0
23.5430,-4.0587558748400966e-42,3.4929345590167294e-17,0.3247465313621746,0.0,0.0,1.8567717761504445e-40,2.3184689050315617e-16,2.1663755677079606,0.0,0.0
23.5630,-1.0300728581240238e-42,3.63112882123046e-17,0.369742164877794,0.0,0.0,1.5143415083580362e-40,6.909713110686523e-17,2.2497816757809703,0.0,0.0
23.5832,1.3032437759004721e-42,3.51690678861693e-17,0.41598889001450856,0.0,0.0,1.166658317012248e-40,-5.711101630676487e-17,2.312336256835728,0.0,0.0
23.6030,2.9750366248648157e-42,3.2202258568397667e-17,0.4631739338670445,0.0,0.0,8.358964244821718e-41,-1.4834046588858155e-16,2.359252192626796,0.0,0.0
23.6232,4.0503790640961846e-42,2.8045016065965085e-17,0.5110627167564464,0.0,0.0,5.376712196156844e-41,-2.0786212512162916e-16,2.394439144470097,0.0,0.0
23.6431,4.61386314967394e-42,2.3244383225182743e-17,0.5594793039234979,0.0,0.0,2.817420427888777e-41,-2.400316420391171e-16,2.420829358352573,0.0,0.0
23.6630,4.75964442487682e-42,1.8249245601085023e-17,0.6082917442987865,0.0,0.0,7.28906376014401e-42,-2.4975688120488604e-16,2.4406220187644294,0.0,0.0
23.6829,4.583401715786371e-42,1.3407937646946631e-17,0.657401074580253,0.0,0.0,-8.812135454522454e-42,-2.420653977069196e-16,2.455466514073322,0.0,0.0
23.7029,4.176215581021352e-42,8.97248042252604e-18,0.7067330722913528,0.0,0.0,-2.0359306738250953e-41,-2.2177286122102958e-16,2.4665998855549915,0.0,0.0
23.7229,3.620253045086307e-42,5.1075386788590336e-18,0.7562320705746777,0.0,0.0,-2.779812679675227e-41,-1.932470871833503e-16,2.4749499141662437,0.0,0.0
23.7431,2.9860659604298444e-42,1.902380050377237e-18,0.8055782603685036,0.0,0.0,-3.1709354232823124e-41,-1.6025793142408984e-16,2.4673094896912935,0.0,0.0
23.7630,2.3312616893117068e-42,-6.156317240067454e-19,0.8518490724075756,0.0,0.0,-3.274021355590688e-41,-1.259005887191991e-16,2.313540601953603,0.0,0.0
23.7829,1.7002827846144012e-42,-2.467202651354327e-18,0.893037102408238,0.0,0.0,-3.154894523486528e-41,-9.257854636737908e-17,2.059401500033119,0.0,0.0
23.8027,1.125031639014558e-42,-3.707848687783754e-18,0.9279417640800534,0.0,0.0,-2.876255727999216e-41,-6.203230182147132e-17,1.7452330835907692,0.0,0.0
23.8230,6.260913814738022e-43,-4.415862293838799e-18,0.9560396198049246,0.0,0.0,-2.4947012877037794e-41,-3.540068030275223e-17,1.4048927862435607,0.0,0.0
23.8435,2.1432070542980714e-43,-4.6819207607497544e-18,0.9773464997260954,0.0,0.0,-2.058853380219975e-41,-1.3302923345547777e-17,1.0653439960585405,0.0,0.0
23.8635,-1.0736654392897755e-43,-4.600549365287986e-18,0.9922817349992207,0.0,0.0,-1.6084362467939234e-41,4.068569773088431e-18,0.7467617636562628,0.0,0.0
23.8829,-3.4218998831232743e-43,-4.26348785677438e-18,1.0015421226699242,0.0,0.0,-1.1741172219167494e-41,1.685307542568028e-17,0.4630193835351788,0.0,0.0
23.9036,-4.977761723011002e-43,-3.7548824539827135e-18,1.0059907513785693,0.0,0.0,-7.779309199438637e-42,2.5430270139583352e-17,0.2224314354322554,0.0,0.0
23.9232,-5.845992399546137e-43,-3.1481354546500003e-18,1.006563643143152,0.0,0.0,-4.341153382675678e-42,3.033734996663566e-17,0.02864458822912741,0.0,0.0
23.9432,-6.146405862974721e-43,-2.5041870778714655e-18,1.0041953586938126,0.0,0.0,-1.502067317142917e-42,3.2197418838926744e-17,-0.1184142224669665,0.0,0.0
23.9632,-6.0029316087676755e-43,-1.8709745706152765e-18,0.9997632891509922,0.0,0.0,7.173712710352289e-43,3.1660625362809454e-17,-0.2216034771410189,0.0,0.0
23.9830,-5.535150021586331e-43,-1.283806715936218e-18,0.9940493049606303,0.0,0.0,2.3389079359067242e-42,2.935839273395292e-17,-0.2856992095180971,0.0,0.0
24.0030,-4.852204829905142e-43,-7.664024219707512e-19,0.9877167238360338,0.0,0.0,3.4147259584059424e-42,2.5870214698273344e-17,-0.31662905622981985,0.0,0.0
24.0231,-4.048863646349942e-43,-3.32365056178406e-19,0.9813001498782373,0.0,0.0,4.0167059177759994e-42,2.1701868289617262e-17,-0.3208286978898226,0.0,0.0
24.0430,-3.2034259399025455e-43,1.310487153655731e-20,0.9752055757330086,0.0,0.0,4.227188532236982e-42,1.7273496385748165e-17,-0.3047287072614352,0.0,0.0
24.0632,-2.3771421036728453e-43,2.714210250305864e-19,0.9697181758959195,0.0,0.0,4.1314191811485005e-42,1.2915807674701452e-17,-0.27436999185445843,0.0,0.0
24.0832,-1.6148007002801995e-43,4.48872878649273e-19,0.9650154007801603,0.0,0.0,3.811707016963229e-42,8.872592680934331e-18,-0.23513875578795845,0.0,0.0
24.1030,-9.461566057189032e-44,5.550293961443315e-19,0.9611832607123443,0.0,0.0,3.3432204728064814e-42,5.307825874752929e-18,-0.1916070033908061,0.0,0.0
24.1229,-3.8790413845479676e-44,6.013450204969656e-19,0.9582340253345544,0.0,0.0,2.791262336320532e-42,2.3157812176317023e-18,-0.14746176888949364,0.0,0.0
24.1428,5.4059460300570895e-45,6.000010375316232e-19,0.9561239225969516,0.0,0.0,2.209817993776838e-42,-6.719914826712014e-20,-0.10550513688013959,0.0,0.0
24.1628,3.8228859174906236e-44,5.62992988055719e-19,0.9547697755037452,0.0,0.0,1.6411456572424574e-42,-1.85040247379521e-18,-0.0677073546603156,0.0,0.0
24.1830,6.055231248304873e-44,5.014573716654477e-19,0.9540638439694287,0.0,0.0,1.1161726654071243e-42,-3.0767808195135642e-18,-0.03529657671582854,0.0,0.0
24.2032,7.366176371517267e-44,4.2521821707281736e-19,0.9538864299963384,0.0,0.0,6.5547256160619705e-43,-3.811957729631516e-18,-0.008870698654513655,0.0,0.0
24.2232,7.907414631635526e-44,3.4252575810397555e-19,0.9541160490325533,0.0,0.0,2.706191300591298e-43,-4.1346229484420895e-18,0.011480951810743212,0.0,0.0
24.2430,7.838898448826089e-44,2.5995486839110566e-19,0.9546371656835742,0.0,0.0,-3.4258091404718416e-44,-4.128544485643494e-18,0.026055832551041228,0.0,0.0
24.2630,7.317177404789447e-44,1.8242940900298693e-19,0.9553456385466382,0.0,0.0,-2.6086052201832153e-43,-3.876272969405937e-18,0.03542364315320223,0.0,0.0
24.2830,6.486855977474597e-44,1.1333954992171865e-19,0.9561521201969508,0.0,0.0,-4.1516071365742455e-43,-3.4544929540634138e-18,0.040324082515630744,0.0,0.0
24.3031,5.474903548339984e-44,5.472178261546432e-20,0.9569837195386811,0.0,0.0,-5.059762145673063e-43,-2.930888365312716e-18,0.041579967086514305,0.0,0.0
24.3223,4.387445013588626e-44,7.47515017884572e-21,0.9577842611884708,0.0,0.0,-5.437292673756793e-43,-2.36233162183093e-18,0.040027082489486165,0.0,0.0
24.3422,3.3086044117097894e-44,-2.840833315934897e-20,0.9585134770703178,0.0,0.0,-5.394203009394183e-43,-1.7941741669097345e-18,0.03646079409234593,0.0,0.0
24.3651,2.3009576955980747e-44,-5.361644567343405e-20,0.9591454456732967,0.0,0.0,-5.038233580558574e-43,-1.260405625704254e-18,0.031598430148949946,0.0,0.0
24.3824,1.407165196778404e-44,-6.930554331859183e-20,0.959666560700946,0.0,0.0,-4.468962494098353e-43,-7.844548822578884e-19,0.026055751382466012,0.0,0.0
24.4028,6.523909108569467e-45,-7.691403395334464e-20,0.9600732686454392,0.0,0.0,-3.773871429607286e-43,-3.804245317376408e-19,0.020335397224655195,0.0,0.0
24.4230,4.716674176443686e-46,-7.800555989220858e-20,0.9603697688008955,0.0,0.0,-3.026120845462549e-43,-5.457629694319672e-20,0.014825007772817615,0.0,0.0
24.4430,-4.0958138956081166e-45,-7.414387075282401e-20,0.960565823105247,0.0,0.0,-2.2837406566262426e-43,1.9308445696922816e-19,0.009802715217570387,0.0,0.0
24.4636,-7.275676046810994e-45,-6.679897165311614e-20,0.9606747797630085,0.0,0.0,-1.5899310756014385e-43,3.6724495498539314e-19,0.005447832888080664,0.0,0.0
24.4829,-9.224032097404492e-45,-5.728235902914827e-20,0.9607118757863621,0.0,0.0,-9.74178025296749e-44,4.758306311983933e-19,0.00185480116767869,0.0,0.0
24.5032,-1.0131857209505345e-44,-4.6707958019423476e-20,0.9606928505725084,0.0,0.0,-4.539125560504269e-44,5.287200504862397e-19,-0.0009512606926834572,0.0,0.0
24.5231,-1.0204814611010665e-44,-3.597467978096447e-20,0.9606328759435805,0.0,0.0,-3.647870075265984e-45,5.3666391192295025e-19,-0.002998731446394079,0.0,0.0
24.5434,-9.647243785479015e-45,-2.5766240315262347e-20,0.9605457877310827,0.0,0.0,2.7878541276582505e-44,5.104219732851061e-19,-0.004354410624893262,0.0,0.0
24.5630,-8.650231039201536e-45,-1.6563936297070014e-20,0.9604435896236572,0.0,0.0,4.985063731387392e-44,4.601152009096166e-19,-0.0051099053712742185,0.0,0.0
24.5831,-7.383457617141335e-45,-8.668372105601564e-21,0.9603361909814815,0.0,0.0,6.333867110301005e-44,3.947782095734225e-19,-0.005369932108783404,0.0,0.0
24.6030,-5.990370093567705e-45,-2.2265966356641322e-21,0.9602313358567737,0.0,0.0,6.965437617868155e-44,3.220887734968716e-19,-0.0052427562353882465,0.0,0.0
24.6230,-4.586132245273419e-45,2.73833076492879e-21,0.9601346796776493,0.0,0.0,7.021189241471427e-44,2.482463700296461e-19,-0.004832808956218435,0.0,0.0
24.6430,-3.2577859243362995e-45,6.297726469477754e-21,0.96004997207846,0.0,0.0,6.641731604685596e-44,1.779697852274482e-19,-0.004235379959468012,0.0,0.0
24.6632,-2.066059028173282e-45,8.589409659720811e-21,0.9599793083701732,0.0,0.0,5.958634480815087e-44,1.1458415951215288e-19,-0.003533185414337215,0.0,0.0
24.6830,-1.0483003143606221e-45,9.792807472819856e-21,0.9599234174025606,0.0,0.0,5.0887935690633e-44,6.016989065495222e-20,-0.0027945483806287507,0.0,0.0
24.7031,-2.2208326013948976e-46,1.0107787384274948e-20,0.9598819594485104,0.0,0.0,4.1310852711056613e-44,1.57489955727546e-20,-0.00207289770250959,0.0,0.0
24.7232,4.109045261347288e-46,9.737555074809769e-21,0.9598538137318751,0.0,0.0,3.1649389313710927e-44,-1.851161547325889e-20,-0.001407285831769636,0.0,0.0
24.7432,8.609910942723089e-46,8.8756275382223e-21,0.9598373409362989,0.0,0.0,2.250432840687901e-44,-4.3096376829373475e-20,-0.0008236397788086453,0.0,0.0
24.7632,1.1468965547191555e-45,7.69664423348836e-21,0.9598306111992517,0.0,0.0,1.429527302234233e-44,-5.894916523669701e-20,-0.0003364868523594521,0.0,0.0
24.7831,1.2925118567711412e-45,6.3506081009286025e-21,0.9598315925403241,0.0,0.0,7.280765102599281e-45,-6.730180662798784e-20,4.906705361899528e-05,0.0,0.0
24.8030,1.3241726219038619e-45,4.960044515453069e-21,0.9598382983095218,0.0,0.0,1.5830382566360377e-45,-6.952817927377669e-20,0.00033528845988562014,0.0,0.0
24.8231,1.2684678384391708e-45,3.619519155419234e-21,0.9598488950536617,0.0,0.0,-2.7852391732345576e-45,-6.702626800169172e-20,0.000529837206992485,0.0,0.0
24.8432,1.1505811805343022e-45,2.3969539860687043e-21,0.9598617742243597,0.0,0.0,-5.89433289524343e-45,-6.11282584675265e-20,0.0006439585349031296,0.0,0.0
24.8632,9.931313162735925e-46,1.3362128698916846e-21,0.9598755924647345,0.0,0.0,-7.87249321303548e-45,-5.303705580885099e-20,0.0006909120187420157,0.0,0.0
24.8831,8.154560391016448e-46,4.604842605654187e-22,0.9598892859129444,0.0,0.0,-8.883763858597387e-45,-4.3786430466313295e-20,0.0006846724104966903,0.0,0.0
24.9035,6.332722188765853e-46,-2.2394125206320584e-22,0.9599020641601381,0.0,0.0,-9.109191011252974e-45,-3.422127563143123e-20,0.0006389123596830116,0.0,0.0
24.9231,4.586380205751955e-46,-7.238239114108819e-22,0.9724116478455334,0.0,0.0,-8.731709915069487e-45,-2.4994132967383803e-20,0.6254791842697623,0.0,0.0
24.9432,3.0014409061464147e-46,-1.0553064712369861e-21,0.9942938356095798,0.0,0.0,-7.924696498027702e-45,-1.6574127991305206e-20,1.0941093882023218,0.0,0.0
24.9632,1.6326499770734745e-46,-1.240600002832345e-21,1.0232054764326146,0.0,0.0,-6.843954645364701e-45,-9.264676579767946e-21,1.4455820411517415,0.0,0.0
24.9831,5.080977816443608e-47,-1.3051341513589236e-21,1.0573892070498907,0.0,0.0,-5.622760977145568e-45,-3.2267074263289242e-21,1.7091865308638061,0.0,0.0
25.0030,-3.6580223182613606e-47,-1.275226713672322e-21,1.0955270050128478,0.0,0.0,-4.369500067352484e-45,1.4953718843300775e-21,1.9068898981478546,0.0,0.0
25.0227,-9.992791080194406e-47,-1.1762825325870314e-21,1.1366303534850657,0.0,0.0,-3.1673843809665223e-45,4.947209054264524e-21,2.0551674236108908,0.0,0.0
25.0430,-1.4144300186832525e-46,-1.0314974448178416e-21,1.179957864839229,0.0,0.0,-2.0757545533190595e-45,7.239254388459486e-21,2.166375567708168,0.0,0.0
25.0631,-1.6409274005601162e-46,-8.610187823018789e-22,1.2249534983548516,0.0,0.0,-1.1324869093843189e-45,8.52393312579814e-21,2.2497816757811258,0.0,0.0
25.0831,-1.712344792934157e-46,-6.81498658476794e-22,1.2712002234915685,0.0,0.0,-3.570869618702043e-46,8.976006191254242e-21,2.3123362568358443,0.0,0.0
25.1032,-1.6631671496386383e-46,-5.059686460993727e-22,1.318385267344106,0.0,0.0,2.4588821647759392e-46,8.776500618871062e-21,2.359252192626883,0.0,0.0
25.1230,-1.5264938881886809e-46,-3.4396301805034444e-22,1.3662740502335093,0.0,0.0,6.8336630724978694e-46,8.100281402451415e-21,2.3944391444701623,0.0,0.0
25.1434,-1.3323993088098919e-46,-2.0182101593055254e-22,1.414690637400562,0.0,0.0,9.704728968939446e-46,7.107100105989595e-21,2.4208293583526217,0.0,0.0
25.1636,-1.1068844157472066e-46,-8.310525338487548e-23,1.4635030777758513,0.0,0.0,1.127574465313426e-45,5.935788127283854e-21,2.4406220187644663,0.0,0.0
25.1836,-8.713351810053602e-47,1.0917883727474861e-23,1.5126124080573182,0.0,0.0,1.1777461737092315e-45,4.701156855617517e-21,2.4554665140733496,0.0,0.0
25.2035,-6.423931440886539e-47,8.078016353808912e-23,1.5619444057684184,0.0,0.0,1.1447101845835317e-45,3.493113990530713e-21,2.466599885555012,0.0,0.0
25.2237,-4.3214302775580493e-47,1.2833006358376447e-22,1.6114434040517436,0.0,0.0,1.051250581664245e-45,2.3774950022837673e-21,2.4749499141662588,0.0,0.0
25.2434,-2.485268588408199e-47,1.562926848029951e-22,1.660789593845579,0.0,0.0,9.180808445749252e-46,1.398131060961532e-21,2.4673094896917718,0.0,0.0
25.2651,-9.590312062413191e-48,1.6788708962923838e-22,1.707060405884667,0.0,0.0,7.631186910834399e-46,5.797202413121638e-22,2.3135406019544003,0.0,0.0
25.2836,2.4318870275831993e-48,1.6650966787116653e-22,1.7482484358853492,0.0,0.0,6.011099544998195e-46,-6.88710879035923e-23,2.0594015000341077,0.0,0.0
25.3034,1.13026231234255e-47,1.5548602148034266e-22,1.783153097557186,0.0,0.0,4.43536804792115e-46,-5.511823195411937e-22,1.7452330835918417,0.0,0.0
25.3227,1.7277517807901697e-47,1.378891253984042e-22,1.8112509532820786,0.0,0.0,2.987447342238098e-46,-8.798448040969233e-22,1.4048927862446314,0.0,0.0
25.3423,2.0722037752784742e-47,1.164181058130461e-22,1.8325578332032695,0.0,0.0,1.7222599724415226e-46,-1.073550979267905e-21,1.065343996059546,0.0,0.0
25.3624,2.206210544627994e-47,9.332975477524475e-23,1.8474930684764126,0.0,0.0,6.700338467475997e-47,-1.154417551890067e-21,0.7467617636571595,0.0,0.0
25.3829,2.1743429889624542e-47,7.041370621037906e-23,1.8567534561471315,0.0,0.0,-1.5933777832769832e-47,-1.1458024282432845e-21,0.4630193835359403,0.0,0.0
25.4032,2.019981742875552e-47,4.9001847414107053e-23,1.8612020848557889,0.0,0.0,-7.7180623043451e-47,-1.0705929398136007e-21,0.22243143543286917,0.0,0.0
25.4230,1.7830119037378424e-47,3.000284247205662e-23,1.8617749766203808,0.0,0.0,-1.184849195688548e-46,-9.499502471025217e-22,0.02864458822959373,0.0,0.0
25.4431,1.4983038101602896e-47,1.39534182171954e-23,1.8594066921710481,0.0,0.0,-1.4235404678877639e-46,-8.024712127430611e-22,-0.11841422246663874,0.0,0.0
25.4632,1.1948745113675075e-47,1.0791449330177586e-24,1.8549746226282318,0.0,0.0,-1.51714649396391e-46,-6.4371366420888205e-22,-0.22160347714081507,0.0,0.0
25.4834,8.956100665908706e-48,-8.641308726096538e-24,1.8492606384378718,0.0,0.0,-1.4963222238831847e-46,-4.860226829557148e-22,-0.28569920951799815,0.0,0.0
25.5033,6.174251290129408e-48,-1.5413170446866466e-23,1.8429280573132758,0.0,0.0,-1.3909246878896496e-46,-3.3859308603849648e-22,-0.3166290562298056,0.0,0.0
25.5232,3.717409180887169e-48,-1.9567276510631927e-23,1.8365114833554783,0.0,0.0,-1.2284210546211194e-46,-2.0770530318827297e-22,-0.32082869788987317,0.0,0.0
25.5433,1.6517330481022596e-48,-2.1508819467818106e-23,1.8304169092102476,0.0,0.0,-1.0328380663924546e-46,-9.707714785930894e-23,-0.3047287072615314,0.0,0.0
25.5632,3.371965627442139e-51,-2.1674447517638653e-23,1.824929509373156,0.0,0.0,-8.241805412374087e-47,-8.281402491027378e-24,-0.27436999185458283,0.0,0.0
25.5832,-1.2331011641663176e-48,-2.0498201703945745e-23,1.820226734257394,0.0,0.0,-6.182365648968799e-47,5.881229068464543e-23,-0.2351387557880964,0.0,0.0
25.6032,-2.0864699416616585e-48,-1.8386125241439317e-23,1.816394594189575,0.0,0.0,-4.2668438874767037e-47,1.0560382312532131e-22,-0.19160700339094555,0.0,0.0
25.6231,-2.6013083282834646e-48,-1.5698900380073138e-23,1.8134453588117825,0.0,0.0,-2.57419193310903e-47,1.3436124306830892e-22,-0.14746176888962553,0.0,0.0
25.6432,-2.831358618552811e-48,-1.2741547711244116e-23,1.8113352560741773,0.0,0.0,-1.150251451346733e-47,1.478676334414511e-22,-0.10550513688025816,0.0,0.0
25.6631,-2.8340148191416527e-48,-9.759040346947703e-24,1.809981108980969,0.0,0.0,-1.3281002944206408e-49,1.4912536821482068e-22,-0.06770735466041719,0.0,0.0
25.6829,-2.6659660804347846e-48,-6.936617402908531e-24,1.8092751774466507,0.0,0.0,8.402436935343409e-48,1.4112114720195863e-22,-0.03529657671591139,0.0,0.0
25.7028,-2.3799715615785464e-48,-4.403603150704639e-24,1.8090977634735592,0.0,0.0,1.4299725942811911e-47,1.2665071261019458e-22,-0.008870698654577125,0.0,0.0
25.7228,-2.022677378741655e-48,-2.2396262725094423e-24,1.809327382509773,0.0,0.0,1.7864709141844573e-47,1.0819884390975985e-22,0.011480951810697942,0.0,0.0
25.7431,-1.6333460988894872e-48,-4.82266037512478e-25,1.8098484991607933,0.0,0.0,1.9466563992608396e-47,8.786801174984821e-23,0.026055832551012605,0.0,0.0
25.7631,-1.243346873066992e-48,8.646901009859937e-25,1.810556972023857,0.0,0.0,1.949996129112476e-47,6.734780692492359e-23,0.03542364315318809,0.0,0.0
25.7829,-8.76246641316101e-49,1.823025798800688e-24,1.8113634536741696,0.0,0.0,1.8355011587544546e-47,4.791678489073471e-23,0.04032408251562847,0.0,0.0
25.8029,-5.483466690239669e-49,2.4323960242336674e-24,1.8121950530159001,0.0,0.0,1.6394998614606712e-47,3.046851127164897e-23,0.041579967086520925,0.0,0.0
25.8229,-2.6952088966342818e-49,2.7434799318543818e-24,1.8129955946656902,0.0,0.0,1.3941288968026936e-47,1.5554195381035726e-23,0.04002708248949879,0.0,0.0
25.8430,-4.423030176321844e-50,2.812184066658655e-24,1.8137248105475374,0.0,0.0,1.1264529395010487e-47,3.4352067402136495e-24,0.03646079409236205,0.0,0.0
25.8630,1.2739145726773197e-49,2.6949811237623403e-24,1.8143567791505169,0.0,0.0,8.581087951547521e-48,-5.860147144815728e-24,0.0315984301489677,0.0,0.0
25.8835,2.4846428910488085e-49,2.445380049164364e-24,1.8148778941781665,0.0,0.0,6.053641591857445e-48,-1.2480053729898816e-23,0.026055751382483658,0.0,0.0
25.9030,3.2436105563644966e-49,2.11145644026602e-24,1.8152846021226599,0.0,0.0,3.794838326578441e-48,-1.6696180444917205e-23,0.020335397224671762,0.0,0.0
25.9232,3.618219671969393e-49,1.7343263471763007e-24,1.8155811022781165,0.0,0.0,1.873045578024482e-48,-1.8856504654485962e-23,0.014825007772832705,0.0,0.0
25.9432,3.6820833283549014e-49,1.3474191965284333e-24,1.8157771565824683,0.0,0.0,3.1931828192754348e-49,-1.9345357532393372e-23,0.009802715217583371,0.0,0.0
25.9632,3.509056070942739e-49,9.763936817508267e-25,1.8158861132402302,0.0,0.0,-8.651362870608127e-49,-1.855127573888033e-23,0.005447832888091069,0.0,0.0
25.9831,3.168742263627053e-49,6.395409247625721e-25,1.815923209263584,0.0,0.0,-1.7015690365784312e-48,-1.684263784941273e-23,0.0018548011676861606,0.0,0.0
26.0033,2.723382372322665e-49,3.485289015356268e-25,1.8159041840497303,0.0,0.0,-2.2267994565219393e-48,-1.455060116134726e-23,-0.0009512606926788533,0.0,0.0
26.0229,2.225959511505014e-49,1.0935815002328027e-25,1.8158442094208025,0.0,0.0,-2.487114304088254e-48,-1.1958537575617327e-23,-0.002998731446391625,0.0,0.0
26.0430,1.7193347952014753e-49,-7.658140261237645e-26,1.8157571212083046,0.0,0.0,-2.533123581517695e-48,-9.296977631782836e-24,-0.004354410624892753,0.0,0.0
26.0630,1.2362061702617325e-49,-2.1144118293237643e-25,1.8156549231008792,0.0,0.0,-2.4156431246987138e-48,-6.742989015999998e-24,-0.005109905371274837,0.0,0.0
26.0830,7.996873313412215e-50,-2.998995471964338e-25,1.8155475244587034,0.0,0.0,-2.1825941946025553e-48,-4.422918213202869e-24,-0.0053699321087852005,0.0,0.0
26.1031,4.243169622703649e-50,-3.482493475626908e-25,1.8154426693339956,0.0,0.0,-1.876851845354283e-48,-2.4174900183128505e-24,-0.005242756235390593,0.0,0.0
26.1235,1.1733016773100054e-50,-3.6361673698362213e-25,1.815346013154871,0.0,0.0,-1.534933972696822e-48,-7.683694710465653e-25,-0.0048328089562211934,0.0,0.0
26.1429,-1.199497382373828e-50,-3.533252748303033e-25,1.8152613055556817,0.0,0.0,-1.1863995298419166e-48,5.145731076659425e-25,-0.004235379959470747,0.0,0.0
26.1630,-2.9071268341942733e-50,-3.2440716172549595e-25,1.8151906418473949,0.0,0.0,-8.538147259102226e-49,1.4459056552403668e-24,-0.0035331854143395994,0.0,0.0
26.1830,-4.013421313007951e-50,-2.832541471933607e-25,1.8151347508797822,0.0,0.0,-5.5314723940683875e-49,2.057650726606763e-24,-0.0027945483806308723,0.0,0.0
26.2031,-4.602336893337732e-50,-2.353941374626576e-25,1.815093292925732,0.0,0.0,-2.944577901648905e-49,2.3930004865351543e-24,-0.002072897702511182,0.0,0.0
26.2233,-4.767883364984804e-50,-1.8537548191687082e-25,1.8150651472090966,0.0,0.0,-8.277323582353591e-50,2.5009327772893385e-24,-0.0014072858317708296,0.0,0.0
26.2429,-4.60597021682102e-50,-1.367389613425185e-25,1.8150486744135204,0.0,0.0,8.095657408189219e-50,2.431826028717616e-24,-0.0008236397788095407,0.0,0.0
26.2630,-4.20817714268892e-50,-9.205723323120315e-26,1.8150419446764732,0.0,0.0,1.9889653706604972e-49,2.2340864055657674e-24,-0.00033648685235979054,0.0,0.0
26.2832,-3.6573417085285104e-50,-5.302250315384446e-26,1.8150429260175456,0.0,0.0,2.754177170802049e-49,1.951736503867935e-24,4.9067053619074536e-05,0.0,0.0
26.3031,-3.024774630396492e-50,-2.0565105406594768e-26,1.8150496317867433,0.0,0.0,3.16283539066009e-49,1.6228698873624844e-24,0.0003352884598860127,0.0,0.0
26.3225,-2.368862843973689e-50,5.011849228238186e-27,1.8150602285308832,0.0,0.0,3.2795589321140153e-49,1.2788477317416477e-24,0.0005298372069931124,0.0,0.0
26.3425,-1.7347972335181652e-50,2.389385425066861e-26,1.8150731077015814,0.0,0.0,3.1703280522776183e-49,9.441002511215212e-25,0.0006439585349036002,0.0,0.0
26.3630,-1.1551601916654325e-50,3.662172676245131e-26,1.8150869259419562,0.0,0.0,2.8981852092636633e-49,6.36393625589135e-25,0.0006909120187420355,0.0,0.0
26.3829,-6.51122798775957e-51,4.3970327540541254e-26,1.8151006193901662,0.0,0.0,2.5201869644473773e-49,3.6743003890449734e-25,0.0006846724104963722,0.0,0.0
26.4031,-2.3402738618229296e-51,4.684355847167624e-26,1.81511339763736,0.0,0.0,2.08547706296832e-49,1.4366154655674926e-25,0.000638912359682107,0.0,0.0
26.4232,9.283581643389265e-52,4.6187868161726903e-26,1.8026229813227552,0.0,0.0,1.6343160130809279e-49,-3.278451549746679e-26,-0.6245208157302384,0.0,0.0
26.4432,3.3241306940999826e-51,4.2924828339561284e-26,1.7807551690868015,0.0,0.0,1.197886264880528e-49,-1.631519911082808e-25,-1.0933906117976788,0.0,0.0
26.4632,4.921512249774776e-51,3.79020587725634e-26,1.7518543099098363,0.0,0.0,7.986907778373966e-50,-2.5113847834989443e-25,-1.4450429588482592,0.0,0.0
26.4830,5.824257681544384e-51,3.186085807096118e-26,1.7176786655271123,0.0,0.0,4.5137271588480415e-50,-3.02060035080111e-25,-1.7087822191361943,0.0,0.0
26.5029,6.151861294478928e-51,2.5418306060501844e-26,1.6795469322400693,0.0,0.0,1.6380180646727157e-50,-3.221276005229668e-25,-1.9065866643521456,0.0,0.0
26.5228,6.028452326511099e-51,1.906129368902723e-26,1.6384481322747873,0.0,0.0,-6.170448398391417e-51,-3.1785061857373064e-25,-2.0549399982641092,0.0,0.0
26.5433,5.574188460944562e-51,1.3149856789079637e-26,1.5951240323008256,0.0,0.0,-2.271319327832686e-50,-2.9557184499737966e-25,-2.166204998698082,0.0,0.0
26.5633,4.8990392541129854e-51,7.927287706774163e-27,1.5501309573203543,0.0,0.0,-3.375746034157883e-50,-2.6112845411527367e-25,-2.2496537490235617,0.0,0.0
26.5835,4.0987349937425236e-51,3.534723632638608e-27,1.503886151085001,0.0,0.0,-4.001521301852308e-50,-2.1962820370677774e-25,-2.3122403117676713,0.0,0.0
26.6034,3.252582698840126e-51,2.821715907862548e-29,1.456702546408486,0.0,0.0,-4.230761474511988e-50,-1.7532532367799914e-25,-2.3591802338257537,0.0,0.0
26.6234,2.42281351573292e-51,-2.6033557256360792e-27,1.4088148429010996,0.0,0.0,-4.148845915536029e-50,-1.3157864423573522e-25,-2.3943851753693153,0.0,0.0
26.6434,1.6551178174585406e-51,-4.420834045633943e-27,1.3603990652705598,0.0,0.0,-3.8384784913718976e-50,-9.087391599989318e-26,-2.4207888815269865,0.0,0.0
26.6634,9.800389747052435e-52,-5.518692742894304e-27,1.311587232047655,0.0,0.0,-3.3753942137664856e-50,-5.489293486301805e-26,-2.44059166114524,0.0,0.0
26.6834,4.14927504157956e-52,-6.010965201265917e-27,1.2624783571304763,0.0,0.0,-2.8255573527364372e-50,-2.461362291858063e-26,-2.45544374585893,0.0,0.0
26.7034,-3.380174900198693e-53,-6.019511632968671e-27,1.2131467009425922,0.0,0.0,-2.243646265799715e-50,-4.273215851377218e-28,-2.4665828093941977,0.0,0.0
26.7234,-3.68320583931825e-52,-5.664750758767617e-27,1.1636479588016793,0.0,0.0,-1.67259417464919e-50,1.773804371005272e-26,-2.4749371070456485,0.0,0.0
26.7434,-5.9711047509329405e-52,-5.058795057590769e-27,1.1140239021959946,0.0,0.0,-1.1439494558073451e-50,3.0297785058842393e-26,-2.4812028302842366,0.0,0.0
26.7635,-7.328762649587982e-52,-4.300800578252687e-27,1.064305859741731,0.0,0.0,-6.788289493275206e-51,3.7899723966904104e-26,-2.4859021227131777,0.0,0.0
26.7833,-7.907280314603983e-52,-3.474256684053964e-27,1.0145173279010333,0.0,0.0,-2.89258832508001e-51,4.132719470993614e-26,-2.4894265920348833,0.0,0.0
26.8029,-7.866731744489745e-52,-2.6458933623616842e-27,0.96467592902051,0.0,0.0,2.027428505711877e-52,4.1418166084613994e-26,-2.4920699440261624,0.0,0.0
26.8232,-7.364316412234682e-52,-1.8658672693507734e-27,0.9147948798601175,0.0,0.0,2.512076661275314e-51,3.900130465054555e-26,-2.4940524580196217,0.0,0.0
26.8430,-6.5456459283093034e-52,-1.1688956634315436e-27,0.8648840929898232,0.0,0.0,4.0933524196268904e-51,3.4848580295961485e-26,-2.495539343514716,0.0,0.0
26.8631,-5.538904309666712e-52,-5.760332191862287e-28,0.8149510028371024,0.0,0.0,5.033708093212959e-51,2.9643122212265746e-26,-2.496654507636037,0.0,0.0
26.8831,-4.451513837104765e-52,-9.682439285106883e-29,0.7650011852225619,0.0,0.0,5.436952362809733e-51,2.3960441316757996e-26,-2.4974908807270277,0.0,0.0
26.9033,-3.368880152457019e-52,2.683916904713652e-28,0.7150388220116565,0.0,0.0,5.413168423238729e-51,1.8260804166121703e-26,-2.4981181605452707,0.0,0.0
26.9235,-2.3547720798237882e-52,5.262002515349088e-28,0.6650670496034774,0.0,0.0,5.0705403631661527e-51,1.2890428053177182e-26,-2.498588620408953,0.0,0.0
26.9434,-1.452904700559438e-52,6.87984657240472e-28,0.6150882202973431,0.0,0.0,4.5093368963217507e-51,8.08922028527816e-27,-2.498941465306715,0.0,0.0
26.9635,-6.893298840776092e-53,7.6804388208521605e-28,0.5651040983177424,0.0,0.0,3.817874082409144e-51,4.002961242237204e-27,-2.499206098980036,0.0,0.0
26.9831,-7.528897867158097e-54,7.820056677936611e-28,0.5151160068330419,0.0,0.0,3.070204527030141e-51,6.980892854222545e-28,-2.4994045742350273,0.0,0.0
27.0033,3.8975903910323504e-53,7.455566670073753e-28,0.4651249382195165,0.0,0.0,2.32524008887408e-51,-1.8224500393142924e-27,-2.4995534306762703,0.0,0.0
27.0233,7.151595100881529e-53,6.734865163972184e-28,0.4151316367593724,0.0,0.0,1.6270023549245893e-51,-3.6035075305078454e-27,-2.4996650730072028,0.0,0.0
27.0432,9.163002927215521e-53,5.790247124557676e-28,0.36513666066426437,0.0,0.0,1.005703913166996e-51,-4.723090197072539e-27,-2.499748804755402,0.0,0.0
27.0631,1.0121778621333085e-52,4.734368767523335e-28,0.31514042859293334,0.0,0.0,4.793878470587814e-52,-5.279391785171707e-27,-2.4998116035665516,0.0,0.0
27.0832,1.0233553674641272e-52,3.658397873696179e-28,0.26514325453943505,0.0,0.0,5.588752665409348e-53,-5.379854469135781e-27,-2.4998587026749135,0.0,0.0
27.1032,9.703371744143936e-53,2.6319158309040407e-28,0.21514537399931133,0.0,0.0,-2.6509096524866804e-52,-5.1324102139606896e-27,-2.499894027006185,0.0,0.0
27.1232,8.723532991622297e-53,1.7041393489556947e-28,0.16514696359421854,0.0,0.0,-4.899193762608191e-52,-4.638882409741729e-27,-2.499920520254639,0.0,0.0
27.1432,7.465241947733731e-53,9.060586265570936e-29,0.11773933797474584,0.0,0.0,-6.291455219442832e-52,-3.9904036119930055e-27,-2.3703812809736347,0.0,0.0
27.1632,6.073609147953282e-53,2.531345671647172e-29,0.07511925848165657,0.0,0.0,-6.958163998902242e-52,-3.264620296961882e-27,-2.1310039746544636,0.0,0.0
27.1832,4.665467999240749e-53,-2.517465514094481e-29,0.03864704335294022,-0.0125,0.0,-7.040705743562667e-52,-2.5244055928708265e-27,-1.8236107564358175,-0.625,0.0
27.2032,3.329434057751904e-53,-6.153025972555052e-29,0.008974059405226543,-0.034375,0.0,-6.680169707444225e-52,-1.8177802292302855e-27,-1.4836491973856838,-1.09375,0.0
27.2232,2.1276425581701557e-53,-8.510514758047177e-29,-0.013819122119872303,-0.06328125000000001,0.0,-6.00895749790874e-52,-1.1787443927460625e-27,-1.1396590762549423,-1.4453125,0.0
27.2431,1.0986403799936355e-53,-9.768000461683441e-29,-0.0300848609365041,-0.09746093750000001,0.0,-5.145010890882602e-52,-6.287428518181315e-28,-0.8132869408315899,-1.708984375,0.0
27.2630,2.609703235616271e-54,-1.0125034711709631e-28,-0.0404790733927877,-0.13559570312500002,0.0,-4.188350282160042e-52,-1.7851712501309548e-28,-0.5197106228141801,-1.90673828125,0.0
27.2830,-3.829404381760768e-54,-9.785308316526696e-29,-0.04584598833143314,-0.17669677734375003,0.0,-3.2195538086885195e-52,1.6986319759146735e-28,-0.268345746932272,-2.0550537109375,0.0
27.3028,-8.428970831887902e-54,-8.943395021147894e-29,-0.04712041523553123,-0.22002258300781252,0.0,-2.2997832250635665e-52,4.209566476894014e-28,-0.06372134520490455,-2.166290283203125,0.0
27.3225,-1.1372907419569977e-53,-7.775356348344918e-29,-0.04524901049947293,-0.2650169372558594,0.0,-1.4719682938410378e-52,5.840193364014879e-28,0.09357023680291529,-2.2497177124023438,0.0
27.3425,-1.2898485415157335e-53,-6.432805962841991e-29,-0.04113051631746082,-0.31126270294189456,0.0,-7.627889977936791e-53,6.712751927514635e-28,0.20592470910060523,-2.312288284301758,0.0
27.3630,-1.3268759786938413e-53,-5.039924815944276e-29,-0.03557381470190409,-0.3584470272064209,0.0,-1.8513718589053926e-53,6.964405734488574e-28,0.27783508077783636,-2.3592162132263184,0.0
27.3832,-1.2750339978557917e-53,-3.6928684668143333e-29,-0.029271859608122303,-0.4063352704048157,0.0,2.592099041902479e-53,6.735281745649713e-28,0.3150977546890895,-2.3944121599197388,0.0
27.4033,-1.159650472355907e-53,-2.4610040969580163e-29,-0.02278908171129862,-0.4547514528036118,0.0,5.769176274994234e-53,6.159321849281585e-28,0.3241388948411841,-2.420809119939804,0.0
27.4231,-1.0035337998896391e-53,-1.3894455737482976e-29,-0.016559653386002942,-0.5035635896027089,0.0,7.805833623313396e-53,5.357792616048594e-28,0.3114714162647839,-2.440606839954853,0.0
27.4429,-8.262342675465598e-54,-5.024099469161107e-30,-0.010894002938871005,-0.5526726922020316,0.0,8.864976617153965e-53,4.435178134160934e-28,0.2832825223565968,-2.45545512996614,0.0
27.4630,-6.436855622364567e-54,1.9301137002299606e-30,-0.005991124927189793,-0.6020045191515238,0.0,9.127435265505154e-53,3.477106584695534e-28,0.2451439005840606,-2.466591347474605,0.0
27.4828,-4.68152899519692e-54,7.029966755259463e-30,-0.001954498922797497,-0.6515033893636428,0.0,8.776633135838235e-53,2.5499265275147515e-28,0.20183130021961482,-2.4749435106059536,0.0
27.5029,-3.0841422851093694e-54,1.0433058541216023e-29,0.001190240515864575,-0.7011275420227321,0.0,7.986933550437752e-53,1.7015458929782798e-28,0.1572369719331036,-2.4812076329544652,0.0
27.5231,-1.7010537154371443e-54,1.2359393868210481e-29,0.003477380663909255,-0.750845656517049,0.0,6.915442848361125e-53,9.631676634972292e-29,0.11435700740223398,-2.485905724715849,0.0
27.5432,-5.616740652567468e-55,1.3062581731363698e-29,0.0049840929351082095,-0.8006342423877868,0.0,5.696898250901988e-53,3.515939315766074e-29,0.07533561355994772,-2.4894292935368867,0.0
27.5631,3.2656111629395625e-55,1.2806217724846787e-29,0.005815081562400933,-0.8504756817908401,0.0,4.441175907753515e-53,-1.2818200325845536e-29,0.041549431364636166,-2.492071970152665,0.0
27.5833,9.73143835479346e-55,1.1845571656468297e-29,0.00608941813912642,-0.90035676134313,0.0,3.2329135959269494e-53,-4.8032303418924513e-29,0.013716828836274324,-2.4940539776144988,0.0
27.6030,1.3996922447396278e-54,1.0414352805796332e-29,0.005929805483322949,-0.9502675710073475,0.0,2.1327420463014083e-53,-7.156094253359827e-29,-0.007980632790173518,-2.495540483210874,0.0
27.6229,1.6356220170004614e-54,8.716077499444578e-30,0.00545430766247097,-1.0002006782555106,0.0,1.179648861304168e-53,-8.49137653175877e-29,-0.023774891042598986,-2.4966553624081556,0.0
27.6430,1.7144320251760588e-54,6.919406369714088e-30,0.004770425837083727,-1.050150508691633,0.0,3.940500408779876e-54,-8.983355648652451e-29,-0.034194091269362153,-2.4974915218061167,0.0
27.6630,1.6706736097971935e-54,5.1567386402333754e-30,0.003971288917818271,-1.1001128815187247,0.0,-2.187920768943269e-54,-8.813338647403565e-29,-0.0399568459632728,-2.4981186413545875,0.0
27.6830,1.537614381675213e-54,3.525333524708838e-30,0.0031336588933000824,-1.1500846611390434,0.0,-6.652961406099032e-54,-8.157025577622686e-29,-0.04188150122590941,-2.4985889810159407,0.0
27.7032,1.3455630976832145e-54,2.090259676582905e-30,0.002317416841313436,-1.1981454300768812,0.0,-9.602564199599913e-54,-7.175369240629666e-29,-0.04081210259933231,-2.403038446891897,0.0
27.7232,1.1207908488282228e-54,8.885387098934808e-31,0.001566190291844645,-1.2418892948665883,0.0,-1.1238612442749578e-53,-6.008604833447121e-29,-0.03756132747343954,-2.1871932394853504,0.0
27.7431,8.849642112572858e-55,-6.606433771719613e-32,0.0009087989622323733,-1.2797708496578146,0.0,-1.1791331878546853e-53,-4.773015238053385e-29,-0.03286956648061359,-1.8940777395613195,0.0
27.7631,6.549963804036458e-55,-7.780527631621722e-31,0.00036122752728922703,-1.310982778662707,0.0,-1.1498391542681998e-53,-3.55994212722488e-29,-0.027378571747157313,-1.5605964502446175,0.0
27.7832,4.4322072443919714e-55,-1.2653609164561739e-30,-7.112470055548628e-05,-1.3353197725875554,0.0,-1.0588782798222436e-53,-2.4365407664700083e-29,-0.021617611392235666,-1.2168496962424133,0.0
27.8030,2.5779573899950876e-55,-1.5549203764393047e-30,-0.00039112138940569207,-1.3530403455668798,0.0,-9.271249271984419e-54,-1.4477972999156542e-29,-0.01599983444251029,-0.8860286489662154,0.0
27.8229,1.0325925557977194e-55,-1.6787947488402947e-30,-0.0006076516226790049,-1.3647353684583017,0.0,-7.726824170986841e-54,-6.1937186200494925e-30,-0.01082651166366564,-0.5847511445710937,0.0
27.8429,-1.8838662319816996e-56,-1.6709728432106193e-30,-0.0007335902002732493,-1.3712095274103113,0.0,-6.104895894979446e-54,3.9109528148376534e-31,-0.006296928879712216,-0.3237079476004868,0.0
27.8634,-1.0928178100531968e-55,-1.5648480433957257e-30,-0.0007840287214525376,-1.3733795888706415,0.0,-4.5221559342751336e-54,5.306239990744682e-30,-0.002521926058964414,-0.10850307301650272,0.0
27.8832,-1.705572131591275e-55,-1.3913635609308119e-30,-0.0007748158890498515,-1.3721913735245919,0.0,-3.063771607690391e-54,8.67422412324569e-30,0.00046064162013430233,0.05941076730247585,0.0
27.9034,-2.062803544849357e-55,-1.1777683854262779e-30,-0.0007214173114048459,-1.3685557434945206,0.0,-1.7861570662904106e-54,1.0679758775226703e-29,0.0026699288822502813,0.1817815015035609,0.0
27.9229,-2.206958892101957e-55,-9.469059006723007e-31,-0.000638083339486801,-1.3633026902532375,0.0,-7.207767362630009e-55,1.154312423769886e-29,0.004166698595902249,0.2626526620641608,0.0
27.9429,-2.1826578690152897e-55,-7.169446830664797e-31,-0.0005372978601790592,-1.3571517527980221,0.0,1.215051154333365e-55,1.1498060880291048e-29,0.00503927396538709,0.3075468727607614,0.0
27.9629,-2.0334726295593717e-55,-5.014570888781253e-31,-0.0004294708790875093,-1.3506964584296708,0.0,7.459261972795893e-55,1.0774379709417725e-29,0.0053913490545774954,0.32276471841756593,0.0
27.9833,-1.799575342193871e-55,-3.0975396790417187e-31,-0.0003228323905235963,-1.3444002140385685,0.0,1.1694864368275035e-54,9.58515604869767e-30,0.005331924428195649,0.31481221955511524,0.0
28.0031,-1.5161778561381131e-55,-1.4739138909945652e-31,-0.0002234835806692458,-1.338601031793869,0.0,1.416987430278789e-54,8.118128940235767e-30,0.004967440492717526,0.28995911223497023,0.0
28.0230,-1.212659070228008e-55,-1.6775971649952618e-32,-0.00013556295843832815,-1.3335225970936537,0.0,1.5175939295505256e-54,6.530770872475195e-30,0.004396031111545882,0.25392173501076315,0.0
28.0442,-9.122604365817487e-56,8.219214973617246e-32,-6.148871425884023e-05,-1.3292894291338144,0.0,1.5019931682312966e-54,4.948406069306254e-30,0.0037037122089743956,0.21165839799196196,0.0
28.0629,-6.322258351521493e-56,1.5148671179159592e-31,-2.243708268693876e-06,-1.3259442013068476,0.0,1.400173007147997e-54,3.4647281027711726e-30,0.0029622502995073174,0.16726139134834317,0.0
28.0832,-3.8426633397082077e-56,1.9436843062566777e-31,4.2324668720037525e-05,-1.323465642249153,0.0,1.2397975059066425e-54,2.1440859417035917e-30,0.00222841884943657,0.12392795288472874,0.0
28.1032,-1.7524072804657515e-56,2.1486761391368155e-31,7.321147133838382e-05,-1.3217857983118744,0.0,1.0451280296212281e-54,1.0249591644006904e-30,0.001544340130917315,0.08399219686393423,0.0
28.1231,-7.957079920596418e-58,2.1734994454487102e-31,9.198388502184053e-05,-1.3208057813511442,0.0,8.364182406298936e-55,1.2411653155947315e-31,0.0009386206841728347,0.04900084803650222,0.0
28.1430,1.1798308096912341e-56,2.0617069584557087e-31,0.00010054416218312261,-1.3204094356404694,0.0,6.297008044485991e-55,-5.589624349650082e-31,0.00042801385806410445,0.019817285533737797,0.0
28.1631,2.053592167782659e-56,1.854160175703615e-31,0.00010093172032309682,-1.3204746241099765,0.0,4.3688067904571235e-55,-1.0377339137604687e-30,1.9377906998710513e-05,-0.0032594234753599675,0.0
28.1831,2.585697656284268e-56,1.5872504780973276e-31,9.516648570869167e-05,-1.3208820519064497,0.0,2.6605274425080448e-55,-1.3345484880314361e-30,-0.0002882617307202576,-0.02037138982366201,0.0
28.2032,2.8296349132834187e-56,1.2918331762067725e-31,8.51325706053663e-05,-1.321521713530359,0.0,1.2196862849957533e-55,-1.4770865094527753e-30,-0.0005016957551662682,-0.031983081195469,0.0
28.2232,2.8428097612357764e-56,9.927602092164499e-32,7.24991800415503e-05,-1.322297170827411,0.0,6.587423976178948e-57,-1.4953648349516132e-30,-0.0006316695281908,-0.03877286485259643,0.0
28.2433,2.6821223115258983e-56,7.088898714207209e-32,5.867418631619528e-05,-1.3231279474414968,0.0,-8.034372485493908e-56,-1.4193516889786448e-30,-0.0006912496862677509,-0.04153883070428608,0.0
28.2634,2.4006793855519357e-56,4.534537257886809e-32,4.47849898432073e-05,-1.3239503669465127,0.0,-1.4072146298698127e-55,-1.2771807281601999e-30,-0.000694459823649399,-0.041120975250795874,0.0
28.2834,2.0455564279383478e-56,2.346693930173301e-32,3.168099309787388e-05,-1.3247171734494252,0.0,-1.7756147880679402e-55,-1.0939216638567542e-30,-0.0006551998372666711,-0.038340325145630405,0.0
28.3036,1.6564808240518558e-56,5.6500979857777156e-33,1.995213595300138e-05,-1.3253962618105857,0.0,-1.9453780194324595e-55,-8.908420657977647e-31,-0.000586442857243625,-0.03395441805801881,0.0
28.3226,1.2652852716938757e-56,-8.051538880335416e-33,9.958364937166924e-06,-1.3259688162637622,0.0,-1.9559777617899013e-55,-6.850818433056566e-31,-0.0004996885507917229,-0.028627722658828663,0.0
28.3424,8.95971491123758e-57,-1.784467419710014e-32,1.8655347790610645e-06,-1.3264271170187603,0.0,-1.8465689028505887e-55,-4.896567658382362e-31,-0.00040464150790529293,-0.022915037749906553,0.0
28.3635,5.652278662287442e-57,-2.4118845232847675e-32,-4.3160199262619936e-06,-1.3267722294548248,0.0,-1.653718124475069e-55,-3.1370855178737673e-31,-0.0003090777352661529,-0.01725562180322071,0.0
28.3833,2.8325647558375924e-57,-2.7377342795687467e-32,-8.693224759678567e-06,-1.3270117439055251,0.0,-1.4098569532249249e-55,-1.6292487814198952e-31,-0.00021886024167082872,-0.011975722535012834,0.0
28.4030,5.4782544064994935e-58,-2.817857540007606e-32,-1.1454534899160285e-05,-1.3271576890001602,0.0,-1.1423696575938215e-55,-4.006163021942973e-32,-0.00013806550697408585,-0.0072972547317558395,0.0
28.4231,-1.1985985721797799e-57,-2.708878532936294e-32,-1.2838245409821955e-05,-1.3272247003720683,0.0,-8.732120064148646e-56,5.448950353565589e-32,-6.918552553308353e-05,-0.003350568595407919,0.0
28.4433,-2.43650066747129e-57,-2.4646115656566327e-32,-1.310573356822889e-05,-1.3272284907696168,0.0,-6.18951047645755e-56,1.2213348363983072e-31,-1.3374407920346784e-05,-0.00018951987742261544,0.0
28.4632,-3.218737198891645e-57,-2.1335346462574886e-32,-1.2520005672940359e-05,-1.3271846380125425,0.0,-3.9111826571017757e-56,1.6553845969957202e-31,2.9286394764426582e-05,0.0021926378537118554,0.0
28.4830,-3.612290365523413e-57,-1.7572148779326813e-32,-1.132950941109754e-05,-1.3271076840549256,0.0,-1.9677658331588382e-56,1.8815988416240366e-31,5.9524813092141015e-05,0.0038476978808397993,0.0
28.5031,-3.690717818565834e-57,-1.369542159013115e-32,-9.756866650049572e-06,-1.3270105214343588,0.0,-3.921372652121049e-57,1.938363594597832e-31,7.863213805239837e-05,0.0048581310283351605,0.0
28.5230,-3.5280953392336994e-57,-9.966150902826531e-33,-7.991972580260623e-06,-1.3269040320738137,0.0,8.131123966606715e-57,1.8646353436523085e-31,8.82447034894475e-05,0.005324468027256269,0.0
28.5429,-3.194442759380577e-57,-6.571228833178476e-33,-6.188783673103273e-06,-1.3267969370199175,0.0,1.6682628992656133e-56,1.6974610348240274e-31,9.015944535786749e-05,0.005354752694811691,0.0
28.5630,-2.7525367589279003e-57,-3.630763550951727e-33,-4.465064972349064e-06,-1.3266958133992417,0.0,2.209530002263383e-56,1.4702326411133748e-31,8.618593503771044e-05,0.0050561810337897565,0.0
28.5831,-2.2559550530527188e-57,-1.207568776224561e-33,-2.9043720484424637e-06,-1.3266052357707219,0.0,2.4829085293759074e-56,1.211597387363583e-31,7.803464619533003e-05,0.004528881425995832,0.0
28.6029,-1.7481614704631696e-57,6.82281431394287e-34,-1.5595900326059654e-06,-1.32652800229403,0.0,2.538967912947746e-56,9.44925103809424e-32,6.723910079182492e-05,0.0038616738345909046,0.0
28.6231,-1.2624265952932174e-57,2.0587322012247657e-33,-4.574281187722336e-07,-1.3264654109398109,0.0,2.4286743758497605e-56,6.882253849152394e-32,5.5108095691686584e-05,0.0031295677109616214,0.0
28.6431,-8.223798431981603e-58,2.967546346524139e-33,3.966390037293993e-07,-1.3264175566586993,0.0,2.200233760475286e-56,4.544070726496866e-32,4.270335612508164e-05,0.002392714055582195,0.0
28.6631,-4.430019885349778e-58,3.47110417470722e-33,1.01339100538186e-06,-1.326383626439285,0.0,1.8968892733159125e-56,2.517789140915408e-32,3.0837600082623034e-05,0.0016965109707130146,0.0
28.6831,-1.3188847822549224e-58,3.640506295362098e-33,1.4151515462982939e-06,-1.3138581787747243,0.0,1.5555675515474278e-56,8.4701060327439e-33,2.0088027045821696e-05,0.6262723832280347,0.0
28.7030,1.0935996320015147e-58,3.549127508131531e-33,1.6315628592077217e-06,-1.2919640930263039,0.0,1.2062422071282185e-56,-4.568939361528368e-33,1.0820565645471392e-05,1.094704287421026,0.0
28.7230,2.8373469647737515e-58,3.267645767220713e-33,1.6959775723373293e-06,-1.2630435287149886,0.0,8.718736663861184e-57,-1.407408704554087e-32,3.2207356564803787e-06,1.4460282155657695,0.0
28.7430,3.974916646466504e-58,2.8604757155043575e-33,1.6425299528442953e-06,-1.228853105481502,0.0,5.687848408463763e-57,-2.0358502585817792e-32,-2.6723809746517036e-06,1.709521161674327,0.0
28.7630,4.5895989089480784e-58,2.3834696337868292e-33,1.503892441053862e-06,-1.1907102880563871,0.0,3.0734113124078705e-57,-2.3850304085876418e-32,-6.931875589521664e-06,1.9071408712557454,0.0
28.7830,4.775234671272374e-58,1.8827068944714732e-33,1.3096807607478054e-06,-1.149603174987551,0.0,9.281788116214795e-58,-2.50381369657678e-32,-9.710584015302834e-06,2.055355653441809,0.0
28.8031,4.627947412739254e-58,1.3941724263166677e-33,1.0854411548733945e-06,-1.1062728401859239,0.0,-7.364362926656025e-58,-2.442672340774027e-32,-1.1211980293720542e-05,2.1665167400813568,0.0
28.8230,4.239805124075058e-58,9.441212296215636e-34,8.521349811751827e-07,-1.0612750890847036,0.0,-1.940711443320978e-57,-2.2502559834755205e-32,-1.166530868491059e-05,2.249887555061018,0.0
28.8431,3.694310100132408e-58,5.499355583229417e-34,6.260272520310129e-07,-1.0150267757587883,0.0,-2.727475119713251e-57,-1.9709283564931093e-32,-1.130538645720849e-05,2.312415666295763,0.0
28.8631,3.0635302261674754e-58,2.213001713495988e-34,4.188848200510248e-07,-0.9678405407643519,0.0,-3.153899369824661e-57,-1.6431769348667145e-32,-1.0357121598999407e-05,2.3593117497218223,0.0
28.8830,2.406633507123728e-58,-3.845437916138434e-35,2.3839490686297222e-07,-0.9199508645185246,0.0,-3.284483595218738e-57,-1.2987727525549156e-32,-9.02449565940263e-06,2.3944838122913668,0.0
28.9030,1.7695629574134935e-58,-2.3096302929493864e-34,8.872377756015443e-08,-0.8715336073341541,0.0,-3.185352748551172e-57,-9.625432506677714e-33,-7.483556465140889e-06,2.4208628592185253,0.0
28.9230,1.185586267686008e-58,-3.61486735137408e-34,-2.885299607056818e-08,-0.8227221549512976,0.0,-2.919883448637427e-57,-6.52618529212347e-33,-5.878838681536131e-06,2.4405726191428205,0.0
28.9430,6.764685743292335e-59,-4.3769031041101555e-34,-1.1530439652937605e-07,-0.7765437433125482,0.0,-2.5455884667838726e-57,-3.810178763680378e-33,-4.3225700229403936e-06,2.3089205819374725,0.0
28.9631,2.5404218985189863e-59,-4.685815732415603e-34,-1.732246830817194e-07,-0.7351108169302039,0.0,-2.1121319223866744e-57,-1.544563141527237e-33,-2.896014327617167e-06,2.071646319117213,0.0
28.9829,-7.802012989721645e-60,-4.6363512596997525e-34,-2.0627141701107372e-07,-0.6997229800731042,0.0,-1.6603115987455754e-57,2.473223635792529e-34,-1.6523366964677172e-06,1.7693918428549855,0.0
29.0030,-3.223856619152198e-59,-4.321071829580879e-34,-2.1868018243742507e-07,-0.6709922305713638,0.0,-1.2218276600900167e-57,1.5763971505943654e-33,-6.204382713175667e-07,1.436537475087016,0.0
29.0233,-4.863166712138091e-59,-3.8253479472168716e-34,-2.1486594556094307e-07,-0.6489781415562474,0.0,-8.196550464929465e-58,2.478619411820038e-33,1.9071184382410017e-07,1.1007044507558175,0.0
29.0430,-5.800859279149225e-59,-3.2240341586108536e-34,-1.9911331116992498e-07,-0.633322393247006,0.0,-4.688462835055672e-58,3.0065689430300902e-33,7.876317195509044e-07,0.7827874154620696,0.0
29.0629,-6.156077147658622e-59,-2.5796067676396887e-34,-1.7535203670646592e-07,-0.6233747453657253,0.0,-1.7760893425469866e-58,3.222136954855824e-33,1.1880637231729532e-06,0.4973823940640345,0.0
29.0830,-6.053125920181153e-59,-1.941509818352934e-34,-1.4700995865648367e-07,-0.618305031678292,0.0,5.147561373873468e-59,3.1904847464337745e-33,1.4171039024991126e-06,0.25348568437166613,0.0
29.1031,-5.612724944362181e-59,-1.3464465172866918e-34,-1.1693280259960795e-07,-0.6171979514574902,0.0,2.202004879094856e-58,2.975316505331211e-33,1.5038578028437856e-06,0.055354011040089746,0.0
29.1231,-4.945660715836222e-59,-8.193622504498086e-35,-8.73589674009747e-08,-0.6191292711499102,0.0,3.335321142629796e-58,2.6354213341844156e-33,1.4786917599316632e-06,-0.09656598462099777,0.0
29.1430,-4.148622901491579e-59,-3.748873152951577e-35,-5.993705295794126e-08,-0.6232235115957013,0.0,3.985189071723214e-58,2.2223746757732542e-33,1.3710957221516714e-06,-0.20471202228955343,0.0
29.1629,-3.3019271666436025e-59,-1.903787501146014e-36,-3.5774393948189714e-08,-0.6286942881797732,0.0,4.233478674239884e-58,1.779247201418488e-33,1.2081329504875774e-06,-0.27353882920359684,0.0
29.1830,-2.468789735509004e-59,2.489914777020007e-35,-1.550593605398467e-08,-0.6348692202725115,0.0,4.1656871556729934e-58,1.340146763567304e-33,1.013422894710252e-06,-0.3087466046369137,0.0
29.2030,-1.6958092780275148e-59,4.3507400357497625e-35,6.257635299081916e-10,-0.6412017730711852,0.0,3.864902287407446e-58,9.304126293648778e-34,8.065849791946431e-07,-0.3166276399336867,0.0
29.2230,-1.014325378234747e-59,5.485314577652093e-35,1.2686992406033347e-08,-0.6472725882313901,0.0,3.407419498963839e-58,5.672872709511655e-34,6.030614438062577e-07,-0.3035407580102452,0.0
29.2430,-4.4235293069608616e-60,6.007126609419716e-35,2.0971694518765215e-08,-0.6527828512531311,0.0,2.8598622376933036e-58,2.6090601588381137e-34,4.142351056365933e-07,-0.2755131510870494,0.0
29.2633,1.316758079967456e-61,6.038058036680249e-35,2.59269194321882e-08,-0.6575420843897196,0.0,2.2776025574788037e-58,1.546571363026703e-35,2.477612456711493e-07,-0.2379616568294296,0.0
29.2833,3.5401790957351465e-60,5.698973124924835e-35,2.8087722951324147e-08,-0.6614524911242486,0.0,1.7042516438692004e-58,-1.6954245587770722e-34,1.0804017595679739e-07,-0.19552033672644914,0.0
29.3030,5.884145815794838e-60,5.102721053612785e-35,2.8023062213596658e-08,-0.6644916536531612,0.0,1.171983360029846e-58,-2.9812603565602547e-34,-3.2330368863744097e-09,-0.15195812644562673,0.0
29.3234,7.289072106891917e-60,4.349368736911979e-35,2.6293182927485243e-08,-0.6666950332761267,0.0,7.024631455485394e-59,-3.766761583504026e-34,-8.649396430557078e-08,-0.11016898114827221,0.0
29.3424,7.905422498801211e-60,3.523392375171656e-35,2.3418182487252566e-08,-0.6681393729422539,0.0,3.0817519595464705e-59,-4.129881808701613e-34,-1.437500220116338e-07,-0.07221698330635994,0.0
29.3631,7.893359942805109e-60,2.692506561356115e-35,1.9856841207842906e-08,-0.6689277722607848,0.0,-6.0312779980510265e-61,-4.154429069077707e-34,-1.7806706397048307e-07,-0.03941996592654405,0.0
29.3831,7.410711429239726e-60,1.907791807313092e-35,1.5994424775815086e-08,-0.6691769123595066,0.0,-2.413242567826915e-59,-3.9235737702151145e-34,-1.9312082160139102e-07,-0.012457004936089384,0.0
29.4031,6.604082358311306e-60,1.204788233342039e-35,1.2137946965245314e-08,-0.6690066596374482,0.0,-4.033145354642104e-59,-3.5150178698552633e-34,-1.9282389052848853e-07,0.008512636102916984,0.0
29.4231,5.602865613616312e-60,6.052482588632272e-36,8.517311789403267e-09,-0.6685320774631283,0.0,-5.006083723474971e-59,-2.997699872394059e-34,-1.8103175879210233e-07,0.023729108715996577,0.0
29.4430,4.515781118278088e-60,1.1927838247232474e-36,5.2907967001575355e-09,-0.6678577231300713,0.0,-5.4354224766911215e-59,-2.4298493819545125e-34,-1.6132575446228655e-07,0.033717716652846424,0.0
29.4632,3.4295208796777347e-60,-2.5235572776919163e-36,2.553462581213785e-09,-0.667074000937945,0.0,-5.431301193001767e-59,-1.8581705512075818e-34,-1.3686670594718752e-07,0.039186109606312934,0.0
29.4829,2.4090544479468053e-60,-5.159399667841774e-36,3.472542371331449e-10,-0.6662552761830444,0.0,-5.102332158654646e-59,-1.3179211950749288e-34,-1.1031041720403199e-07,0.04093623774503391,0.0
29.5030,1.4991613572718e-60,-6.826717480383661e-36,-1.3282372751553235e-09,-0.665459422991357,0.0,-4.549465453375026e-59,-8.336589062709434e-35,-8.377457561442342e-08,0.03979265958437274,0.0
29.5229,7.26791857829238e-61,-7.667602790967056e-36,-2.5051616728623558e-09,-0.6647284746635806,0.0,-3.8618474972128096e-59,-4.204426552916977e-35,-5.8846219885351596e-08,0.03654741638881466,0.0
29.5430,1.039072217775622e-61,-7.838210606446579e-36,-3.2375452707708886e-09,-0.6640900618834044,0.0,-3.1144231802583787e-59,-8.530390773976155e-36,-3.661917989542663e-08,0.031920639008817156,0.0
29.5631,-3.6949068856784836e-61,-7.495873831669427e-36,-3.5925802529560347e-09,-0.6635593555307385,0.0,-2.3669895517270528e-59,1.711683873885762e-35,-1.775174910925731e-08,0.026535317633290156,0.0
29.5830,-7.023696800128354e-61,-6.789368820686397e-36,-3.6433016744175322e-09,-0.6631412713798656,0.0,-1.664394957224935e-59,3.5325250549151496e-35,-2.536071073074879e-09,0.020904207543647406,0.0
29.6032,-9.098867427958055e-61,-5.852127933207941e-36,-3.4627446400486034e-09,-0.6628327389293897,0.0,-1.0375853139148507e-59,4.686204437392281e-35,9.027851718446438e-09,0.015426622523796446,0.0
29.6229,-1.0109313353152847e-60,-4.7980695916066224e-36,-3.1195621858689905e-09,-0.66262488220124,0.0,-5.052229625973964e-60,5.270291708006593e-35,1.715912270898064e-08,0.010392836407480507,0.0
29.6432,-1.0260588995859771e-60,-3.719641659909236e-36,-2.6750016140821416e-09,-0.6625050036685242,0.0,-7.563782135346187e-61,5.392139658486932e-35,2.222802858934245e-08,0.005993926635794744,0.0
29.6632,-9.758410388138377e-61,-2.687642211541642e-36,-2.1810810883970764e-09,-0.6624583014943465,0.0,2.5108930386069676e-60,5.15999724183797e-35,2.4696026284253265e-08,0.0023351087088827552,0.0
29.6832,-8.796271809059029e-61,-1.752384092573448e-36,-1.6797758288294528e-09,-0.6624692837195232,0.0,4.810692895396739e-60,4.67629059484097e-35,2.506526297838118e-08,-0.0005491112588342823,0.0
29.7031,-7.546891566205976e-61,-9.457974577928956e-37,-1.2030103344239679e-09,-0.662522870310705,0.0,6.246901214265263e-60,4.032933173902762e-35,2.383827472027424e-08,-0.0026793295590919505,0.0
29.7228,-6.1570428900938274e-61,-2.841096342399075e-37,-7.732555935544162e-10,-0.6626051949809197,0.0,6.949243380560741e-60,3.30843911776494e-35,2.1487737043477585e-08,-0.004116233510739741,0.0
29.7432,-4.745233809604087e-61,2.2920281147922795e-37,-4.0454420228898745e-10,-0.6627041337301963,0.0,7.059045402448703e-60,2.5665622285956774e-35,1.8435569563271436e-08,-0.004946937463831366,0.0
29.7631,-3.401662970660536e-61,6.004349770798259e-37,-1.037380067025767e-10,-0.6628095967138127,0.0,6.717854194717753e-60,1.8561608280029897e-35,1.5040309779320538e-08,-0.0052731491808203496,0.0
29.7832,-2.189885063213241e-61,8.428330026554847e-37,1.2809092038938598e-10,-0.662913625094167,0.0,6.058889537236476e-60,1.2119901278782946e-35,1.1591446354598133e-08,-0.005201419017713021,0.0
29.8032,-1.149658528834975e-61,9.740615416778999e-37,2.942771604849948e-10,-0.6630103358192534,0.0,5.201132671891329e-60,6.561426951120755e-36,8.309312004780443e-09,-0.004835536254319679,0.0
29.8229,-3.0050911632117717e-62,1.0140392534440372e-36,4.0126021092760176e-10,-0.6630957556593837,0.0,4.245747062568989e-60,1.9988855883068667e-36,5.349152522130347e-09,-0.004270992006515367,0.0
29.8432,3.543834900434419e-62,9.83180182061998e-37,4.5742188610390084e-10,-0.6631675821453892,0.0,3.274463031823095e-60,-1.542953569101962e-36,2.8080837588149553e-09,-0.003591324300271144,0.0
29.8630,8.242899354142998e-62,9.010450676017487e-37,4.720978293198911e-10,-0.6632249040266406,0.0,2.3495322268542888e-60,-4.1067557230124655e-36,7.337971607995142e-10,-0.0028660940625716107,0.0
29.8830,1.1272623733175851e-61,7.853810277004569e-37,4.5477891697269034e-10,-0.6632679081414514,0.0,1.5148621895164266e-60,-5.783201995064596e-36,-8.659456173600376e-10,-0.0021502057405427483,0.0
29.9031,1.286855959345994e-61,6.515101361124606e-37,4.1450299769392834e-10,-0.6632975936845432,0.0,7.979679301420444e-61,-6.693544579399817e-36,-2.0137959639380994e-09,-0.0014842771545885796,0.0
29.9230,1.329339791306541e-61,5.1201635925471565e-37,3.5942587837322113e-10,-0.6633155091662601,0.0,2.124191598027351e-61,-6.974688842887245e-36,-2.7538559660353596e-09,-0.0008957740858475671,0.0
29.9431,1.2814422777985587e-61,3.7667504505612404e-37,2.965524861802975e-10,-0.6633235221730429,0.0,-2.3948756753991104e-61,-6.76706570992958e-36,-3.143669609646183e-09,-0.0004006503391410371,0.0
29.9633,1.1686326059996585e-61,2.525685567038129e-37,2.316042928647869e-10,-0.6633236275432182,0.0,-5.640483589945009e-61,-6.205324417615557e-36,-3.2474096657755295e-09,-5.268508762829721e-06,0.0
29.9830,1.0139073957905039e-61,1.4433457703735076e-37,1.6899689030626676e-10,-0.6633177958637272,0.0,-7.736260510457732e-61,-5.411698983323107e-36,-3.1303701279260078e-09,0.00029158397454658123,0.0
30.0032,8.370290443862077e-62,5.449901766526312e-38,1.1190152496900064e-10,-0.6633078612977561,0.0,-8.843917570214812e-61,-4.491777968604382e-36,-2.8547682668633063e-09,0.0004967282985557139,0.0
30.0232,6.54148538169813e-62,-1.6147592923718402e-38,6.2365909467911e-11,-0.6632954456408832,0.0,-9.144025310819732e-61,-3.532330529449076e-36,-2.4767807750544815e-09,0.0006207828436492857,0.0
30.0431,4.777392462173283e-62,-6.816369529003144e-38,2.1472243274019107e-11,-0.6632819141052462,0.0,-8.820464597624238e-61,-2.600805118315652e-36,-2.0446833096945942e-09,0.0006765767818506663,0.0
30.0633,3.16767922479925e-62,-1.0308595034736434e-37,-1.0486340967840951e-11,-0.6632683575526743,0.0,-8.048566186870163e-61,-1.746112752866645e-36,-1.597929212093003e-09,0.0006778276285907309,0.0
30.0832,1.7703335432807705e-62,-1.2309248461952215e-37,-3.3826098691165544e-11,-0.6632555956305557,0.0,-6.986728407592398e-61,-1.0003267136078907e-36,-1.1669878861662294e-09,0.0006380961059302375,0.0
30.1032,6.161042695450645e-63,-1.3071183624646917e-37,-4.930135106218905e-11,-0.6632441953966041,0.0,-5.7711463686785295e-61,-3.809675813473515e-37,-7.737626185511755e-10,0.0005700116975789729,0.0
30.1231,-2.865339419294188e-63,-1.285836397918913e-37,-5.794970927672534e-11,-0.6632345004428148,0.0,-4.513191057372417e-61,1.0640982272889395e-37,-4.324179107268145e-10,0.0004847476894606328,0.0
30.1432,-9.463205640195162e-63,-1.1927247406344441e-37,-6.095899538102403e-11,-0.6632266661463747,0.0,-3.298933110450487e-61,4.655582864223443e-37,-1.5046430521493483e-10,0.00039171482200422124,0.0
30.1630,-1.3843812967459182e-62,-1.0513275132330258e-37,-5.955842023638661e-11,-0.6632206974007329,0.0,-2.1903036636320102e-61,7.069861370070915e-37,7.002875723187097e-11,0.0002984372820915089,0.0
30.1830,-1.6298639684859646e-62,-8.821999418879806e-38,-5.493448366372535e-11,-0.6507162208415015,0.0,-1.2274133587002322e-61,8.456378567252264e-37,2.3119682863306308e-10,0.6252238279615687,0.0
30.2032,-1.7161841341818415e-62,-7.024222668659177e-38,-4.817046221440588e-11,-0.6288378634220779,0.0,-4.3160082847938475e-62,8.98888375110314e-37,3.3820107246597336e-10,1.0939178709711765,0.0
30.2232,-1.6779532104028387e-62,-5.254436745874156e-38,-4.020721839455193e-11,-0.5999290953575103,0.0,1.9115461889501392e-62,8.848929613925109e-37,3.981621909926977e-10,1.4454384032283825,0.0
30.2434,-1.5486028249444163e-62,-3.61183109903294e-38,-3.182235242598835e-11,-0.5657475193090845,0.0,6.467519272921121e-62,8.21302823420608e-37,4.1924329842817905e-10,1.7090788024212868,0.0
30.2631,-1.3586738663539345e-62,-2.1631669979600516e-38,-2.362436180400636e-11,-0.5276113372727652,0.0,9.49644792952409e-62,7.243320505364441e-37,4.0989953109909936e-10,1.9068091018159652,0.0
30.2832,-1.134706715429837e-62,-9.468789022777821e-39,-1.6058407129279488e-11,-0.4865092007455257,0.0,1.119835754620487e-61,6.081440478411347e-37,3.782977337363436e-10,2.055106826361974,0.0
30.3031,-8.986489493109739e-63,2.214990362058688e-40,-9.420436695477566e-12,-0.4431825983500961,0.0,1.1802888305943164e-61,4.8451440294918446e-37,3.3189852169009614e-10,2.16633011977148,0.0
30.3233,-6.67686687763168e-63,7.475925138271284e-39,-3.87673266839747e-12,-0.3981876465535239,0.0,1.1548113077390295e-61,3.6272130510327074e-37,2.771852013540048e-10,2.24974758982861,0.0
30.3420,-4.544037903365235e-63,1.2468189206524066e-38,5.136493120164503e-13,-0.35194143270609474,0.0,1.0664144871332225e-61,2.496132034126392e-37,2.19519099020696e-10,2.3123106923714576,0.0
30.3629,-2.671773898463487e-63,1.546429590532221e-38,3.775616838605903e-12,-0.3047567723205229,0.0,9.36132002450874e-62,1.4980533493990719e-37,1.6309837632947263e-10,2.359233019278593,0.0
30.3824,-1.1072694608793664e-63,1.6783518175101486e-38,5.995555473231638e-12,-0.256868277031344,0.0,7.822522187920601e-62,6.596111348896376e-38,1.1099693173128676e-10,2.394424764458945,0.0
30.4032,1.3254503496148583e-64,1.6765923786929853e-38,7.300776120807042e-12,-0.20845190556445983,0.0,6.199072479204261e-62,-8.797194085816424e-40,6.526103237877016e-11,2.4208185733442087,0.0
30.4233,1.0544532047444359e-63,1.5746772568585337e-38,7.841645039240172e-12,-0.1596396269642967,0.0,4.60954084891475e-62,-5.09575609172258e-38,2.7043445921656487e-11,2.4406139300081566,0.0
30.4431,1.6826171397969822e-63,1.403760280071183e-38,7.77679802571061e-12,-0.11345204039631655,0.0,3.1408196752627317e-62,-8.545848839367536e-38,-3.242350676478153e-12,2.3093793283990074,0.0
30.4631,2.052783062698573e-63,1.191346930676399e-38,7.261554884020801e-12,-0.07200422804655246,0.0,1.850829614507954e-62,-1.06206674697392e-37,-2.5762157084490446e-11,2.072390617488205,0.0
30.4832,2.2072405211128517e-63,9.605561027897271e-39,6.439429234712196e-12,-0.036598115101436235,0.0,7.722872920713937e-63,-1.1539541394333598e-37,-4.110628246543023e-11,1.7703056472558112,0.0
30.5031,2.1906491836567898e-63,7.298296157073396e-39,5.436469243648011e-12,-0.007847643486512894,0.0,-8.29566872803102e-64,-1.153632435411938e-37,-5.014799955320926e-11,1.437523580746167,0.0
30.5231,2.0467667295453358e-63,5.129949734531085e-39,4.358061095730991e-12,0.014186068833870386,0.0,-7.194122705572696e-63,-1.0841732112711554e-37,-5.392040739585098e-11,1.101685616019164,0.0
30.5431,1.816048885189025e-63,3.1958929335524865e-39,3.2877713190493663e-12,0.02986018894412562,0.0,-1.153589221781553e-62,-9.670284004892991e-38,-5.351448883408121e-11,0.7837060055127618,0.0
30.5632,1.5340475688104506e-63,1.5535967568053887e-39,2.2877877073951863e-12,0.03982416769016951,0.0,-1.4100065818928723e-62,-8.211480883735489e-38,-4.9999180582709005e-11,0.4981989373021945,0.0
30.5830,1.2305037273978928e-63,2.2865881883674218e-40,1.40053273621084e-12,0.04490770168829226,0.0,-1.5177192070627895e-62,-6.624689689843233e-38,-4.4362748559217313e-11,0.25417669990613734,0.0
30.6030,9.290156226946008e-64,-7.787641637699473e-40,6.510595436499299e-13,0.04602589008558678,0.0,-1.50744052351646e-62,-5.037114913033447e-38,-3.747365962804551e-11,0.05590941986472622,0.0
30.6229,6.471586068054558e-64,-1.4876055508987673e-39,4.989107661025147e-14,0.04410297797842247,0.0,-1.4092850794457251e-62,-3.544206935644101e-38,-3.005842335198392e-11,-0.09614560535821567,0.0
30.6431,3.969363284802697e-64,-1.9299802581914565e-39,-4.039787382661224e-13,0.04001461521934389,0.0,-1.2511113916259305e-62,-2.2118735364634453e-38,-2.2693490743818694e-11,-0.20441813795392916,0.0
30.6630,1.85453440027564e-64,-2.145962473169486e-39,-7.201423751274355e-13,0.03454746623687432,0.0,-1.0574144422635287e-62,-1.079911074890147e-38,-1.5808181843065652e-11,-0.27335744912347854,0.0
30.6830,1.5714067286380835e-65,-2.179191386012839e-39,-9.140565602657741e-13,0.02837425652580968,0.0,-8.486968637059157e-63,-1.6614456421676442e-39,-9.695709256916932e-12,-0.30866048555323183,0.0
30.7030,-1.1253330630668938e-64,-2.0733615874845833e-39,-1.0046488055035817e-12,0.022041893850962623,0.0,-6.412368679653511e-63,5.291489926412783e-39,-4.5296122618903766e-12,-0.3166181337423529,0.0
30.7230,-2.0196683812309066e-64,-1.8695875433393167e-39,-1.0123140611017223e-12,0.01597010821376957,0.0,-4.471676590820065e-63,1.0188702207263337e-38,-3.8326277990703745e-13,-0.30358928185965256,0.0
30.7430,-2.569239766980062e-64,-1.6045817576300075e-39,-9.573241591342245e-13,0.01045806249304861,0.0,-2.747856928745777e-63,1.3250289285465453e-38,2.749495098374889e-12,-0.27560228603604814,0.0
30.7631,-2.8272639202731247e-64,-1.3095525128902253e-39,-8.586422831105477e-13,0.0056965444529249705,0.0,-1.2901207664653143e-63,1.4751462236989112e-38,4.93409380118384e-12,-0.23807590200618195,0.0
30.7831,-2.8511462000265342e-64,-1.0097074285619752e-39,-7.331123391061572e-13,0.001783613255656743,0.0,-1.1941139876704822e-64,1.499225421641251e-38,6.276497200219523e-12,-0.19564655986341137,0.0
30.8030,-2.6979891378399993e-64,-7.2424116960206905e-40,-5.949781407564949e-13,-0.0012581019376338319,0.0,7.65785310932674e-64,1.4273312947995308e-38,6.906709917483114e-12,-0.15208575966452875,0.0
30.8231,-2.4212419929296983e-64,-4.666870052060153e-40,-4.556788035488584e-13,-0.0034639022163437333,0.0,1.3837357245515053e-63,1.2877708219802689e-38,6.96496686038182e-12,-0.11029001393549506,0.0
30.8430,-2.0684071146711906e-64,-2.45520161596614e-40,-3.238635724301996e-13,-0.0049104182923955355,0.0,1.7641743912925385e-63,1.1058342180470062e-38,6.59076155593294e-12,-0.0723258038025901,0.0
30.8631,-1.6796765290970384e-64,-6.491381919376626e-41,-2.0557033474539351e-13,-0.005700680251890655,0.0,1.943652927870761e-63,9.030317120142388e-39,5.914661884240304e-12,-0.03951309797475597,0.0
30.8831,-1.2873479981706019e-64,7.443576675999553e-41,-1.0451618639706535e-13,-0.005951335906398555,0.0,1.9616426546321824e-63,6.96747929768809e-39,5.0527074174164085e-12,-0.01253278272539501,0.0
30.9031,-9.158607200855385e-65,1.7448181021971713e-40,-2.24546039519953e-14,-0.005782247492895566,0.0,1.8574363904253175e-63,5.00230217298608e-39,4.103079122253502e-12,0.008454420675149406,0.0
30.9232,-5.822936183166086e-65,2.390474342013253e-40,4.043885911892695e-14,-0.005308496333194591,0.0,1.6678355088446497e-63,3.2282811990804086e-39,3.1446731535461124e-12,0.023687557985048756,0.0
30.9430,-2.9718067489091463e-65,2.731288061354519e-40,8.518262487498301e-14,-0.004634673183427185,0.0,1.4255647171284697e-63,1.7040685967063304e-39,2.2371882878028033e-12,0.03369115748837034,0.0
30.9631,-6.55151268281893e-66,2.8230210671791976e-40,1.1362949169952608e-13,-0.0038512254300959985,0.0,1.1583277403136267e-63,4.586650291233921e-40,1.4223433412271535e-12,0.039172387666559304,0.0
30.9831,1.1216494182854605e-65,2.7224395575169545e-40,1.281468723159618e-13,-0.003032566089291849,0.0,8.884003432836768e-64,-5.029075483112153e-40,7.258690308217869e-13,0.04093296704020748,0.0
31.0031,2.3869509681138483e-65,2.483657051819255e-40,1.3134609543933092e-13,-0.002236617618331226,0.0,6.326507749141937e-64,-1.1939125284884979e-39,1.5996115616845477e-13,0.039797423548031154,0.0
31.0231,3.192710072398308e-65,2.155550749436825e-40,1.2586474705549788e-13,-0.001505459208010885,0.0,4.0287955214222985e-64,-1.64053151191215e-39,-2.740674191916517e-13,0.03655792051601704,0.0
31.0429,3.6054667962677545e-65,1.780137977683793e-40,1.1420185094429323e-13,-0.0008667628477899762,0.0,2.0637836193472314e-64,-1.8770638587651598e-39,-5.831448055602324e-13,0.03193481801104544,0.0
31.0630,3.698706331393774e-65,1.3917701202079915e-40,9.860256780423215e-14,-0.00033573480675689606,0.0,4.661976756300972e-65,-1.941839287379008e-39,-7.79964157003054e-13,0.02655140205165401,0.0
31.0830,3.546713602854662e-65,1.0169880198886608e-40,8.098695138093242e-14,8.268031242332789e-05,0.0,-7.599636426955593e-65,-1.8739105015966534e-39,-8.807808211649869e-13,0.020920755959011196,0.0
31.1030,3.219916240279048e-65,6.748821634558431e-41,6.291602198060167e-14,0.00039153083306309617,0.0,-1.6339868128780682e-64,-1.7105292821640882e-39,-9.035464700165374e-13,0.015442526031988413,0.0
31.1231,2.781623243930595e-65,3.778098413238793e-41,4.55878636115175e-14,0.0005996768735591366,0.0,-2.1914649817422654e-64,-1.485361610659819e-39,-8.664079184542081e-13,0.010407302024802022,0.0
31.1430,2.286006102033419e-65,1.3233700924547368e-41,2.9856473018013326e-14,0.0007198057915176188,0.0,-2.4780857094858776e-64,-1.227364160392028e-39,-7.865695296752085e-13,0.006006445897924107,0.0
31.1630,1.7771328794885324e-65,-5.970783536805893e-42,1.6266541691804395e-14,0.0007667141324954233,0.0,-2.544366112724434e-64,-9.602242230676631e-40,-6.794965663104464e-13,0.0023454170488902233,0.0
31.1833,1.2888499898105555e-65,-2.0015899870612487e-41,5.098100695639437e-15,0.0007558925402790513,0.0,-2.4414144483898852e-64,-7.0225581669032966e-40,-5.584220498082479e-13,-0.0005410796108186022,0.0
31.2033,8.453068231634393e-66,-2.934878312873068e-41,-3.584116093222648e-15,0.0007024227937000292,0.0,-2.2177158332355807e-64,-4.6664416290590976e-40,-4.3411083944310424e-13,-0.0026734873289511055,0.0
31.2231,4.619310387882958e-66,-3.4587518584595485e-41,-9.880731719275853e-15,0.0006201751161437608,0.0,-1.9168789218757173e-64,-2.6193677279324027e-40,-3.1483078130266024e-13,-0.004112383877813416,0.0
31.2430,1.4668333817964047e-66,-3.644131906141836e-41,-1.4010349535659206e-14,0.0005212788510079338,0.0,-1.5762385030432766e-64,-9.269002384114373e-41,-2.0648089081916763e-13,-0.004944813256791344,0.0
31.2626,-9.855343756762945e-67,-3.5645190275350415e-41,-1.626694192580717e-14,0.00041582992109558765,0.0,-1.2261838787363496e-64,3.9806439303397286e-41,-1.128296195073981e-13,-0.005272446495617309,0.0
31.2831,-2.7656781312402413e-66,-3.290938226927843e-41,-1.6983369702869712e-14,0.00031179342839559275,0.0,-8.900718777819734e-65,1.367904003035992e-40,-3.5821388853127063e-14,-0.0052018246349997445,0.0
31.3031,-3.934845260038787e-66,-2.8882963328567736e-41,-1.6501688353494436e-14,0.000215058453166861,0.0,-5.845835643992728e-65,2.0132094703553472e-40,2.4084067468763834e-14,-0.004836748761436587,0.0
31.3232,-4.575629891035369e-66,-2.413017132332065e-41,-1.515032604025331e-14,0.00012960371455530056,0.0,-3.20392315498291e-65,2.3763960026235424e-40,6.756811566205619e-14,-0.004272736930578023,0.0
31.3423,-4.781680570820684e-66,-1.9117767039986098e-41,-1.322778474290727e-14,5.773643772331219e-05,0.0,-1.0302533989265717e-65,2.5062021416672765e-40,9.612706486730208e-14,-0.0035933638415994187,0.0
31.3629,-4.649317746410429e-66,-1.4211397805086017e-41,-1.0992211685323303e-14,3.717938359221751e-07,0.0,6.618141220512766e-66,2.4531846174500403e-40,1.1177865287919837e-13,-0.0028682321943695006,0.0
31.3828,-4.2710865633181113e-66,-9.678937010605795e-42,-8.65599919101593e-15,-4.2673996709775663e-05,0.0,1.8911559154615862e-65,2.266230397240111e-40,1.1681062471536868e-13,-0.002152289527284892,0.0
31.4029,-3.7311479821997866e-66,-5.6988551941092805e-42,-6.384479868824444e-15,-7.23978998164625e-05,0.0,2.699692905591623e-65,1.990040908248257e-40,1.135759661095743e-13,-0.0014861951553343418,0.0
31.4231,-3.102325167429056e-66,-2.3718625200903382e-42,-4.297771585051363e-15,-9.034695315748989e-05,0.0,3.144114073853653e-65,1.6634963370094711e-40,1.0433541418865406e-13,-0.0008974526670513689,0.0
31.4431,-2.444568546305265e-66,2.6569373662928873e-43,-2.47487407711847e-15,-9.838792597381102e-05,0.0,3.2887831056189565e-65,1.3187781283598134e-40,9.114487539664463e-14,-0.000402048640816057,0.0
31.4630,-1.8045769676841055e-66,2.2279193049712517e-42,-9.592085015416925e-16,-9.851538002762321e-05,0.0,3.199957893105797e-65,9.811127841709814e-41,7.578327877883888e-14,-6.3727026906096784e-06,0.0
31.4830,-1.2163086656571896e-66,3.565913322929449e-42,2.3509319023339244e-16,-9.270004776632496e-05,0.0,2.9413415101345793e-65,6.689970089790985e-41,5.971508458875424e-14,0.00029076661306491234,0.0
31.5030,-7.021289191975713e-67,4.35545403702233e-42,1.1167138676507025e-15,-8.277654570437177e-05,0.0,2.5708987322980913e-65,3.947703570464404e-41,4.4081033870865505e-14,0.0004961751030976592,0.0
31.5230,-2.743663742010033e-67,4.686282330370651e-42,1.7109265436546429e-15,-7.036732641564458e-05,0.0,2.13881272498284e-65,1.6541414667416043e-41,2.9710633800197026e-14,0.0006204609644363596,0.0
31.5430,6.291751699848285e-68,4.653226610559652e-42,2.0539304580383196e-15,-5.683837236416051e-05,0.0,1.6864194559974307e-65,-1.6527859905499224e-42,1.7150195719183842e-14,0.0006764477025742035,0.0
31.5632,3.121053843781885e-67,4.3492412240678244e-42,2.187947566343778e-15,-4.328135448369783e-05,0.0,1.2459393368985281e-65,-1.5199269324591398e-41,6.700855415272923e-15,0.0006778508940231342,0.0
31.5834,4.8026996185027646e-67,3.860297710754884e-42,2.1571835435922452e-15,-3.0516709804328944e-05,0.0,8.408228873604396e-66,-2.4447175665647024e-41,-1.5382011375766424e-15,0.0006382322339684441,0.0
31.6031,5.775771972433258e-67,3.261972213124885e-42,2.004679513913061e-15,-1.9112223706542544e-05,0.0,4.865361769652468e-66,-2.991627488149992e-41,-7.625201483959218e-15,0.0005702243048893199,0.0
31.6229,6.159029919535133e-67,2.617509757114893e-42,1.770020720818889e-15,-9.412125710810192e-06,0.0,1.9162897355093734e-66,-3.22231228004996e-41,-1.1732939654708597e-14,0.00048500489978661754,0.0
31.6430,6.076931584689431e-67,1.9771123296805054e-42,1.4878253827491268e-15,-1.572324671362318e-06,0.0,-4.104916742285098e-67,-3.201987137171938e-41,-1.4109766903488116e-14,0.0003919900519723937,0.0
31.6630,5.650741938473789e-67,1.3781875193238845e-42,1.1869093562318575e-15,4.4018655885053266e-06,0.0,-2.1309482310782116e-66,-2.994624051783105e-41,-1.5045801325863466e-14,0.00029870951299338223,0.0
31.6831,4.99205518750363e-67,8.463026603969858e-43,8.900077749699941e-16,0.012508882508283404,0.0,-3.2934337548507957e-66,-2.659424294634494e-41,-1.484507906309317e-14,0.625224032134745,0.0
31.7031,4.198516813025793e-67,3.966108565779925e-43,6.139311225253969e-16,0.03438724299030459,0.0,-3.967691872389186e-66,-2.2484590190949665e-41,-1.380383262222986e-14,1.0939180241010589,0.0
31.7230,3.351452023385867e-67,3.5545352319067885e-44,3.7003776584042515e-16,0.06329601335182047,0.0,-4.2353239481996273e-66,-1.8053275212946227e-41,-1.2194667834248586e-14,1.445438518075794,0.0
31.7428,2.515066309752771e-67,-2.373864970142696e-43,1.6491548237627084e-16,0.09747759112295738,0.0,-4.1819285681654803e-66,-1.3646592466666874e-41,-1.0256114173207714e-14,1.7090788885568455,0.0
31.7630,1.7368730459427828e-67,-4.278421941934165e-43,1.1788408355788881e-18,0.13561377445131007,0.0,-3.890966319049941e-66,-9.522784858957347e-42,-8.186832077034598e-15,1.906809166417634,0.0
31.7831,1.0490157153287246e-67,-5.450134354261717e-43,-1.216943707700748e-16,0.17671591194757458,0.0,-3.4392866530702906e-66,-5.858562061637761e-42,-6.143660580282685e-15,2.0551068748132257,0.0
31.8031,4.7018177444845755e-68,-6.001910602251678e-43,-2.0654761722811062e-16,0.22004251506977296,0.0,-2.894169704401335e-66,-2.758881239949806e-42,-4.24266232290179e-15,2.166330156109919,0.0
31.8230,7.84541232134981e-70,-6.055628152109048e-43,-2.5779469503795085e-16,0.26503746741142176,0.0,-2.3116818106355388e-66,-2.6858774928685114e-43,-2.5623538904920106e-15,2.2497476170824395,0.0
31.8432,-3.39377584013262e-68,-5.732578625375533e-43,-2.8076232169305394e-16,0.31128368166765835,0.0,-1.736114981673059e-66,1.6152476336675762e-42,-1.1483813327551554e-15,2.3123107128118296,0.0
31.8633,-5.794321762234251e-68,-5.146336762802865e-43,-2.8114230238279805e-16,0.3584683423598358,0.0,-1.2002729610508156e-66,2.931209312863342e-42,-1.8999034487204606e-17,2.3592330346088723,0.0
31.8833,-7.2470718980764195e-68,-4.397875160105192e-43,-2.6455874975713826e-16,0.4063568378789689,0.0,-7.263750679210842e-67,3.742308013488366e-42,8.291776312829908e-16,2.3944247759566544,0.0
31.9031,-7.90181018607346e-68,-3.572656448475625e-43,-2.362475603024651e-16,0.45477320951831873,0.0,-3.273691439985206e-67,4.126093558147832e-42,1.4155594727336578e-15,2.420818581967491,0.0
31.9228,-7.918755290906835e-68,-2.739383027844913e-43,-2.0083931459331233e-16,0.5035854882478311,0.0,-8.472552416686622e-69,4.1663671031535617e-42,1.7704122854576386e-15,2.440613936475618,0.0
31.9433,-7.456338802077454e-68,-1.950064980701184e-43,-1.62232771435849e-16,0.5497730749455663,0.0,2.3120824441469007e-67,3.946590235718645e-42,1.930327157873166e-15,2.309379334886756,0.0
31.9629,-6.662146107330771e-68,-1.241072546501316e-43,-1.2354389778160056e-16,0.5912208874176044,0.0,3.970963473733411e-67,3.5449621709993386e-42,1.9344436827124214e-15,2.072390623601904,0.0
31.9832,-5.666772819830914e-68,-6.348638680613362e-44,-8.711460867401821e-17,0.6266270004720473,0.0,4.97686643749929e-67,3.031043392199899e-42,1.8214644553791177e-15,1.7703056527221506,0.0
32.0030,-4.580236485016165e-68,-1.4211552714767123e-44,-5.456576532289035e-17,0.6553774721800275,0.0,5.432681674073742e-67,2.463741704568325e-42,1.6274421675563928e-15,1.4375235853990067,0.0
32.0231,-3.4905200448041338e-68,2.3597266016643784e-44,-2.6880186890171036e-17,0.6774111845756817,0.0,5.448582201060156e-67,1.8904409365705453e-42,1.3842789216359657e-15,1.1016856197827083,0.0
32.0435,-2.463801511956862e-68,5.053804410420334e-44,-4.503191852221288e-18,0.6930853047433522,0.0,5.1335926642363573e-67,1.3470389043779775e-42,1.1188497518974874e-15,0.7837060083835219,0.0
32.0631,-1.5459345216039968e-68,6.77113450236208e-44,1.2549745937374301e-17,0.7030492835299745,0.0,4.589334951764327e-67,8.586650459708732e-43,8.526468894797795e-16,0.4981989393311207,0.0
32.0831,-7.647782075431079e-69,7.652864001176666e-44,2.4586464523328534e-17,0.7081328175536136,0.0,3.905781570304444e-67,4.408647494072925e-43,6.018359292977117e-16,0.2541767011819527,0.0
32.1030,-1.330242795448548e-69,7.854989285217005e-44,3.2138815591394495e-17,0.7092510059635968,0.0,3.1587696399912654e-67,1.010626420201694e-43,3.776175534032982e-16,0.05590942049915959,0.0
32.1230,3.487726232265263e-69,7.535283891134239e-44,3.5874749956960297e-17,0.7073280938587391,0.0,2.4089845138569056e-67,-1.5985269704138307e-43,1.8679671827829017e-16,-0.09614560524288493,0.0
32.1431,6.891939429114705e-69,6.84338781210411e-44,3.652421573371703e-17,0.7032397310940421,0.0,1.7021065984247213e-67,-3.4594803951506448e-43,3.247328883783674e-17,-0.20441813823484511,0.0
32.1630,9.031582961004905e-69,5.913862484105267e-44,3.481986212226156e-17,0.6977725821003476,0.0,1.0698217659451e-67,-4.6476266399942166e-43,-8.521768057277354e-17,-0.2733574496847245,0.0
32.1830,1.009442063226226e-68,4.861886739059818e-44,3.145240518633426e-17,0.6915993723745266,0.0,5.314188356286778e-68,-5.259878725227242e-43,-1.6837284679636483e-16,-0.30866048629105053,0.0
32.2031,1.0285883647769541e-68,3.781191725932143e-44,2.7039668173208734e-17,0.68526700968316,0.0,9.573150775364055e-69,-5.403475065638377e-43,-2.206368506562764e-16,-0.316618134568332,0.0
32.2232,9.81232789053383e-69,2.7437989625304576e-44,2.2107735322972065e-17,0.6791952240291161,0.0,-2.367778786178558e-68,-5.186963817008426e-43,-2.465966425118335e-16,-0.3035892827021932,0.0
32.2432,8.868421399175017e-69,1.8011264522273662e-44,1.708232156591624e-17,0.673683178292307,0.0,-4.719532456794067e-68,-4.7133625515154564e-43,-2.5127068785279133e-16,-0.2756022868404575,0.0
32.2630,7.628386246705406e-69,9.860544823664058e-45,1.2288321954169395e-17,0.6689216602376323,0.0,-6.200175762348055e-68,-4.075359849304802e-43,-2.3969998058734223e-16,-0.2380759027337282,0.0
32.2829,6.240656707550873e-69,3.1558723602870116e-45,7.955522928109097e-18,0.6650087290278391,0.0,-6.938647695772664e-68,-3.3523362316885232e-43,-2.1663995130301487e-16,-0.19564656048965734,0.0
32.3029,4.825420150731921e-69,-2.061984328862994e-45,4.228592282877328e-18,0.6619670138242947,0.0,-7.07618278409476e-68,-2.6089283445750027e-43,-1.8634653226158843e-16,-0.15208576017722464,0.0
32.3229,3.474467524073792e-69,-5.851657785993718e-45,1.1796787619808615e-18,0.6597612135376494,0.0,-6.754763133290646e-68,-1.894836728565362e-43,-1.524456760448233e-16,-0.11029001433226673,0.0
32.3422,2.2527850026357675e-69,-8.342813411682139e-45,-1.1777871044103393e-18,0.6583146974558771,0.0,-6.108412607190122e-68,-1.2455778128442101e-43,-1.1787329331956005e-16,-0.07232580408861242,0.0
32.3627,1.201356011399103e-69,-9.710611326247525e-45,-2.8752192779391196e-18,0.657524435492666,0.0,-5.257144956183322e-68,-6.838989572826934e-44,-8.487160867643901e-17,-0.03951309816055488,0.0
32.3831,3.407029072876587e-70,-1.0153823082596714e-44,-3.975780251409358e-18,0.6572737798361684,0.0,-4.303265520557222e-68,-2.2160587817459426e-44,-5.5028048673511896e-17,-0.012532782824878484,0.0
32.4029,-3.2522909523318415e-70,-9.877002514902803e-45,-4.562654166427475e-18,0.6574428682490958,0.0,-3.3296600126042143e-68,1.384102838469557e-44,-2.934369575090585e-17,0.008454420646371683,0.0
32.4232,-8.051643514098253e-70,-9.076766938238201e-45,-4.729050352705414e-18,0.6579166194093163,0.0,-2.3996762808832055e-68,4.0011778833230085e-44,-8.319809313896963e-18,0.02368755801102711,0.0
32.4432,-1.1168059324577166e-69,-7.931984239445458e-45,-4.570104471251544e-18,0.6585904425603935,0.0,-1.5582079052394565e-68,5.723913493963717e-44,7.947294072693518e-18,0.033691157553857105,0.0
32.4631,-1.2835287622961722e-69,-6.597478160984173e-45,-4.176688791886048e-18,0.6593738903155484,0.0,-8.336141491922774e-69,6.672530392306425e-44,1.967078396827477e-17,0.03917238775774826,0.0
32.4830,-1.3315591589372436e-69,-5.2007499124791586e-45,-3.631025704848764e-18,0.6601925496584524,0.0,-2.401519832053564e-69,6.983641242525071e-44,2.728315435186422e-17,0.04093296714520184,0.0
32.5029,-1.2876884068818125e-69,-3.8411587313516483e-45,-3.0039168472798745e-18,0.660988498131594,0.0,2.193537602771558e-69,6.797955905637551e-44,3.135544287844446e-17,0.0397974236570799,0.0
32.5230,-1.1775240384273303e-69,-2.590995821624917e-45,-2.353350193266415e-18,0.6617196565440253,0.0,5.508218422724106e-69,6.250814548633658e-44,3.2528332700672964e-17,0.03655792062156374,0.0
32.5430,-1.0242493197808288e-69,-1.4979138900323732e-45,-1.7242241911603355e-18,0.662358352906178,0.0,7.663735932325071e-69,5.465409657962719e-44,3.145630010530397e-17,0.03193481810763265,0.0
32.5632,-8.47838321609103e-70,-5.882276079360229e-46,-1.1489262381111559e-18,0.6628893809488925,0.0,8.82054990858629e-69,4.548431410481751e-44,2.8764897652458985e-17,0.026551402135726425,0.0
32.5830,-6.646597736837624e-70,1.2933076011240113e-46,-6.485171990376017e-19,0.6633077960694655,0.0,9.158927396267026e-69,3.58779184024212e-44,2.5020451953677705e-17,0.020920756028653127,0.0
32.6031,-4.8739627631873126e-70,6.597396905419751e-46,-2.3429938779018006e-19,0.6636166465911981,0.0,8.863174868251557e-69,2.65204465214787e-44,2.0710890562371083e-17,0.015442526086628985,0.0
32.6231,-3.25204876715834e-70,1.017962006931637e-45,9.042193391279697e-20,0.6638247926324964,0.0,8.109569980144862e-69,1.7911115819483098e-44,1.6236066085148852e-17,0.010407302064913158,0.0
32.6431,-1.8404903441071102e-70,1.2255510238079852e-45,3.285376091552619e-19,0.663944921550991,0.0,7.057792115256148e-69,1.0379450843817413e-44,1.1905783762123248e-17,0.006006445924731501,0.0
32.6632,-6.713921061722611e-71,1.3077097250367673e-45,4.874121090377949e-19,0.6639918298922732,0.0,5.845491189674245e-69,4.1079350614391035e-45,7.94372499412665e-18,0.0023454170641112582,0.0
32.6830,2.4571509864921114e-71,1.2908661674561479e-45,5.77323257407427e-19,0.6639810083001693,0.0,4.5855360241073615e-69,-8.421778790309741e-46,4.495557418481603e-18,-0.0005410796052004677,0.0
32.7032,9.188025963463627e-71,1.2007815292233144e-45,6.101172232402055e-19,0.6639275385535518,0.0,3.365437488485758e-69,-4.504231911641675e-45,1.6396982916389216e-18,-0.0026734873308723486,0.0
32.7230,1.3684900638384446e-70,1.0611711587952905e-45,5.98105664220377e-19,0.6638452908758463,0.0,2.2484373374604095e-69,-6.9805185214012e-45,-6.005779509914251e-19,-0.0041123838852738705,0.0
32.7430,1.6236462606271994e-70,8.927931114465551e-46,5.53210655102283e-19,0.6637463946104871,0.0,1.2757809839437737e-69,-8.418902367436771e-45,-2.2447504559047e-18,-0.004944813267958564,0.0
32.7632,1.7175946325811335e-70,7.129419892482102e-46,4.863467589575755e-19,0.6636409456803092,0.0,4.697418597696705e-70,-8.992556109917243e-45,-3.3431948072353738e-18,-0.005272446508894503,0.0
32.7832,1.685000233591716e-70,5.352771282445589e-46,4.070180313115904e-19,0.6635369091873279,0.0,-1.629719949470872e-70,-8.883243050182564e-45,-3.966436382299257e-18,-0.005201824649062629,0.0
32.8031,1.55945442033415e-70,3.699118547971469e-46,3.2310040369840613e-19,0.663440174211823,0.0,-6.277290662878303e-70,-8.2682636723706e-45,-4.195881380659214e-18,-0.004836748775244834,0.0
32.8231,1.3717277951709264e-70,2.236931884237591e-46,2.4077615876661356e-19,0.6633547194729557,0.0,-9.386331258161176e-70,-7.310933318669391e-45,-4.116212246589629e-18,-0.004272736943366828,0.0
32.8432,1.1486291585882532e-70,1.0060759733829268e-46,1.645864055417723e-19,0.6632828521958986,0.0,-1.1154931829133661e-69,-6.15427955427332e-45,-3.809487661242062e-18,-0.0035933638528563017,0.0
32.8633,9.12387431635953e-71,2.2569481838953003e-48,9.756890629063503e-20,0.6632254875518225,0.0,-1.1812086347615005e-69,-4.9175324577198683e-45,-3.3508749625568638e-18,-0.0028682322038020985,0.0
32.8832,6.804628905235708e-71,-7.164145557293644e-47,4.1451647474843977e-20,0.6631824417611268,0.0,-1.1596227055619113e-69,-3.694920187841587e-45,-2.8058629407895528e-18,-0.0021522895347833894,0.0
32.9031,4.656917112578698e-71,-1.2276677105618406e-46,-3.1233954854899526e-21,0.6631527178579082,0.0,-1.0738558963285047e-69,-2.556265774162381e-45,-2.2287521480166964e-18,-0.0014861951609322728,0.0
32.9232,2.766718241331219e-71,-1.5374475140524872e-46,-3.6367273976611007e-20,0.6631347688044904,0.0,-9.450994356237394e-70,-1.5488990174532334e-45,-1.6621939245560526e-18,-0.0008974526708879912,0.0
32.9431,1.1830659934157369e-71,-1.677535515827323e-46,-5.911814640635513e-20,0.6631267278316284,0.0,-7.918261239577411e-70,-7.0044000887417885e-46,-1.1375436214872064e-18,-0.00040204864310141816,0.0
32.9631,-7.565715212581905e-73,-1.6819493862088105e-46,-7.263421194428192e-20,0.6631266003775549,0.0,-6.29361572770778e-70,-2.206935190743717e-47,-6.758032768963394e-19,-6.3727036754879815e-06,0.0
32.9832,-1.0151600821544368e-71,-1.5843428258223974e-46,-7.841320838107009e-20,0.6631324157098172,0.0,-4.697514650143089e-70,4.880328019320653e-46,-2.889498218394088e-19,0.000290766613114512,0.0
33.0030,-1.658877674746634e-71,-1.4160773359832437e-46,-7.804266320579702e-20,0.6631423392118956,0.0,-3.2185879629609856e-70,8.413274491957682e-46,1.8527258763653708e-20,0.0004961751039201319,0.0
33.0231,-2.042133208705984e-71,-1.2049135784448839e-46,-7.308219453199439e-20,0.6631547484312114,0.0,-1.916277669796749e-70,1.0558187876917993e-45,2.480234336901313e-19,0.0006204609657891419,0.0
33.0432,-2.207046866653137e-71,-9.74245945584421e-47,-6.497691135472276e-20,0.6631682773852963,0.0,-8.245682897357666e-71,1.1533381643023147e-45,4.052641588635817e-19,0.000676447704243563,0.0
33.0631,-2.1983092981143138e-71,-7.427904642040085e-47,-5.499933429048567e-20,0.6631818344032129,0.0,4.36878426941162e-72,1.1572774069020622e-45,4.988788532118545e-19,0.0006778508958296578,0.0
33.0833,-2.0598575638233374e-71,-5.246314253164586e-47,-4.421619143487871e-20,0.6631945990479282,0.0,6.922586714548813e-71,1.0907951944377492e-45,5.391571427803479e-19,0.0006382322357693988,0.0
33.1032,-1.832427309275705e-71,-3.2953426063180873e-47,-3.347586280708077e-20,0.6632060035340598,0.0,1.1371512727381622e-70,9.754858234232495e-46,5.370164313898971e-19,0.0005702243065781992,0.0
33.1232,-1.5519089798084384e-71,-1.6343933148041278e-47,-2.3412064567807465e-20,0.6632157036320856,0.0,1.4025916473363331e-70,8.304746457569797e-46,5.031899119636651e-19,0.0004850049012900832,0.0
33.1432,-1.2484056939194822e-71,-2.906177472804105e-48,-1.4459492014284038e-20,0.6632235434331505,0.0,1.5175164294447812e-70,6.7188778376185865e-46,4.476286276761713e-19,0.000391990053246563,0.0
33.1631,-9.45873887867596e-72,7.346509931992022e-48,-6.877493078284427e-21,0.6632295176234309,0.0,1.5126590302594307e-70,5.126343702398063e-46,3.7909994679998054e-19,0.0002987095140192512,0.0
33.1830,-6.622226000566257e-72,1.4595234889669597e-47,-7.783442915876529e-22,0.6757339982661411,0.0,1.4182564390548518e-70,3.624362478838787e-46,3.049574393348387e-19,0.6252240321355144,0.0
33.2030,-4.097507781950004e-72,1.9156064514547602e-47,3.842717955930187e-21,0.6976123587481738,0.0,1.2623591093081266e-70,2.2804148124390023e-46,2.31053112375892e-19,1.0939180241016357,0.0
33.2232,-1.9581186510708138e-72,2.142732286233325e-47,7.077951564212756e-21,0.7265211291096983,0.0,1.069694565439595e-70,1.1356291738928237e-46,1.6176168041412842e-19,1.4454385180762268,0.0
33.2432,-2.3608968384717244e-73,2.1845127251432491e-47,9.079699676571917e-21,0.7607027068808417,0.0,8.610144836118206e-71,2.0890219454962041e-47,1.0008740561795805e-19,1.7090788885571702,0.0
33.2629,1.0695974226013889e-72,2.0847772908170972e-47,1.0036228780246972e-20,0.7988388902091993,0.0,6.528435532242807e-71,-4.986771716307594e-47,4.7826455183752786e-20,1.9068091664178777,0.0
33.2832,1.9846869070817266e-72,1.8848890776234576e-47,1.0151451881188446e-20,0.8399410277054674,0.0,4.575447422401689e-71,-9.994410659681986e-47,5.761155047073671e-21,2.0551068748134083,0.0
33.3030,2.551922806017076e-72,1.6218795730708203e-47,9.628782094023244e-21,0.8832676308276686,0.0,2.836179494676749e-71,-1.3150475227631862e-46,-2.6133489358260085e-20,2.1663301561100563,0.0
33.3233,2.824234361857564e-72,1.327309670272093e-47,8.659052828007948e-21,0.9282625831693194,0.0,1.3615577792024389e-71,-1.4728495139936358e-46,-4.8486463300764794e-20,2.249747617082542,0.0
33.3423,2.859013967026476e-72,1.026743662956722e-47,7.412212708815999e-21,0.9745087974255575,0.0,1.738980258445598e-72,-1.5028300365768548e-46,-6.234200595959743e-20,2.3123107128119065,0.0
33.3628,2.7135578328815713e-72,7.397145376927904e-48,6.032349856893077e-21,1.0216934581177362,0.0,-7.272806707245229e-72,-1.4351456263196577e-46,-6.899314259614607e-20,2.3592330346089296,0.0
33.3831,2.4416522622999984e-72,4.800598214832743e-48,4.635511726537301e-21,1.06958195363687,0.0,-1.3595278529078636e-71,-1.2982735810475803e-46,-6.984190651778879e-20,2.394424775956697,0.0
33.4030,2.091223948625819e-72,2.5651519503714083e-48,3.3097524251782312e-21,1.1179983252762205,0.0,-1.7521415683708973e-71,-1.1177231322306675e-46,-6.628796506795349e-20,2.4208185819675228,0.0
33.4229,1.7029292764526353e-72,7.346581350031229e-49,2.1168478036482346e-21,1.1668106040057333,0.0,-1.9414733608659185e-71,-9.152469076841428e-47,-5.964523107649982e-20,2.440613936475642,0.0
33.4429,1.3095325157355896e-72,-6.822917146232788e-49,1.0951584692818434e-21,1.2129981907034655,0.0,-1.9669838035852295e-71,-7.084749248132008e-47,-5.1084466718319564e-20,2.3093793348866027,0.0
33.4630,9.359129942536698e-73,-1.7040665989656834e-48,2.631819603501393e-22,1.254446003175498,0.0,-1.868097607409599e-71,-5.108874421712022e-47,-4.1598825446585203e-20,2.072390623601627,0.0
33.4830,5.995435734870097e-73,-2.3681537662845456e-48,-3.765913389696471e-22,1.289852116229934,0.0,-1.6818471038333003e-71,-3.3204358365943116e-47,-3.198866496598932e-20,1.770305652721798,0.0
33.5031,3.1129389350279407e-73,-2.7241299157966197e-48,-8.33825833121308e-22,1.3186025879379062,0.0,-1.4412483999210782e-71,-1.77988074756037e-47,-2.2861724707583046e-20,1.4375235853986184,0.0
33.5230,7.64289999044647e-74,-2.827664232982878e-48,-1.1267221537477751e-21,1.3406363003335526,0.0,-1.1743244679916468e-71,-5.176715859312917e-48,-1.464481603132336e-20,1.1016856197823168,0.0
33.5429,-1.0430541028855022e-73,-2.7356551168935988e-48,-1.278791064992759e-21,1.3563104205012158,0.0,-9.036720509650745e-72,4.600455804463946e-48,-7.603445562249195e-21,0.7837060083831513,0.0
33.5630,-2.3359789331599837e-73,-2.5025089728130236e-48,-1.3161152845269315e-21,1.3662743992878315,0.0,-6.464624151372408e-72,1.1657307204028756e-47,-1.866210976708619e-21,0.4981989393307878,0.0
33.5829,-3.165513819876246e-73,-2.177498826383811e-48,-1.265141532105945e-21,1.3713579333114647,0.0,-4.147674433581311e-72,1.6250507321460637e-47,2.54868762104933e-21,0.2541767011816681,0.0
33.6030,-3.5977341557208675e-73,-1.8030912869788726e-48,-1.1510027258638483e-21,1.3724761217214432,0.0,-2.1611016792231097e-72,1.872037697024691e-47,5.706940312104832e-21,0.0559094204989285,0.0
33.6230,-3.706035358261082e-73,-1.4141001552064365e-48,-9.963384576304448e-22,1.370553209616582,0.0,-5.415060127010722e-73,1.9449556588621802e-47,7.733213411670169e-21,-0.0961456052430616,0.0
33.6431,-3.564899138670578e-73,-1.0375107970647232e-48,-8.205599489975656e-22,1.3664648468518825,0.0,7.056810979525204e-73,1.8829467907085662e-47,8.788925431643962e-21,-0.20441813823497063,0.0
33.6631,-3.245153025657465e-73,-6.928181306345549e-49,-6.394924705830522e-22,1.3609976978581864,0.0,1.5987305650655637e-72,1.7234633321508415e-47,9.053373920725668e-21,-0.27335744968480397,0.0
33.6831,-2.8106342593581825e-73,-3.927295429738554e-49,-4.65322313537184e-22,1.3548244881323646,0.0,2.1725938314964122e-72,1.5004429383034975e-47,8.708507852293407e-21,-0.3086604862910905,0.0
33.7031,-2.3161071290722298e-73,-1.4409932964989944e-49,-3.067753569405519e-22,1.3484921254409978,0.0,2.472635651429764e-72,1.2431510666197799e-47,7.927347829831608e-21,-0.31661813456834,0.0
33.7231,-1.8062453536134315e-73,5.101929012206151e-50,-1.6945861807664467e-22,1.3424203397869543,0.0,2.549308877293992e-72,9.755930988598047e-48,6.865836943195362e-21,-0.3035892827021769,0.0
33.7431,-1.3154743008025267e-73,1.942970975437085e-49,-5.630354684411555e-23,1.3369082940501458,0.0,2.4538552640545236e-72,7.163890371082351e-48,5.6577535616264555e-21,-0.275602286840424,0.0
33.7632,-8.684675531461965e-74,2.9009762725732124e-49,3.194096939092822e-23,1.3321467759954722,0.0,2.2350337382816505e-72,4.7900264856806377e-48,4.4122258117521885e-21,-0.23807590273368373,0.0
33.7832,-4.811044392151772e-74,3.4454216690709154e-49,9.620789840375536e-23,1.32823384478568,0.0,1.9368155696550967e-72,2.7222269824885145e-48,3.213346450641357e-21,-0.19564656048960768,0.0
33.8033,-1.6171583741400203e-74,3.6470304162999375e-49,1.386356212591504e-22,1.3251921295821365,0.0,1.5969430090058756e-72,1.0080437361451113e-48,2.1213861427697517e-21,-0.1520857601771744,0.0
33.8232,8.752856418171947e-75,3.579415151743708e-49,1.6213827612514765e-22,1.3229863292954922,0.0,1.2462220079786074e-72,-3.380763227811478e-49,1.1751327432998627e-21,-0.11029001433221873,0.0
33.8436,2.692101515276074e-74,3.3139387942219132e-49,1.7003697070713674e-22,1.3215398132137208,0.0,9.084079367294397e-73,-1.3273817876089731e-48,3.9493472909945405e-22,-0.07232580408856908,0.0
33.8634,3.893187329453669e-74,2.9159951984272527e-49,1.6575877340120035e-22,1.3207495512505105,0.0,6.005429070887975e-73,-1.9897179789733038e-48,-2.139098652968197e-22,-0.03951309816051771,0.0
33.8835,4.560410450319645e-74,2.4425777896756217e-49,1.5260459901767603e-22,1.3204988955940136,0.0,3.336115604329881e-73,-2.3670870437581537e-48,-6.577087191762159e-22,-0.012532782824848272,0.0
33.9035,4.787203163949949e-74,1.9409600657313612e-49,1.3358269228897223e-22,1.3206679840069415,0.0,1.1339635681515169e-73,-2.5080886197213016e-48,-9.5109533643519e-22,0.008454420646394671,0.0
33.9233,4.670065509335679e-74,1.4482891688292842e-49,1.1130130070510604e-22,1.3211417351671624,0.0,-5.856882730713468e-74,-2.4633544845103845e-48,-1.1140695791933092e-21,0.023687558011043018,0.0
33.9435,4.302008337814837e-74,9.918886460229695e-50,8.791217897490004e-23,1.3218155583182396,0.0,-1.8402858576042137e-73,-2.2820026140315736e-48,-1.1694560865103e-21,0.0336911575538667,0.0
33.9635,3.767844958905315e-74,5.9007493515685535e-50,6.509560693875154e-23,1.3225990060733948,0.0,-2.6708168945476113e-73,-2.009068554330571e-48,-1.140828601807425e-21,0.039172387757752794,0.0
33.9832,3.141151727188854e-74,2.5331015589785835e-50,4.407744149531507e-23,1.3234176654162988,0.0,-3.1334661585823026e-73,-1.683823896294985e-48,-1.0509082721718234e-21,0.04093296714520191,0.0
34.0030,2.4826626997701774e-74,-1.4462037900260907e-51,2.5669170923018815e-23,1.3242136138894403,0.0,-3.292445137093383e-73,-1.3388609689905962e-48,-9.204135286148128e-22,0.03979742365707663,0.0
34.0231,1.8398361672199594e-74,-2.144234609748347e-50,1.0322817738415493e-23,1.3249447723018715,0.0,-3.21413266275109e-73,-9.998071153728688e-49,-7.673176592301661e-22,0.036557920621558285,0.0
34.0432,1.2473260977740982e-74,-3.5152912062227494e-50,-1.8063162143419266e-24,1.325583468664024,0.0,-2.9625503472293053e-73,-6.855282982372012e-49,-6.06456697637871e-22,0.0319348181076259,0.0
34.0635,7.281039798232565e-75,-4.332666181205186e-50,-1.0794787706049476e-23,1.3261144967067384,0.0,-2.5961105897542084e-73,-4.086874874912184e-49,-4.494235745853775e-22,0.02655140213571903,0.0
34.0831,2.9500115257072977e-75,-4.685737441569702e-50,-1.6888454062467172e-23,1.3265329118273113,0.0,-2.1655141362626334e-73,-1.765356301822582e-49,-3.046833178208847e-22,0.020920756028645585,0.0
34.1033,-4.7526037022909016e-76,-4.669396640348907e-50,-2.0445396586032413e-23,1.3268417623490436,0.0,-1.712635947968194e-73,8.170400610397394e-51,-1.77847126178262e-22,0.015442526086621996,0.0
34.1233,-3.0156986699676357e-75,-4.376977241012376e-50,-2.1886379683544398e-23,1.3270499083903418,0.0,-1.2702191498692727e-73,1.4620969966826524e-49,-7.204915487559927e-23,0.01040730206490725,0.0
34.1433,-4.740085474573487e-75,-3.8950440570492356e-50,-2.1653934225665723e-23,1.3271700373088362,0.0,-8.621934023029255e-74,2.409665919815702e-49,1.1622272893933745e-23,0.006006445924726736,0.0
34.1631,-5.748970449553466e-75,-3.299891525653926e-50,-2.0180364078716772e-23,1.3272169456501184,0.0,-5.044424874899896e-74,2.9757626569765473e-49,7.367850734744748e-23,0.002345417064108018,0.0
34.1835,-6.160695953815242e-75,-2.6555336355682083e-50,-1.7864364623782055e-23,1.3272061240580144,0.0,-2.058627521308882e-74,3.221789450428588e-49,1.1579997274673594e-22,-0.0005410796052025646,0.0
34.2032,-6.09984832478266e-75,-2.0129331998698276e-50,-1.5055503155154094e-23,1.327152654311397,0.0,3.0423814516291085e-75,3.2130021784919037e-49,1.404430734313981e-22,-0.002673487330873588,0.0
34.2233,-5.688221703521264e-75,-1.4102068811038524e-50,-1.2045526864373877e-23,1.3270704066336914,0.0,2.058133106306981e-74,3.013631593829876e-49,1.5049881453901085e-22,-0.004112383885274467,0.0
34.2432,-5.038208435363941e-75,-8.735497291631399e-51,-9.065313034426282e-24,1.3269715103683322,0.0,3.250066340786615e-74,2.6832857597035626e-49,1.4901069149737978e-22,-0.004944813267958346,0.0
34.2630,-4.2484059781241126e-75,-4.1864388145781714e-51,-6.2862338799000076e-24,1.3268660614381542,0.0,3.949012286199144e-74,2.274529238526614e-49,1.389539577263137e-22,-0.005272446508893673,0.0
34.2833,-3.4011497765067944e-75,-5.234586279135598e-52,-3.824750481211301e-24,1.326762024945173,0.0,4.236281008086591e-74,1.8314900933323057e-49,1.2307416993443528e-22,-0.00520182464906134,0.0
34.3028,-2.561638638703398e-75,2.2551840297597126e-51,-1.749152903322094e-24,1.3266652899696683,0.0,4.197555689016982e-74,1.3893213288366362e-49,1.0377987889446037e-22,-0.004836748775243534,0.0
34.3235,-1.7783069670286467e-75,4.2038549812290836e-51,-8.750554570586285e-26,1.326579835230801,0.0,3.916658358373756e-74,9.743354757346857e-50,8.308236788081156e-23,-0.004272736943365854,0.0
34.3425,-1.0841097952508645e-75,5.413126895957367e-51,1.1639803052486623e-24,1.3265079679537437,0.0,3.470985858888911e-74,6.046359573641417e-50,6.257429254772626e-23,-0.0035933638528555713,0.0
34.3636,-4.98415328702476e-76,5.995293218246138e-51,2.0327558751496365e-24,1.3264506033096677,0.0,2.9284723327419425e-74,2.910831611443853e-50,4.343877849504871e-23,-0.0028682322038012177,0.0
34.3830,-2.923955906903606e-77,6.072200366867948e-51,2.5623722000663888e-24,1.326407557518972,0.0,2.3458788481671997e-74,3.845357431090481e-51,2.648081624583762e-23,-0.002152289534782396,0.0
34.4030,3.243966417001861e-76,5.765548706322228e-51,2.8058421117499697e-24,1.3263778336157535,0.0,1.7681810038461106e-74,-1.5332583027285983e-50,1.2173495584179051e-23,-0.0014861951609311946,0.0
34.4231,5.701599937750915e-76,5.1896270385336045e-51,2.820094018807657e-24,1.3263598845623357,0.0,1.2288167603745272e-74,-2.879608338943117e-50,7.1259535288437935e-25,-0.0008974526708871826,0.0
34.4430,7.20272908204765e-76,4.446308165380121e-51,2.6615773079724633e-24,1.3263518435894737,0.0,7.505645721483679e-75,-3.716594365767419e-50,-7.925835541759687e-24,-0.00040204864310081165,0.0
34.4631,7.896412195347343e-76,3.622040520592201e-51,2.3829951363677203e-24,1.3263517161354001,0.0,3.468415566498464e-75,-4.1213382239396004e-50,-1.3929108580237156e-23,-6.3727036750331045e-06,0.0
34.4830,7.942889798601272e-76,2.7865173557657284e-51,2.0310787994820996e-24,1.3263575314676626,0.0,2.3238801626964513e-76,-4.1776158241323605e-50,-1.7595816844281027e-23,0.00029076661311485313,0.0
34.5030,7.501174613125643e-76,1.9926839407999308e-51,1.6452768188489583e-24,1.3263674549697408,0.0,-2.208575927378148e-75,-3.9691670748289886e-50,-1.9290099031657068e-23,0.0004961751039200546,0.0
34.5230,6.719817747231382e-76,1.2777478431275866e-51,1.2572087242431648e-24,1.3263798641890567,0.0,-3.906784329471304e-75,-3.574680488361721e-50,-1.9403404730289674e-23,0.0006204609657890839,0.0
34.5431,5.730611032976803e-76,6.6488089928567315e-52,8.907251298342298e-25,1.3263933931431415,0.0,-4.946033571272893e-75,-3.064334719209567e-50,-1.832417972044675e-23,0.0006764477042431865,0.0
34.5631,4.6448693353072613e-76,1.6533783744709763e-52,5.624189262374748e-25,1.326406950161058,0.0,-5.42870848834771e-75,-2.4977153091928774e-50,-1.641531017983775e-23,0.0006778508958293753,0.0
34.5832,3.5518709019366694e-76,-2.1923972917865987e-52,2.8244413796566007e-25,1.3264197148057735,0.0,-5.464992166852961e-75,-1.9228878331287874e-50,-1.3998739413590737e-23,0.00063823223576952,0.0
34.6031,2.5190098227925253e-76,-4.945185203972584e-52,5.551639848385943e-26,1.326431119291905,0.0,-5.164305395720721e-75,-1.3763939560929925e-50,-1.1346386974090032e-23,0.00057022430657829,0.0
34.6231,1.5932234240668653e-76,-6.713065025873718e-52,-1.1801039003652263e-25,1.3264408193899306,0.0,-4.628931993628298e-75,-8.83939910950567e-51,-8.676339426019103e-24,0.00048500490129048445,0.0
34.6430,8.032902195786086e-77,-7.636190990747145e-52,-2.4107485802461785e-25,1.3264486591909956,0.0,-3.9496660224412834e-75,-4.6156298243671364e-51,-6.153223399404759e-24,0.00039199005324753013,0.0
34.6632,1.6264290303769956e-77,-7.870364004957387e-52,-3.1890871753421216e-25,1.3264546333812761,0.0,-3.203236582704545e-75,-1.1708650710512086e-51,-3.891692975479716e-24,0.0002987095140203096,0.0
34.6832,-3.2760115855024428e-77,-7.573771925317625e-52,-3.581495891143552e-25,1.3139591140239864,0.0,-2.451220307939719e-75,1.4829603981988097e-51,-1.9620435790071505e-24,-0.6247759678644847,0.0
34.7032,-6.756281352281875e-77,-6.896901550068747e-52,-3.6609126745260114e-25,1.2920874745060191,0.0,-1.740134883389716e-75,3.384351876244395e-51,-3.9708391691229736e-25,-1.0935819758983636,0.0
34.7232,-8.961106796229536e-77,-5.975434675627963e-52,-3.5008205015912953e-25,1.2631837448675436,0.0,-1.1024127219738307e-75,4.607334372203921e-51,8.0046086467358035e-25,-1.4451864819237727,0.0
34.7431,-1.007705947141651e-76,-4.925808439259697e-52,-3.1707021417947803e-25,1.229005947638687,0.0,-5.57976337593487e-76,5.2481311818413294e-51,1.6505917989825737e-24,-1.7088898614428296,0.0
34.7632,-1.030940040952175e-76,-3.8430402556279154e-52,-2.7328712434397075e-25,1.1908725997170446,0.0,-1.1617046905261995e-76,5.413840918158906e-51,2.1891544917753644e-24,-1.9066673960821223,0.0
34.7831,-9.865092088529375e-77,-2.8003817025664045e-52,-2.24052579506702e-25,1.1497725887758128,0.0,2.2215416049618754e-76,5.213292765307554e-51,2.4617272418634355e-24,-2.0550005470615917,0.0
34.8030,-8.939955322473331e-77,-1.8503648856162873e-52,-1.7368351610834835e-25,1.106447580569889,0.0,4.625683830280219e-76,4.750084084750587e-51,2.5184531699176827e-24,-2.1662504102961937,0.0
34.8230,-7.709705428582897e-77,-1.026830379766722e-52,-1.2548570759308222e-25,1.0614538244154461,0.0,6.151249469452164e-76,4.117672529247826e-51,2.409890425763307e-24,-2.2496878077221454,0.0
34.8430,-6.324435682450099e-77,-3.475696775935448e-53,-8.180820875104768e-26,1.015208507299614,0.0,6.926348730663992e-76,3.396303510865886e-51,2.183874942101727e-24,-2.312265855791609,0.0
34.8631,-4.906017231903495e-77,1.8273002969195084e-53,-4.4141592094458913e-26,0.9680245194627398,0.0,7.092092252733024e-76,2.651498536427478e-51,1.883330832829438e-24,-2.359199391843707,0.0
34.8832,-3.5478423600793315e-77,5.694910083745555e-53,-1.3243134076349807e-26,0.9201365285850842,0.0,6.790874359120817e-76,1.9338048934130232e-51,1.5449229009054554e-24,-2.3943995438827805,0.0
34.9030,-2.316340664606449e-77,8.253922818840357e-53,1.0725297481813012e-26,0.8717205354268425,0.0,6.157508477364412e-76,1.2795063675474007e-51,1.198421577908141e-24,-2.4207996579120854,0.0
34.9231,-1.2537339531254003e-77,9.677947001031038e-53,2.8058103301526343e-26,0.8229085405581612,0.0,5.313033557405244e-76,7.120120910953398e-52,8.666402909856667e-25,-2.4405997434340643,0.0
34.9430,-3.815548823270897e-78,1.0165288317612185e-52,3.9374221468219766e-26,0.7737995444066502,0.0,4.360895353991553e-76,2.4367065829057374e-52,5.6580590833467095e-25,-2.4554498075755484,0.0
34.9634,2.9547271371126863e-78,9.920877005991314e-53,4.5498856805146644e-26,0.724467797293017,0.0,3.3851379801917915e-76,-1.2220565581043517e-52,3.062317668463439e-25,-2.4665873556816615,0.0
34.9834,7.855150479173613e-78,9.142315901916183e-53,4.736240189953301e-26,0.6749689869577921,0.0,2.450211671030463e-76,-3.8928055203756575e-52,9.317725471931802e-26,-2.4749405167612464,0.0
35.0030,1.1059158956968891e-77,8.009856119744864e-53,4.59183166063508e-26,0.6253448792063734,0.0,1.602004238897639e-76,-5.662298910856598e-52,-7.220426465911051e-26,-2.4812053875709346,0.0
35.0236,1.2798615777897217e-77,6.679919915931683e-53,4.208015364008309e-26,0.5756267983928094,0.0,8.697284104641627e-77,-6.649681019065908e-52,-1.9190814831338526e-25,-2.485904040678201,0.0
35.0434,1.3335291446919629e-77,5.281672568115896e-53,3.6676722196977324e-26,0.5258382377826364,0.0,2.6833783451120545e-77,-6.991236739078935e-52,-2.7017157215528824e-25,-2.489428030508651,0.0
35.0636,1.293768071187126e-77,3.9160867031671016e-53,3.042354528282936e-26,0.47599681732500665,0.0,-1.9880536752418477e-77,-6.82792932474397e-52,-3.1265884570739813e-25,-2.492071022881488,0.0
35.0830,1.1863211817872706e-77,2.65693210226548e-53,2.3908249880248626e-26,0.4261157519817843,0.0,-5.372344469992764e-77,-6.295773004508108e-52,-3.2576477012903667e-25,-2.494053267161116,0.0
35.1032,1.0345567438301428e-77,1.553150225453335e-53,1.7587283335498157e-26,0.37620495297436757,0.0,-7.588221897856384e-77,-5.518909384060725e-52,-3.160483272375234e-25,-2.495539950370837,0.0
35.1231,8.586600107324885e-78,6.32124804317026e-54,1.1791321426805416e-26,0.326271853718805,0.0,-8.794836654882717e-77,-4.605127105681545e-52,-2.89798095434637e-25,-2.496654962778128,0.0
35.1430,6.752178602652984e-78,-9.657174979422732e-55,6.736870709677535e-27,0.2763220292771331,0.0,-9.172107523359503e-77,-3.643482770556267e-52,-2.5272253585639403e-25,-2.497491222083596,0.0
35.1630,4.97123175798988e-78,-6.372998603900136e-54,2.541820429250972e-27,0.22635966094587917,0.0,-8.904734223315522e-77,-2.7036405529789316e-52,-2.0975251402132815e-25,-2.498118416562697,0.0
35.1832,3.3372477190131584e-78,-1.0046079517134525e-53,-7.569765068240082e-28,0.1763878846974387,0.0,-8.169920194883605e-77,-1.8365404566171946e-52,-1.6493984680374902e-25,-2.498588812422023,0.0
35.2031,1.9115248266398281e-78,-1.2198125431032246e-53,-3.1856556184708027e-27,0.12832577942926204,0.0,-7.128614461866652e-77,-1.0760229569488602e-52,-1.2143395558233973e-25,-2.4031052634088335,0.0
35.2231,7.275411677614407e-79,-1.30802723405936e-53,-4.816025615097651e-27,0.08457965371237382,0.0,-5.919918294391937e-77,-4.410734547806778e-53,-8.151849983134239e-26,-2.1873062858444112,0.0
35.2431,-2.0409904646303642e-79,-1.2957066182329e-53,-5.7498415756619274e-27,0.04669528020196522,0.0,-4.6582010711223855e-77,6.160307913229968e-54,-4.6690798028213845e-26,-1.8942186755204298,0.0
35.2630,-8.905832643436121e-79,-1.2087237592690811e-53,-6.105213051545419e-27,0.015480283257040862,0.0,-3.432421089402878e-77,4.349142948190948e-53,-1.7768573794174602e-26,-1.560749847246218,0.0
35.2829,-1.352011431893427e-78,-1.070963189490072e-53,-6.005428875365313e-27,-0.00885978144707486,0.0,-2.307140837749075e-77,6.888028488950454e-53,4.9892088090053064e-27,-1.217003235205786,0.0
35.3030,-1.6169618716421826e-78,-9.03384970786411e-54,-5.5702650107083146e-27,-0.02658324308833716,0.0,-1.324752198743778e-77,8.378910935183057e-53,2.175819323284992e-26,-0.886173082063115,0.0
35.3231,-1.7186569891552184e-78,-7.234982085114805e-54,-4.909676211573067e-27,-0.03828084473398366,0.0,-5.084755875651787e-78,8.994338113746525e-53,3.3029439956762383e-26,-0.5848800822823248,0.0
35.3421,-1.6918089079406821e-78,-5.451732442945938e-54,-4.119654039527247e-27,-0.04475719528417951,0.0,1.3424040607268145e-78,8.916248210844336e-53,3.950110860229099e-26,-0.32381752750979265,0.0
35.3630,-1.570164312553339e-78,-3.7871912647425307e-54,-3.279958168121248e-27,-0.046929026479775635,0.0,6.082229769367158e-78,8.322705891017033e-53,4.198479357029998e-26,-0.10859155977980595,0.0
35.3829,-1.3847210072596313e-78,-2.311553905205424e-54,-2.453388774479473e-27,-0.045742158287686185,0.0,9.272165264685385e-78,7.3781867976855335e-53,4.132846968208873e-26,0.05934340960447243,0.0
35.4031,-1.1625552678537726e-78,-1.0661326512402684e-54,-1.686258402779374e-27,-0.04210747764635793,0.0,1.1108286970292932e-77,6.227106269825778e-53,3.8356518585004966e-26,0.18173403206641287,0.0
35.4230,-9.261776472281522e-79,-6.80987516919857e-56,-1.009735119837537e-27,-0.03685501850658026,-0.0125,1.1818881031281017e-77,4.990169497741413e-53,3.382616414709185e-26,0.26262295698888344,-0.625
35.4431,-6.933237729252478e-79,6.845125980707455e-55,-4.4175855044090705e-28,-0.030704373041352193,-0.034375,1.164269371514522e-77,3.7630567488136556e-53,2.8398828469831495e-26,0.30753227326140337,-1.09375
35.4630,-4.7708394082255466e-79,1.2079003545085491e-54,1.0729389633019775e-29,-0.024249126559950013,-0.06328125000000001,1.0811991605134658e-77,2.616938782189018e-53,2.2624397003696342e-26,0.3227623240701091,-1.4453125
35.4830,-2.8627903029618146e-79,1.527967150566389e-54,3.4945158131048374e-28,-0.017952744105301375,-0.09746093750000001,9.540245526318659e-78,1.600333980289199e-53,1.6936109583873197e-26,0.31481912273243184,-1.708984375
35.5030,-1.2599860558363068e-79,1.6763392185757855e-54,5.825261301899527e-28,-0.012153292617996815,-0.13559570312500002,8.014021235627539e-78,7.418603400469825e-54,1.1653727443973447e-26,0.289972574365228,-1.90673828125
35.5230,1.7716292858002412e-81,1.6870379164682858e-54,7.223804740381572e-28,-0.0070745064454385866,-0.17669677734375003,6.388511743471546e-78,5.349348946250126e-55,6.992717192410226e-27,0.2539393086279114,-2.0550537109375
35.5429,9.749300768072542e-80,1.593839664899564e-54,7.839284034820211e-28,-0.0028409464292936002,-0.22002258300781252,4.786068919746259e-78,-4.659912578436098e-54,3.077396472193198e-27,0.21167800080724933,-2.166290283203125
35.5632,1.6343446101607576e-79,1.4283105963290488e-54,7.830536463559979e-28,0.0005046803685727556,-0.2650169372558594,3.2970726667675174e-78,-8.276453428525765e-54,-4.373785630116519e-29,0.16728133989331778,-2.2497177124023438
35.5830,2.03084483356624e-79,1.2184651591214193e-54,7.354143597301205e-28,0.0029836196448581567,-0.31126270294189456,1.9825011170274108e-78,-1.049227186038147e-53,-2.3819643312938674e-27,0.12394696381427006,-2.312288284301758
35.6030,2.2063693111063772e-79,9.879731716684121e-55,6.5556003317690535e-28,0.004663806923380719,-0.3584470272064209,8.776223877006862e-79,-1.152459937265036e-53,-3.9927163276607616e-27,0.08400936392612807,-2.3592162132263184
35.6232,2.2056305105950974e-79,7.55825790778552e-55,5.563356862713796e-28,0.005644118966869796,-0.4063352704048157,-3.694002556398556e-81,-1.1607369044493007e-53,-4.961217345276287e-27,0.049015602174453894,-2.3944121599197388
35.6430,2.0727385795759318e-79,5.363657076644437e-55,4.485372849159525e-28,0.0060407058614744165,-0.4547514528036118,-6.644596550958281e-79,-1.0973004155705412e-53,-5.389920067771354e-27,0.019829344730231034,-2.420809119939804
35.6630,1.8487053165370018e-79,3.3958870286899594e-55,3.4077624680442503e-28,0.005975703680739417,-0.5035635896027089,-1.1201663151946507e-78,-9.838850239772391e-54,-5.3880519055763725e-27,-0.003250109036749972,-2.440606839954853
35.6832,1.5697580502655842e-79,1.7163062710027033e-55,2.3950889341251394e-28,0.005568409824343802,-0.5526726922020316,-1.3947363313570885e-78,-8.397903788436281e-54,-5.063367669595555e-27,-0.020364692819780733,-2.45545512996614
35.7030,1.2663621175460859e-79,3.536423264770988e-56,1.4918784476382978e-28,0.004928834842586463,-0.6020045191515238,-1.5169796635974916e-78,-6.813319722628022e-54,-4.5160524324342076e-27,-0.03197874908786696,-2.466591347474605
35.7230,9.628334409536969e-80,-6.895741715057305e-56,7.249578759148688e-29,0.004153423515713271,-0.6515033893636428,-1.5176433829619445e-78,-5.216082489914146e-54,-3.834602858617145e-27,-0.03877056634365961,-2.4749435106059536
35.7429,6.774169270521833e-80,-1.4306120947025084e-55,1.0626997456740496e-29,0.003322659609615581,-0.7011275420227321,-1.4270825695075675e-78,-3.70518961598389e-54,-3.0934395067373195e-27,-0.04153819530488452,-2.4812076329544652
35.7631,4.227095260029172e-80,-1.9005538114179415e-55,-3.6412214991723725e-29,0.0025002271034653785,-0.750845656517049,-1.2735370052463306e-78,-2.349708583577165e-54,-2.351960622423211e-27,-0.04112162530751014,-2.485905724715849
35.7830,2.0631640365579254e-80,-2.13897687026944e-55,-6.950689142856846e-29,0.0017333890976448036,-0.8006342423877868,-1.0819656117356233e-78,-1.1921152942574912e-54,-1.654733821842237e-27,-0.03834190029102874,-2.4894292935368867
35.8031,3.16425776761015e-81,-2.189455552191897e-55,-9.015748527048792e-29,0.0010542572474206843,-0.8504756817908401,-8.733691298984552e-79,-2.523934096122864e-55,-1.0325296920959724e-27,-0.03395659251120597,-2.492071970152665
35.8232,-1.0126134646923287e-80,-2.0959472305022263e-55,-1.0023598153569823e-28,0.00048165292490735367,-0.90035676134313,-6.645196207266719e-79,4.675416084483544e-55,-5.039248132605156e-28,-0.02863021612566653,-2.4940539776144988
35.8432,-1.9486360879007967e-80,-1.9000591554048395e-55,-1.0178069484246406e-28,2.3300507527914522e-05,-0.9502675710073475,-4.68011311604234e-79,9.794403754869336e-55,-7.723566533829194e-29,-0.022917620868971957,-2.495540483210874
35.8631,-2.5337348900331e-80,-1.639139549757509e-55,-9.68323881319906e-29,-0.00032186183595833966,-1.0002006782555106,-2.925494010661516e-79,1.304598028236652e-54,2.4741533552367323e-28,-0.01725811717431271,-2.4966553624081556
35.8834,-2.8205348982303414e-80,-1.3451014725365606e-55,-8.731121481121607e-29,-0.00056142188341553,-1.048847901477671,-1.434000040986207e-79,1.4701903861047418e-54,4.760586660387267e-28,-0.011978002372859514,-2.4323611611080174
35.9031,-2.8664028104844522e-80,-1.0438668262686558e-55,-7.49316619319622e-29,-0.0007074066060034908,-1.0936118782869997,-2.293395612705529e-80,1.5061732313395245e-54,6.189776439626932e-28,-0.007299236129398045,-2.2381988404664326
35.9233,-2.728819576045968e-80,-7.553088319916077e-56,-6.115109755660407e-29,-0.0007744507515842521,-1.132777581678145,6.87916172192421e-80,1.4427899713852403e-54,6.890282187679066e-28,-0.003352207279038061,-1.958285169557258
35.9433,-2.461902975654347e-80,-4.935718063643252e-56,-4.714660842168923e-29,-0.0007782668156747679,-1.1653946378021838,1.3345830019581062e-79,1.3086851281364125e-54,7.002244567457422e-28,-0.00019080320452578977,-1.6308528062019414
35.9638,-2.1140013468213702e-80,-2.676547287620038e-56,-3.381444506520174e-29,-0.0007344328548021686,-1.1911431851084506,1.7395081441648836e-79,1.129585388011607e-54,6.6660816782437434e-28,0.0021916980436299614,-1.2874273653133372
35.9833,-1.7262350443873554e-80,-8.215763683454254e-57,-2.178645584392402e-29,-0.0006574914128595891,-1.2101954379630122,1.9388315121700738e-79,9.274854596373063e-55,6.01399461063886e-28,0.003847072097128977,-0.9526126427280837
36.0030,-1.331836214898603e-80,6.189464032112596e-57,-1.1458276577330288e-29,-0.0005603358466310792,-1.2230823348075215,1.9719941474437622e-79,7.202613857783425e-55,5.1640896332968655e-28,0.0048577783114255,-0.6443448422254587
36.0232,-9.561269198881224e-81,1.6622016976860978e-56,-3.0246455327451723e-30,-0.00045384902116183193,-1.2305720008338208,1.8785464750524025e-79,5.216276472374191e-55,4.216815522292558e-28,0.005324341273462363,-0.37448330131496216
36.0431,-6.169773334369746e-81,2.3449110666810607e-56,3.482056482658375e-30,-0.0003467529607901866,-1.2335643637848845,1.6957479322557387e-79,3.4135468449748136e-55,3.2533510077017735e-28,0.005354803018582268,-0.1496181475531918
36.0632,-3.255965035923953e-81,2.716248429426419e-56,8.153159605251532e-30,-0.00024562573786404137,-1.233004207652458,1.4569041492228965e-79,1.8566868137267922e-55,2.335551561296579e-28,0.00505636114630726,0.028007806621327208
36.0832,-8.752509099341713e-82,2.8317765457198525e-56,1.1167297370881309e-29,-0.00015504277639758997,-1.2298132715753594,1.1903570629948909e-79,5.776405814671685e-56,1.5070688828148883e-28,0.00452914807332257,0.15954680385493716
36.1032,9.627997391542154e-82,2.7485160401967367e-56,1.2757862852850764e-29,-7.780298871389603e-05,-1.2248407067043825,9.190253245441933e-80,-4.163025276155793e-56,7.952827409847269e-29,0.003861989384184697,0.24862824354884838
36.1232,2.2835697416212527e-81,2.5211596986425954e-56,1.3185315193156808e-29,-1.5204968628291818e-05,-1.2188302741302555,6.603850012335185e-80,-1.1367817077707055e-55,2.1372617015302225e-29,0.0031299010042802108,0.30052162870635124
36.1432,3.137133058974255e-81,2.1993728605584336e-56,1.2714785536796933e-29,3.2655844553608856e-05,-1.2124020667332136,4.267816586765013e-80,-1.6089341904208076e-55,-2.3526482817993758e-29,0.0023930406590950337,0.32141036985209726
36.1632,3.5890775634505517e-81,1.8260703603618065e-56,1.159900116231921e-29,6.659210376681783e-05,-1.206046220662808,2.2597225223814834e-80,-1.8665125009831356e-55,-5.578921872388611e-29,0.0016968129606604486,0.3177923035202812
36.1832,3.712691288000741e-81,1.4365292635926278e-56,1.0066222811721766e-29,8.804877195071549e-05,-1.200125996351604,6.18068622750947e-81,-1.9477054838458938e-55,-7.663891752987222e-29,0.0010728334091948829,0.29601121556020227
36.2031,3.582640104133339e-81,1.0581816852001862e-56,8.312665680070377e-30,9.885834677159581e-05,-1.1948877018184734,-6.5025591933701225e-81,-1.8917378919622085e-55,-8.767785658256946e-29,0.0005404787410440157,0.26191472665653115
36.2231,3.2701433099847865e-81,7.109301002938437e-57,6.498737890527613e-30,0.0001010340270809603,-1.1904751522908856,-1.5624839707427608e-80,-1.736257924531712e-55,-9.069638947713822e-29,0.00010878401546822437,0.2206274763793859
36.2430,2.8395621157742854e-81,4.0783560559645634e-57,4.748367774938882e-30,9.660374568812604e-05,-1.1869466644891105,-2.1529059710525065e-80,-1.515472473486937e-55,-8.751850577943651e-29,-0.0002215140696417126,0.17642439008876376
36.2631,2.3462524931699524e-81,1.5604459823762838e-57,3.1506881217510013e-30,8.748480990221279e-05,-1.184292932249801,-2.4665481130216653e-80,-1.2589550367941397e-55,-7.988398265939403e-29,-0.00045594678929566256,0.13268661196547163
36.2833,1.8354951266265055e-81,-4.216133317575028e-58,1.7633870945550308e-30,7.539651946864508e-05,-1.1824544906166996,-2.5537868327172347e-80,-9.910296570668933e-56,-6.936505135979852e-29,-0.0006044145216783853,0.09192208165507426
36.3032,1.3422973941213299e-81,-1.8828610174523928e-57,6.171080984847509e-31,6.18065104753506e-05,-1.1813378234362402,-2.465988662525878e-80,-7.30623842847445e-56,-5.731394980351399e-29,-0.0006795004496647243,0.05583335902297194
36.3230,8.918612510951684e-82,-2.865825120676417e-57,-2.7962763447704395e-31,4.79056131018587e-05,-1.1808294871260898,-2.2521807151308074e-80,-4.91482051612012e-56,-4.483678664808974e-29,-0.0006950448686745951,0.02541681550751688
36.3423,5.0052246875983715e-82,-3.43109869085385e-57,-9.354017761297675e-31,3.460560328562825e-05,-1.1808078991472803,-1.9566939116766562e-80,-2.826367850887165e-56,-3.2788707082636177e-29,-0.0006650004908115224,0.0010793989404745408
36.3631,1.769870338827485e-82,-3.649187947035694e-57,-1.371108275801524e-30,2.255425972631772e-05,-1.1811526676957051,-1.6176771743854432e-80,-1.0904462809092186e-56,-2.178532498358783e-29,-0.0006025671779655266,-0.017238427421235616
36.3832,-7.628376430803293e-83,-3.593803612349935e-57,-1.61562165400725e-30,1.216249647325576e-05,-1.18175151752665,-1.266353990953907e-80,2.7692167342879435e-57,-1.22256689102863e-29,-0.0005195881626530981,-0.029942491547243832
36.4032,-2.61659837092637e-82,-3.3366371445946195e-57,-1.7020693884211093e-30,3.6389242450639423e-06,-1.1825049973296282,-9.268803639230204e-81,1.2858323387765762e-56,-4.3223867206929744e-30,-0.00042617861140959085,-0.037673990148915516
36.4231,-3.849923014555319e-82,-2.943564065102456e-57,-1.6647810259262373e-30,-2.972090380783757e-06,-1.1833292408234528,-6.166623218144742e-81,1.9653653974608181e-56,1.8644181247435975e-30,-0.000330550731292385,-0.04121217469123456
36.4427,-4.543921116403711e-82,-2.4721454115771857e-57,-1.5369278924995092e-30,-7.752025927322507e-06,-1.1841571024757829,-3.469990509241961e-81,2.3570932676263504e-56,6.39265667133641e-30,-0.00023899677732693746,-0.04139308261650006
36.4632,-4.7917844258057826e-82,-1.970252696738602e-57,-1.3488223688794925e-30,-1.0871856031587219e-05,-1.184938006047852,-1.2393165470103576e-81,2.5094635741929184e-56,9.405276181000835e-30,-0.00015599150521323558,-0.03904517860345899
36.4832,-4.6901748423089893e-82,-1.475617998805348e-57,-1.1268138840317104e-30,-1.255941724789052e-05,-1.1856368368454016,5.0804791748396663e-82,2.473173489666269e-56,1.1100424242389104e-29,-8.437806081516502e-05,-0.03494153987747068
36.5032,-4.3325571641478547e-82,-1.0161048954270867e-57,-8.926986873539712e-31,-1.3071523125244563e-05,-1.1862321832142082,1.788088390805672e-81,2.2975655168913063e-56,1.170575983388696e-29,-2.560529386770221e-05,-0.02976731844033092
36.5232,-3.8043904756781323e-82,-6.105037741677655e-58,-6.635503686044286e-31,-1.2671311145745422e-05,-1.1867141954793292,2.6408334423486104e-81,2.0280056062966058e-56,1.1457415937477134e-29,2.001059897495703e-05,-0.02410061325605615
36.5432,-3.1800020307851525e-82,-2.6967270677320872e-58,-4.518761074260058e-31,-1.1610873492376341e-05,-1.187082286430779,3.1219422244648975e-81,1.7041553369727838e-56,1.0583713058921136e-29,5.302188266845404e-05,-0.018404547572487037
36.5632,-2.5209105752683088e-82,2.13095617910141e-60,-2.660078450966284e-31,-1.011889284280695e-05,-1.1873428509398882,3.295457277584219e-81,1.3590183147615505e-56,9.29341311646887e-30,7.459903247846955e-05,-0.01302822545546065
36.5835,-1.8753373491145774e-82,2.058558460225879e-58,-1.1064617764379764e-31,-8.392773785061489e-06,-1.1875071367466954,3.227866130768657e-81,1.0186244492174325e-56,7.768083372641538e-30,8.6305952887273e-05,-0.008214290340363372
36.6034,-1.2786371885524042e-82,3.462981626438475e-58,1.2513843604453288e-32,-6.594618064648704e-06,-1.1875893563783677,2.983500802810866e-81,7.02211583106298e-57,6.158001062412546e-30,8.990778602063922e-05,-0.0041109815836189246
36.6232,-7.543938368176301e-83,4.3085201035116135e-58,1.041330289243743e-31,-4.850324190460194e-06,-1.1876050932007887,2.6212167586738704e-81,4.2276923853656926e-57,4.58095926599605e-30,8.721469370942552e-05,-0.000786841121043629
36.6433,-3.1594769280749174e-83,4.684162755105771e-58,1.665994361788526e-31,-3.251084333391199e-06,-1.1875700237069255,2.192230720050692e-81,1.8782132579707854e-57,3.1233203627239147e-30,7.996199285344973e-05,0.0017534746931507023
36.6633,3.18437767685616e-84,4.6848449784950424e-58,2.0345327544898017e-31,-1.8565893805859812e-06,-1.1874989536454814,1.7389573478802666e-81,3.411116946357752e-60,1.842691963506378e-30,6.97247476402609e-05,0.0035535030722071035
36.6831,2.907767523444879e-83,4.4042659473272935e-58,2.18886458374637e-31,-6.993228031469088e-07,-1.1874051473620382,1.2946648778796314e-81,-1.4028951558387443e-57,7.71659146282843e-31,5.786332887195362e-05,0.004690314172167002
36.7032,4.6752987888576335e-83,3.929575717111844e-58,2.1732815806640146e-31,2.1058649812121008e-07,-1.1872999172891021,8.837656327063773e-82,-2.3734511510772462e-57,-7.791501541177873e-32,4.549546506340594e-05,0.005261503646807197
36.7232,5.720429310585741e-83,3.3377835014235465e-58,2.031197433512407e-31,8.803832841850266e-07,-1.1871924331784225,5.2256526086405395e-82,-2.958961078441488e-57,-7.104207357580384e-31,3.348983930319083e-05,0.00537420553397917
36.7432,6.1610514432466774e-83,2.6936723295719103e-58,1.8027624771379566e-31,1.3299078766817874e-06,-1.187089707586076,2.2031106633046818e-82,-3.22055585925818e-57,-1.1421747818722508e-30,2.247622962483804e-05,0.0051362796173192804
36.7630,6.121854956147579e-83,2.0489686109088687e-58,1.5232705112288416e-31,1.5872568484534508e-06,-1.1869967144180202,-1.95982435495492e-83,-3.223518593315208e-57,-1.397459829545575e-30,1.2867448588583167e-05,0.0046496584027849374
36.7835,5.7251462934544006e-83,1.4425027052570552e-58,1.2222553061232748e-31,1.6850331663749912e-06,-1.1869166001582658,-1.9835433134658926e-82,-3.032329528259067e-57,-1.5050760255278337e-30,4.888815896077023e-06,0.004005712987716848
36.8030,5.084106018827252e-83,9.01103113702772e-59,9.231585839267033e-32,1.6572634148336471e-06,-1.1868509519353228,-3.20520137313574e-82,-2.7069979577714165e-57,-1.4954836109828577e-30,-1.3884875770672066e-06,0.0032824111471525677
36.8232,4.298279451727256e-83,4.409872332148932e-59,6.434465272436725e-32,1.5370002962876203e-06,-1.1868000921333648,-3.929132835499981e-82,-2.300579402439394e-57,-1.3985602834151543e-30,-6.0131559273013466e-06,0.002542990097900111
36.8432,3.4510127592986234e-83,6.944108885609048e-60,3.9505569309677895e-32,1.3545829396008428e-06,-1.186763375235263,-4.236333462143162e-82,-1.8577307217940135e-57,-1.2419541707344675e-30,-9.12086783433887e-06,0.001835844905086892
36.8633,2.6085019744192318e-83,-2.1338498474437695e-59,1.850592259008021e-32,1.1364949457097092e-06,-1.1867394685289396,-4.212553924396959e-82,-1.4141303680023372e-57,-1.0499823359798842e-30,-1.090439969455668e-05,0.0011953353161718889
36.8832,1.820108767294534e-83,-4.127014408600649e-59,1.6458321949771346e-33,9.047392535487765e-07,-1.1867266038688293,-3.9419660356234887e-82,-9.965822805784399e-58,-8.430045197551538e-31,-1.1587784608046637e-05,0.0006432330055152501
36.9032,1.1196073359133387e-83,-5.374266964952269e-59,-1.1097985533048801e-32,6.766381292151503e-07,-1.1867227926229855,-3.502507156905977e-82,-6.2362627817581044e-58,-6.371908864012967e-31,-1.1405056216681307e-05,0.00019056229219186784
36.9230,5.270548222226419e-84,-5.987250364318849e-59,-1.9989969697085325e-32,4.649639982120217e-07,-1.1742199341886026,-2.962762568453484e-82,-3.064916996832897e-58,-4.445992082018261e-31,-1.0583706550156432e-05,0.6251429217191439
36.9432,5.10171476212608e-85,-6.087752891984652e-59,-2.54595596382876e-32,2.7831056006695396e-07,-1.1523427903628154,-2.3801883730069056e-82,-5.025126383290181e-59,-2.734794970601136e-31,-9.332671907253389e-06,1.093857191289358
36.9630,-3.090721371870507e-84,-5.797864614214926e-59,-2.8034178515892047e-32,1.2162184785413588e-07,-1.123434932493475,-1.8004464240415574e-82,1.4494413888486322e-58,-1.2873094388022241e-31,-7.834435610640903e-06,1.4453928934670186
36.9830,-5.6059477256206125e-84,-5.232576529034736e-59,-2.828309196314186e-32,-3.1919971767258363e-09,-1.0892540390914696,-1.2576131768750527e-82,2.826440425900952e-58,-1.2445672362490658e-32,-6.2406922515430855e-06,1.709044670100264
37.0029,-7.156010627395955e-84,-4.494655873407508e-59,-2.677279153079071e-32,-9.661086111926857e-08,-1.0511183690399657,-7.750314508876711e-83,3.689603278136135e-58,7.551502161755759e-32,-4.670943197127137e-06,1.906783502575198
37.0230,-7.889197166083704e-84,-3.6715360292826377e-59,-2.4033698714679904e-32,-1.6087835740901952e-07,-1.0100166165013378,-3.665932693438747e-83,4.1155992206243534e-58,1.3695464080554033e-31,-3.213374814487547e-06,2.0550876269313987
37.0429,-7.965735240134494e-84,-2.8339039844320263e-59,-2.0537357179716005e-32,-1.9942627818179157e-07,-0.9666903020973668,-3.8269037025394885e-84,4.1881602242530564e-58,1.7481707674819494e-31,-1.9273960386386016e-06,2.166315720198549
37.0629,-7.545194681264517e-84,-2.0356457117281464e-59,-1.668285959771012e-32,-2.163716420704631e-07,-0.9216955662943886,2.1027027943498868e-83,3.9912913635194e-58,1.9272487910029422e-31,-8.472681944335766e-07,2.2497367901489116
37.0832,-6.7770775812361635e-84,-1.3148132644965473e-59,-1.2791014835343098e-32,-2.1609836646273898e-07,-0.875449514442155,3.84058550014177e-83,3.604162236157994e-58,1.9459223811835103e-31,1.3663780386206874e-08,2.3123025926116836
37.1030,-5.794365101340728e-84,-6.953001332030554e-60,-9.104670373447246e-33,-2.0292750776918155e-07,-0.8282649755529797,4.9135623994771766e-83,3.09756565646746e-58,1.8431722309479258e-31,6.58542934677872e-07,2.359226944458763
37.1231,-4.709668835338708e-84,-1.8894727674075313e-60,-5.793631804618523e-33,-1.8087371328286258e-07,-0.7803765713860983,5.423481330010101e-83,2.5317642823115115e-58,1.6555192844143618e-31,1.1026897243159486e-06,2.394420208344072
37.1433,-3.61356650571687e-84,2.021542022104188e-60,-2.9627349697198686e-33,-1.534809446211516e-07,-0.7332423907184556,5.480511648109188e-83,1.9555073947558595e-58,1.415448417449327e-31,1.3696384330855492e-06,2.3567090333821326
37.1632,-2.57467576815748e-84,4.833510592911726e-60,-6.6179824536268585e-34,-1.2372751144759927e-07,-0.6895019285153007,5.194453687796952e-83,1.405984285403769e-58,1.1504683621785913e-31,1.4876716586776167e-06,2.18702311015775
37.1831,-1.6410271688984885e-84,6.652476385442676e-60,1.1036121926269625e-33,-9.398878588057906e-08,-0.6509311828927007,4.668242996294958e-83,9.094828962654749e-59,8.827052189948241e-32,1.4869362783510102e-06,1.9285372811299983
37.2031,-8.423290893203354e-85,7.617552146714328e-60,2.361453289561581e-33,-6.604541455247916e-08,-0.6185519694428729,3.993490397890765e-83,4.825378806358258e-59,6.289205484673092e-32,1.3971685664049949e-06,1.6189606724913845
37.2231,-1.9276578427750053e-85,7.884305838865207e-60,3.16314691488885e-33,-4.1125161183255487e-08,-0.5927591579296141,3.2478165252141745e-83,1.3337684607543956e-59,4.008468126636345e-32,1.2460126684611836e-06,1.289640575662941
37.2432,3.0597264156127565e-85,7.611312757646454e-60,3.57462831899097e-33,-1.9967461485342402e-08,-0.5734537165595774,2.4936921291938808e-83,-1.3649654060937653e-59,2.0574070205106038e-32,1.0578849848956541e-06,0.9652720685018317
37.2630,6.616681024466813e-85,6.949889181273602e-60,3.668761672928102e-33,-2.9011390227870444e-09,-0.5601721292791596,1.778477304427028e-83,-3.3071178818642607e-59,4.706667696856617e-33,8.533161231277678e-07,0.6640793640208897
37.2827,8.887396119639346e-85,6.036828148117547e-60,3.519235988005265e-33,1.0072671165496697e-08,-0.552205327802781,1.1353575475862667e-83,-4.565305165780276e-59,-7.476284246141844e-33,6.486905094141871e-07,0.39834007381892983
37.3029,1.0057188673840386e-84,4.989822684363452e-60,3.195937565032822e-33,1.91986685367797e-08,-0.5487026237680145,5.848962771005197e-84,-5.235027318770471e-59,-1.616492114862218e-32,4.5629986856415023e-07,0.17513520173832403
37.3231,1.0331101769060742e-84,3.9051792254860743e-60,2.7617074939015196e-33,2.489124645303517e-08,-0.5487581550565431,1.3695654761017813e-84,-5.42321729438689e-59,-2.17115035565651e-32,2.846288958127736e-07,-0.0027765644264298173
37.3422,9.916670484332365e-85,2.8573858777988766e-60,2.270332490918952e-33,2.7667205103044666e-08,-0.5514790309602313,-2.072156423641887e-84,-5.23896673843599e-59,-2.4568750149128385e-32,1.3879793250047467e-07,-0.13604379518440926
37.3627,9.01084679172614e-85,1.9000977143655454e-60,1.7655812892268892e-33,2.8089141784369105e-08,-0.5560356627710679,-4.5291184630311245e-84,-4.786440817166655e-59,-2.5237560084603144e-32,2.1096834066222002e-08,-0.22783159054182928
37.3828,7.790828214767903e-85,1.0681257289286145e-60,1.2810830106042286e-33,2.672024578830029e-08,-0.5616957136036156,-6.100092884791185e-84,-4.159859927184655e-59,-2.4224913931133025e-32,-6.844479980344081e-08,-0.28300254162738464
37.4032,6.408364589163151e-85,3.800591961151994e-61,8.408443210009794e-34,2.409035904395066e-08,-0.5678437256524937,-6.912318128023759e-84,-3.4403326640670755e-59,-2.2011934480162454e-32,-1.3149433721748146e-07,-0.307400602443908
37.4230,4.9870149946097973e-85,-1.5879425526177395e-61,4.6021464453848385e-34,2.0672522443051398e-08,-0.5739888278906871,-7.106747972766765e-84,-2.6942672568848667e-59,-1.903148382312478e-32,-1.708918300449631e-07,-0.30725511190966603
37.4431,3.621781899018195e-85,-5.534066884787975e-61,1.4712950851930314e-34,1.6868793645793868e-08,-0.5797630416365751,-6.8261654779580135e-84,-1.9730621660851178e-59,-1.5654256800959035e-32,-1.9018643986287652e-07,-0.28871068729440463
37.4631,2.380550163383401e-85,-8.161616120828373e-61,-9.651211400624058e-35,1.3003869429103087e-08,-0.584912636188481,-6.206158678173969e-84,-1.3137746180201992e-59,-1.2182081126277185e-32,-1.93246210834539e-07,-0.25747972759529447
37.4831,1.3067933518543015e-85,-9.64258108060897e-61,-2.7345260406002396e-34,9.324944100838817e-09,-0.5892847906717859,-5.368784057645497e-84,-7.404824798902982e-60,-8.847024502689168e-33,-1.8394626641321352e-07,-0.21860772416524415
37.5031,4.2306814209621896e-86,-1.017474993560788e-60,-3.897508153567601e-34,6.0062534585902854e-09,-0.5928115358346416,-4.4186260487904125e-84,-2.6608442749945453e-60,-5.8149105648368036e-33,-1.6593453211242658e-07,-0.17633725814279183
37.5231,-2.6510985374811614e-86,-9.963391580720588e-61,-4.535894249079065e-34,3.1568602693884695e-09,-0.5954926192973894,-3.4408899792216752e-84,1.0567917744364552e-60,-3.191930477557323e-33,-1.4246965946009079e-07,-0.13405417313738527
37.5430,-7.653367594064806e-86,-9.207069319711885e-61,-4.742530165767919e-34,8.304037613237993e-10,-0.5973785914772911,-2.501134528291822e-84,3.7816113050435176e-60,-1.0331795834442725e-33,-1.163228254032335e-07,-0.09429860899508706
37.5634,-1.094586733085865e-85,-8.087403464772645e-61,-4.612955293338485e-34,-9.642628454041312e-10,-0.5985550718642643,-1.6462498683969222e-84,5.598329274696204e-60,6.478743621471715e-34,-8.973333033639652e-08,-0.058824019348658246
37.5834,-1.2758490093602515e-85,-6.762409865681855e-61,-4.2389968214161e-34,-2.2524070297258313e-09,-0.5991288445833226,-9.063113813719321e-85,6.624967995453946e-60,1.869792359611924e-33,-6.440720921608499e-08,-0.028688635952917173
37.6035,-1.3352447760044263e-85,-5.362920074422852e-61,-3.704188158189346e-34,-3.0833707461835563e-09,-0.5992161601883014,-2.969788332208736e-85,6.997448956295016e-60,2.674043316133773e-33,-4.1548185822886253e-08,-0.004365780248936343
37.6234,-1.2996769144272918e-85,-3.991527526513229e-61,-3.0808303712779192e-34,-3.5215912887558366e-09,-0.5989333940214217,1.7783930788567267e-85,6.856962739548117e-60,3.1167889345571335e-33,-2.191102712861402e-08,0.014138308343985575
37.6430,-1.1950204033788034e-85,-2.7234914639902172e-61,-2.428462208817674e-34,-3.6389612183596968e-09,-0.5983900324956609,5.23282555242442e-85,6.340180312615056e-60,3.261840812301226e-33,-5.868496480193006e-09,0.027168076288037846
37.6630,-1.0448267958897089e-85,-1.609054929258546e-61,-1.79347835444343e-34,-3.50865099246101e-09,-0.597683826142285,7.509680374454725e-85,5.572182673658357e-60,3.174919271871221e-33,6.515511294934336e-09,0.035310317668794854
37.6831,-8.694919825195055e-86,-6.766842324542794e-62,-1.2096317623961409e-34,-3.2003992634893343e-09,-0.5968978585494003,8.766740668510171e-85,4.661853484021332e-60,2.919232960236445e-33,1.5412586448583783e-08,0.03929837964423483
37.7031,-6.858213535406826e-86,6.319484409617707e-63,-6.991689126169057e-35,-2.7771865109512176e-09,-0.5960992280824571,9.183531448941145e-85,3.6993953827522826e-60,2.552314248896176e-33,2.116063762690584e-08,0.03993152334716059
37.7230,-5.0691910059412446e-86,6.143124608632488e-62,-2.7437164052546497e-35,-2.293145755890557e-09,-0.5953390182879865,8.945112647327906e-85,2.7555880838353587e-60,2.1239863604572037e-33,2.420203775303303e-08,0.03801048972352539
37.7431,-3.423272648485584e-86,9.907919257867578e-62,6.068861197464345e-36,-1.792526444241628e-09,-0.5946532365855388,8.229591787278303e-85,1.8823973246175444e-60,1.675301262500542e-33,2.5030965582446443e-08,0.03428908512238732
37.7629,-1.9834375214847037e-86,1.213704008932184e-61,3.083424846312462e-35,-1.3095103738504337e-09,-0.594064422854255,7.199175635004403e-85,1.114560415727131e-60,1.2382693632830136e-33,2.4150803519559715e-08,0.029440686564190646
37.7830,-7.845549249449611e-87,1.3080658307553226e-61,4.755823400458235e-35,-8.686776986260119e-10,-0.5935836639252211,5.994412982698714e-85,4.71809109115693e-61,8.361992770728864e-34,2.2041633761221087e-08,0.024037946451691643
37.8030,1.616803179565437e-87,1.3003532472773572e-61,5.72477291204007e-35,-4.859325302901348e-10,-0.5932127916336168,4.7311762145075235e-85,-3.856291738982703e-62,4.844747557909177e-34,1.9137258416793852e-08,0.018543614580215764
37.8231,8.616559310552797e-87,1.2165476148322417e-61,6.107998671004043e-35,-1.6971770222081895e-10,-0.5929465866575809,3.4998780654936795e-85,-4.1902816222557746e-61,1.9161287948198612e-34,1.5810741403465793e-08,0.013310248801796067
37.8433,1.3349382850160149e-86,1.0807005336084706e-61,6.02893806996678e-35,7.762648096441707e-11,-0.5927748544667835,2.366411769803676e-85,-6.792354061188556e-61,-3.9530300518631703e-35,1.2367209159261801e-08,0.008586609539873561
37.8631,1.6098037533856053e-86,9.13973190674134e-62,5.607906334990825e-35,2.584770294954791e-10,-0.5926842807963627,1.3743273418479522e-85,-8.336367146716828e-61,-2.1051586748797715e-34,9.0425274265531e-09,0.0045286835210392755
37.8830,1.719364629459662e-86,7.3408929203293355e-62,4.95565815365941e-35,3.7860631912404685e-10,-0.5926600104364497,5.478043803702826e-86,-8.994194932060024e-61,-3.261240906657076e-34,6.0064644814283875e-09,0.0012135179956512896
37.9031,1.6983734087476247e-86,5.551310105300572e-62,4.169132528441284e-35,4.4598690719802986e-10,-0.5926869237810123,-1.0495610356018663e-86,-8.947914075143818e-61,-3.93262812609063e-34,3.36902940369915e-09,-0.0013456672281288097
37.9231,1.5807275886887392e-86,3.8760443877109652e-62,3.3290903578212124e-35,4.697631338216354e-10,-0.5927506101032578,-5.882291002944274e-86,-8.376328587948035e-61,-4.200210853100358e-34,1.188811331180273e-09,-0.0031843161122760305
37.9431,1.3976495683232507e-86,2.387032436256102e-62,2.499313308386886e-35,4.5940951576004134e-10,-0.5928380549794308,-9.153901018274424e-86,-7.445059757274316e-61,-4.148885247171632e-34,-5.176809030797013e-10,-0.0043722438086499
37.9631,1.1764820789497392e-86,1.1270515264895885e-62,1.7270217228079285e-35,4.2407973126824333e-10,-0.592938072078479,-1.105837446867557e-85,-6.299904548832567e-61,-3.861457927894789e-34,-1.7664892245899e-09,-0.005000854952411423
37.9832,9.400175371826214e-87,1.144427525753282e-63,1.0441817302552344e-35,3.721376090233002e-10,-0.5930415173187408,-1.1823227088355894e-85,-5.063043869571302e-61,-3.4141999627634706e-34,-2.597106112247155e-09,-0.0051722620130877335
38.0031,7.062680786263256e-87,-6.518803930148868e-63,4.6940083202539975e-36,3.1085276079819487e-10,-0.5931413269504969,-1.1687472927814785e-85,-3.831615727951075e-61,-2.873904491149173e-34,-3.0642424112552668e-09,-0.004990481587809762
38.0232,4.885798999915243e-87,-1.1875099286266548e-62,1.0151108431499771e-37,2.462379589814742e-10,-0.5932324212979686,-1.0884408931740066e-85,-2.6781476780588403e-61,-2.2962486179694998e-34,-3.230740090836035e-09,-0.0045547173735828225
38.0433,2.9599897201593187e-87,-1.5179814846178814e-62,-3.348952507698152e-36,1.830025800800452e-10,-0.5933115135213786,-9.629046398779622e-86,-1.6523577799561338e-61,-1.7252317960065746e-34,-3.1617689450714486e-09,-0.0039546111704975885
38.0631,1.3380333771328164e-87,-1.6747562625342286e-62,-5.735863051246125e-36,1.245958910991708e-10,-0.5933768586183377,-8.109781715132511e-86,-7.838738895817359e-62,-1.1934552717739863e-34,-2.920334449043722e-09,-0.0032672548479537834
38.0831,4.1284117234970614e-89,-1.6918519702194353e-62,-7.181894175832337e-36,7.331512089756471e-11,-0.5934279726646411,-6.483746299489229e-86,-8.547853842603339e-63,-7.23015562293106e-35,-2.564038510080304e-09,-0.002555702315168624
38.1031,-9.337548747225121e-88,-1.6031626327701741e-62,-7.835503868722055e-36,3.045563599250627e-11,-0.5934653465801745,-4.875194959787413e-86,4.434466872463056e-62,-3.2680484644485935e-35,-2.142974245252922e-09,-0.0018686957766694814
38.1231,-1.6090088262072734e-87,-1.4404558717170179e-62,-7.855580906266021e-36,-3.5163158458379395e-12,-0.5934901729626983,-3.3762697574238064e-86,8.135338052657814e-62,-1.0038518771982837e-36,-1.6985975919172104e-09,-0.001241319126194989
38.1432,-2.018908760248408e-87,-1.2319984486241296e-62,-7.399303830048034e-36,-2.8784300773845817e-11,-0.5935040991125137,-2.0494996702056727e-86,1.0422871154644415e-61,2.281385381089935e-35,-1.2633992464003939e-09,-0.000696307490767482
38.1631,-2.2051991851643545e-87,-1.0017354743870155e-62,-6.613137793081662e-36,-4.600823142342097e-11,-0.5935090145188087,-9.31452124579732e-87,1.15131487118557e-61,3.9308301848318617e-35,-8.611965324787579e-10,-0.00024577031475087887
38.1831,-2.212605052741453e-87,-7.689341152459591e-63,-5.6267249977719826e-36,-5.616568552519708e-11,-0.5935068769430857,-3.702933788549268e-88,1.1640067957052822e-61,4.932063976548395e-35,-5.078727050888055e-10,0.00010687878614654904
38.2032,-2.08540315025979e-87,-5.481970489754093e-63,-4.549311901423404e-36,-6.041383497001734e-11,-0.5934995778853926,6.360095124083165e-87,1.1036853313527493e-61,5.387065481742891e-35,-2.1240747224101286e-10,0.00036495288465067263
38.2232,-1.864877534382955e-87,-3.4975242633397237e-63,-3.468293365076566e-36,-5.997511695543148e-11,-0.5934888456596836,1.1026280793841744e-86,9.922231132071847e-62,5.40509268173419e-35,2.1935900729292384e-11,0.0005366112854496658
38.2431,-1.5875906704123517e-87,-1.7993381377285632e-63,-2.4494318609118438e-36,-5.604757142716621e-11,-0.5934761824915052,1.3864343198530173e-86,8.490930628055803e-62,5.094307520823612e-35,1.9637727641326373e-10,0.0006331584089218497
38.2632,-1.284370082209658e-87,-4.1773825525647884e-64,-1.538319821133591e-36,-4.973905799533728e-11,-0.5934628309065654,1.5161029410134685e-86,6.907999412360422e-62,4.555560198891262e-35,3.1542567159144645e-10,0.0006675792469908357
38.2830,-9.798924361250582e-88,6.43525951912973e-64,-7.626866020318863e-37,-4.2023329441745347e-11,-0.593449764104151,1.5223882304229987e-86,5.30632103584726e-62,3.8781660955085243e-35,3.8578642767959666e-10,0.000653340120722968
38.3031,-6.927406553941049e-88,1.4008625501752837e-63,-1.352004915836944e-37,-3.371513326004668e-11,-0.5934376948967753,1.4357589036547666e-86,3.786682991311553e-62,3.1374305522409593e-35,4.154098090849335e-10,0.000603460368778811
38.3231,-4.3581238052224356e-88,1.8848132458614995e-63,3.4352612074747115e-37,-2.5461078128169875e-11,-0.5934270980381214,1.2846413743593064e-86,2.4197534784310793e-62,2.3936330616558277e-35,4.1270275659384014e-10,0.0005298429326938329
38.3422,-2.1696743153701297e-88,2.1346874728744713e-63,6.81959512750997e-37,-1.7742872091572078e-11,-0.5934182412525281,1.094224744926153e-86,1.2493711350648596e-62,1.6921669600176294e-35,3.8591030182988973e-10,0.0004428392796684005
38.3630,-3.981567390586924e-89,2.194011894761732e-63,8.948669859885816e-37,-1.0889645238629408e-11,-0.5934112209288657,8.857587881557187e-87,2.966221094363033e-63,1.064537366187923e-35,3.4266134264713353e-10,0.0003510161831192173
38.3831,9.543708475184072e-89,2.1068644974914737e-63,1.000855571757455e-36,-5.096346384604641e-12,-0.5934059991710713,6.762637932885498e-87,-4.3573698635129215e-63,5.2994292884436774e-36,2.8966494270123837e-10,0.0002610878897201331
38.4030,1.9115042866001274e-88,1.9150920796892913e-63,1.0202956767786629e-36,-4.455914610097864e-13,-0.5934024396431455,4.785667195408601e-87,-9.588620890109113e-63,9.720052510603925e-37,2.325377461797427e-10,0.00017797639628767245
38.4230,2.51466410871541e-88,1.6563572415562971e-63,9.73658014937849e-37,3.0692102193469416e-12,-0.5808997699972013,3.0157991105764124e-87,-1.2936741906649708e-62,-2.3318830920406945e-36,1.757400840178364e-10,0.6251334822972158
38.4431,2.8161541287789475e-88,1.3629246784631736e-63,8.802602876609676e-37,5.521158866453671e-12,-0.5590227677627431,1.5074501003176863e-87,-1.4671628154656172e-62,-4.6698863638440675e-36,1.2259743235533646e-10,1.0938501117229118
38.4629,2.8733023960998637e-88,1.0610747754355406e-63,7.573963749436486e-37,7.028850819796498e-12,-0.5301150160868994,2.857413366045806e-88,-1.509249515138165e-62,-6.143195635865954e-36,7.538459766714134e-11,1.445387583792184
38.4831,2.743765452824559e-88,7.710228616386834e-64,6.198046579090403e-37,7.737888735615828e-12,-0.4959342023300166,-6.476847163765238e-88,-1.4502595689842858e-62,-6.879585851730411e-36,3.545189579096651e-11,1.709040687844138
38.5032,2.4819868181986067e-88,5.072225545927196e-64,4.794225906585417e-37,7.805393848343376e-12,-0.45779859201235457,-1.3088931731297605e-87,-1.3190015352298193e-62,-7.019103362524929e-36,3.3752556363773937e-12,1.9067805158831035
38.5232,2.136733633137226e-88,2.789389710326835e-64,3.453706847811553e-37,7.387699051988434e-12,-0.416696884274108,-1.7262659253069023e-87,-1.1414179178001804e-62,-6.702595293869322e-36,-2.0884739817747082e-11,2.0550853869123276
38.5432,1.7495897263529573e-88,9.098994510069543e-65,2.2410951428624613e-37,6.6311660116029214e-12,-0.3733706034704231,-1.9357195339213445e-87,-9.397451296599403e-63,-6.063058524745457e-36,-3.7826652019275615e-11,2.1663140401842456
38.5631,1.3542564126835781e-88,-5.543122105433735e-65,1.197170655578895e-37,5.665896270617612e-12,-0.32837589286765945,-1.9766665683468955e-87,-7.321058307751639e-63,-5.2196224364178314e-36,-4.8263487049265475e-11,2.2497355301381843
38.5832,9.765010426705291e-89,-1.619212224073517e-64,3.423970507814865e-38,4.6019901886415734e-12,-0.2821298599155867,-1.888776850065245e-87,-5.324500067650717e-63,-4.273868023987042e-36,-5.319530409880194e-11,2.312301647603638
38.6029,6.345944526005107e-89,-2.3207345007767135e-64,-3.1922697586345897e-38,3.52794121584105e-12,-0.23494533520153213,-1.7095329503500925e-87,-3.507611383515983e-63,-3.308120133224727e-36,-5.3702448640026175e-11,2.3592262357027285
38.6229,3.400888428919662e-89,-2.707632138257508e-64,-7.962913772953605e-38,2.5107280132901944e-12,-0.18705694166599118,-1.4725280485427226e-87,-1.934488187403973e-63,-2.385322007159508e-36,-5.0860660127542784e-11,2.3944196767770465
38.6430,9.880430503703979e-90,-2.8353474380726533e-64,-1.1063121957315652e-37,1.5971744305796409e-12,-0.139917230014376,-1.2064226892746318e-87,-6.385764990757274e-64,-1.5501040921810226e-36,-4.567767913552767e-11,2.3569855825807586
38.6630,-8.808735665637736e-90,-2.7610130666496532e-64,-1.2724490778148246e-37,8.161787777119473e-13,-0.09616741247480207,-9.344583084670857e-88,3.7167185711500036e-64,-8.306844104162973e-37,-3.9049782643384674e-11,2.187490876978697
38.6834,-2.229708615270576e-89,-2.539601504083424e-64,-1.3207047947083797e-37,1.8146131139846045e-13,-0.057585004571633486,-6.744175243534012e-88,1.1070578128311463e-63,-2.412785844677756e-37,-3.1735873315674346e-11,1.929120395158429
38.7033,-3.1075523848844433e-89,-2.2211667419137467e-64,-1.2776542946960431e-37,-3.054644670205624e-13,-0.02519309836995904,-4.389218848069336e-88,1.592173810848387e-63,2.1525250006168224e-37,-2.434628892095114e-11,1.6195953100837222
38.7230,-3.5794820690017775e-89,-1.849070665771664e-64,-1.1687071620050282e-37,-6.523309328135958e-13,0.0006124171834943348,-2.359648420586669e-88,1.860480380710414e-63,5.447356634550747e-37,-1.7343323289651668e-11,1.2902757776726688
38.7432,-3.7186604079496715e-89,-1.4590543687188019e-64,-1.0168743827664654e-37,-8.73340926189555e-13,0.019929808817574706,-6.958916947394686e-89,1.9500814852643098e-63,7.591638961928144e-37,-1.1050499668797963e-11,0.9658695817040186
38.7632,-3.5999245376836114e-89,-1.0789988838060272e-64,-8.419873353715553e-38,-9.866979656501512e-13,0.0332220640140805,5.936793513303e-89,1.900277424563873e-63,8.744352369745505e-37,-5.6678519730298075e-12,0.6646127598252898
38.7832,-3.2948771627230496e-89,-7.292173370930846e-65,-6.603028097030794e-38,-1.0125138673065893e-12,0.04119793157061502,1.5252368748028085e-88,1.748907733564713e-63,9.084226283423794e-37,-1.290795082821902e-12,0.39879337782672586
38.8030,-2.8683990017392456e-89,-4.231281368327925e-65,-4.844212468695377e-38,-9.711249615105224e-13,0.044707956343779005,2.1323908049190213e-88,1.53044600130146e-63,8.794078141677084e-37,2.0694452898033417e-12,0.17550123865819933
38.8251,-2.3764364408970376e-89,-1.6817354842760594e-65,-3.234447999322092e-38,-8.818157844728409e-13,0.044657997543025255,2.4598128042110395e-88,1.274772942025933e-63,8.048822346866426e-37,4.4654588518840735e-12,-0.002497940037687524
38.8432,-1.8648783338115592e-89,3.313280578194039e-66,-1.8330577673328026e-38,-7.619249546262094e-13,0.041941048589878425,2.557790535427391e-88,1.0065317710477315e-63,7.006951159946447e-37,5.994541492331578e-12,-0.1358474476573414
38.8633,-1.369317053468757e-89,1.821246030921837e-65,-6.720316273008675e-39,-6.262913349636632e-13,0.0373868739596256,2.477806401714011e-88,7.449589865512165e-64,5.805130700159676e-37,6.781680983127312e-12,-0.22770873151264132
38.8832,-9.1548707000353e-90,2.829409748893352e-65,2.390598753611358e-39,-4.869886401189337e-13,0.031728030549358445,2.2691499173261356e-88,5.040818589857573e-64,4.5554575133100165e-37,6.9651347422364735e-12,-0.2829421705133578
38.9029,-5.201853582043978e-90,3.4157679524383867e-65,9.080349098359701e-39,-3.532923005782506e-13,0.025580216158696573,1.9765085589956607e-88,2.931791017725174e-64,3.3448751723741714e-37,6.684816977034156e-12,-0.3073907195330937
38.9232,-1.9249795286278486e-90,3.65059052795086e-65,1.3552840911019376e-38,-2.3182250788804324e-13,0.019434542396178374,1.6384370267080647e-88,1.1741128775623647e-64,2.2362459063298376e-37,6.073489634510369e-12,-0.30728368812591
38.9435,6.481747831519195e-91,3.607672027908163e-65,1.609403931585297e-38,-1.2681081289710511e-13,0.01365921453051902,1.286577155889884e-88,-2.145925002134845e-65,1.270599202416797e-37,5.2505847495469065e-12,-0.2887663932829676
38.9630,2.5391500299976305e-90,3.3590228312016503e-65,1.7034295760526985e-38,-4.044339288007521e-14,0.008508165759443366,9.454876234228554e-89,-1.2432459835325622e-64,4.701282223370087e-38,4.318371000851495e-12,-0.25755243855378274
38.9830,3.8050324633320556e-90,2.9709945637996667e-65,1.671743034840088e-38,2.6758775705501737e-14,0.004134389235570023,6.329412166672126e-89,-1.9401413370099168e-64,-1.584327060630531e-38,3.360108429278847e-12,-0.21868882619366714
39.0031,4.526142340532951e-90,2.501713689420199e-65,1.5476735468402247e-38,7.555487560235435e-14,0.0006059934885308147,3.605549386004478e-89,-2.3464043718973378e-64,-6.203474399993162e-38,2.43980499484263e-12,-0.17641978735196043
39.0230,4.795406208001646e-90,1.9996502122703864e-65,1.361761018029914e-38,1.0761865798885254e-13,-0.0020766629310604405,1.3463193373434734e-89,-2.510317385749063e-64,-9.295626440515545e-38,1.6031891193249096e-12,-0.13413282097956275
39.0430,4.709629736123068e-90,1.5031235916718038e-65,1.1406209603403859e-38,1.2520937529939503e-13,-0.003964055469890255,-4.288823593928889e-90,-2.4826331029929133e-64,-1.10570028844764e-37,8.795358655271245e-13,-0.09436962694149074
39.0630,4.362719598046751e-90,1.0405412107225585e-65,9.063286594528168e-39,1.3088985076433819e-13,-0.005141756545819201,-1.734550690381587e-89,-2.312911904746226e-64,-1.1714615044378457e-37,2.8402377324715833e-13,-0.05888505379644729
39.0832,3.8407738186067077e-90,6.31171952367271e-66,6.762297142199709e-39,1.2729681631718526e-13,-0.005716526960016758,-2.6097288972002154e-89,-2.046846291776437e-64,-1.1504947261642293e-37,-1.7965172235764578e-13,-0.02873852070987786
39.1032,3.2188680549102727e-90,2.862746914587692e-66,4.6308172244213826e-39,1.1696423150278946e-13,-0.005804613153063921,-3.109528818482174e-89,-1.7244863045425092e-64,-1.0657399588891633e-37,-5.166292407197902e-13,-0.004404309652358121
39.1234,2.5593066488433303e-90,1.0425264289866618e-67,2.7543582526223547e-39,1.0219693900182525e-13,-0.005522401008665458,-3.297807030334712e-89,-1.3792471358445127e-64,-9.38229485899514e-38,-7.383646250482111e-13,0.01411060721992317
39.1434,1.9110771953625236e-90,-1.970873219442023e-66,1.1817525286157424e-39,8.498965328599256e-14,-0.004979397839846683,-3.241147267404033e-89,-1.0375629311703445e-64,-7.863028620033061e-38,-8.603642857916341e-13,0.02715015844093875
39.1629,1.3102404735301672e-90,-3.408965223031018e-66,-6.860691610616125e-41,6.69848098019585e-14,-0.0042733815928418005,-3.004183609161782e-89,-7.190460017944977e-65,-6.251797223609518e-38,-9.002421742017032e-13,0.03530081235024411
39.1831,7.8099850374409e-91,-4.282996312340904e-66,-1.0022600846812195e-39,4.9462088600815443e-14,-0.003487466512017631,-2.6462098489303865e-89,-4.370155446549428e-65,-4.6682658428752907e-38,-8.761360600571529e-13,0.03929575404120848
39.2029,3.3720711617988664e-91,-4.681539850582864e-66,-1.64236435603164e-39,3.335232238390922e-14,-0.002688782210678446,-2.2189569378210166e-89,-1.9927176912097995e-65,-3.2005213567521024e-38,-8.05488310845311e-13,0.03993421506695925
39.2230,-1.5868851464059017e-92,-4.699555113229362e-66,-2.023900698182557e-39,1.9268858378195004e-14,-0.0019284420520333501,-1.7653798382197283e-89,-9.007631323249029e-67,-1.9076817107545848e-38,-7.041732002857109e-13,0.03801700793225478
39.2430,-2.797236961091747e-91,-4.431093253420474e-66,-2.1886189129047914e-39,7.55012887121764e-15,-0.0012424804099275275,-1.3192742232255784e-89,1.342309299044441e-65,-8.235910736111715e-39,-5.859364753488682e-13,0.03429808210529113
39.2629,-4.60831407826461e-91,-3.9638812633585797e-66,-2.1808404391721796e-39,-1.6919259912884408e-15,-0.0006534603537525089,-9.055385585864314e-90,2.336059950309473e-65,3.889236866305877e-40,-4.62102743125304e-13,0.02945100280875093
39.2832,-5.69012307144838e-91,-3.375639395010644e-66,-2.04415615752239e-39,-8.521951578690696e-15,-0.00017248769039609433,-5.409044965918853e-90,2.9412093417396785e-65,6.83421408248948e-39,-3.415012793701127e-13,0.024048633167820726
39.3031,-6.160072432049305e-91,-2.7319196300490536e-66,-1.8189935768337043e-39,-1.3133153674520945e-14,0.00019859106854498221,-2.3497468030046256e-90,3.2185988248079523e-65,1.1258129034434279e-38,-2.3056010479151245e-13,0.018553937947053827
39.3235,-6.142930106577041e-91,-2.0852146285249174e-66,-1.540982026707168e-39,-1.5803566025922374e-14,0.0004649846736380907,8.571162736132254e-92,3.23352500762068e-65,1.3900577506326822e-38,-1.335206175700715e-13,0.013319680254655424
39.3422,-5.76149755607822e-91,-1.4750729996703203e-66,-1.2400144425098355e-39,-1.6858161327918106e-14,0.0006368807970396366,1.907162752494104e-90,3.0507081442729852e-65,1.504837920986662e-38,-5.2729765099786516e-14,0.008594806170077296
39.3628,-5.129733289839412e-91,-9.289623980491532e-67,-9.398878878112461e-40,-1.6637618124739816e-14,0.0007275900417684179,3.158821331194044e-90,2.730553008105835e-65,1.500632773492947e-38,1.1027160158914437e-14,0.004535462236439062
39.3825,-4.3481260927699407e-91,-4.636417029503287e-67,-6.583996985186293e-40,-1.547395363487171e-14,0.0007519665728088988,3.9080359853473563e-90,2.3266034754941224e-65,1.4074409464630842e-38,5.818322449340527e-14,0.001218826552024043
39.4030,-3.501033129401641e-91,-8.683267944919065e-68,-4.07779574638049e-40,-1.3672768049378329e-14,0.0007251309767207255,4.235464816841499e-90,1.8840451175056904e-65,1.2531006194029018e-38,9.005927927466908e-14,-0.0013417798044086642
39.4230,-2.6556514191113176e-91,2.0098404894361434e-67,-1.953477072493308e-40,-1.1501512777295593e-14,0.000661496421051352,4.226908551451616e-90,1.439083641964025e-65,1.062159336943591e-38,1.085627636041368e-13,-0.0031817277834686746
39.4429,-1.862276051246896e-91,4.0478755230160126e-67,-2.4302944272832277e-41,-9.182980556595805e-15,0.0005740807190362407,3.966876839322108e-90,1.0190175167899344e-65,8.552238148824925e-39,1.1592661103498938e-13,-0.004370785100755562
39.4630,-1.155507962273766e-91,5.3335292668199535e-67,1.0543880461591155e-40,-6.893102557675215e-15,0.00047407409938273284,3.5338404448656496e-90,6.428268719019704e-66,6.487087444437191e-39,1.1449389994602945e-13,-0.005000330982675394
39.4831,-5.561014178074926e-92,5.977757818663712e-67,1.964187880055147e-40,-4.7621079050242606e-15,0.00037062468867963796,2.9970327223313668e-90,3.221142759218792e-66,4.548999169480159e-39,1.0654973263254773e-13,-0.005172470535154744
39.5031,-7.3180424389338015e-93,6.102263763426708e-67,2.528686482673862e-40,-2.878135441234589e-15,0.00027080014933153853,2.414604967090773e-90,6.225297238149805e-67,2.822493013093575e-39,9.419862318948358e-14,-0.004991226967404972
39.5231,2.9340114613763826e-92,5.829507396193353e-67,2.8003392456774666e-40,-1.2924679669182599e-15,0.00017968373586057165,1.8329078526348812e-90,-1.3637818361667768e-66,1.3582638150180225e-39,7.928337371581645e-14,-0.004555820673548344
39.5433,5.507332552646121e-92,5.275169676996735e-67,2.836058463189522e-40,-2.5669283165917734e-17,0.00010056540160571218,1.2866605456348693e-90,-2.7716885959830886e-66,1.7859608756027694e-40,6.333993418761711e-14,-0.0039559167127429734
39.5634,7.106883417939658e-92,4.542906206979468e-67,2.692684368532192e-40,9.25969886638294e-16,3.519272681822485e-05,7.997754326467684e-91,-3.661317350086337e-66,-7.168704732866489e-40,4.7581958490210585e-14,-0.0032686337393743664
39.5830,7.880133561833431e-92,3.7211342320477495e-67,2.4235927354272634e-40,1.5841410707931552e-15,-1.594834288148414e-05,3.866250719468866e-91,-4.108859874658593e-66,-1.3454581655246444e-39,3.290855920774306e-14,-0.0025570534849854495
39.6034,7.987263156043755e-92,2.8815371969260955e-67,2.076358446472931e-40,1.982720994661712e-15,-5.3347244583376836e-05,5.3564797105161984e-92,-4.1979851756082696e-66,-1.7361714447716624e-39,1.9928996193427827e-14,-0.0018699450850946347
39.6232,7.588374562338873e-92,2.078947188769289e-67,1.6913512229688057e-40,2.1626926778834266e-15,-7.819558618479374e-05,-1.9944429685244115e-91,-4.012950040784031e-66,-1.9250361175206263e-39,8.998584161085735e-15,-0.0012424170800708456
39.6431,6.833905643319879e-92,1.352267851325527e-67,1.3011147319625834e-40,2.167909879626707e-15,-9.214010721476881e-05,-3.7723445950949704e-91,-3.6333966872188103e-66,-1.9511824550311114e-39,2.6086008716402143e-16,-0.000697226051498753
39.6632,5.8580196154564406e-92,7.261222771631738e-68,9.303704797901617e-41,2.0417481881565646e-15,-9.707009155436397e-05,-4.879430139317191e-91,-3.130727870811766e-66,-1.8537212608621086e-39,-6.308084573507104e-15,-0.0002464992169797583
39.6830,4.774623917631476e-92,2.1294575991161847e-68,5.964900618734357e-41,1.824622028264564e-15,-9.49433743157985e-05,-5.416978489124825e-91,-2.565882586257777e-66,-1.66940208958363e-39,-1.0856307994600023e-14,0.00010633586192827321
39.7031,3.6755997092048636e-92,-1.8471337362174512e-68,3.10290344723485e-41,1.55230008664969e-15,-8.76517339279265e-05,-5.495121042133061e-91,-1.988295667666818e-66,-1.4309985857497532e-39,-1.3616097080743708e-14,0.0003645820193936004
39.7232,2.6307955703326126e-92,-4.718749213544631e-68,7.70231361776129e-42,1.254920625239553e-15,-7.69238996013469e-05,-5.224020694361255e-91,-1.43580773866359e-66,-1.1663360427293603e-39,-1.486897307050685e-14,0.0005363917163289799
39.7431,1.6893447319584677e-92,-6.589335868727339e-68,-1.0254865840244792e-41,9.56590791667577e-16,-6.426258988033139e-05,-4.707254191870725e-91,-9.352933275913536e-67,-8.978589729003041e-40,-1.4916491678598795e-14,0.0006330654860507756
39.7632,8.818959192603509e-93,-7.596915707990728e-68,-2.3107458483334666e-41,6.754479689885405e-16,-5.091085219674987e-05,-4.0372440634905843e-91,-5.037899196316951e-67,-6.426296321544937e-40,-1.4057141133951828e-14,0.0006675868841790758
39.7831,2.2339555458114223e-93,-7.896785644958827e-68,-3.136045545665199e-41,4.2406397383995066e-16,-3.784239780225874e-05,-3.2925018233960434e-91,-1.499349684840495e-67,-4.1264984866586624e-40,-1.2569199757429493e-14,0.0006534227197245565
39.8031,-2.8388345220313282e-93,-7.647880958987371e-68,-3.5668575859240863e-41,2.1008213904811121e-16,-2.5770513138254868e-05,-2.5363950339213754e-91,1.2445234298572769e-67,-2.154060201294437e-40,-1.0699091739591972e-14,0.0006035942332001936
39.8232,-6.4730970015915115e-93,-7.0023295869695375e-68,-3.6759551609628064e-41,3.6990834611344954e-17,-1.5170368851956672e-05,-1.8171312397800917e-91,3.2277568600891686e-67,-5.454878751936019e-41,-8.654565221838312e-15,0.0005300072143149098
39.8432,-8.810408041166159e-93,-6.098026282737989e-68,-3.5372210325840784e-41,-9.504709379291043e-17,-6.3100385061156245e-06,-1.1686555197873234e-91,4.521516521157738e-67,6.936706418936406e-41,-6.601896420212769e-15,0.00044301651729205236
39.8632,-1.0034766838377175e-92,-5.053917227600049e-68,-3.2209371743449876e-41,-1.8837271446852735e-16,7.138115636320996e-07,-6.121793986055077e-92,5.2205452756897e-67,1.5814192911954542e-40,-4.666281033780846e-15,0.0003511925034873862
39.8832,-1.0350949925982807e-92,-3.967600402590591e-68,-2.7904680502049704e-41,-2.470645671071284e-16,5.938870422124966e-06,-1.5809154380281556e-92,5.43158412504729e-67,2.152345620700087e-40,-2.934592631930052e-15,0.0002612529429246433
39.9030,-9.967030246128061e-93,-2.914806759678062e-68,-2.3001881240876593e-41,-2.762595825596515e-16,9.501332340667118e-06,1.9195983992737258e-92,5.2639682145626446e-67,2.4513996305865565e-40,-1.4597507726261538e-15,0.0001781230959271076
39.9232,-9.081068671469319e-93,-1.9503231219129816e-68,-1.7944668920544163e-41,-2.815802691954647e-16,0.012512173178779574,4.429807873293713e-92,4.822418188825402e-67,2.5286061601662153e-40,-2.6603433179066073e-16,0.6251335923219453
39.9432,-7.871733370187102e-93,-1.1099410062743924e-68,-1.307507954506219e-41,-2.686759680205967e-16,0.03438917706360876,6.0466765064110804e-92,4.2019105781929464e-67,2.4347946877409866e-40,6.452150587433986e-16,1.0938501942414591
39.9632,-6.492427892014214e-93,-4.130579591689868e-69,-8.63838274074698e-42,-2.4287718405820996e-16,0.06329692997723065,6.89652739086444e-92,3.484415235527028e-67,2.2183484021576055e-40,1.289939198119339e-15,1.4453876456810943
39.9832,-5.0684031098636956e-93,1.343878037102066e-69,-4.792557173065752e-42,-2.0895546504292727e-16,0.09747774466244706,7.120123910752594e-92,2.737228814395967e-67,1.9229127838406136e-40,1.6960859507641341e-15,1.7090407342608207
40.0031,-3.696280336658985e-93,5.369088576469892e-69,-1.6206345669208867e-42,-1.7097684787888962e-16,0.13561335567635938,6.860613866023554e-92,2.012605269683913e-67,1.5859613030724326e-40,1.8989308582018824e-15,1.9067805506956155
40.0230,-2.4454114365559123e-93,8.065851166407569e-69,8.555454617030152e-43,-1.32234274133128e-16,0.1767150639367936,6.254344500515362e-92,1.3483812949688381e-67,1.238090014311951e-40,1.9371286872880806e-15,2.0550854130217115
40.0435,-1.3605350752852533e-93,9.604472038876372e-69,2.6613477554687608e-42,-9.524328737581911e-17,0.22004134513211926,5.424381806353295e-92,7.693104362344014e-68,9.029011468828727e-41,1.8495493378654445e-15,2.1663140597662838
40.0634,-4.652456998151439e-94,1.0182169370895392e-68,3.8560186104649444e-42,-6.178545006528829e-17,0.2650360560286135,4.4764468773505474e-92,2.8884866600950984e-68,5.973354274980917e-41,1.6728918655265407e-15,2.2497355448247127
40.0832,2.341360737763469e-94,1.0004512207655934e-68,4.520660635084185e-42,-3.2984945078472887e-17,0.3112820892009842,3.496908867957454e-92,-8.882858161972936e-69,3.3232101230962044e-41,1.4400252493407704e-15,2.3123016586185345
40.1032,7.446242395433842e-94,9.270998602766984e-69,4.747902515443564e-42,-9.405469633652956e-18,0.35846661408026226,2.5524408288351863e-92,-3.6675680244447503e-68,1.1362094017968975e-41,1.1789737722409965e-15,2.359226243963901
40.1232,1.082812909496059e-93,8.164603482934252e-69,4.633459774786485e-42,8.84346512798117e-18,0.4063550077397208,1.6909433497633745e-92,-5.531975599163658e-68,-5.7221370328539624e-42,9.124467380817063e-16,2.394419682972926
40.1434,1.2714856373908017e-93,6.844930934083647e-69,4.269620132806487e-42,2.1999558291527896e-17,0.45349471926061574,9.433636394737132e-93,-6.598362744253019e-68,-1.8191982098999927e-41,6.578046581773362e-16,2.3569855760447482
40.1636,1.3367010450684106e-93,5.444480666400676e-69,3.7405631933530987e-42,3.054665466669627e-17,0.4972445364863343,3.2607703838804433e-93,-7.002251338414858e-68,-2.6452846972669407e-41,4.273548187584185e-16,2.18749086128593
40.1835,1.3054105381225125e-93,4.0674741256544066e-69,3.1193366971618714e-42,3.512417766807077e-17,0.5358269439571275,-1.5645253472948988e-93,-6.8850327037313465e-68,-3.106132480956135e-41,2.2887615006872506e-16,1.929120373539661
40.2035,1.2036180256257382e-93,2.79067077255544e-69,2.466256623188739e-42,3.64498692590174e-17,0.568218849663479,-5.089625624838712e-93,-6.3840167654948315e-68,-3.2654003698656627e-41,6.628457954733147e-17,1.6195952853175795
40.2234,1.0550565597156133e-93,1.6656280113778886e-69,1.8284711703175653e-42,3.5257145796686327e-17,0.5940243647041183,-7.428073295506249e-93,-5.6252138058877554e-68,-3.188927264355869e-41,-5.963617311655358e-17,1.2902757520319639
40.2435,8.803320667000828e-94,7.219082598120521e-70,1.240423810445131e-42,3.2247174452136844e-17,0.6133417558430351,-8.736224650776526e-93,-4.718598757829183e-68,-2.940236799362171e-41,-1.5049856722747416e-16,0.9658695569458342
40.2633,6.9646877293643e-94,-2.9196049451048503e-71,7.249628619140975e-43,2.805486547659652e-17,0.6266340105873248,-9.193164688182642e-93,-3.755521546315503e-68,-2.5773047426551676e-41,-2.0961544877701617e-16,0.6646127372144868
40.2832,5.167831762375046e-94,-5.907725184313111e-70,2.948693788009765e-43,2.3227341816345488e-17,0.634609877750987,-8.984279834946271e-93,-2.807882344901313e-68,-2.150467415565605e-41,-2.413761830125517e-16,0.3987933581831069
40.3033,3.5101198813906023e-94,-9.765085190606293e-70,-4.539289626192289e-44,1.8213058562176482e-17,0.6381199021993587,-8.288559404922216e-93,-1.9286800031465912e-68,-1.7013113753144967e-41,-2.5071416270845026e-16,0.1755012224185855
40.3233,2.0562287777688336e-94,-1.2072200083889802e-69,-2.97866028783382e-43,1.3359562607819139e-17,0.6380699431443603,-7.269455518108843e-93,-1.1535574466417546e-68,-1.2623656626072957e-41,-2.4267479771786714e-16,-0.00249795274992054
40.3425,8.424367233863771e-95,-1.3078204248819046e-69,-4.693489164474735e-43,8.917866885581984e-18,0.6353529940051341,-6.068960271912282e-93,-5.03002082464622e-69,-8.574144383204571e-42,-2.2208478611185776e-16,-0.13584745696130496
40.3634,-1.1845352080364772e-95,-1.3048015117586836e-69,-5.698001472086936e-43,5.0515230807691986e-18,0.6307988192510908,-4.8044512209501245e-93,1.509456561610496e-70,-5.0225615380610084e-42,-1.9331719024063927e-16,-0.2277087377021648
40.3828,-8.320139926979475e-95,-1.2242492362107468e-69,-6.109505614470871e-43,1.8486738423134574e-18,0.6251399757711772,-3.567802359471499e-93,4.0276137773968383e-69,-2.0575207119196752e-42,-1.6014246192278705e-16,-0.2829421739956798
40.4031,-1.3172635070567954e-94,-1.0903800753771495e-69,-6.0515633843905705e-43,-6.64383517067156e-19,0.6189921613556557,-2.42624757179424e-93,6.69345804167987e-69,2.897111504015049e-43,-1.2565286796903067e-16,-0.3073907207760751
40.4231,-1.6021648324025237e-94,-9.245554002293225e-70,-5.645012908766911e-43,-2.5093135255785866e-18,0.6128464876033596,-1.4245066267286415e-93,8.29123375739135e-69,2.0327523781182998e-42,-9.224650042557153e-17,-0.3072836876148072
40.4429,-1.7197109364676685e-94,-7.447135698546928e-70,-5.001399277523151e-43,-3.742452220427445e-18,0.6070711597736203,-5.877305203257241e-94,8.99209151873148e-69,3.218068156218798e-42,-6.165693474244289e-17,-0.2887663914869678
40.4630,-1.704687858328467e-94,-5.6514938288243903e-70,-4.218605097438943e-43,-4.442759108338441e-18,0.6019201110555829,7.511539069600749e-95,8.978209348612688e-69,3.913970900421044e-42,-3.501534439554983e-17,-0.2575524359018703
40.4832,-1.591139278224358e-94,-3.965672796803023e-70,-3.3783931565294497e-43,-4.7014237277713825e-18,0.5975463345944042,5.677429005205458e-94,8.429105160106834e-69,4.2010597045474655e-42,-1.2933230971647051e-17,-0.218688823058935
40.5031,-1.4105094864528146e-94,-2.4633666549788167e-70,-2.545530611455563e-43,-4.613336768679805e-18,0.5940179389135403,9.031489588577167e-94,7.511530709121032e-69,4.164312725369434e-42,4.404347954578861e-18,-0.17641978404319758
40.5232,-1.1904065734369882e-94,-1.1888350493119328e-70,-1.768151865962814e-43,-4.270471343240334e-18,0.5913352825587642,1.1005145650791318e-93,6.372658028334419e-69,3.886893727463744e-42,1.7143271271973563e-17,-0.1341328177388027
40.5430,-9.539049942688992e-95,-1.6160624210305396e-71,-1.0790286948854837e-43,-3.7570939935663105e-18,0.5894478900798407,1.1825078958404454e-93,5.136144036044394e-69,3.445615855386652e-42,2.5668867483701173e-17,-0.0943696239461784
40.5631,-7.192945102366984e-95,6.185117378297884e-71,-4.974445948843568e-44,-3.146635341696814e-18,0.5882701890565418,1.1730524201610037e-93,3.900589899664212e-69,2.9079205000056344e-42,3.052293259347481e-17,-0.05888505116493951
40.5832,-5.0017897659834586e-95,1.1664895185096328e-70,-3.140984419045027e-45,-2.499993232292883e-18,0.5876954186863595,1.0955776681917623e-93,2.7398889033992224e-69,2.3301737534695328e-42,3.233210547019655e-17,-0.028738518509113825
40.6032,-3.0583158777368076e-95,1.507483482908938e-70,3.2000080948140665e-44,-1.8650120563023618e-18,0.5876073325282256,9.717369441233255e-94,1.704969821996527e-69,1.7570532683592845e-42,3.1749058799526063e-17,-0.004404307906697734
40.6233,-1.4172115088876109e-95,1.672779947233881e-70,5.643587511664149e-44,-1.2768754509313292e-18,0.587889544698616,8.205521844245984e-94,8.264823216247138e-70,1.2217897084250414e-42,2.940683026855163e-17,0.014110608519516149
40.6432,-1.0135054171745673e-96,1.696385498643555e-70,7.137656823601863e-44,-7.59160469847175e-19,0.5884325478851761,6.579304835850771e-94,1.1802775704837106e-70,7.470346559688566e-43,2.588574905420771e-17,0.027150159328005442
40.6632,8.916262161632062e-96,1.6123065322821974e-70,7.829949398139036e-44,-3.253246058432288e-19,0.58913856414267,4.964883789403315e-94,-4.2039483180678824e-70,3.461462872685866e-43,2.1691793200197308e-17,0.03530081287469215
40.6832,1.5828612116039113e-95,1.4525089155742473e-70,7.879371865153573e-44,1.9571768510324545e-20,0.5899244792279145,3.4561749772035247e-94,-7.989880835397504e-70,2.4711233507268883e-44,1.7244818717677668e-17,0.03929575426222551
40.7032,2.006315785488205e-95,1.2455101681088299e-70,7.443676403505262e-44,2.770697431648701e-19,0.5907231635288573,2.11727286942147e-94,-1.0349937373270871e-69,-2.1784773082415554e-43,1.2874898732727277e-17,0.039934215047142015
40.7232,2.2035277687721333e-95,1.015530497423237e-70,6.670284223058714e-44,4.53569039565887e-19,0.5914835036835173,9.86059916419641e-95,-1.1498983534279643e-69,-3.866960902232745e-43,8.824964820050847e-18,0.03801700773300077
40.7432,2.2192250901087515e-95,7.821139145636482e-71,5.69002303434028e-44,5.587293694926965e-19,0.5921694653191856,7.848660668309077e-96,-1.1670829142979443e-69,-4.901305943592173e-43,5.258016496340474e-18,0.034298081783414903
40.7632,2.09784457570469e-95,5.601246425451376e-71,4.613425760741037e-44,6.040758547682419e-19,0.59275848536747,-6.069025720203074e-95,-1.1099463600925527e-69,-5.382986367996214e-43,2.2673242637772658e-18,0.029451002414220745
40.7832,1.8809385153593624e-95,3.6002520997854646e-71,3.5291722598971426e-44,6.018411674388064e-19,0.5932394580223195,-1.0845303017266375e-94,-1.0004971628329557e-69,-5.421267504219472e-43,-1.1173436647177606e-19,0.02404863274247184
40.8029,1.605402659178805e-95,1.883491229548903e-71,2.504231798670393e-44,5.640546818954014e-19,0.5936105367728017,-1.3776792809027868e-94,-8.583804351182807e-70,-5.1247023061337465e-43,-1.889324277170251e-18,0.018553937524111733
40.8229,1.3024266074926586e-95,4.829111030985477e-72,1.5852725448301076e-44,5.018715368241235e-19,0.5938769303699797,-1.5148802584307317e-94,-7.002900632251776e-70,-4.594796269201428e-43,-3.1091572535638922e-18,0.013319679858894883
40.8430,9.970489722784894e-96,-5.964986579251317e-72,8.00936751760087e-45,4.2512188581121772e-19,0.5940488264863486,-1.5268881760708462e-94,-5.3970488051183965e-70,-3.921678965350103e-43,-3.83748255064529e-18,0.008594805818448396
40.8630,7.081928075311531e-96,-1.3702660592173833e-71,1.6462870185196634e-45,3.4205233440286533e-19,0.5941395357251288,-1.4442808237366814e-94,-3.868837006461258e-70,-3.1815402495406034e-43,-4.153477570417621e-18,0.004535461939006774
40.8830,4.490591155187816e-96,-1.868375646633529e-71,-3.224800576902421e-45,2.592270307824291e-19,0.5941639122513905,-1.295668460061857e-94,-2.4905479370807286e-70,-2.4355437977110422e-43,-4.1412651810218115e-18,0.0012188263130850046
40.9032,2.277652995783762e-96,-2.1298552983976267e-71,-6.684628238854839e-45,1.815544312201562e-19,0.5941370766516877,-1.1064690797020272e-94,-1.3073982588204876e-70,-1.729913830976209e-43,-3.883629978113646e-18,-0.0013417799851415699
40.9230,4.812901964836953e-97,-2.1981737193168424e-71,-8.878421290987863e-45,1.1240671567524215e-19,0.5940734420934937,-8.981813996500333e-95,-3.4159210459607763e-71,-1.0968965260665116e-43,-3.4573857772457028e-18,-0.003181727909702963
40.9429,-8.948593147803764e-97,-2.1175221118472436e-71,-9.991060802628358e-45,5.3801526076042074e-20,0.5939860263899228,-6.880747556320358e-95,4.032580373479944e-71,-5.563197558202478e-44,-2.9302594799600035e-18,-0.0043707851785419315
40.9631,-1.8732798893416074e-96,-1.9299820795342097e-71,-1.0226076788201029e-44,6.6195423120794986e-21,0.5938860197695336,-4.892102872806156e-95,9.377001615651689e-71,-1.1750799278633506e-44,-2.3590991881981287e-18,-0.005000331019458614
40.9830,-2.4946985269020344e-96,-1.6735281305273818e-71,-9.78877417008847e-45,-2.9164118049617206e-20,0.593782570358754,-3.107093187802135e-95,1.2822697450341396e-70,2.1865130905627956e-44,-1.7891830180848353e-18,-0.005172470538978449
41.0031,-2.8110805934582328e-96,-1.380775980940618e-71,-8.873470756298742e-45,-5.42520162379127e-20,0.5936827458198285,-1.581910332780991e-95,1.4637607479338194e-70,4.576517068948637e-44,-1.2543949094147748e-18,-0.00499122694627966
41.0225,-2.8797023077678873e-96,-1.078365309894108e-71,-7.654584950578522e-45,-6.981281890485956e-20,0.593591629407129,-3.4310857154827344e-96,1.5120533552325498e-70,6.094429028601101e-44,-7.78040133347343e-19,-0.004555820634978945
41.0430,-2.758386455034055e-96,-7.86855388015579e-72,-6.281145499253645e-45,-7.729465177077813e-20,0.5935125110738608,6.065792636691612e-96,1.4575496093926447e-70,6.867197256624382e-44,-3.7409164329592857e-19,-0.003955916663404778
41.0631,-2.501896378181637e-96,-5.210116233257475e-72,-4.874197180804769e-45,-7.826834731397037e-20,0.5934471384001624,1.2824503842620873e-95,1.3292188234491572e-70,7.03474159224438e-44,-4.8684777159612045e-20,-0.0032686336849197793
41.0829,-2.1594150378514257e-96,-2.903681024088291e-72,-3.526534111119826e-45,-7.430251813252634e-20,0.5933959973315631,1.7124067016510564e-95,1.1532176045845923e-70,6.738315348424716e-44,1.982914590722021e-19,-0.0025570534299607156
41.1031,-1.7729891303326817e-96,-9.996337557661051e-73,-2.304194762188929e-45,-6.686999515849172e-20,0.5933585984309042,1.93212953759372e-95,9.520236341610929e-71,6.111696744654485e-44,3.716261487017306e-19,-0.0018699450329436086
41.1232,-1.3767903518736628e-96,4.883797208215006e-73,-1.2491885647594208e-45,-5.728340321845626e-20,0.5933337500902401,1.9809938922950945e-95,7.440067382938029e-71,5.275030987147542e-44,4.793295970017731e-19,-0.0012424170332040706
41.1431,-9.970338469169788e-97,1.5750870450129151e-72,-3.829826028017243e-46,-4.665645507032228e-20,0.593319805570012,1.8987825247834198e-95,5.433536620957072e-71,4.331029809788483e-44,5.313474074066986e-19,-0.0006972260114071942
41.1631,-6.523944373844472e-97,2.295612315455701e-72,2.8965082483465158e-46,-3.5886856655002464e-20,0.5933148755863245,1.7231970476626584e-95,3.6026263522139292e-71,3.3631671381818793e-44,5.384799207659908e-19,-0.00024649918437499147
41.1831,-3.5477121399198155e-97,2.6982695293604484e-72,7.767468460718543e-46,-2.5656446444212454e-20,0.5933170023040637,1.488116116962328e-95,2.0132860695237366e-71,2.435480106186014e-44,5.115205105395005e-19,0.00010633588696168215
41.2031,-1.1026752360811348e-97,2.838366268027382e-72,1.0954640512354451e-45,-1.64442519994672e-20,0.5933242939448087,1.2225184519193404e-95,7.00483693334668e-72,1.5935860258179541e-44,4.606097222372628e-19,0.00036458203724644303
41.2231,7.97262955962744e-98,2.7731368459459394e-72,1.2687741120340115e-45,-8.548451045940226e-21,0.5933350217793631,9.499690960219394e-96,-3.2614711040721345e-72,8.66550303992832e-45,3.9479004767634867e-19,0.0005363917277250814
41.2430,2.1743808226378884e-97,2.557826568628101e-72,1.3226302109108957e-45,-2.1136932680385825e-21,0.5933476830892016,6.8855893333757224e-96,-1.076551386589192e-71,2.6928049438442057e-45,3.2173788889508216e-19,0.0006330654919206524
41.2628,3.076756373285974e-97,2.2428742665220364e-72,1.283664472413905e-45,2.839196661469965e-21,0.5933610348269126,4.511877753240425e-96,-1.5747615105303243e-71,-1.948286924849533e-45,2.4764449647542737e-19,0.0006675868855519579
41.2832,3.5689326538748794e-97,1.8720875839511654e-72,1.1774203001963277e-45,6.383512308913178e-21,0.5933741032812655,2.460881402944527e-96,-1.8539334128543542e-71,-5.3122086108788645e-45,1.7721578237216064e-19,0.0006534227176424425
41.3033,3.7239289050840657e-97,1.4816723169859423e-72,1.027091953021365e-45,8.658738305960797e-21,0.5933861751658386,7.749812560459313e-97,-1.9520763348261154e-71,-7.516417358748132e-45,1.1376129985238094e-19,0.000603594228651625
41.3231,3.616740359185911e-97,1.0999605277428685e-72,8.52720175458861e-46,9.845633505388863e-21,0.5933967753100023,-5.35942729490771e-97,-1.9085589462153693e-71,-8.718588878125194e-45,5.934475997140331e-20,0.0005300072081892604
41.3424,3.319344528211141e-97,7.476790541459909e-73,6.707781317594515e-46,1.014506689463658e-20,0.5934056356402093,-1.4869791548738516e-96,-1.7614073679843875e-71,-9.097102184970479e-45,1.49716694623859e-20,0.0004430165103511957
41.3627,2.897136983287395e-97,4.3860720569957337e-73,4.9407491107932715e-46,9.760937922894174e-21,0.5934126594901363,-2.111037724618731e-96,-1.545359242232088e-71,-8.835161034006214e-45,-1.9206448587120317e-20,0.0003511924963517303
41.3828,2.406653105597342e-97,1.8048688702278578e-73,3.319030009044743e-46,8.887184918713718e-21,0.5934178845488578,-2.4524193884502664e-96,-1.290601593383938e-71,-8.108595508742642e-45,-4.368765020902276e-20,0.0002612529360710936
41.4029,1.8943910109939613e-97,-2.3932565206172046e-74,1.903598882190662e-46,7.698639070455554e-21,0.5934214470106517,-2.5613104730169023e-96,-1.0220972611447891e-71,-7.077155634270405e-45,-5.942729241290823e-20,0.0001781230896962069
41.4231,1.3965309793817883e-97,-1.7581120046552008e-73,7.278096041186617e-47,6.3453113400345976e-21,0.6059241188569972,-2.489300158060865e-96,-7.593931762967402e-72,-5.878946390360002e-45,-6.766638652104783e-20,0.6251335923172722
41.4431,9.393440969097512e-98,-2.791715048820999e-73,-1.9770093068245838e-47,4.949596861816804e-21,0.6278011227417563,-2.2859344123601854e-96,-5.168015220828991e-72,-4.6275526740056e-45,-6.978572391088967e-20,1.0938501942379542
41.4630,5.4009328924113825e-98,-3.3994144290160874e-73,-8.79971775942351e-47,3.605835191444451e-21,0.6567088756553255,-1.9962540383430643e-96,-3.0384969009754434e-72,-3.411354226299463e-45,-6.718808351861766e-20,1.4453876456784656
41.4832,2.0824958613521033e-98,-3.651224098421439e-73,-1.3388766033307294e-46,2.381663827178519e-21,0.6908896903405025,-1.6592185155296397e-96,-1.2590483470267563e-72,-2.294524136941892e-45,-6.12085682132966e-20,1.7090407342588492
41.5031,-5.312816636234825e-99,-3.621007904570166e-73,-1.6027226276721693e-46,1.3206354743483589e-21,0.7290253013543853,-1.3068887624877928e-96,1.510809692563644e-73,-1.3192301217072002e-45,-5.3051417641508e-20,1.9067805506941369
41.5231,-2.459737907537763e-98,-3.381085284907501e-73,-1.7044437882679193e-46,4.456260812648373e-22,0.7701270096147973,-9.642281219571402e-97,1.199613098313323e-72,-5.086058029787493e-46,-4.3750469654176077e-20,2.0550854130206027
41.5434,-3.758495816021207e-98,-2.9982782030660526e-73,-1.6784680314186566e-46,-2.373685284236941e-22,0.8134532908101063,-6.493789542417222e-97,1.9140354092072426e-72,1.2987878424631374e-46,-3.414973048442657e-20,2.166314059765452
41.5636,-4.5070544984225175e-98,-2.531276199501003e-73,-1.55827813189659e-46,-7.35372373984671e-22,0.8584480017065881,-3.7427934120065545e-97,2.3350100178252476e-72,6.009494976103322e-46,-2.4900192278048844e-20,2.249735544824089
41.5832,-4.7980502403181496e-98,-2.0291481248571556e-73,-1.3746390193412448e-46,-1.0647529157163234e-21,0.9046940348789494,-1.4549787094781606e-97,2.510640373219237e-72,9.181955627767261e-46,-1.646902708658262e-20,2.312301658618067
41.6034,-4.7284140323207845e-98,-1.5308031813828408e-73,-1.1544313437642612e-46,-1.2479031470720834e-21,0.9518785597582204,3.481810399868246e-98,2.4917247173715743e-72,1.101038377884918e-45,-9.157511567787995e-21,2.3592262439635503
41.6234,-4.392482034383514e-98,-1.0651962828941342e-73,-9.20009706455668e-47,-1.3103916317645784e-21,0.9997669534176737,1.679659989686354e-97,2.328034492443533e-72,1.1721081865429669e-45,-3.124424234624746e-21,2.3944196829726625
41.6431,-3.87698411386755e-98,-6.520793320539562e-74,-6.889928960868828e-47,-1.2786344973780749e-21,1.0469066649385719,2.5774896025798195e-97,2.06558475420089e-72,1.1550840518439256e-45,1.5878567193251757e-21,2.356985576044908
41.6631,-3.257741626648524e-98,-3.0311685900058536e-74,-4.74390714545081e-47,-1.1780985767455127e-21,1.0906564821643,3.0962124360951297e-97,1.7448123652668542e-72,1.0730109077090091e-45,5.026796031628106e-21,2.187490861286398
41.6831,-2.5978452636353432e-98,-2.320799267052209e-75,-2.849756355160247e-47,-1.0320107216663603e-21,1.1292388896351064,3.2994818150659045e-97,1.3995443316503164e-72,9.470753951452811e-46,7.304392753957617e-21,1.9291203735403315
41.7035,-1.9470522755573368e-98,1.881161366372567e-74,-1.2581578811327104e-47,-8.605241870570144e-22,1.1616307953414737,3.2539649403900313e-97,1.0566206465388939e-72,7.957992370137683e-46,8.574326730467294e-21,1.619595285318362
41.7234,-1.342134397965392e-98,3.3532226541985535e-74,1.1030447255904715e-49,-6.80277834876584e-22,1.1874363103821295,3.0245893879597246e-97,7.360306439129934e-73,6.3459416419430755e-46,9.012317609021514e-21,1.2902757520327828
41.7434,-8.079179258935099e-99,4.25607526081613e-74,9.622598667120119e-48,-5.042764006486663e-22,1.206753701521062,2.6710823603594107e-97,4.5142630330878847e-73,4.756147097280536e-46,8.800071711395887e-21,0.9658695569466311
41.7634,-3.587804962859877e-99,4.677850200130345e-74,1.6179463393013715e-47,-3.42018740938808e-22,1.2200459562653665,2.2456871480376108e-97,2.1088746965710743e-73,3.2784323629467982e-46,8.112882985492915e-21,0.6646127372152196
41.7835,-4.0059430318679436e-102,4.713510392608185e-74,2.012634413385309e-47,-1.998043717000858e-22,1.2280218234290414,1.7918995099140045e-97,1.7830096238920215e-74,1.973440370419687e-46,7.11071846193611e-21,0.39879335818374784
41.8033,2.684083678421051e-99,4.4574449134100745e-74,2.1878924041451435e-47,-8.115533246903898e-23,1.2315318478774238,1.3440448107264595e-97,-1.2803273959905538e-73,8.762899537991726e-47,5.93245196155234e-21,0.17550122241911917
41.8234,4.539105873805477e-99,3.997949109206887e-74,2.1880623529663107e-47,1.2700766902388469e-23,1.2314818888224337,9.275110976922131e-98,-2.2974790210159377e-73,8.49744105836455e-50,4.692804968571372e-21,-0.0024979527494993214
41.8430,5.658026167915468e-99,3.413450309502083e-74,2.0569060734042076e-47,8.233079541681574e-23,1.2287649396832139,5.594601470549955e-98,-2.92249399852402e-73,-6.557813978105158e-47,3.4815014257213634e-21,-0.13584745696099304
41.8633,6.1577348184230335e-99,2.7702691911533554e-74,1.8351244993283777e-47,1.2961346907762724e-22,1.2242107649291747,2.4985432525378254e-98,-3.2159055917436396e-73,-1.1089078703791492e-46,2.3641336830405753e-21,-0.22770873770195382
41.8833,6.163052217198325e-99,2.1216672009226083e-74,1.5586808488118028e-47,1.5729866617857822e-22,1.2185519214492635,2.6586993876458787e-100,-3.2430099511537365e-73,-1.3822182525828751e-46,1.3842598550475498e-21,-0.2829421739955569
41.9036,5.7972571332478944e-99,1.5079156761941913e-74,1.2578272599956634e-47,1.6862464403357677e-22,1.212404107033743,-1.8289754197521533e-98,-3.0687576236420846e-73,-1.504267944080697e-46,5.662988927499276e-22,-0.3073907207760256
41.9230,5.175075392290198e-99,9.57127092076227e-75,9.56717432783819e-48,1.6700164878281108e-22,1.2062584332814468,-3.110908704788483e-98,-2.7539429205898207e-73,-1.5055491360592219e-46,-8.114976253828469e-23,-0.30728368761481567
41.9434,4.397934563034514e-99,4.866080284631804e-75,6.734820164079066e-48,1.5576430341776814e-22,1.2004831054517064,-3.885704146278422e-98,-2.3525953180652337e-73,-1.4161770818795621e-46,-5.618672682521468e-22,-0.2887663914870195
41.9633,3.55120286731068e-99,1.0452224904560447e-75,4.206465331414979e-48,1.3799043618891984e-22,1.1953320567336674,-4.2336584786191706e-98,-1.9104288970878795e-73,-1.2641774163320436e-46,-8.886933614424145e-22,-0.25755243590195137
41.9832,2.7030819234791634e-99,-1.8831342046031375e-75,2.0578112870320146e-48,1.1638060959594843e-22,1.1909582802724867,-4.240604719157582e-98,-1.464178347529591e-73,-1.074327022191482e-46,-1.0804913296485703e-21,-0.2186888230590331
42.0032,1.9048063001967763e-99,-3.966413673621336e-75,3.228520765228707e-49,9.319040307546296e-23,1.1874298845916207,-3.991378116411935e-98,-1.0416397345090991e-73,-8.67479605254572e-47,-1.1595103260242732e-21,-0.17641978404330244
42.0231,1.1918112047231795e-99,-5.290888454967704e-75,-9.977384559503595e-49,7.020632400057109e-23,1.1847472282368425,-3.5649754773679845e-98,-6.622373906731842e-74,-6.602952662366151e-47,-1.1492039537445937e-21,-0.13413281773890634
42.0430,5.85556210834591e-100,-5.966791233679418e-75,-1.928317047948261e-48,4.8755885254367915e-23,1.182859835757917,-3.031274969442942e-98,-3.3795138935585705e-74,-4.652892959989506e-47,-1.0725219373101586e-21,-0.09436962394627478
42.0631,9.573159276807429e-101,-6.115710843692438e-75,-2.5105519690697912e-48,2.974270307945346e-23,1.1816821347346165,-2.449123090332584e-98,-7.445980500651026e-75,-2.911174605607651e-47,-9.506591087457226e-22,-0.058885051165024446
42.0832,-2.773807663478978e-100,-5.860457900580657e-75,-2.7965950417667514e-48,1.3698254263500412e-23,1.1811073643644328,-1.8655617955798604e-98,1.2762647155589044e-74,-1.4302153634848007e-47,-8.022224407976523e-22,-0.028738518509185188
42.1032,-5.405721897040029e-100,-5.317390719211983e-75,-2.8433316437834664e-48,8.430223957256038e-25,1.1810192782062976,-1.315957116780526e-98,2.7153359068433754e-74,-2.33683010083575e-48,-6.4276159338874045e-22,-0.004404307906754588
42.1232,-7.055314258388417e-100,-4.591046890032757e-75,-2.7077841966689946e-48,-8.848982848849039e-24,1.181301490376687,-8.247961806741936e-99,3.631719145896126e-74,6.777372355723587e-48,-4.846002622287321e-22,0.014110608519473839
42.1429,-7.869189673896403e-100,-3.770826204746373e-75,-2.4436565595330012e-48,-1.558704781134908e-23,1.1818444935632466,-4.069377077539928e-99,4.101103426431922e-74,1.3206381856799672e-47,-3.3690324812500195e-22,0.02715015932797704
42.1631,-8.007444855093608e-100,-2.9294111184968025e-75,-2.098941438109026e-48,-1.9705373664543162e-23,1.18255050982074,-6.912759059860247e-100,4.207075431247853e-74,1.7235756071198757e-47,-2.0591629265970423e-22,0.03530081287467551
42.1830,-7.630689549685895e-100,-2.1225851366998163e-75,-1.7144686107545033e-48,-2.1611795634566136e-23,1.1833364249059843,1.883776527038564e-99,4.034129908984931e-74,1.9223641367726146e-47,-9.532109850114868e-23,0.039295754262219026
42.2030,-6.890281697648957e-100,-1.3901105421500876e-75,-1.3232458735933409e-48,-2.17449043740094e-23,1.1841351092069272,3.702039260184692e-99,3.6623729727486435e-74,1.956113685805812e-47,-6.655436972163101e-24,0.03993421504714381
42.2232,-5.921558906762316e-100,-7.573479637087858e-76,-9.504340683068688e-49,-2.0540041666151283e-23,1.1848954493615873,4.843613954433206e-99,3.163812892206509e-74,1.8640590264323612e-47,6.024313539290588e-23,0.03801700773300878
42.2433,-4.839723279191596e-100,-2.3733515205528233e-76,-6.137991702436025e-49,-1.8403992135288617e-23,1.1855814109972558,5.409178137853599e-99,2.6000640582675174e-74,1.6831744903163315e-47,1.0680247654313325e-22,0.034298081783427234
42.2630,-3.7379631617620603e-100,1.6691456580816225e-76,-3.2449504648153664e-49,-1.56977154590243e-23,1.1861704310455405,5.5088005871476775e-99,2.021248589317223e-74,1.4465206188103293e-47,1.3531383381321579e-22,0.029451002414235653
42.2830,-2.6873652839841853e-100,4.600869802572559e-76,-8.804725087109501e-50,-1.2726145024284606e-23,1.1866514037003904,5.252989388889376e-99,1.4658620722454684e-74,1.182238978052208e-47,1.4857852173698474e-22,0.024048632742487686
42.3031,-1.738174958611728e-100,6.523610722786409e-76,9.457143088900191e-50,-9.733898496772758e-24,1.1870224824508728,4.745951626862288e-99,9.613704601069246e-75,9.130934088004846e-48,1.4961232637559236e-22,0.018553937524127283
42.3229,-9.21991717065681e-101,7.574249769579611e-76,2.2586115635573448e-49,-6.905679691332506e-24,1.1872888760480511,4.080916207730234e-99,5.253195233966012e-75,6.564486273336628e-48,1.4141094027201255e-22,0.013319679858909543
42.3424,-2.54534782882205e-101,7.907774068499737e-76,3.1077678107443984e-49,-4.3701748057723675e-24,1.1874607721644204,3.33728467091738e-99,1.6676214946006255e-75,4.245781235935268e-48,1.2677524427800693e-22,0.008594805818461391
42.3632,2.6133000472833432e-101,7.683450848579846e-76,3.558168927490025e-49,-2.2063356532559217e-24,1.1875514814032007,2.5793239380526966e-99,-1.121616099599452e-75,2.2520055837281314e-48,1.081919576258223e-22,0.004535461939017519
42.3826,6.325487951525388e-101,7.054201382725138e-76,3.682479629399843e-49,-4.51076149673232e-25,1.1875758579294626,1.856093952121022e-99,-3.146247329273543e-75,6.21553509549091e-49,8.776297517913449e-23,0.0012188263130937294
42.4031,8.730099602615398e-101,6.159012200370598e-76,3.554763878068216e-49,8.924330469941793e-25,1.18754902232976,1.202305825545005e-99,-4.475945911772699e-75,-6.3857875665813464e-49,6.717545983337056e-23,-0.001341779985135026
42.4230,1.0009752364775981e-100,5.118079581582457e-76,3.245691231885403e-49,1.846518961675087e-24,1.187485387771566,6.398263810802918e-100,-5.204663093940703e-75,-1.5453632309140658e-48,4.770429573404538e-23,-0.0031817279096987214
42.4430,1.036890679450986e-100,4.0302953425964044e-76,2.819145273335169e-49,2.4512922599852623e-24,1.1873979720679952,1.7957721486693937e-100,-5.438921194930265e-75,-2.1327297927511703e-48,3.0238664915508776e-23,-0.004370785178539749
42.4632,1.0016138209139677e-100,2.97263944280108e-76,2.3300870880223834e-49,2.757794698118778e-24,1.1872979654476061,-1.7638429268509123e-100,-5.28827949897662e-75,-2.4452909265639285e-48,1.5325121906675795e-23,-0.005000331019457977
42.4833,9.150593477563659e-101,2.0010391513865224e-76,1.823488223756451e-49,2.8222038448317883e-24,1.1871945160368265,-4.3277236578800873e-100,-4.858001457072789e-75,-2.5329943213296613e-48,3.2204573356505138e-24,-0.005172470538979303
42.5032,7.952399320227826e-101,1.1522765837424127e-76,1.3341297821316149e-49,2.701178474176639e-24,1.1870946914979008,-5.990970786679164e-100,-4.2438128382205483e-75,-2.4467922081241812e-48,-6.051268532757479e-24,-0.0049912269462813
42.5230,6.576609743012282e-101,4.4656806298478566e-77,8.870631639850907e-50,2.4483387377346783e-24,1.1870035750852013,-6.87894788607772e-100,-3.528542603788135e-75,-2.2353330907326205e-48,-1.2641986822098025e-23,-0.004555820634980841
42.5428,5.1501709755198873e-101,-1.0950741136252176e-77,4.985394105360921e-50,2.1118086111391274e-24,1.186924456751933,-7.132193837461976e-100,-2.780377371736537e-75,-1.9426187672449926e-48,-1.6826506329777553e-23,-0.003955916663406866
42.5639,3.771331641369398e-101,-5.19993572441251e-77,1.7723423081717766e-50,1.7327024995241165e-24,1.1868590840782347,-6.894196670752448e-100,-2.0524308053936463e-75,-1.606525898594572e-48,-1.8955305580750546e-23,-0.003268633684921679
42.5821,2.510922242274367e-101,-7.966585789038229e-77,-7.437870782103881e-51,1.3444107658414113e-24,1.1868079430096354,-6.302046995475155e-100,-1.3833250323128594e-75,-1.2580646931910823e-48,-1.9414586684135258e-23,-0.0025570534299628063
42.6022,1.4149598584166316e-101,-9.563578190165225e-77,-2.586256893304388e-50,9.725273196288977e-25,1.1867705441089764,-5.479811919288677e-100,-7.984962005634976e-76,-9.21234907547e-49,-1.8594172310625678e-23,-0.0018699450329458427
42.6226,5.080904790183323e-102,-1.0187507799600557e-76,-3.812933841026625e-50,6.352630957917787e-25,1.1867456957683122,-4.534346896991497e-100,-3.1196480471766647e-76,-6.133384738611184e-49,-1.6863211191855952e-23,-0.0012424170332060792
42.6431,-2.0254698427149226e-102,-1.0044204538701023e-76,-4.504165521356705e-50,3.441991421664327e-25,1.1867317512480842,-3.5531873164491226e-100,7.165163044976686e-77,-3.456158401650401e-49,-1.45531976812673e-23,-0.0006972260114087006
42.6632,-7.233722626825711e-102,-9.334074820704311e-77,-4.752339350322863e-50,1.0524922841743725e-25,1.1867268212643967,-2.604126392055394e-100,3.550648589983559e-76,-1.2408691448307892e-49,-1.1947495687449773e-23,-0.00024649918437645433
42.6832,-1.070588885729926e-101,-8.241433042964518e-77,-4.653329361028109e-50,-8.027816059935557e-26,1.186728947982136,-1.7360831152367743e-100,5.4632088886989625e-76,4.950499464737669e-50,-9.27636945083964e-24,0.00010633588696025193
42.7031,-1.2667660198716467e-101,-6.927465727081802e-77,-4.299872107395358e-50,-2.146070127259888e-25,1.1867362396228809,-9.808856707086029e-101,6.569836579413578e-76,1.767286268163758e-49,-6.716442606331664e-24,0.0003645820372450373
42.7230,-1.3378929092856383e-101,-5.526342296544857e-77,-3.776786840727073e-50,-3.0247723105740446e-25,1.1867469674574354,-3.5563444706995814e-101,7.005617152684724e-76,2.615426333341426e-49,-4.393510916570781e-24,0.000536391727723694
42.7433,-1.3109645017889937e-101,-4.1439191858494565e-77,-3.1578656802822346e-50,-3.502312609425219e-25,1.1867596287672737,1.3464203748322286e-101,6.912115553477e-76,3.0946058022241914e-49,-2.3877014942558726e-24,0.0006330654919192788
42.7631,-1.2121103260591707e-101,-2.858466701676939e-77,-2.5042028691316717e-50,-3.6503290769980868e-25,1.1867729805049847,4.942708786491153e-101,6.427262420862587e-76,3.268314055752814e-49,-7.400823378643388e-25,0.0006675868855509277
42.7830,-1.0652430746982531e-101,-1.7228693364469346e-77,-1.8637035886208493e-50,-3.5423216830578525e-25,1.1867860489593376,7.343362568045876e-101,5.677986826150022e-76,3.202496402554112e-49,5.400369697011718e-25,0.0006534227176416698
42.8032,-8.911780516956697e-102,-7.677991523376153e-78,-1.2715069129204816e-50,-3.2487768366192054e-25,1.1867981208439107,8.703251150129167e-101,4.775350920546597e-76,2.960983378501839e-49,1.4677242321932344e-24,0.0006035942286510455
42.8227,-7.071586013419921e-102,-5.428565115368824e-80,-7.510689913699767e-51,-2.833691591593068e-25,1.1868087209880744,9.200972517683884e-101,3.811852936111232e-76,2.6021896077525237e-49,2.0754262251306872e-24,0.0005300072081888259
42.8429,-5.267144974962143e-102,5.666750892082381e-78,-3.1567641072489955e-51,-2.3523561623278806e-25,1.1868175813182815,9.022205192288889e-101,2.860518271618035e-76,2.176962903225386e-49,2.406677146325936e-24,0.0004430165103508698
42.8630,-3.597785497621081e-102,9.61752324598449e-78,2.9808609402402303e-52,-1.8502132206393176e-25,1.1868246051682085,8.34679738670531e-101,1.9753861769510546e-76,1.727425100636509e-49,2.510714708442816e-24,0.00035119249635115284
42.8833,-2.1298987597580196e-102,1.2003551116652004e-77,2.871338579337345e-51,-1.362593221134536e-25,1.18682983022693,7.339433689315307e-101,1.1930139353337563e-76,1.286626242656661e-49,2.4380999975239073e-24,0.00026125293607032744
42.9034,-9.011897807752424e-103,1.3072858952653518e-77,4.628997628562096e-51,-9.151226282378777e-26,1.186833392688724,6.143544894913886e-101,5.346539180007571e-77,8.788295246123754e-50,2.2373529644832914e-24,0.00017812308969529923
42.9233,7.44133403083551e-104,1.3090468292495442e-77,5.669502057766934e-51,-5.246123258711114e-26,1.1743360645350693,4.878015605417987e-101,8.804669920962296e-79,5.202522146024187e-50,1.952551511833832e-24,-0.6248664076827285
42.9426,8.016508807025518e-103,1.2318247199827158e-77,6.109710256204546e-51,-2.0025285954376993e-26,1.1524630684198285,3.6361877019709837e-101,-3.861105463341415e-77,2.20104099218806e-50,1.6217973316367074e-24,-1.0936498057620465
42.9629,1.2989799831560464e-102,1.0999986548336318e-77,6.073283789660482e-51,5.503191177436236e-27,1.1235583213333977,2.4866455122674722e-101,-6.591303257454209e-77,-1.8213233272031866e-51,1.2764238565906615e-24,-1.4452373543215349
42.9830,1.5940380110068044e-102,9.351291866818008e-78,5.681566912372805e-51,2.4319357555649986e-26,1.0893797610185747,1.47529013925379e-101,-8.243473407591553e-77,-1.9585843864383836e-50,9.408083189106874e-25,-1.7089280157411513
43.0031,1.7196892512344647e-102,7.5536933436701945e-78,5.0468852396646796e-51,3.69723208859713e-26,1.0512458407824574,6.282562011383012e-102,-8.987992615739067e-77,-3.173408363540629e-50,6.326481665160656e-25,-1.9066960118058636
43.0230,1.710746326331142e-102,5.752272850689123e-78,4.268060870753704e-51,4.4243704130554e-26,1.0101454006053694,-4.471462451661347e-103,-9.007102464905359e-77,-3.894121844554876e-50,3.6356916222913532e-25,-2.055022008854398
43.0426,1.6013943530737815e-102,4.056071109911972e-78,3.427858941825251e-51,4.704261931615779e-26,0.9668200704725535,-5.4675986628680275e-102,-8.481008703885755e-77,-4.201009644642268e-50,1.3994575928018948e-25,-2.1662665066407985
43.0631,1.423296711946334e-102,2.5405555377343907e-78,2.5920359586193954e-51,4.631924854639116e-26,0.9218260728729415,-8.904882056372365e-102,-7.577577860887909e-77,-4.179114916029276e-50,-3.616853848833126e-26,-2.2496998799805987
43.0829,1.2043256783839684e-102,1.2514855263371408e-78,1.80964656369784e-51,4.2997565556282724e-26,0.8755805746732325,-1.0948551678118276e-101,-6.445350056986249e-77,-3.9119469746077757e-50,-1.6608414950542193e-25,-2.312274909985449
43.1030,9.678378625091562e-103,2.0959388620897496e-79,1.1142757236848033e-51,3.792644938032443e-26,0.8283964510234507,-1.1824390793740612e-101,-5.209458200640829e-77,-3.4768542000651836e-50,-2.535558087979146e-25,-2.359206182489087
43.1231,7.324017288524976e-103,-5.844004770596879e-79,5.258910502539376e-52,3.184752528553625e-26,0.7805083582861144,-1.1771806682832927e-101,-3.9699718163433146e-77,-2.9419233671543286e-50,-3.0394620473940925e-25,-2.394404636866815
43.1430,5.118805248788539e-103,-1.1448322208876038e-78,5.3049082165552e-53,2.5377480697312934e-26,0.7320922887331122,-1.1026060198682188e-101,-2.8021587191395793e-77,-2.364209840441928e-50,-3.235022294111657e-25,-2.4208034776501113
43.1628,3.157767904058898e-103,-1.4964660955052845e-78,-3.0476533883067033e-52,1.9002298414306673e-26,0.6832802365683605,-9.805186723648203e-102,-1.758169373088403e-77,-1.7890721049811115e-50,-3.1875911415031307e-25,-2.4406026082375836
43.1829,1.4975238212681334e-103,-1.6704035357382279e-78,-5.548402342479969e-52,1.3080773797193576e-26,0.6341711974447967,-8.301220413953821e-102,-8.69687201164717e-78,-1.2503744770866326e-50,-2.9607623085565484e-25,-2.455451956178188
43.2030,1.624893298989721e-104,-1.7006324037686417e-78,-7.09105991756112e-52,7.854783906527139e-27,0.5848394181021238,-6.675172456845806e-102,-1.511443401520693e-78,-7.713287875405754e-51,-2.6129949453332184e-25,-2.466588967133641
43.2230,-8.485358984218372e-104,-1.6212661105653336e-78,-7.822589503818315e-52,3.464004454135683e-27,0.5353405835951192,-5.055126141604046e-102,3.968314660165406e-78,-3.6576479312859794e-51,-2.195389726195728e-25,-2.474941725350231
43.2431,-1.555892665757134e-103,-1.4644654240289324e-78,-7.901881323282113e-52,-3.692040240605027e-29,0.4857164577148657,-3.5367838366764834e-102,7.840034326820056e-78,-3.9645909731899e-52,-1.7504624282708665e-25,-2.481206294012673
43.2633,-1.9930566813131782e-103,-1.2589969836848956e-78,-7.487237308483035e-52,-2.660398820667987e-27,0.4359983633046756,-2.1858200777802223e-102,1.0273422017201839e-77,2.073220073995391e-51,-1.3117392091309683e-25,-2.485904720509505
43.2830,-2.2013462921014208e-103,-1.0293558344057743e-78,-6.727020058874743e-52,-4.46838370512436e-27,0.386209792497033,-1.0414480539412132e-102,1.1482057463956066e-77,3.8010862480414534e-51,-9.039924422281866e-26,-2.4894285403821286
43.3026,-2.2254827226665175e-103,-7.953636223820869e-79,-5.753235918136041e-52,-5.556269346159178e-27,0.3363683643913011,-1.2068215282548378e-103,1.1699610601184372e-77,4.868920703693513e-51,-5.439428205174092e-26,-2.4920714052865964
43.3232,-2.110056082230349e-103,-5.72147646021396e-79,-4.6777036574938515e-52,-6.038807416165741e-27,0.2864872933120021,5.771332021808424e-103,1.116079881803454e-77,5.377661303210947e-51,-2.412690350032815e-26,-2.4940535539649473
43.3426,-1.8968827369694016e-103,-3.7040680498959416e-79,-3.5903922425625785e-52,-6.038382523700719e-27,0.23657649000252792,1.0658667263047364e-102,1.0087042051590092e-77,5.436557074656366e-51,2.1244623251110387e-29,-2.4955401654737104
43.3622,-1.6231897638055272e-103,-1.9687676591636714e-79,-2.559485146810369e-52,-5.675760902929909e-27,0.18664338752042225,1.3684648658193727e-102,8.67650195366135e-78,5.154535478761048e-51,1.813108103854049e-26,-2.496655124105283
43.3824,-1.3205286481042895e-103,-5.4916630656464846e-80,-1.6327357161875894e-52,-5.063249033176007e-27,0.1379949574076177,1.5133055785061877e-102,7.098006762995115e-78,4.633747153113897e-51,3.0625593487695093e-26,-2.432421505640229
43.4031,-1.014301092442104e-103,5.484846862784977e-80,-8.397095002492494e-53,-4.30007018887002e-27,0.0932289373785572,1.5311377783109275e-102,5.488254964215731e-78,3.9651310796917e-51,3.815894221529934e-26,-2.2383010014530247
43.4233,-7.237723601489387e-104,1.3388138497341476e-79,-1.9455726828053936e-53,-3.469681844308329e-27,0.05406068611404839,1.4526436614658268e-102,3.951645817278249e-78,3.22576115984355e-51,4.1519417228084564e-26,-1.95841256322544
43.4431,-4.6244946932012833e-104,1.8512318913418363e-79,3.0098034179282555e-53,-2.6387096752285603e-27,0.021440856498823886,1.3066144541440517e-102,2.5620902080384425e-78,2.4776880503668243e-51,4.154860845398841e-26,-1.6309914807612254
43.4632,-2.3871033303931288e-104,2.1244715090670926e-79,6.545747288402796e-53,-1.8571579679050205e-27,-0.004310467102523929,1.1186956814040772e-102,1.366198088626281e-78,1.7679719352372706e-51,3.907758536617699e-26,-1.2875661800673908
43.4831,-5.658336084634252e-105,2.2019329318170093e-79,8.804960353954534e-53,-1.1595647093380645e-27,-0.023365331777383355,9.106348609648518e-103,3.873071137495831e-79,1.129606532775869e-51,3.4879662928347806e-26,-0.9527432337429713
43.5031,8.340686994916579e-105,2.1279130229704263e-79,9.971072531881065e-53,-5.667958828525635e-28,-0.036254560376884924,6.999511539775416e-103,-3.700995442329155e-79,5.830560889632658e-52,2.963844132427505e-26,-0.6444614299750784
43.5230,1.8339513084884707e-104,1.9447233099572633e-79,1.02473923134131e-52,-8.821151001728399e-29,-0.043746208203898004,4.999413044984064e-103,-9.159485650658145e-79,1.3815989076601743e-52,2.3929218641763978e-26,-0.374582391350654
43.5439,2.4738261867267722e-104,1.6906476265999554e-79,9.839788610757341e-53,2.760194602102128e-28,-0.04674017158192394,3.199374391191507e-103,-1.2703784167865398e-78,-2.0380185132787998e-52,1.8211548511374837e-26,-0.1496981689012965
43.5633,2.805302774201892e-104,1.3986520064859772e-79,8.943698517120081e-53,5.326315202682226e-28,-0.046181233820527946,1.6573829373755985e-103,-1.4599781005698915e-78,-4.480450468186302e-52,1.283060300290049e-26,0.02794688806979942
43.5833,2.885592048356118e-104,1.0957361710113348e-79,7.735009035864931e-53,6.931326740956366e-28,-0.04299115647024928,4.0144637077113126e-104,-1.5145791773732118e-78,-6.043447406275751e-52,8.025057691370699e-27,0.15950386751393342
43.6033,2.7726734810704207e-104,8.02805124144673e-80,6.364391382771672e-53,7.719205790204589e-28,-0.03801912906932532,-5.645928364284869e-104,-1.4646552343333094e-78,-6.853088265466292e-52,3.939395246241114e-27,0.2486013700461979
43.6234,2.5216241467419225e-104,5.349385315459962e-80,4.954564659985429e-53,7.846962729728481e-28,-0.032008960774472836,-1.2552466716424915e-103,-1.339332962993384e-78,-7.049133613931221e-52,6.387846976194589e-28,0.3005084147426244
43.6433,2.1820396971910333e-104,3.0194227520422885e-80,3.59992073829662e-53,7.471962670587691e-28,-0.0255807969068651,-1.6979222477544454e-103,-1.1649812817088367e-78,-6.773219608444044e-52,-1.87500029570395e-27,0.32140819338038684
43.6628,1.7964289781964045e-104,1.090785464356496e-80,2.3679425527322156e-53,6.742394865996837e-28,-0.01922482619174739,-1.9280535949731442e-103,-9.643186438428962e-79,-6.159890927822019e-52,-3.6478390229542694e-27,0.31779853575588546
43.6825,1.3994352002586487e-104,-4.211396292692379e-81,1.3018823603949798e-53,5.790675320593886e-28,-0.013304358583904264,-1.9849688896887795e-103,-7.55962546812867e-79,-5.3303009616861786e-52,-4.758597727014753e-27,0.29602338039215625
43.7023,1.0177237547898127e-104,-1.5298150717323841e-80,4.2422427451835415e-54,4.72944514230604e-28,-0.008065746362987663,-1.9085572273441793e-103,-5.543377212315731e-79,-4.388290429383128e-52,-5.306150891439231e-27,0.26193061104583
43.7225,6.703767454007971e-105,-2.2695327492758005e-80,-2.5947274636021644e-54,3.6497558000517927e-28,-0.0036528424155209526,-1.7367350469450782e-103,-3.698588387717083e-79,-3.418485104392853e-52,-5.3984467112712356e-27,0.2206451973733355
43.7430,3.6964388363498754e-105,-2.688149042476815e-80,-7.566771472375314e-54,2.621003445358e-28,-0.0001239939099896628,-1.5036643088290479e-103,-2.0930814660050722e-79,-2.4860220043865748e-52,-5.1437617734689646e-27,0.17644242527656448
43.7631,1.219156042925311e-105,-2.8408223198289668e-80,-1.0841798190612656e-53,1.6921789726161753e-28,0.0025300821037581842,-1.2386413967122822e-103,-7.633663867607596e-80,-1.6375133591186716e-52,-4.644122363709124e-27,0.13270380068739235
43.7831,-7.119554147186313e-106,-2.784877938653343e-80,-1.2647560337853905e-53,8.940298797028362e-29,0.004368834187843579,-9.65555728821971e-104,2.7972190587812027e-80,-9.02881073620624e-53,-3.990745464566696e-27,0.0919376042042697
43.8031,-2.11757168306847e-105,-2.5758269764524243e-80,-1.3243028328013606e-53,2.417762672356616e-29,0.005485768199637009,-7.028081341749193e-104,1.045254811004593e-79,-2.9773399507985085e-53,-3.261268062335873e-27,0.05584670058967155
43.8229,-3.0447295833467406e-105,-2.26448913621459e-80,-1.2895047620952567e-53,-2.6192051814885904e-29,0.005994322616503862,-4.6357895013913536e-104,1.556689201189172e-79,1.7399035353052003e-53,-2.5184839269226032e-27,0.025427720843342633
43.8423,-3.557414233554639e-105,-1.8951164078633386e-80,-1.1860359233399633e-53,-6.23977876098318e-29,0.0060160790721637694,-2.563423251039493e-104,1.846863641756256e-79,5.1734419377646695e-53,-1.8102867897472948e-27,0.0010878227829953895
43.8630,-3.728482867197285e-105,-1.5043798771281e-80,-1.0372721388730954e-53,-8.58082221994513e-29,0.005671431669578874,-8.553431682132281e-105,1.9536826536761935e-79,7.4381892233433925e-53,-1.1705217294809758e-27,-0.017232370129244768
43.8829,-3.6330753703974316e-105,-1.121064686448985e-80,-8.634629721905589e-54,-9.821755480969886e-29,0.005072660217465471,4.7703748399926436e-105,1.916575953395575e-79,8.69045833412683e-53,-6.204666305123779e-28,-0.029938572605670198
43.9030,-3.343535225573696e-105,-7.663144122527096e-81,-6.812983188472228e-54,-1.016315009788026e-28,0.00431922201533249,1.4477007241186777e-104,1.7737513709813768e-79,9.1082326671668e-53,-1.706973084551868e-28,-0.03767191010664906
43.9230,-2.9257680034214728e-105,-4.542728418703405e-81,-5.0379692970888745e-54,-9.809407054690225e-29,0.0034949900428128044,2.0888361107611172e-104,1.5602078519118456e-79,8.875069456916768e-53,1.7687152159501773e-28,-0.041211598625984266
43.9431,-2.4368965066020167e-105,-1.9298529357134319e-81,-3.404430720726027e-54,-8.955535349016285e-29,0.002667116660854272,2.4443574840972797e-104,1.3064377414949864e-79,8.167692881814238e-53,4.2693585283697e-28,-0.04139366909792661
43.9631,-1.9240290935913036e-105,1.4559485267185352e-82,-1.9750109452103298e-54,-7.777799448819852e-29,0.0018861846247341166,2.5643370650535648e-104,1.0377238941926427e-79,7.147098877578487e-53,5.88867950098216e-28,-0.039046601806007775
43.9831,-1.4239367882177906e-105,1.6934450028005064e-81,-7.84445456860937e-55,-6.427829556743337e-29,0.001187314520159953,2.5004615268675648e-104,7.739250750643264e-80,5.952827441746964e-53,6.7498494603825765e-28,-0.03494350522870818
44.0029,-9.634313518945884e-106,2.752725915228966e-81,1.5554538681276384e-55,-5.0296823642813503e-29,0.0005919230705197331,2.3025271816160107e-104,5.296404562142296e-80,4.699954218368504e-53,6.990735962309933e-28,-0.02976957248201099
44.0229,-5.602463935385115e-106,3.3820230446365724e-81,8.512057963592736e-55,-3.6792910280779794e-29,0.00010986409905838426,2.0159247917803845e-104,3.1464856470380323e-80,3.478302047732549e-53,6.751956681016855e-28,-0.024102948573067443
44.0428,-2.2424289115914313e-106,3.651074509014083e-81,1.3218787557375993e-54,-2.4457400642407726e-29,-0.00025827197548113046,1.6800175118968418e-104,1.3452573218875526e-80,2.3533647968916293e-53,6.167754819186035e-28,-0.018406803726975736
44.0629,4.121430909493173e-107,3.6337986367563707e-81,1.5955707499270877e-54,-1.373832437508421e-29,-0.0005188777128568987,1.3272860012703743e-104,-8.637936128856043e-82,1.3684599709474422e-53,5.359538133661758e-28,-0.013030286868788411
44.0829,2.378343507397919e-106,3.4028138143577044e-81,1.705105500573579e-54,-4.874717712086522e-30,-0.0006831993531173109,9.831002082243011e-105,-1.1549241119933316e-80,5.476737532324554e-54,4.431803331498845e-28,-0.008216082013020612
44.1030,3.710293209290496e-106,3.0254063686972425e-81,1.6849502335240324e-54,2.0654703478869362e-30,-0.0007654486221255815,6.659748509462883e-105,-1.88703722830231e-80,-1.0077633524773208e-54,3.470094029986729e-28,-0.004112463450413526
44.1230,4.486637893152498e-106,2.5608264023300615e-81,1.5687367692254307e-54,7.146683171993814e-30,-0.0007812086565542495,3.881723419310013e-105,-2.322899831835905e-80,-5.810673214930088e-54,2.540606412053439e-28,-0.0007880017214334
44.1430,4.79969813245985e-106,2.058741843414872e-81,1.3874524648479535e-54,1.0528791799754344e-29,-0.0007461561629824955,1.5653011965367605e-105,-2.510422794575947e-80,-9.064215218873858e-54,1.6910543138802647e-28,0.0017526246785876986
44.1628,4.746511423992773e-106,1.5586539136235876e-81,1.1682420886739684e-54,1.2433645762589481e-29,-0.0006750974230247303,-2.6593354233538436e-106,-2.500439648956422e-80,-1.0960518808699255e-53,9.524269814175682e-29,0.0035529369978882603
44.1829,4.421830707202899e-106,1.0900687314627089e-81,9.337397812230414e-55,1.3116267488960464e-29,-0.0005812975226749226,-1.6234035839493701e-105,-2.342925910804393e-80,-1.1725115372546347e-53,3.4131086318549175e-29,0.0046899950174903865
44.2030,3.9130103271783196e-106,6.732257209542874e-82,7.018386637614637e-55,1.2841257734401075e-29,-0.00047606974605207144,-2.5441019001228973e-105,-2.0842150525421075e-80,-1.1595055873078884e-53,-1.3750487727969507e-29,0.005261388831142558
44.2230,3.296614422529186e-106,3.2019991981571405e-82,4.858025058395926e-55,1.1864524954417467e-29,-0.00036858472882180877,-3.081979523245669e-105,-1.7651290056928667e-80,-1.0801807896093554e-53,-4.883663899918036e-29,0.005374250861513133
44.2430,2.6365206286905844e-106,3.6218573772841194e-83,2.946272370478138e-55,1.0420103872164714e-29,-0.00026585588216980325,-3.3004689691930073e-105,-1.4199067302143642e-80,-9.558763439588943e-54,-7.222105411263767e-29,0.005136442332600276
44.2630,1.9832590455901983e-106,-1.7894055018568393e-82,1.3356815123111082e-55,8.711581828145265e-30,-0.0001728578942506109,-3.266307915501931e-105,-1.0757956197926256e-80,-8.052954290835148e-54,-8.542610220097239e-29,0.0046498993959596165
44.2829,1.3743173155294966e-106,-3.2957346014343673e-82,4.759747794716946e-57,6.907495385441964e-30,-9.273792965618e-05,-3.0447086503035078e-105,-7.53164549788764e-81,-6.440420171819693e-54,-9.020432213516509e-29,0.004005998229721545
44.3029,8.351519790522006e-107,-4.227737350031451e-82,-9.213213965026147e-56,5.139980830287969e-30,-2.708368043098602e-05,-2.69582668238648e-105,-4.66001374298542e-81,-4.8445943722489205e-54,-8.837572775769971e-29,0.003282712461259699
44.3229,3.806688579510965e-107,-4.673075170477377e-82,-1.592731268549796e-55,3.505946064105196e-30,2.3782027313768628e-05,-2.27241560550552e-105,-2.226689102229629e-81,-3.357049360235906e-54,-8.170173830913868e-29,0.0025432853872377325
44.3429,1.6966385648202691e-108,-4.7266940255831784e-82,-2.000724796472194e-55,2.0700632256218036e-30,6.05043864835085e-05,-1.818512361514469e-105,-2.680942755290089e-82,-2.0399676396119907e-54,-7.17941419241696e-29,0.0018361179584869935
44.3625,-2.568284517178598e-107,-4.483306525377539e-82,-2.186676454625661e-55,8.689473032219512e-31,8.441589267180289e-05,-1.3689741868303126e-105,1.2169375010281968e-81,-9.297582907673348e-55,-6.005579611999261e-29,0.0011955753094147197
44.3824,-4.4676487263933514e-107,-4.031767508700657e-82,-2.1949396109632215e-55,-8.402647677125508e-32,9.728456875271551e-05,-9.496821046073766e-106,2.257695083384409e-81,-4.131578168780288e-56,-4.764868899966031e-29,0.0006434338040456312
44.4027,-5.624112959720815e-107,-3.4512071956709564e-82,-2.0694406015585987e-55,-7.937152231598845e-31,0.00010109900168823705,-5.782321166637319e-106,2.902801565148504e-81,6.274950470231143e-55,-3.548443731943147e-29,0.00019072164677607685
44.4228,-6.154014357133165e-107,-2.808714529158423e-82,-1.8511499084116156e-55,-1.2783588695617634e-30,9.789388628858398e-05,-2.6495069870617446e-106,3.212463332562665e-81,1.0914534657349154e-54,-2.423218232009395e-29,-0.00016025576998265347
44.4429,-6.182199543764437e-107,-2.158322157524518e-82,-1.5763628940466814e-55,-1.5651400721894668e-30,8.961641656152913e-05,-1.4092593315635925e-107,3.2519618581695256e-81,1.3739350718246713e-54,-1.4339060131385172e-29,-0.0004138734863527421
44.4631,-5.832406461112025e-107,-1.541028549347618e-82,-1.2756908596301798e-55,-1.6863175698288762e-30,7.803132927254625e-05,1.7489654132620615e-106,3.0864680408844993e-81,1.503360172082508e-54,-6.058874881970478e-30,-0.000579254364449144
44.4829,-5.2201172614559947e-107,-9.855966302540861e-83,-9.736453822399928e-56,-1.676021638868701e-30,6.466063404945632e-05,3.061445998280154e-106,2.77715959546766e-81,1.510227386950935e-54,5.147965480087701e-31,-0.0006685347611544968
44.5031,-4.4476933260266117e-107,-5.098868931186918e-83,-6.88692551262953e-56,-1.5677383923164474e-30,5.0752974589171496e-05,3.8621196771469137e-106,2.378548685676971e-81,1.424764154885199e-54,5.414162327612681e-30,-0.0006953829730142416
44.5229,-3.601513774892978e-107,-1.2251137668002464e-83,-4.33656374954396e-56,-1.3924616538632703e-30,3.727705151860758e-05,4.2308977556681687e-106,1.936877582193336e-81,1.2751808815427851e-54,8.763836922658853e-30,-0.0006737961535281956
44.5429,-2.7507882850491736e-107,1.7537094324977722e-83,-2.1635986022571443e-56,-1.1774564007915912e-30,2.493348612456819e-05,4.25362744921902e-106,1.4894115996490093e-81,1.0864825736434076e-54,1.0750262653583951e-29,-0.0006171782697019694
44.5629,-1.94769687056337e-107,3.882604266021419e-83,-4.0405882565660417e-57,-9.455550769403364e-31,1.4179802911564559e-05,4.0154570724290174e-106,1.0644474167618237e-81,8.7976988830027e-55,1.1595066192562737e-29,-0.0005376841606501816
44.5829,-1.2285164974652152e-107,5.2463191352028696e-83,9.398395363331972e-57,-7.148957794354752e-31,5.26375232711796e-06,3.595901865490774e-106,6.818574345907252e-82,6.719491809949007e-55,1.1532964875243063e-29,-0.0004458025292223299
44.6030,-6.154202277936861e-108,5.954326138976785e-83,1.8913729356455563e-56,-4.990075595407007e-31,-1.739110750844066e-06,3.065481348357645e-106,3.5400350188695784e-82,4.757666996561796e-55,1.0794410994738723e-29,-0.0003501431538981013
44.6230,-1.1867281187241816e-108,6.128071823468615e-83,2.4915406089910925e-56,-3.0715094104717784e-31,-6.886911414264942e-06,2.4837370796063397e-106,8.68728422459148e-83,3.0008383667276804e-55,9.592830924676145e-30,-0.0002573900331710438
44.6431,2.6100811878087794e-108,5.89069677742937e-83,2.7921739274607792e-56,-1.44829420714205e-31,-1.0334547226974702e-05,1.8984046532664803e-106,-1.1868752301962233e-82,1.5031665923484326e-55,8.116076016648642e-30,-0.000172381790635488
44.6631,5.301083296439973e-108,5.3592236862541745e-83,2.8501184806653973e-56,-1.439851522162306e-32,-1.230020125288854e-05,1.3455010543155968e-106,-2.657365455875978e-82,2.8972276602309073e-56,6.521545274629097e-30,-9.828270129569189e-05
44.6833,7.00126988012697e-108,4.639065446697527e-83,2.722569786728937e-56,8.428857481111077e-32,-1.3036429697150605e-05,8.500932918434984e-107,-3.600791197783236e-82,-6.377434696823012e-56,4.934354501636692e-30,-3.68114222131033e-05
44.7031,7.8563336250846e-108,3.82060284022819e-83,2.463554079072856e-56,1.5324657784699452e-31,-1.2806415248518118e-05,4.2753187247881465e-107,-4.092313032346685e-82,-1.2950785382804072e-55,3.447900151794187e-30,1.1500722431624337e-05
44.7231,8.026251416297745e-108,2.9775197149624956e-83,2.1214790535864233e-56,1.9577028545308766e-31,-1.1865519497132665e-05,8.495889560657302e-108,-4.215415626328471e-82,-1.710375127432162e-55,2.1261853803046566e-30,4.704478756927261e-05
44.7430,7.67211467472974e-108,2.1665561881154753e-83,1.7376340412564136e-56,2.1591684903047223e-31,-1.0447916513765616e-05,-1.770683707840026e-107,-4.054817634235102e-82,-1.9192250616500486e-55,1.0073281788692295e-30,7.088014916835245e-05
44.7630,6.946185238069951e-108,1.4283401716932815e-83,1.3454922395335215e-56,2.1807176077168235e-31,-8.757839285414392e-06,-3.629647183298941e-107,-3.6910800821109693e-82,-1.9607090086144604e-55,1.0774558706050543e-31,8.450386141756118e-05
44.7831,5.984967046290913e-108,7.889777490750392e-84,9.706563538693411e-57,2.06603638931289e-31,-6.96481100702611e-06,-4.806090958895191e-107,-3.196812113091211e-82,-1.8741794283209016e-55,-5.734060920196679e-31,8.965141391941407e-05
44.8031,4.904955379679179e-108,2.621172671668552e-84,6.312900583890453e-57,1.8560632921511663e-31,-5.202151137813333e-06,-5.400058333058667e-107,-2.63430240954092e-82,-1.6968314774014786e-55,-1.0498654858086179e-30,8.813299346063888e-05
44.8230,3.8006493069396285e-108,-1.4875513029429413e-84,3.388879332754808e-57,1.5872196717508037e-31,-3.56802716763495e-06,-5.521530363697753e-107,-2.0543619873057465e-82,-1.4620106255678226e-55,-1.3442181020018132e-30,8.170619850891916e-05
44.8431,2.744380793968588e-108,-4.479841205724985e-84,9.925306344377856e-58,1.2903537761454836e-31,-2.1283525599430655e-06,-5.2813425648552034e-107,-1.4961449513910217e-82,-1.1981743491585112e-55,-1.484329478026601e-30,7.198373038459421e-05
44.8630,1.7875165616021922e-108,-6.455268160468019e-84,-8.642827273662486e-58,9.902831278727644e-32,-9.208954505775684e-07,-4.7843211618319787e-107,-9.877134773715167e-83,-9.28406680902017e-56,-1.5003532413635958e-30,6.0372855468274856e-05
44.8831,9.62617393631264e-109,-7.549522286897213e-84,-2.2050357850772995e-57,7.058131539958591e-32,3.995110848120866e-08,-4.1244958398546414e-107,-5.47127063214597e-83,-6.703765288555254e-56,-1.4223498693845263e-30,4.804232795293885e-05
44.9030,2.8618597403519186e-109,-7.917241544505275e-84,-3.07829843125595e-57,4.501118843484286e-32,7.581889612664189e-07,-3.38215709798036e-107,-1.8385962880403136e-83,-4.36631323089325e-56,-1.2785063482371524e-30,3.591189263926051e-05
44.9224,-2.383087491039737e-109,-7.717996495041006e-84,-3.5485475100145805e-57,2.3132921905194998e-32,1.2513760131793416e-06,-2.622473615695828e-107,9.962252473213472e-84,-2.3512453937931526e-56,-1.093913326482393e-30,2.4659352595646127e-05
44.9431,-6.173812665121095e-109,-7.1054829182403435e-84,-3.6883214684826787e-57,5.3362466936474026e-33,1.546183741323273e-06,-1.8953625870406788e-107,3.0625678840033123e-83,-6.988697923404901e-57,-8.898337605773797e-31,1.474038640719657e-05
44.9632,-8.646427785774846e-109,-6.219768760545427e-84,-3.5718526492247916e-57,-8.331434516632137e-33,1.6745185129518252e-06,-1.2363075603268763e-107,4.428570788474587e-83,5.82344096289436e-57,-6.83384060513977e-31,6.416738581427609e-06
44.9830,-9.98210345911867e-109,-5.182297016641513e-84,-3.2701898758278885e-57,-1.8082309353343866e-32,1.6702984808961298e-06,-6.6783783667191185e-108,5.1873587195195685e-83,1.5083138669845144e-56,-4.875437418355863e-31,-2.1100160278476825e-07
45.0031,-1.0384934006579418e-108,-4.093255387715087e-84,-2.847731403230538e-57,-2.4310526919677028e-32,1.5669155480005904e-06,-2.0141527373037386e-108,5.44520814463213e-83,2.1122923629867523e-56,-3.1141087831665813e-31,-5.169146644776966e-06
45.0231,-1.0063960876780214e-108,-3.0308788427573627e-84,-2.360023664588693e-57,-2.7523058479246277e-32,1.3953634154489005e-06,1.6048656489960214e-108,5.3118827247886234e-83,2.4385386932092258e-56,-1.606265779784625e-31,-8.577606627584495e-06
45.0431,-9.219393376823997e-109,-2.0522437034736273e-84,-1.8526414407319877e-57,-2.8281073640168436e-32,1.1829775111081991e-06,4.22283749978108e-108,4.893175696418677e-83,2.536911119283527e-56,-3.7900758046108053e-32,-1.0619295217035074e-05
45.0631,-8.032804149247395e-109,-1.195132726802408e-84,-1.3609462863955393e-57,-2.715272059244995e-32,9.52709432186181e-07,5.9329461378830085e-108,4.285554883356096e-83,2.458475771682242e-56,5.641765238592426e-32,-1.1513403946100903e-05
45.0830,-6.6608939796101005e-109,-4.805915306908492e-85,-9.105181434594706e-58,-2.467729257111409e-32,7.228458070634967e-07,6.859550848186475e-108,3.572705980557794e-83,2.252140714680343e-56,1.2377140106679306e-31,-1.149318125613422e-05
45.1031,-5.232307713605524e-109,8.414985823427091e-86,-5.1806594764985094e-58,-2.1340084000845347e-32,5.070773397976736e-07,7.142931330022886e-108,2.8237069446256005e-83,1.9622609790480983e-56,1.6686042851343707e-31,-1.0788423363291155e-05
45.1231,-3.846929551285759e-109,5.026569084340547e-85,-1.926428439336452e-58,-1.755677253309307e-32,3.148263489604459e-07,6.926890811598821e-108,2.092535250998919e-83,1.627115518581029e-56,1.8916557338761384e-31,-9.612549541861387e-06
45.1431,-2.57708015646879e-109,7.863777815778493e-85,6.298305448952788e-59,-1.3665882580293277e-32,1.5174852489489834e-07,6.349246974084843e-108,1.4186043657189727e-83,1.2781294921158652e-56,1.9454449763998958e-31,-8.153891203277377e-06
45.1629,-1.4700683009679363e-109,9.519857695410243e-85,2.50923495037536e-58,-9.927762160875835e-33,2.0335245352043772e-08,5.53505927750427e-108,8.280399398158747e-84,9.397022027400405e-57,1.8690602097087202e-31,-6.570663977142728e-06
45.1839,-5.516053112842197e-110,1.0190726143409441e-84,3.768234157462899e-58,-6.528506116660205e-33,-7.944482902621977e-08,4.592314948418583e-108,3.354342239995988e-84,6.294996035437696e-57,1.6996280221078152e-31,-4.989003718913177e-06
45.2034,1.7033824965562092e-110,1.0082433910804273e-84,4.48638951333078e-58,-3.58735371649887e-33,-1.4951319506834425e-07,3.609717804699203e-108,-5.414611630258413e-85,3.590776779339403e-57,1.4705762000806674e-31,-3.5034183021062238e-06
45.2230,7.015756253811642e-110,9.39626870170214e-85,4.7558226594318435e-58,-1.1662481933879364e-33,-1.9309367789583696e-07,2.656186878627716e-108,-3.430826045510663e-84,1.347165730505318e-57,1.2105527615554667e-31,-2.179024141374635e-06
45.2431,1.0579091196524517e-109,8.317868672773412e-85,4.6725481594417305e-58,7.195558405485401e-34,-2.1419341934270628e-07,1.781667471356438e-108,-5.392000144643639e-84,-4.163724999505646e-58,9.429020169682382e-32,-1.0549870723434655e-06
45.2630,1.2616846931767704e-109,7.009996530710461e-85,4.329739394882642e-58,2.090735515567985e-33,-2.1716662026729588e-07,1.0188778676215929e-108,-6.5393607103147525e-84,-1.7140438227954427e-57,6.855898375097224e-32,-1.4866004622948035e-07
45.2830,1.338815291729403e-109,5.608492632320621e-85,3.812848457770367e-58,2.9936761408984893e-33,-2.0636652374470033e-07,3.8565299276316355e-109,-7.007519491949202e-84,-2.5844546855613746e-57,4.514703126652523e-32,5.400048261297774e-07
45.3029,1.3163343231401135e-109,4.2208551505890027e-85,3.196409347469939e-58,3.491261041442458e-33,-1.8588445992807166e-07,-1.124048429464482e-109,-6.938187408658088e-84,-3.0821955515021414e-57,2.4879245027198453e-32,1.024103190831434e-06
45.3229,1.2204935373097394e-109,2.926875730254949e-85,2.5422954538964214e-58,3.6549740543638874e-33,-1.5936984446991585e-07,-4.792039291518703e-109,-6.469897101670267e-84,-3.270569467867588e-57,8.185650646071464e-33,1.3257307729077905e-06
45.3428,1.0753833356983746e-109,1.780778621189112e-85,1.899172306482498e-58,3.558460370793126e-33,-1.2992169220810404e-07,-7.255510080568246e-109,-5.730485545329185e-84,-3.215615737069617e-57,-4.8256841785380655e-33,1.4724076130905904e-06
45.3623,9.020276843479484e-110,8.143590721183876e-86,1.3028796075331054e-58,3.272567485867468e-33,-1.0004027647925894e-07,-8.667782567521307e-109,-4.832097745353622e-84,-2.981463494746962e-57,-1.429464424628293e-32,1.4940707864422549e-06
45.3825,7.178892847742518e-110,4.068286598824102e-87,7.774873068690747e-59,2.861793773021176e-33,-7.162679809386959e-08,-9.206919978684826e-109,-3.868381030650733e-84,-2.6269615033201534e-57,-2.05386856423146e-32,1.420673919269468e-06
45.4030,5.367121280075243e-110,-5.4201526056866345e-86,3.367938429589072e-59,2.3820058620051866e-33,-4.601908141919539e-08,-9.058857838336376e-109,-2.913490632784522e-84,-2.2034673195508375e-57,-2.3989395550799476e-32,1.2803858337337097e-06
45.4230,3.686265327520272e-110,-9.465179398522219e-86,-1.3933885551252864e-60,1.8792445770228833e-33,-2.4052149028038015e-08,-8.404279762774855e-109,-2.0225133964177926e-84,-1.7536386425508004e-57,-2.5138064249115165e-32,1.0983466195578686e-06
45.4429,2.2044474434528273e-110,-1.1931038729237574e-85,-2.7614364880079774e-59,1.3894189386647828e-33,-6.133820792987708e-09,-7.409089420337223e-109,-1.2329296653576777e-84,-1.3110488162477243e-57,-2.4491281917905023e-32,8.959164117525154e-07
45.4630,9.608171837950742e-111,-1.3064570903519837e-85,-4.562323523099086e-59,9.386845735763206e-34,7.672954630879285e-09,-6.218151298288765e-109,-5.667660871411311e-85,-9.004435175455539e-58,-2.2536718254423116e-32,6.903387711933497e-07
45.4830,-2.955454197594509e-112,-1.3130845780020344e-85,-5.639249388031472e-59,5.443127253453947e-34,1.7567658920926774e-08,-4.951858628855096e-109,-3.313743825025326e-86,-5.3846293246619286e-58,-1.9718592411546298e-32,4.947352145023744e-07
45.5029,-7.705600637856528e-111,-1.2392701190594503e-85,-6.108588823448873e-59,2.1587507565147654e-34,2.3934627603206783e-08,-3.7050276090485384e-109,3.690722947129204e-85,-2.346697177087005e-58,-1.6421882484695907e-32,3.183484341140005e-07
45.5228,-1.2800806013157945e-110,-1.1095530677089452e-85,-6.094078070604991e-59,-4.3405666158050633e-35,2.7273776458724385e-08,-2.547602687650708e-109,6.485852567525254e-85,7.255376421940822e-60,-1.2964037090476358e-32,1.6695744277588003e-07
