700 0 1 0           
30 Autodesk Translation Framework 20 ASM 231.6.2.65535 NT 24 Thu Jul 23 01:35:44 2026 
1 9.999999999999999547e-07 1.000000000000000036e-10 
body $1 -1 $-1 $2 $-1 $-1 #
rgb_color-st-attrib $-1 -1 $3 $-1 $0 0.7490196078431372584 0.7490196078431372584 0.7490196078431372584 #
lump $-1 -1 $-1 $-1 $4 $0 #
DXID-attrib $-1 -1 $5 $1 $0 @18 ASM_BODY_FROM_STEP @83 C6B394E3D3EB6AEB84C91BCBEB1192062E242E9A|:|B8A4396250C5687B1D31E70758B30729E1AC4426 #
shell $-1 -1 $-1 $-1 $-1 $6 $-1 $2 #
DXID-attrib $-1 -1 $7 $3 $0 @18 ASM_BODY_FROM_STEP @83 59EB9B8B3B781A06716B749F7CF192A78877B2DB|:|B8A4396250C5687B1D31E70758B30729E1AC4426 #
face $8 -1 $-1 $9 $10 $4 $-1 $11 forward single #
DXID-attrib $-1 -1 $12 $5 $0 @18 ASM_BODY_FROM_STEP @83 82D002BE2A46630739341CC44267D6016781F533|:|B8A4396250C5687B1D31E70758B30729E1AC4426 #
DXID-attrib $-1 -1 $-1 $-1 $6 @10 ASM ENTITY @36 4ec722d6-d232-4269-a6da-9a0a096cb3ea #
face $13 -1 $-1 $14 $15 $4 $-1 $11 forward single #
loop $-1 -1 $-1 $16 $17 $6 #
plane-surface $-1 -1 $-1 121.0000000000008811 -84 0.5178461295054962443 0 0 1 -10 0 0 forward_v I I I I #
DXID-attrib $-1 -1 $-1 $7 $0 @18 ASM_BODY_FROM_STEP @83 D3821660C2DFAAEE935EE5F312A49BB7DD8FEFCB|:|B8A4396250C5687B1D31E70758B30729E1AC4426 #
DXID-attrib $-1 -1 $-1 $-1 $9 @10 ASM ENTITY @36 d39a4e98-249d-493e-be58-e30aedcfe16f #
face $18 -1 $-1 $19 $20 $4 $-1 $11 forward single #
loop $-1 -1 $-1 $21 $22 $9 #
loop $-1 -1 $-1 $-1 $23 $6 #
coedge $-1 -1 $-1 $17 $17 $24 $25 reversed $10 $-1 #
DXID-attrib $-1 -1 $-1 $-1 $14 @10 ASM ENTITY @36 c15e5f20-dce3-45d9-bcfd-f7e401209acb #
face $26 -1 $-1 $27 $28 $4 $-1 $11 forward single #
loop $-1 -1 $-1 $29 $30 $14 #
loop $-1 -1 $-1 $-1 $31 $9 #
coedge $-1 -1 $-1 $22 $22 $32 $33 reversed $15 $-1 #
coedge $-1 -1 $-1 $34 $35 $36 $37 reversed $16 $-1 #
coedge $-1 -1 $-1 $24 $24 $17 $25 forward $38 $-1 #
edge $-1 -1 $-1 $39 -3.141592653589793116 $39 3.141592653589793116 $24 $40 forward @7 unknown #
DXID-attrib $-1 -1 $-1 $-1 $19 @10 ASM ENTITY @36 d8c0d921-96c2-472d-b97e-b4fc3211c737 #
face $41 -1 $-1 $42 $43 $4 $-1 $11 forward single #
loop $-1 -1 $-1 $44 $45 $19 #
loop $-1 -1 $-1 $-1 $46 $14 #
coedge $-1 -1 $-1 $30 $30 $47 $48 reversed $20 $-1 #
coedge $-1 -1 $-1 $49 $50 $51 $52 reversed $21 $-1 #
coedge $-1 -1 $-1 $32 $32 $22 $33 forward $53 $-1 #
edge $-1 -1 $-1 $54 -3.141592653589808659 $54 3.141592653589777573 $32 $55 forward @7 unknown #
coedge $-1 -1 $-1 $56 $23 $57 $58 reversed $16 $-1 #
coedge $-1 -1 $-1 $23 $56 $59 $60 reversed $16 $-1 #
coedge $-1 -1 $-1 $61 $62 $23 $37 forward $63 $-1 #
edge $-1 -1 $-1 $64 -0.7299999999999577938 $65 -0.6899999999999568701 $36 $66 forward @7 unknown #
loop $-1 -1 $-1 $67 $24 $68 #
vertex $-1 -1 $-1 $25 $69 #
ellipse-curve $-1 -1 $-1 135 -74 0.5178461295054962443 -0 -0 -1 0 -0.4500000000000000666 0 1 I I #
DXID-attrib $-1 -1 $-1 $-1 $27 @10 ASM ENTITY @36 9f583454-c62c-43fd-a4f8-e850e670f3c1 #
face $70 -1 $-1 $71 $72 $4 $-1 $11 forward single #
loop $-1 -1 $-1 $73 $74 $27 #
loop $-1 -1 $-1 $-1 $75 $19 #
coedge $-1 -1 $-1 $45 $45 $76 $77 reversed $28 $-1 #
coedge $-1 -1 $-1 $46 $46 $78 $79 reversed $29 $-1 #
coedge $-1 -1 $-1 $47 $47 $30 $48 forward $80 $-1 #
edge $-1 -1 $-1 $81 -3.141592653589793116 $81 3.141592653589793116 $47 $82 forward @7 unknown #
coedge $-1 -1 $-1 $83 $31 $84 $85 reversed $21 $-1 #
coedge $-1 -1 $-1 $31 $83 $86 $87 reversed $21 $-1 #
coedge $-1 -1 $-1 $88 $89 $31 $52 forward $90 $-1 #
edge $-1 -1 $-1 $91 0.4700000000000006395 $92 0.5099999999999997868 $51 $93 forward @7 unknown #
loop $-1 -1 $-1 $94 $32 $95 #
vertex $-1 -1 $-1 $33 $96 #
ellipse-curve $-1 -1 $-1 132.4600000000000364 -74 0.5178461295054962443 -0 -0 -1 2.842170943040100345e-14 -0.4500000000000000666 0 1 I I #
coedge $-1 -1 $-1 $35 $34 $97 $98 reversed $16 $-1 #
coedge $-1 -1 $-1 $99 $100 $34 $58 forward $101 $-1 #
edge $-1 -1 $-1 $102 0.4700000000000006395 $64 0.5099999999999997868 $57 $103 forward @7 unknown #
coedge $-1 -1 $-1 $104 $105 $35 $60 forward $106 $-1 #
edge $-1 -1 $-1 $65 -0.5299999999999993605 $107 -0.4900000000000002132 $59 $108 forward @7 unknown #
coedge $-1 -1 $-1 $109 $36 $105 $110 reversed $63 $-1 #
coedge $-1 -1 $-1 $36 $109 $99 $111 forward $63 $-1 #
loop $-1 -1 $-1 $-1 $36 $112 #
vertex $-1 -1 $-1 $37 $113 #
vertex $-1 -1 $-1 $37 $114 #
straight-curve $-1 -1 $-1 127.9000000000004604 -73.80000000000001137 0.5178461295054961333 -10 0 0 I I #
loop $-1 -1 $-1 $-1 $115 $68 #
face $116 -1 $-1 $117 $38 $4 $-1 $118 reversed single #
point $-1 -1 $-1 135 -73.55000000000001137 0.5178461295054962443 #
DXID-attrib $-1 -1 $-1 $-1 $42 @10 ASM ENTITY @36 cb689d9d-8fec-4d02-b177-42341997666b #
face $119 -1 $-1 $120 $121 $4 $-1 $11 forward single #
loop $-1 -1 $-1 $122 $123 $42 #
loop $-1 -1 $-1 $-1 $124 $27 #
coedge $-1 -1 $-1 $74 $74 $125 $126 reversed $43 $-1 #
coedge $-1 -1 $-1 $127 $128 $129 $130 reversed $44 $-1 #
coedge $-1 -1 $-1 $76 $76 $45 $77 forward $131 $-1 #
edge $-1 -1 $-1 $132 -3.141592653589793116 $132 3.141592653589793116 $76 $133 forward @7 unknown #
coedge $-1 -1 $-1 $78 $78 $46 $79 forward $134 $-1 #
edge $-1 -1 $-1 $135 -3.141592653589793116 $135 3.141592653589793116 $78 $136 forward @7 unknown #
loop $-1 -1 $-1 $137 $47 $138 #
vertex $-1 -1 $-1 $48 $139 #
ellipse-curve $-1 -1 $-1 128.1599999999999966 -73.5 0.5178461295054962443 -0 -0 -1 0 -0.5999999999999999778 0 1 I I #
coedge $-1 -1 $-1 $50 $49 $140 $141 reversed $21 $-1 #
coedge $-1 -1 $-1 $142 $143 $49 $85 forward $144 $-1 #
edge $-1 -1 $-1 $145 0.5429999999999566285 $91 0.5829999999999557758 $84 $146 forward @7 unknown #
coedge $-1 -1 $-1 $147 $148 $50 $87 forward $149 $-1 #
edge $-1 -1 $-1 $92 -0.6029999999999553495 $150 -0.5629999999999562021 $86 $151 forward @7 unknown #
coedge $-1 -1 $-1 $152 $51 $148 $153 reversed $90 $-1 #
coedge $-1 -1 $-1 $51 $152 $142 $154 forward $90 $-1 #
loop $-1 -1 $-1 $-1 $51 $155 #
vertex $-1 -1 $-1 $52 $156 #
vertex $-1 -1 $-1 $52 $157 #
straight-curve $-1 -1 $-1 132.660000000000025 -78.90000000000000568 0.5178461295054961333 0 10 0 I I #
loop $-1 -1 $-1 $-1 $158 $95 #
face $159 -1 $-1 $68 $53 $4 $-1 $160 reversed single #
point $-1 -1 $-1 132.4599999999999795 -73.55000000000001137 0.5178461295054962443 #
coedge $-1 -1 $-1 $161 $162 $56 $98 forward $163 $-1 #
edge $-1 -1 $-1 $107 0.6699999999999572964 $102 0.7099999999999582201 $97 $164 forward @7 unknown #
coedge $-1 -1 $-1 $165 $57 $62 $111 reversed $101 $-1 #
coedge $-1 -1 $-1 $57 $165 $161 $166 forward $101 $-1 #
loop $-1 -1 $-1 $-1 $57 $167 #
vertex $-1 -1 $-1 $58 $168 #
straight-curve $-1 -1 $-1 135.2000000000000455 -78.90000000000000568 0.5178461295054961333 0 10 0 I I #
coedge $-1 -1 $-1 $169 $59 $162 $170 reversed $106 $-1 #
coedge $-1 -1 $-1 $59 $169 $61 $110 forward $106 $-1 #
loop $-1 -1 $-1 $-1 $59 $171 #
vertex $-1 -1 $-1 $98 $172 #
straight-curve $-1 -1 $-1 134.8000000000000114 -79.09999999999999432 0.5178461295054961333 0 -10 0 I I #
coedge $-1 -1 $-1 $62 $61 $173 $174 reversed $63 $-1 #
edge $175 -1 $-1 $176 0.499999999999999889 $65 4.577153870494504062 $61 $177 forward @7 unknown #
edge $178 -1 $-1 $179 0.499999999999999889 $64 4.577153870494504062 $62 $180 forward @7 unknown #
face $181 -1 $-1 $171 $63 $4 $-1 $182 reversed single #
point $-1 -1 $-1 135.2000000000000455 -73.80000000000001137 0.5178461295054964664 #
point $-1 -1 $-1 134.8000000000000114 -73.80000000000001137 0.5178461295054964664 #
coedge $-1 -1 $-1 $115 $115 $183 $184 reversed $67 $-1 #
rgb_color-st-attrib $-1 -1 $185 $-1 $68 0.313725490196078427 0.4862745098039215619 0.4117647058823529216 #
face $186 -1 $-1 $187 $188 $4 $-1 $189 forward single #
cone-surface $-1 -1 $-1 135 -74 -0.04599999999999999922 -0 -0 -1 0 -0.4500000000000000666 0 1 I I 0 1 0.4500000000000000666 forward I I I I #
DXID-attrib $-1 -1 $-1 $-1 $71 @10 ASM ENTITY @36 8eb32ee4-dfd1-4b52-86ec-5b34e18fdf56 #
face $190 -1 $-1 $191 $192 $4 $-1 $11 forward single #
loop $-1 -1 $-1 $193 $194 $71 #
loop $-1 -1 $-1 $-1 $195 $42 #
coedge $-1 -1 $-1 $123 $123 $196 $197 reversed $72 $-1 #
coedge $-1 -1 $-1 $198 $199 $200 $201 reversed $73 $-1 #
coedge $-1 -1 $-1 $125 $125 $74 $126 forward $202 $-1 #
edge $-1 -1 $-1 $203 -3.141592653589793116 $203 3.141592653589793116 $125 $204 forward @7 unknown #
coedge $-1 -1 $-1 $205 $75 $206 $207 reversed $44 $-1 #
coedge $-1 -1 $-1 $75 $205 $208 $209 reversed $44 $-1 #
coedge $-1 -1 $-1 $210 $211 $75 $130 forward $212 $-1 #
edge $-1 -1 $-1 $213 0.08150000000004276046 $214 0.1215000000000436842 $129 $215 forward @7 unknown #
loop $-1 -1 $-1 $216 $76 $217 #
vertex $-1 -1 $-1 $77 $218 #
ellipse-curve $-1 -1 $-1 118.7700000000000102 -57.5 0.5178461295054962443 -0 -0 -1 0 -0.4500000000000000666 0 1 I I #
loop $-1 -1 $-1 $219 $78 $220 #
vertex $-1 -1 $-1 $79 $221 #
ellipse-curve $-1 -1 $-1 128.1599999999999966 -73.5 0.5178461295054964664 0 0 1 -0.4000000000000000777 0 0 1 I I #
loop $-1 -1 $-1 $-1 $222 $138 #
face $223 -1 $-1 $95 $80 $4 $-1 $224 reversed single #
point $-1 -1 $-1 128.1599999999999966 -72.90000000000000568 0.5178461295054962443 #
coedge $-1 -1 $-1 $225 $226 $83 $141 forward $227 $-1 #
edge $-1 -1 $-1 $150 -0.5299999999999993605 $145 -0.4900000000000002132 $140 $228 forward @7 unknown #
coedge $-1 -1 $-1 $229 $84 $89 $154 reversed $144 $-1 #
coedge $-1 -1 $-1 $84 $229 $225 $230 forward $144 $-1 #
loop $-1 -1 $-1 $-1 $84 $231 #
vertex $-1 -1 $-1 $85 $232 #
straight-curve $-1 -1 $-1 126.8300000000004673 -74.20000000000000284 0.5178461295054961333 10 0 0 I I #
coedge $-1 -1 $-1 $233 $86 $226 $234 reversed $149 $-1 #
coedge $-1 -1 $-1 $86 $233 $88 $153 forward $149 $-1 #
loop $-1 -1 $-1 $-1 $86 $235 #
vertex $-1 -1 $-1 $141 $236 #
straight-curve $-1 -1 $-1 126.6300000000004644 -73.80000000000001137 0.5178461295054961333 -10 0 0 I I #
coedge $-1 -1 $-1 $89 $88 $237 $238 reversed $90 $-1 #
edge $239 -1 $-1 $240 0.499999999999999889 $92 4.577153870494504062 $88 $241 forward @7 unknown #
edge $242 -1 $-1 $243 0.499999999999999889 $91 4.577153870494504062 $89 $244 forward @7 unknown #
face $245 -1 $-1 $235 $90 $4 $-1 $246 reversed single #
point $-1 -1 $-1 132.660000000000025 -74.20000000000000284 0.5178461295054964664 #
point $-1 -1 $-1 132.660000000000025 -73.80000000000001137 0.5178461295054964664 #
coedge $-1 -1 $-1 $158 $158 $247 $248 reversed $94 $-1 #
rgb_color-st-attrib $-1 -1 $249 $-1 $95 0.313725490196078427 0.4862745098039215619 0.4117647058823529216 #
cone-surface $-1 -1 $-1 132.4600000000000364 -74 -0.04599999999999999922 0 0 -1 2.842170943040100345e-14 -0.4500000000000000666 0 1 I I 0 1 0.4500000000000000666 forward I I I I #
coedge $-1 -1 $-1 $250 $97 $100 $166 reversed $163 $-1 #
coedge $-1 -1 $-1 $97 $250 $104 $170 forward $163 $-1 #
loop $-1 -1 $-1 $-1 $97 $251 #
straight-curve $-1 -1 $-1 128.1000000000004491 -74.20000000000000284 0.5178461295054961333 10 0 0 I I #
coedge $-1 -1 $-1 $100 $99 $252 $253 reversed $101 $-1 #
edge $254 -1 $-1 $255 0.499999999999999889 $102 4.577153870494504062 $100 $256 forward @7 unknown #
face $257 -1 $-1 $258 $101 $4 $-1 $259 reversed single #
point $-1 -1 $-1 135.2000000000000455 -74.20000000000000284 0.5178461295054964664 #
coedge $-1 -1 $-1 $105 $104 $260 $261 reversed $106 $-1 #
edge $262 -1 $-1 $263 0.499999999999999889 $107 4.577153870494504062 $162 $264 forward @7 unknown #
face $265 -1 $-1 $266 $106 $4 $-1 $267 reversed single #
point $-1 -1 $-1 134.8000000000000114 -74.20000000000000284 0.5178461295054964664 #
coedge $-1 -1 $-1 $260 $252 $109 $174 forward $268 $-1 #
edge $269 -1 $-1 $179 -1.685000000000000275 $176 -1.28499999999999992 $173 $270 forward @7 unknown #
DXID-attrib $-1 -1 $-1 $-1 $110 @18 ASM_EDGE_FROM_STEP @4 3139 #
vertex $-1 -1 $-1 $174 $271 #
straight-curve $-1 -1 $-1 134.8000000000000114 -73.80000000000001137 5.095000000000000639 -0 -0 -1 F 0.499999999999999889 F 6.000000000000000888 #
DXID-attrib $-1 -1 $-1 $-1 $111 @18 ASM_EDGE_FROM_STEP @4 3155 #
vertex $-1 -1 $-1 $111 $272 #
straight-curve $-1 -1 $-1 135.2000000000000455 -73.80000000000001137 5.095000000000000639 -0 -0 -1 F 0.499999999999999889 F 6.000000000000000888 #
rgb_color-st-attrib $-1 -1 $273 $-1 $112 0.8235294117647058432 0.8196078431372548767 0.7803921568627451011 #
plane-surface $-1 -1 $-1 134.8000000000000114 -73.80000000000001137 5.095000000000000639 0 -1 0 1 0 0 forward_v I I I I #
coedge $-1 -1 $-1 $183 $183 $115 $184 forward $274 $-1 #
edge $275 -1 $-1 $276 0 $276 6.283185307179586232 $183 $277 forward @7 unknown #
DXID-attrib $-1 -1 $-1 $116 $68 @18 ASM_FACE_FROM_STEP @20 pcb-3806-dup-dxid-45 #
rgb_color-st-attrib $-1 -1 $278 $-1 $117 0.8235294117647058432 0.8196078431372548767 0.7803921568627451011 #
face $279 -1 $-1 $280 $281 $4 $-1 $282 forward single #
loop $-1 -1 $-1 $283 $284 $117 #
cone-surface $-1 -1 $-1 107.8400000000000034 -73.5 -1.405000000000000471 0 0 1 0.4000000000000000777 0 0 1 I I 0 1 0.4000000000000000777 forward I I I I #
DXID-attrib $-1 -1 $-1 $-1 $120 @10 ASM ENTITY @36 4a46c604-9834-42d3-b7bf-cafa6755d286 #
face $285 -1 $-1 $286 $287 $4 $-1 $11 forward single #
loop $-1 -1 $-1 $288 $289 $120 #
loop $-1 -1 $-1 $-1 $290 $71 #
coedge $-1 -1 $-1 $194 $194 $291 $292 reversed $121 $-1 #
coedge $-1 -1 $-1 $195 $195 $293 $294 reversed $122 $-1 #
coedge $-1 -1 $-1 $196 $196 $123 $197 forward $295 $-1 #
edge $-1 -1 $-1 $296 -3.141592653589793116 $296 3.141592653589793116 $196 $297 forward @7 unknown #
coedge $-1 -1 $-1 $298 $124 $299 $300 reversed $73 $-1 #
coedge $-1 -1 $-1 $124 $298 $301 $302 reversed $73 $-1 #
coedge $-1 -1 $-1 $303 $304 $124 $201 forward $305 $-1 #
edge $-1 -1 $-1 $306 1.295000000000000817 $307 1.334999999999999964 $200 $308 forward @7 unknown #
loop $-1 -1 $-1 $309 $125 $310 #
vertex $-1 -1 $-1 $126 $311 #
ellipse-curve $-1 -1 $-1 116.2300000000000182 -57.5 0.5178461295054962443 -0 -0 -1 0 -0.4500000000000000666 0 1 I I #
coedge $-1 -1 $-1 $128 $127 $312 $313 reversed $44 $-1 #
coedge $-1 -1 $-1 $314 $315 $127 $207 forward $316 $-1 #
edge $-1 -1 $-1 $317 1.295000000000000817 $213 1.334999999999999964 $206 $318 forward @7 unknown #
coedge $-1 -1 $-1 $319 $320 $128 $209 forward $321 $-1 #
edge $-1 -1 $-1 $214 -1.354999999999999538 $322 -1.315000000000000391 $208 $323 forward @7 unknown #
coedge $-1 -1 $-1 $324 $129 $320 $325 reversed $212 $-1 #
coedge $-1 -1 $-1 $129 $324 $314 $326 forward $212 $-1 #
loop $-1 -1 $-1 $-1 $129 $327 #
vertex $-1 -1 $-1 $130 $328 #
vertex $-1 -1 $-1 $130 $329 #
straight-curve $-1 -1 $-1 119.7850000000004513 -57.30000000000000426 0.5178461295054961333 -10 0 0 I I #
loop $-1 -1 $-1 $-1 $330 $217 #
face $331 -1 $-1 $138 $131 $4 $-1 $332 reversed single #
point $-1 -1 $-1 118.7700000000000102 -57.04999999999999716 0.5178461295054962443 #
loop $-1 -1 $-1 $-1 $333 $220 #
face $334 -1 $-1 $335 $134 $4 $-1 $282 forward single #
point $-1 -1 $-1 128.5600000000000023 -73.5 0.5178461295054964664 #
coedge $-1 -1 $-1 $222 $222 $336 $337 reversed $137 $-1 #
rgb_color-st-attrib $-1 -1 $338 $-1 $138 0.313725490196078427 0.4862745098039215619 0.4117647058823529216 #
cone-surface $-1 -1 $-1 128.1599999999999966 -73.5 -0.04599999999999999922 -0 -0 -1 0 -0.5999999999999999778 0 1 I I 0 1 0.5999999999999999778 forward I I I I #
coedge $-1 -1 $-1 $339 $140 $143 $230 reversed $227 $-1 #
coedge $-1 -1 $-1 $140 $339 $147 $234 forward $227 $-1 #
loop $-1 -1 $-1 $-1 $140 $340 #
straight-curve $-1 -1 $-1 132.2600000000000193 -79.09999999999999432 0.5178461295054961333 0 -10 0 I I #
coedge $-1 -1 $-1 $143 $142 $341 $342 reversed $144 $-1 #
edge $343 -1 $-1 $344 0.499999999999999889 $145 4.577153870494504062 $143 $345 forward @7 unknown #
face $346 -1 $-1 $347 $144 $4 $-1 $348 reversed single #
point $-1 -1 $-1 132.2600000000000193 -74.20000000000000284 0.5178461295054964664 #
coedge $-1 -1 $-1 $148 $147 $349 $350 reversed $149 $-1 #
edge $351 -1 $-1 $352 0.499999999999999889 $150 4.577153870494504062 $226 $353 forward @7 unknown #
face $354 -1 $-1 $112 $149 $4 $-1 $355 reversed single #
point $-1 -1 $-1 132.2600000000000193 -73.80000000000001137 0.5178461295054964664 #
coedge $-1 -1 $-1 $349 $341 $152 $238 forward $356 $-1 #
edge $357 -1 $-1 $243 0.2830951894849999539 $240 0.6830951894850001427 $237 $358 forward @7 unknown #
DXID-attrib $-1 -1 $-1 $-1 $153 @18 ASM_EDGE_FROM_STEP @4 3043 #
vertex $-1 -1 $-1 $238 $359 #
straight-curve $-1 -1 $-1 132.660000000000025 -73.80000000000001137 5.095000000000000639 -0 -0 -1 F 0.499999999999999889 F 6.000000000000000888 #
DXID-attrib $-1 -1 $-1 $-1 $154 @18 ASM_EDGE_FROM_STEP @4 3059 #
vertex $-1 -1 $-1 $154 $360 #
straight-curve $-1 -1 $-1 132.660000000000025 -74.20000000000000284 5.095000000000000639 -0 -0 -1 F 0.499999999999999889 F 6.000000000000000888 #
rgb_color-st-attrib $-1 -1 $361 $-1 $155 0.8235294117647058432 0.8196078431372548767 0.7803921568627451011 #
plane-surface $-1 -1 $-1 132.660000000000025 -73.80000000000001137 5.095000000000000639 -1 0 0 0 -1 0 forward_v I I I I #
coedge $-1 -1 $-1 $247 $247 $158 $248 forward $362 $-1 #
edge $363 -1 $-1 $364 6.315935428978000907e-14 $364 6.283185307179649293 $247 $365 forward @7 unknown #
DXID-attrib $-1 -1 $-1 $159 $95 @18 ASM_FACE_FROM_STEP @20 pcb-3789-dup-dxid-44 #
coedge $-1 -1 $-1 $162 $161 $366 $367 reversed $163 $-1 #
face $368 -1 $-1 $369 $163 $4 $-1 $370 reversed single #
coedge $-1 -1 $-1 $173 $366 $165 $253 forward $268 $-1 #
edge $371 -1 $-1 $255 0.2830951894849999539 $179 0.6830951894850001427 $252 $372 forward @7 unknown #
DXID-attrib $-1 -1 $-1 $-1 $166 @18 ASM_EDGE_FROM_STEP @4 3179 #
vertex $-1 -1 $-1 $166 $373 #
straight-curve $-1 -1 $-1 135.2000000000000455 -74.20000000000000284 5.095000000000000639 -0 -0 -1 F 0.499999999999999889 F 6.000000000000000888 #
rgb_color-st-attrib $-1 -1 $374 $-1 $167 0.8235294117647058432 0.8196078431372548767 0.7803921568627451011 #
face $375 -1 $-1 $376 $377 $4 $-1 $267 reversed single #
plane-surface $-1 -1 $-1 135.2000000000000455 -73.80000000000001137 5.095000000000000639 -1 0 0 0 -1 0 forward_v I I I I #
coedge $-1 -1 $-1 $366 $173 $169 $261 forward $268 $-1 #
edge $378 -1 $-1 $176 -0.8830951894849999873 $263 -0.483095189484999965 $260 $379 forward @7 unknown #
DXID-attrib $-1 -1 $-1 $-1 $170 @18 ASM_EDGE_FROM_STEP @4 3203 #
vertex $-1 -1 $-1 $367 $380 #
straight-curve $-1 -1 $-1 134.8000000000000114 -74.20000000000000284 5.095000000000000639 -0 -0 -1 F 0.499999999999999889 F 6.000000000000000888 #
rgb_color-st-attrib $-1 -1 $381 $-1 $171 0.8235294117647058432 0.8196078431372548767 0.7803921568627451011 #
face $382 -1 $-1 $383 $384 $4 $-1 $385 reversed single #
plane-surface $-1 -1 $-1 134.8000000000000114 -74.20000000000000284 5.095000000000000639 1 0 0 0 1 0 forward_v I I I I #
loop $-1 -1 $-1 $-1 $173 $386 #
DXID-attrib $-1 -1 $-1 $-1 $174 @18 ASM_EDGE_FROM_STEP @4 3002 #
straight-curve $-1 -1 $-1 133.5150000000000148 -73.80000000000001137 4.595000000000000639 -1 -0 -0 F -1.685000000000000275 F -1.28499999999999992 #
point $-1 -1 $-1 134.8000000000000114 -73.80000000000001137 4.595000000000000639 #
point $-1 -1 $-1 135.2000000000000455 -73.80000000000001137 4.595000000000000639 #
DXID-attrib $-1 -1 $-1 $181 $112 @18 ASM_FACE_FROM_STEP @21 pcb-3134-dup-dxid-191 #
loop $-1 -1 $-1 $-1 $183 $387 #
DXID-attrib $-1 -1 $-1 $-1 $184 @18 ASM_EDGE_FROM_STEP @4 3628 #
vertex $-1 -1 $-1 $184 $388 #
ellipse-curve $-1 -1 $-1 135 -74 1.510000000000000231 0 0 -1 0 -0.4500000000000000666 0 1 I I #
DXID-attrib $-1 -1 $-1 $186 $117 @18 ASM_FACE_FROM_STEP @7 pcb-275 #
rgb_color-st-attrib $-1 -1 $389 $-1 $187 0.8235294117647058432 0.8196078431372548767 0.7803921568627451011 #
face $390 -1 $-1 $391 $392 $4 $-1 $393 forward single #
loop $-1 -1 $-1 $394 $395 $187 #
cone-surface $-1 -1 $-1 128.1599999999999966 -73.5 3.395000000000000462 0 0 -1 -0.4000000000000000777 0 0 1 I I 0 1 0.4000000000000000777 forward I I I I #
loop $-1 -1 $-1 $-1 $396 $117 #
coedge $-1 -1 $-1 $284 $284 $397 $398 forward $188 $-1 #
DXID-attrib $-1 -1 $-1 $-1 $191 @10 ASM ENTITY @36 a846d99f-c6c7-4b1f-8904-5ec885498ada #
face $399 -1 $-1 $400 $401 $4 $-1 $11 forward single #
loop $-1 -1 $-1 $402 $403 $191 #
loop $-1 -1 $-1 $-1 $404 $120 #
coedge $-1 -1 $-1 $289 $289 $405 $406 reversed $192 $-1 #
coedge $-1 -1 $-1 $290 $290 $407 $408 reversed $193 $-1 #
coedge $-1 -1 $-1 $291 $291 $194 $292 forward $409 $-1 #
edge $-1 -1 $-1 $410 -3.141592653589793116 $410 3.141592653589793116 $291 $411 forward @7 unknown #
coedge $-1 -1 $-1 $293 $293 $195 $294 forward $412 $-1 #
edge $-1 -1 $-1 $413 -3.141592653589793116 $413 3.141592653589793116 $293 $414 forward @7 unknown #
loop $-1 -1 $-1 $415 $196 $416 #
vertex $-1 -1 $-1 $197 $417 #
ellipse-curve $-1 -1 $-1 107.8400000000000034 -73.5 0.5178461295054962443 -0 -0 -1 0 -0.5999999999999999778 0 1 I I #
coedge $-1 -1 $-1 $199 $198 $418 $419 reversed $73 $-1 #
coedge $-1 -1 $-1 $420 $421 $198 $300 forward $422 $-1 #
edge $-1 -1 $-1 $423 -0.2685000000000421494 $306 -0.228500000000043002 $299 $424 forward @7 unknown #
coedge $-1 -1 $-1 $425 $426 $199 $302 forward $427 $-1 #
edge $-1 -1 $-1 $307 0.2085000000000434284 $428 0.2485000000000425757 $301 $429 forward @7 unknown #
coedge $-1 -1 $-1 $430 $200 $426 $431 reversed $305 $-1 #
coedge $-1 -1 $-1 $200 $430 $420 $432 forward $305 $-1 #
loop $-1 -1 $-1 $-1 $200 $433 #
vertex $-1 -1 $-1 $201 $434 #
vertex $-1 -1 $-1 $201 $435 #
straight-curve $-1 -1 $-1 116.4300000000000068 -70.65000000000000568 0.5178461295054961333 0 10 0 I I #
loop $-1 -1 $-1 $-1 $436 $310 #
face $437 -1 $-1 $217 $202 $4 $-1 $438 reversed single #
point $-1 -1 $-1 116.2300000000000182 -57.04999999999999716 0.5178461295054962443 #
coedge $-1 -1 $-1 $439 $440 $205 $313 forward $441 $-1 #
edge $-1 -1 $-1 $322 -0.1415000000000450342 $317 -0.1015000000000441105 $312 $442 forward @7 unknown #
coedge $-1 -1 $-1 $443 $206 $211 $326 reversed $316 $-1 #
coedge $-1 -1 $-1 $206 $443 $439 $444 forward $316 $-1 #
loop $-1 -1 $-1 $-1 $206 $445 #
vertex $-1 -1 $-1 $207 $446 #
straight-curve $-1 -1 $-1 118.9700000000000273 -70.65000000000000568 0.5178461295054961333 0 10 0 I I #
coedge $-1 -1 $-1 $447 $208 $440 $448 reversed $321 $-1 #
coedge $-1 -1 $-1 $208 $447 $210 $325 forward $321 $-1 #
loop $-1 -1 $-1 $-1 $208 $449 #
vertex $-1 -1 $-1 $313 $450 #
straight-curve $-1 -1 $-1 118.5700000000000074 -70.84999999999999432 0.5178461295054961333 0 -10 0 I I #
coedge $-1 -1 $-1 $211 $210 $451 $452 reversed $212 $-1 #
edge $453 -1 $-1 $454 0.499999999999999889 $214 4.577153870494504062 $210 $455 forward @7 unknown #
edge $456 -1 $-1 $457 0.499999999999999889 $213 4.577153870494504062 $211 $458 forward @7 unknown #
face $459 -1 $-1 $449 $212 $4 $-1 $460 reversed single #
point $-1 -1 $-1 118.9700000000000273 -57.30000000000000426 0.5178461295054964664 #
point $-1 -1 $-1 118.5700000000000074 -57.30000000000000426 0.5178461295054964664 #
coedge $-1 -1 $-1 $330 $330 $461 $462 reversed $216 $-1 #
rgb_color-st-attrib $-1 -1 $463 $-1 $217 0.313725490196078427 0.4862745098039215619 0.4117647058823529216 #
cone-surface $-1 -1 $-1 118.7700000000000102 -57.5 -0.04599999999999999922 -0 -0 -1 0 -0.4500000000000000666 0 1 I I 0 1 0.4500000000000000666 forward I I I I #
coedge $-1 -1 $-1 $333 $333 $464 $465 reversed $219 $-1 #
rgb_color-st-attrib $-1 -1 $466 $-1 $220 0.8235294117647058432 0.8196078431372548767 0.7803921568627451011 #
face $467 -1 $-1 $468 $469 $4 $-1 $470 reversed single #
coedge $-1 -1 $-1 $336 $336 $222 $337 forward $471 $-1 #
edge $472 -1 $-1 $473 0 $473 6.283185307179586232 $336 $474 forward @7 unknown #
DXID-attrib $-1 -1 $-1 $223 $138 @18 ASM_FACE_FROM_STEP @20 pcb-3772-dup-dxid-43 #
coedge $-1 -1 $-1 $226 $225 $475 $476 reversed $227 $-1 #
face $477 -1 $-1 $478 $227 $4 $-1 $479 reversed single #
coedge $-1 -1 $-1 $237 $475 $229 $342 forward $356 $-1 #
edge $480 -1 $-1 $344 -0.1850000000001400524 $243 0.2149999999998600253 $341 $481 forward @7 unknown #
DXID-attrib $-1 -1 $-1 $-1 $230 @18 ASM_EDGE_FROM_STEP @4 3083 #
vertex $-1 -1 $-1 $230 $482 #
straight-curve $-1 -1 $-1 132.2600000000000193 -74.20000000000000284 5.095000000000000639 -0 -0 -1 F 0.499999999999999889 F 6.000000000000000888 #
rgb_color-st-attrib $-1 -1 $483 $-1 $231 0.8235294117647058432 0.8196078431372548767 0.7803921568627451011 #
face $484 -1 $-1 $485 $486 $4 $-1 $355 reversed single #
plane-surface $-1 -1 $-1 132.660000000000025 -74.20000000000000284 5.095000000000000639 0 1 0 -1 0 0 forward_v I I I I #
coedge $-1 -1 $-1 $475 $237 $233 $350 forward $356 $-1 #
edge $487 -1 $-1 $240 -0.415000000000000091 $352 -0.01499999999999997863 $349 $488 forward @7 unknown #
DXID-attrib $-1 -1 $-1 $-1 $234 @18 ASM_EDGE_FROM_STEP @4 3107 #
vertex $-1 -1 $-1 $476 $489 #
straight-curve $-1 -1 $-1 132.2600000000000193 -73.80000000000001137 5.095000000000000639 -0 -0 -1 F 0.499999999999999889 F 6.000000000000000888 #
rgb_color-st-attrib $-1 -1 $490 $-1 $235 0.8235294117647058432 0.8196078431372548767 0.7803921568627451011 #
plane-surface $-1 -1 $-1 132.2600000000000193 -73.80000000000001137 5.095000000000000639 0 -1 0 1 0 0 forward_v I I I I #
loop $-1 -1 $-1 $268 $237 $386 #
DXID-attrib $-1 -1 $-1 $-1 $238 @18 ASM_EDGE_FROM_STEP @4 2968 #
straight-curve $-1 -1 $-1 132.660000000000025 -74.48309518948499885 4.595000000000000639 0 1 0 F 0.2830951894849999539 F 0.6830951894850001427 #
point $-1 -1 $-1 132.660000000000025 -73.80000000000001137 4.595000000000000639 #
point $-1 -1 $-1 132.660000000000025 -74.20000000000000284 4.595000000000000639 #
DXID-attrib $-1 -1 $-1 $245 $155 @18 ASM_FACE_FROM_STEP @21 pcb-3038-dup-dxid-189 #
loop $-1 -1 $-1 $274 $247 $387 #
DXID-attrib $-1 -1 $-1 $-1 $248 @18 ASM_EDGE_FROM_STEP @4 3617 #
vertex $-1 -1 $-1 $248 $491 #
ellipse-curve $-1 -1 $-1 132.4600000000000364 -74 1.510000000000000231 0 0 -1 2.842170943040100345e-14 -0.4500000000000000666 0 1 I I #
coedge $-1 -1 $-1 $252 $260 $250 $367 forward $268 $-1 #
edge $492 -1 $-1 $263 1.084999999999999742 $255 1.485000000000000098 $366 $493 forward @7 unknown #
rgb_color-st-attrib $-1 -1 $494 $-1 $251 0.8235294117647058432 0.8196078431372548767 0.7803921568627451011 #
face $495 -1 $-1 $167 $496 $4 $-1 $259 reversed single #
plane-surface $-1 -1 $-1 135.2000000000000455 -74.20000000000000284 5.095000000000000639 0 1 0 -1 0 0 forward_v I I I I #
DXID-attrib $-1 -1 $-1 $-1 $253 @18 ASM_EDGE_FROM_STEP @4 3028 #
straight-curve $-1 -1 $-1 135.2000000000000455 -74.48309518948499885 4.595000000000000639 0 1 0 F 0.2830951894849999539 F 0.6830951894850001427 #
point $-1 -1 $-1 135.2000000000000455 -74.20000000000000284 4.595000000000000639 #
DXID-attrib $-1 -1 $-1 $257 $167 @18 ASM_FACE_FROM_STEP @21 pcb-3165-dup-dxid-180 #
rgb_color-st-attrib $-1 -1 $497 $-1 $258 0.8235294117647058432 0.8196078431372548767 0.7803921568627451011 #
face $498 -1 $-1 $499 $500 $4 $-1 $182 reversed single #
loop $-1 -1 $-1 $-1 $501 $258 #
DXID-attrib $-1 -1 $-1 $-1 $261 @18 ASM_EDGE_FROM_STEP @4 3012 #
straight-curve $-1 -1 $-1 134.8000000000000114 -74.6830951894850017 4.595000000000000639 0 -1 0 F -0.8830951894849999873 F -0.483095189484999965 #
point $-1 -1 $-1 134.8000000000000114 -74.20000000000000284 4.595000000000000639 #
DXID-attrib $-1 -1 $-1 $265 $171 @18 ASM_FACE_FROM_STEP @21 pcb-3213-dup-dxid-192 #
rgb_color-st-attrib $-1 -1 $502 $-1 $266 0.8235294117647058432 0.8196078431372548767 0.7803921568627451011 #
face $503 -1 $-1 $504 $505 $4 $-1 $506 reversed single #
loop $-1 -1 $-1 $-1 $507 $266 #
plane-surface $-1 -1 $-1 132.2600000000000193 -73.80000000000001137 -0.9050000000000000266 0 0 1 1 0 0 forward_v I I I I #
face $508 -1 $-1 $155 $509 $4 $-1 $510 forward single #
face $511 -1 $-1 $512 $513 $4 $-1 $514 forward single #
point $-1 -1 $-1 135 -74.45000000000000284 1.510000000000000231 #
DXID-attrib $-1 -1 $-1 $279 $187 @18 ASM_FACE_FROM_STEP @7 pcb-406 #
rgb_color-st-attrib $-1 -1 $515 $-1 $280 0.8823529411764705621 0.7098039215686274828 0.4901960784313725283 #
face $516 -1 $-1 $517 $518 $4 $-1 $519 forward single #
loop $-1 -1 $-1 $520 $521 $280 #
cone-surface $-1 -1 $-1 109.5000000000000142 -73.5 4.595000000000000639 -1 -0 -0 0 3.000000000000000444 0 1 I I 0 1 3.000000000000000444 forward I I I I #
loop $-1 -1 $-1 $-1 $522 $187 #
coedge $-1 -1 $-1 $395 $395 $523 $524 reversed $281 $-1 #
coedge $-1 -1 $-1 $396 $396 $525 $526 forward $283 $-1 #
coedge $-1 -1 $-1 $397 $397 $284 $398 reversed $527 $-1 #
edge $528 -1 $-1 $529 -2.449293598294749802e-16 $529 6.283185307179586232 $284 $530 forward @7 unknown #
DXID-attrib $-1 -1 $-1 $-1 $286 @10 ASM ENTITY @36 d384e973-98c7-4056-bf11-6df5dad0fd49 #
face $531 -1 $-1 $532 $533 $4 $-1 $534 reversed single #
loop $-1 -1 $-1 $535 $536 $286 #
loop $-1 -1 $-1 $-1 $537 $191 #
coedge $-1 -1 $-1 $403 $403 $538 $539 reversed $287 $-1 #
coedge $-1 -1 $-1 $540 $541 $542 $543 reversed $288 $-1 #
coedge $-1 -1 $-1 $405 $405 $289 $406 forward $544 $-1 #
edge $-1 -1 $-1 $545 -3.141592653589793116 $545 3.141592653589793116 $405 $546 forward @7 unknown #
coedge $-1 -1 $-1 $407 $407 $290 $408 forward $547 $-1 #
edge $-1 -1 $-1 $548 -3.141592653589793116 $548 3.141592653589793116 $407 $549 forward @7 unknown #
loop $-1 -1 $-1 $550 $291 $551 #
vertex $-1 -1 $-1 $292 $552 #
ellipse-curve $-1 -1 $-1 128.1599999999999966 -93.5 0.5178461295054962443 -0 -0 -1 0 -0.5999999999999999778 0 1 I I #
loop $-1 -1 $-1 $553 $293 $554 #
vertex $-1 -1 $-1 $294 $555 #
ellipse-curve $-1 -1 $-1 107.8400000000000034 -73.5 0.5178461295054961333 0 0 1 0.4000000000000000777 0 0 1 I I #
loop $-1 -1 $-1 $-1 $556 $416 #
face $557 -1 $-1 $310 $295 $4 $-1 $558 reversed single #
point $-1 -1 $-1 107.8400000000000034 -72.90000000000000568 0.5178461295054962443 #
coedge $-1 -1 $-1 $559 $560 $298 $419 forward $561 $-1 #
edge $-1 -1 $-1 $428 -1.354999999999999538 $423 -1.315000000000000391 $418 $562 forward @7 unknown #
coedge $-1 -1 $-1 $563 $299 $304 $432 reversed $422 $-1 #
coedge $-1 -1 $-1 $299 $563 $559 $564 forward $422 $-1 #
loop $-1 -1 $-1 $-1 $299 $565 #
vertex $-1 -1 $-1 $300 $566 #
straight-curve $-1 -1 $-1 118.7150000000004297 -57.69999999999999574 0.5178461295054961333 10 0 0 I I #
coedge $-1 -1 $-1 $567 $301 $560 $568 reversed $427 $-1 #
coedge $-1 -1 $-1 $301 $567 $303 $431 forward $427 $-1 #
loop $-1 -1 $-1 $-1 $301 $569 #
vertex $-1 -1 $-1 $419 $570 #
straight-curve $-1 -1 $-1 118.5150000000004411 -57.30000000000000426 0.5178461295054961333 -10 0 0 I I #
coedge $-1 -1 $-1 $304 $303 $571 $572 reversed $305 $-1 #
edge $573 -1 $-1 $574 0.499999999999999889 $307 4.577153870494504062 $303 $575 forward @7 unknown #
edge $576 -1 $-1 $577 0.499999999999999889 $306 4.577153870494504062 $304 $578 forward @7 unknown #
face $579 -1 $-1 $569 $305 $4 $-1 $580 reversed single #
point $-1 -1 $-1 116.4300000000000068 -57.69999999999999574 0.5178461295054964664 #
point $-1 -1 $-1 116.4300000000000068 -57.30000000000000426 0.5178461295054964664 #
coedge $-1 -1 $-1 $436 $436 $581 $582 reversed $309 $-1 #
rgb_color-st-attrib $-1 -1 $583 $-1 $310 0.313725490196078427 0.4862745098039215619 0.4117647058823529216 #
cone-surface $-1 -1 $-1 116.2300000000000182 -57.5 -0.04599999999999999922 -0 -0 -1 0 -0.4500000000000000666 0 1 I I 0 1 0.4500000000000000666 forward I I I I #
coedge $-1 -1 $-1 $584 $312 $315 $444 reversed $441 $-1 #
coedge $-1 -1 $-1 $312 $584 $319 $448 forward $441 $-1 #
loop $-1 -1 $-1 $-1 $312 $585 #
straight-curve $-1 -1 $-1 119.9850000000004684 -57.69999999999999574 0.5178461295054961333 10 0 0 I I #
coedge $-1 -1 $-1 $315 $314 $586 $587 reversed $316 $-1 #
edge $588 -1 $-1 $589 0.499999999999999889 $317 4.577153870494504062 $315 $590 forward @7 unknown #
face $591 -1 $-1 $592 $316 $4 $-1 $593 reversed single #
point $-1 -1 $-1 118.9700000000000273 -57.69999999999999574 0.5178461295054964664 #
coedge $-1 -1 $-1 $320 $319 $594 $595 reversed $321 $-1 #
edge $596 -1 $-1 $597 0.499999999999999889 $322 4.577153870494504062 $440 $598 forward @7 unknown #
face $599 -1 $-1 $600 $321 $4 $-1 $601 reversed single #
point $-1 -1 $-1 118.5700000000000074 -57.69999999999999574 0.5178461295054964664 #
coedge $-1 -1 $-1 $594 $586 $324 $452 forward $602 $-1 #
edge $603 -1 $-1 $457 -1.685000000000000275 $454 -1.28499999999999992 $451 $604 forward @7 unknown #
DXID-attrib $-1 -1 $-1 $-1 $325 @18 ASM_EDGE_FROM_STEP @4 3139 #
vertex $-1 -1 $-1 $452 $605 #
straight-curve $-1 -1 $-1 118.5700000000000074 -57.30000000000000426 5.095000000000000639 -0 -0 -1 F 0.499999999999999889 F 6.000000000000000888 #
DXID-attrib $-1 -1 $-1 $-1 $326 @18 ASM_EDGE_FROM_STEP @4 3155 #
vertex $-1 -1 $-1 $326 $606 #
straight-curve $-1 -1 $-1 118.9700000000000273 -57.30000000000000426 5.095000000000000639 -0 -0 -1 F 0.499999999999999889 F 6.000000000000000888 #
rgb_color-st-attrib $-1 -1 $607 $-1 $327 0.8235294117647058432 0.8196078431372548767 0.7803921568627451011 #
plane-surface $-1 -1 $-1 118.5700000000000074 -57.30000000000000426 5.095000000000000639 0 -1 0 1 0 0 forward_v I I I I #
coedge $-1 -1 $-1 $461 $461 $330 $462 forward $608 $-1 #
edge $609 -1 $-1 $610 0 $610 6.283185307179586232 $461 $611 forward @7 unknown #
DXID-attrib $-1 -1 $-1 $331 $217 @18 ASM_FACE_FROM_STEP @20 pcb-3755-dup-dxid-42 #
coedge $-1 -1 $-1 $464 $464 $333 $465 forward $612 $-1 #
edge $613 -1 $-1 $614 -3.141592653589793116 $614 3.141592653589793116 $464 $615 forward @14 tangent_not_g2 #
DXID-attrib $-1 -1 $-1 $334 $220 @18 ASM_FACE_FROM_STEP @19 pcb-406-dup-dxid-63 #
rgb_color-st-attrib $-1 -1 $616 $-1 $335 0.8235294117647058432 0.8196078431372548767 0.7803921568627451011 #
face $617 -1 $-1 $618 $619 $4 $-1 $620 forward single #
loop $-1 -1 $-1 $-1 $523 $335 #
plane-surface $-1 -1 $-1 127.7600000000000193 -73.5 -1.405000000000000471 0 0 1 1 0 0 forward_v I I I I #
loop $-1 -1 $-1 $362 $336 $387 #
DXID-attrib $-1 -1 $-1 $-1 $337 @18 ASM_EDGE_FROM_STEP @4 3606 #
vertex $-1 -1 $-1 $337 $621 #
ellipse-curve $-1 -1 $-1 128.1599999999999966 -73.5 1.510000000000000231 0 0 -1 0 -0.5999999999999999778 0 1 I I #
coedge $-1 -1 $-1 $341 $349 $339 $476 forward $356 $-1 #
edge $622 -1 $-1 $352 -0.8830951894849999873 $344 -0.483095189484999965 $475 $623 forward @7 unknown #
rgb_color-st-attrib $-1 -1 $624 $-1 $340 0.8235294117647058432 0.8196078431372548767 0.7803921568627451011 #
face $625 -1 $-1 $231 $626 $4 $-1 $348 reversed single #
plane-surface $-1 -1 $-1 132.2600000000000193 -74.20000000000000284 5.095000000000000639 1 0 0 0 1 0 forward_v I I I I #
DXID-attrib $-1 -1 $-1 $-1 $342 @18 ASM_EDGE_FROM_STEP @4 2994 #
straight-curve $-1 -1 $-1 132.4450000000001637 -74.20000000000000284 4.595000000000000639 1 0 0 F -0.1850000000001400524 F 0.2149999999998600253 #
point $-1 -1 $-1 132.2600000000000193 -74.20000000000000284 4.595000000000000639 #
DXID-attrib $-1 -1 $-1 $346 $231 @18 ASM_FACE_FROM_STEP @21 pcb-3069-dup-dxid-174 #
rgb_color-st-attrib $-1 -1 $627 $-1 $347 0.8235294117647058432 0.8196078431372548767 0.7803921568627451011 #
face $628 -1 $-1 $629 $630 $4 $-1 $246 reversed single #
loop $-1 -1 $-1 $-1 $631 $347 #
DXID-attrib $-1 -1 $-1 $-1 $350 @18 ASM_EDGE_FROM_STEP @4 2978 #
straight-curve $-1 -1 $-1 132.245000000000033 -73.80000000000001137 4.595000000000000639 -1 -0 -0 F -0.415000000000000091 F -0.01499999999999997863 #
point $-1 -1 $-1 132.2600000000000193 -73.80000000000001137 4.595000000000000639 #
DXID-attrib $-1 -1 $-1 $354 $235 @18 ASM_FACE_FROM_STEP @21 pcb-3117-dup-dxid-190 #
point $-1 -1 $-1 132.4600000000000364 -74.45000000000000284 1.510000000000000231 #
DXID-attrib $-1 -1 $-1 $-1 $367 @18 ASM_EDGE_FROM_STEP @4 3020 #
straight-curve $-1 -1 $-1 133.7150000000000318 -74.20000000000000284 4.595000000000000639 1 0 0 F 1.084999999999999742 F 1.485000000000000098 #
DXID-attrib $-1 -1 $-1 $368 $251 @18 ASM_FACE_FROM_STEP @21 pcb-3189-dup-dxid-178 #
rgb_color-st-attrib $-1 -1 $632 $-1 $369 0.8235294117647058432 0.8196078431372548767 0.7803921568627451011 #
loop $-1 -1 $-1 $-1 $633 $369 #
DXID-attrib $-1 -1 $-1 $375 $258 @18 ASM_FACE_FROM_STEP @8 pcb-3213 #
rgb_color-st-attrib $-1 -1 $634 $-1 $376 0.8235294117647058432 0.8196078431372548767 0.7803921568627451011 #
face $635 -1 $-1 $636 $637 $4 $-1 $638 forward single #
loop $-1 -1 $-1 $-1 $639 $376 #
coedge $-1 -1 $-1 $640 $641 $642 $643 forward $377 $-1 #
DXID-attrib $-1 -1 $-1 $382 $266 @18 ASM_FACE_FROM_STEP @8 pcb-3230 #
rgb_color-st-attrib $-1 -1 $644 $-1 $383 0.8235294117647058432 0.8196078431372548767 0.7803921568627451011 #
face $645 -1 $-1 $646 $647 $4 $-1 $648 reversed single #
loop $-1 -1 $-1 $-1 $649 $383 #
plane-surface $-1 -1 $-1 134.8000000000000114 -73.80000000000001137 -0.9050000000000000266 0 0 1 1 0 0 forward_v I I I I #
coedge $-1 -1 $-1 $650 $651 $652 $653 forward $384 $-1 #
rgb_color-st-attrib $-1 -1 $654 $-1 $386 0.6980392156862744724 0.09803921568627450844 0.05098039215686274439 #
loop $-1 -1 $-1 $356 $655 $386 #
plane-surface $-1 -1 $-1 132.2300000000000182 -75.16619037896900579 4.595000000000000639 0 0 -1 -1 0 0 forward_v I I I I #
rgb_color-st-attrib $-1 -1 $656 $-1 $387 0.313725490196078427 0.4862745098039215619 0.4117647058823529216 #
face $657 -1 $-1 $658 $659 $4 $-1 $660 reversed single #
loop $-1 -1 $-1 $661 $662 $387 #
plane-surface $-1 -1 $-1 0 0 1.510000000000000231 0 0 1 1 0 0 forward_v I I I I #
DXID-attrib $-1 -1 $-1 $390 $280 @18 ASM_FACE_FROM_STEP @6 pcb-55 #
rgb_color-st-attrib $-1 -1 $663 $-1 $391 0.8823529411764705621 0.7098039215686274828 0.4901960784313725283 #
face $664 -1 $-1 $665 $666 $4 $-1 $667 reversed single #
loop $-1 -1 $-1 $668 $669 $391 #
torus-surface $-1 -1 $-1 111.0000000000000142 -73.5 4.595000000000000639 -1 0 0 1.500000000000000222 1.500000000000000222 0 1 0 forward_v I I I I #
loop $-1 -1 $-1 $-1 $670 $280 #
coedge $-1 -1 $-1 $521 $521 $671 $672 reversed $392 $-1 #
coedge $-1 -1 $-1 $522 $522 $673 $674 forward $394 $-1 #
coedge $-1 -1 $-1 $523 $523 $395 $524 forward $469 $-1 #
edge $675 -1 $-1 $676 -2.449293598294760155e-16 $676 6.283185307179586232 $395 $677 forward @7 unknown #
coedge $-1 -1 $-1 $525 $525 $396 $526 reversed $678 $-1 #
edge $-1 -1 $-1 $679 -3.141592653589793116 $679 3.141592653589793116 $396 $680 forward @7 unknown #
loop $-1 -1 $-1 $-1 $397 $681 #
DXID-attrib $-1 -1 $-1 $-1 $398 @18 ASM_EDGE_FROM_STEP @3 289 #
vertex $-1 -1 $-1 $398 $682 #
ellipse-curve $-1 -1 $-1 107.8400000000000034 -73.5 -1.405000000000000471 0 0 1 0.4000000000000000777 0 0 1 I I #
DXID-attrib $-1 -1 $-1 $-1 $400 @10 ASM ENTITY @36 b46eb0b2-95f9-4934-bd5b-691a0493b35d #
face $683 -1 $-1 $684 $685 $4 $-1 $534 reversed single #
loop $-1 -1 $-1 $686 $687 $400 #
plane-surface $-1 -1 $-1 121.0000000000008811 -84 0.4178461295054962665 0 0 1 -10 0 0 forward_v I I I I #
loop $-1 -1 $-1 $-1 $688 $286 #
coedge $-1 -1 $-1 $536 $536 $689 $690 reversed $401 $-1 #
coedge $-1 -1 $-1 $537 $537 $691 $692 reversed $402 $-1 #
coedge $-1 -1 $-1 $538 $538 $403 $539 forward $693 $-1 #
edge $-1 -1 $-1 $694 -3.141592653589793116 $694 3.141592653589793116 $538 $695 forward @7 unknown #
coedge $-1 -1 $-1 $696 $404 $697 $698 reversed $288 $-1 #
coedge $-1 -1 $-1 $404 $696 $699 $700 reversed $288 $-1 #
coedge $-1 -1 $-1 $701 $702 $404 $543 forward $703 $-1 #
edge $-1 -1 $-1 $704 0.07749999999995615951 $705 0.1674999999999560174 $542 $706 forward @7 unknown #
loop $-1 -1 $-1 $707 $405 $708 #
vertex $-1 -1 $-1 $406 $709 #
ellipse-curve $-1 -1 $-1 123 -107.0000000000000142 0.5178461295054962443 -0 -0 -1 0 -0.5500000000000000444 0 1 I I #
loop $-1 -1 $-1 $710 $407 $711 #
vertex $-1 -1 $-1 $408 $712 #
ellipse-curve $-1 -1 $-1 128.1599999999999966 -93.5 0.5178461295054964664 0 0 1 -0.4000000000000000777 0 0 1 I I #
loop $-1 -1 $-1 $-1 $713 $551 #
face $714 -1 $-1 $416 $409 $4 $-1 $715 reversed single #
point $-1 -1 $-1 128.1599999999999966 -92.89999999999999147 0.5178461295054962443 #
loop $-1 -1 $-1 $-1 $716 $554 #
face $717 -1 $-1 $718 $412 $4 $-1 $189 forward single #
point $-1 -1 $-1 107.4400000000000119 -73.5 0.5178461295054961333 #
coedge $-1 -1 $-1 $556 $556 $719 $720 reversed $415 $-1 #
rgb_color-st-attrib $-1 -1 $721 $-1 $416 0.313725490196078427 0.4862745098039215619 0.4117647058823529216 #
cone-surface $-1 -1 $-1 107.8400000000000034 -73.5 -0.04599999999999999922 -0 -0 -1 0 -0.5999999999999999778 0 1 I I 0 1 0.5999999999999999778 forward I I I I #
coedge $-1 -1 $-1 $722 $418 $421 $564 reversed $561 $-1 #
coedge $-1 -1 $-1 $418 $722 $425 $568 forward $561 $-1 #
loop $-1 -1 $-1 $-1 $418 $646 #
straight-curve $-1 -1 $-1 116.0300000000000153 -70.84999999999999432 0.5178461295054961333 0 -10 0 I I #
coedge $-1 -1 $-1 $421 $420 $723 $724 reversed $422 $-1 #
edge $725 -1 $-1 $726 0.499999999999999889 $423 4.577153870494504062 $421 $727 forward @7 unknown #
face $728 -1 $-1 $729 $422 $4 $-1 $730 reversed single #
point $-1 -1 $-1 116.0300000000000153 -57.69999999999999574 0.5178461295054964664 #
coedge $-1 -1 $-1 $426 $425 $731 $732 reversed $427 $-1 #
edge $733 -1 $-1 $734 0.499999999999999889 $428 4.577153870494504062 $560 $735 forward @7 unknown #
face $736 -1 $-1 $327 $427 $4 $-1 $737 reversed single #
point $-1 -1 $-1 116.0300000000000153 -57.30000000000000426 0.5178461295054964664 #
coedge $-1 -1 $-1 $731 $723 $430 $572 forward $738 $-1 #
edge $739 -1 $-1 $577 0.2830951894849999539 $574 0.6830951894850001427 $571 $740 forward @7 unknown #
DXID-attrib $-1 -1 $-1 $-1 $431 @18 ASM_EDGE_FROM_STEP @4 3043 #
vertex $-1 -1 $-1 $572 $741 #
straight-curve $-1 -1 $-1 116.4300000000000068 -57.30000000000000426 5.095000000000000639 -0 -0 -1 F 0.499999999999999889 F 6.000000000000000888 #
DXID-attrib $-1 -1 $-1 $-1 $432 @18 ASM_EDGE_FROM_STEP @4 3059 #
vertex $-1 -1 $-1 $432 $742 #
straight-curve $-1 -1 $-1 116.4300000000000068 -57.69999999999999574 5.095000000000000639 -0 -0 -1 F 0.499999999999999889 F 6.000000000000000888 #
rgb_color-st-attrib $-1 -1 $743 $-1 $433 0.8235294117647058432 0.8196078431372548767 0.7803921568627451011 #
plane-surface $-1 -1 $-1 116.4300000000000068 -57.30000000000000426 5.095000000000000639 -1 0 0 0 -1 0 forward_v I I I I #
coedge $-1 -1 $-1 $581 $581 $436 $582 forward $744 $-1 #
edge $745 -1 $-1 $746 0 $746 6.283185307179586232 $581 $747 forward @7 unknown #
DXID-attrib $-1 -1 $-1 $437 $310 @18 ASM_FACE_FROM_STEP @20 pcb-3738-dup-dxid-41 #
coedge $-1 -1 $-1 $440 $439 $748 $749 reversed $441 $-1 #
face $750 -1 $-1 $751 $441 $4 $-1 $752 reversed single #
coedge $-1 -1 $-1 $451 $748 $443 $587 forward $602 $-1 #
edge $753 -1 $-1 $589 0.2830951894849999539 $457 0.6830951894850001427 $586 $754 forward @7 unknown #
DXID-attrib $-1 -1 $-1 $-1 $444 @18 ASM_EDGE_FROM_STEP @4 3179 #
vertex $-1 -1 $-1 $444 $755 #
straight-curve $-1 -1 $-1 118.9700000000000273 -57.69999999999999574 5.095000000000000639 -0 -0 -1 F 0.499999999999999889 F 6.000000000000000888 #
rgb_color-st-attrib $-1 -1 $756 $-1 $445 0.8235294117647058432 0.8196078431372548767 0.7803921568627451011 #
face $757 -1 $-1 $758 $759 $4 $-1 $601 reversed single #
plane-surface $-1 -1 $-1 118.9700000000000273 -57.30000000000000426 5.095000000000000639 -1 0 0 0 -1 0 forward_v I I I I #
coedge $-1 -1 $-1 $748 $451 $447 $595 forward $602 $-1 #
edge $760 -1 $-1 $454 -0.8830951894849999873 $597 -0.483095189484999965 $594 $761 forward @7 unknown #
DXID-attrib $-1 -1 $-1 $-1 $448 @18 ASM_EDGE_FROM_STEP @4 3203 #
vertex $-1 -1 $-1 $749 $762 #
straight-curve $-1 -1 $-1 118.5700000000000074 -57.69999999999999574 5.095000000000000639 -0 -0 -1 F 0.499999999999999889 F 6.000000000000000888 #
rgb_color-st-attrib $-1 -1 $763 $-1 $449 0.8235294117647058432 0.8196078431372548767 0.7803921568627451011 #
face $764 -1 $-1 $765 $766 $4 $-1 $767 reversed single #
plane-surface $-1 -1 $-1 118.5700000000000074 -57.69999999999999574 5.095000000000000639 1 0 0 0 1 0 forward_v I I I I #
loop $-1 -1 $-1 $-1 $451 $768 #
DXID-attrib $-1 -1 $-1 $-1 $452 @18 ASM_EDGE_FROM_STEP @4 3002 #
straight-curve $-1 -1 $-1 117.2849999999999966 -57.30000000000000426 4.595000000000000639 -1 -0 -0 F -1.685000000000000275 F -1.28499999999999992 #
point $-1 -1 $-1 118.5700000000000074 -57.30000000000000426 4.595000000000000639 #
point $-1 -1 $-1 118.9700000000000273 -57.30000000000000426 4.595000000000000639 #
DXID-attrib $-1 -1 $-1 $459 $327 @18 ASM_FACE_FROM_STEP @21 pcb-3134-dup-dxid-215 #
loop $-1 -1 $-1 $471 $461 $387 #
DXID-attrib $-1 -1 $-1 $-1 $462 @18 ASM_EDGE_FROM_STEP @4 3595 #
vertex $-1 -1 $-1 $462 $769 #
ellipse-curve $-1 -1 $-1 118.7700000000000102 -57.5 1.510000000000000231 0 0 -1 0 -0.4500000000000000666 0 1 I I #
loop $-1 -1 $-1 $770 $464 $771 #
DXID-attrib $-1 -1 $-1 $-1 $465 @18 ASM_EDGE_FROM_STEP @3 393 #
vertex $-1 -1 $-1 $465 $772 #
ellipse-curve $-1 -1 $-1 128.1599999999999966 -73.5 3.395000000000000462 -6.533512864241000453e-16 0 1 0.4000000000000000777 0 2.613405145696400181e-16 1 I I #
DXID-attrib $-1 -1 $-1 $467 $335 @18 ASM_FACE_FROM_STEP @7 pcb-431 #
rgb_color-st-attrib $-1 -1 $773 $-1 $468 0.8235294117647058432 0.8196078431372548767 0.7803921568627451011 #
face $774 -1 $-1 $775 $776 $4 $-1 $620 forward single #
loop $-1 -1 $-1 $-1 $777 $468 #
plane-surface $-1 -1 $-1 122.5500000000000114 -106.75 2.794999999999999929 -1 0 0 0 -1 0 forward_v I I I I #
point $-1 -1 $-1 128.1599999999999966 -74.09999999999999432 1.510000000000000231 #
DXID-attrib $-1 -1 $-1 $-1 $476 @18 ASM_EDGE_FROM_STEP @4 2986 #
straight-curve $-1 -1 $-1 132.2600000000000193 -74.6830951894850017 4.595000000000000639 0 -1 0 F -0.8830951894849999873 F -0.483095189484999965 #
DXID-attrib $-1 -1 $-1 $477 $340 @18 ASM_FACE_FROM_STEP @21 pcb-3093-dup-dxid-172 #
rgb_color-st-attrib $-1 -1 $778 $-1 $478 0.8235294117647058432 0.8196078431372548767 0.7803921568627451011 #
loop $-1 -1 $-1 $-1 $779 $478 #
DXID-attrib $-1 -1 $-1 $484 $347 @18 ASM_FACE_FROM_STEP @8 pcb-3117 #
rgb_color-st-attrib $-1 -1 $780 $-1 $485 0.8235294117647058432 0.8196078431372548767 0.7803921568627451011 #
face $781 -1 $-1 $251 $782 $4 $-1 $370 reversed single #
loop $-1 -1 $-1 $-1 $783 $485 #
coedge $-1 -1 $-1 $784 $785 $786 $787 forward $486 $-1 #
DXID-attrib $-1 -1 $-1 $495 $369 @18 ASM_FACE_FROM_STEP @8 pcb-3165 #
coedge $-1 -1 $-1 $788 $789 $790 $791 forward $496 $-1 #
DXID-attrib $-1 -1 $-1 $498 $376 @18 ASM_FACE_FROM_STEP @8 pcb-3134 #
rgb_color-st-attrib $-1 -1 $792 $-1 $499 0.6980392156862744724 0.09803921568627450844 0.05098039215686274439 #
face $793 -1 $-1 $794 $795 $4 $-1 $796 forward single #
loop $-1 -1 $-1 $-1 $797 $499 #
sphere-surface $-1 -1 $-1 133.7300000000000182 -74 8.394999999999999574 1.500000000000000222 1 0 0 0 -2.220446049250000002e-16 1 forward_v I I I I #
coedge $-1 -1 $-1 $798 $799 $800 $801 forward $500 $-1 #
coedge $-1 -1 $-1 $802 $501 $799 $803 forward $377 $-1 #
coedge $-1 -1 $-1 $501 $802 $804 $805 reversed $377 $-1 #
coedge $-1 -1 $-1 $806 $800 $501 $643 reversed $686 $-1 #
edge $-1 -1 $-1 $807 0.4900000000000002132 $808 0.5299999999999993605 $501 $809 forward @7 unknown #
DXID-attrib $-1 -1 $-1 $503 $383 @18 ASM_FACE_FROM_STEP @8 pcb-3242 #
rgb_color-st-attrib $-1 -1 $810 $-1 $504 0.8235294117647058432 0.8196078431372548767 0.7803921568627451011 #
face $811 -1 $-1 $812 $561 $4 $-1 $648 reversed single #
loop $-1 -1 $-1 $-1 $813 $504 #
plane-surface $-1 -1 $-1 116.0300000000000153 -57.69999999999999574 5.095000000000000639 1 0 0 0 1 0 forward_v I I I I #
coedge $-1 -1 $-1 $814 $815 $816 $817 forward $505 $-1 #
coedge $-1 -1 $-1 $818 $507 $819 $820 forward $384 $-1 #
coedge $-1 -1 $-1 $507 $818 $821 $822 forward $384 $-1 #
coedge $-1 -1 $-1 $785 $784 $507 $653 reversed $486 $-1 #
edge $823 -1 $-1 $824 0 $825 0.4000000000000000777 $652 $826 forward @7 unknown #
DXID-attrib $-1 -1 $-1 $508 $386 @18 ASM_FACE_FROM_STEP @8 pcb-2960 #
coedge $-1 -1 $-1 $827 $827 $828 $829 reversed $509 $-1 #
DXID-attrib $-1 -1 $-1 $511 $387 @18 ASM_FACE_FROM_STEP @8 pcb-3514 #
rgb_color-st-attrib $-1 -1 $830 $-1 $512 0.313725490196078427 0.4862745098039215619 0.4117647058823529216 #
face $831 -1 $-1 $708 $693 $4 $-1 $832 reversed single #
loop $-1 -1 $-1 $833 $689 $512 #
cone-surface $-1 -1 $-1 119.1899999999999977 -107.0000000000000142 -0.04599999999999999922 -0 -0 -1 0 -0.5500000000000000444 0 1 I I 0 1 0.5500000000000000444 forward I I I I #
loop $-1 -1 $-1 $834 $835 $387 #
coedge $-1 -1 $-1 $836 $837 $838 $839 reversed $513 $-1 #
DXID-attrib $-1 -1 $-1 $516 $391 @18 ASM_FACE_FROM_STEP @6 pcb-88 #
rgb_color-st-attrib $-1 -1 $840 $-1 $517 0.8823529411764705621 0.7098039215686274828 0.4901960784313725283 #
face $841 -1 $-1 $842 $843 $4 $-1 $844 forward single #
loop $-1 -1 $-1 $845 $671 $517 #
plane-surface $-1 -1 $-1 113.75 -70.5 4.595000000000000639 -1 0 0 0 0 -1 forward_v I I I I #
loop $-1 -1 $-1 $-1 $846 $391 #
coedge $-1 -1 $-1 $669 $669 $670 $847 reversed $518 $-1 #
coedge $-1 -1 $-1 $670 $670 $669 $847 forward $520 $-1 #
coedge $-1 -1 $-1 $671 $671 $521 $672 forward $666 $-1 #
edge $848 -1 $-1 $849 0 $849 6.283185307179586232 $521 $850 forward @7 unknown #
coedge $-1 -1 $-1 $673 $673 $522 $674 reversed $851 $-1 #
edge $-1 -1 $-1 $852 -3.141592653589793116 $852 3.141592653589793116 $522 $853 forward @7 unknown #
DXID-attrib $-1 -1 $-1 $-1 $524 @18 ASM_EDGE_FROM_STEP @3 418 #
vertex $-1 -1 $-1 $524 $854 #
ellipse-curve $-1 -1 $-1 128.1599999999999966 -73.5 -1.405000000000000471 0 0 -1 -0.4000000000000000777 0 0 1 I I #
loop $-1 -1 $-1 $-1 $525 $855 #
vertex $-1 -1 $-1 $526 $856 #
ellipse-curve $-1 -1 $-1 107.8400000000000034 -73.5 0.4178461295054961 -0 -0 -1 0.4000000000000000777 0 0 1 I I #
face $857 -1 $-1 $858 $527 $4 $-1 $859 forward single #
point $-1 -1 $-1 108.2399999999999949 -73.5 -1.405000000000000471 #
DXID-attrib $-1 -1 $-1 $-1 $532 @10 ASM ENTITY @36 ca390ce2-b692-4856-b436-0462e0315ee3 #
face $860 -1 $-1 $861 $862 $4 $-1 $534 reversed single #
loop $-1 -1 $-1 $863 $864 $532 #
loop $-1 -1 $-1 $-1 $800 $400 #
coedge $-1 -1 $-1 $687 $687 $865 $866 reversed $533 $-1 #
coedge $-1 -1 $-1 $867 $868 $869 $870 reversed $535 $-1 #
coedge $-1 -1 $-1 $689 $689 $536 $690 forward $659 $-1 #
edge $-1 -1 $-1 $871 -3.141592653589793116 $871 3.141592653589793116 $689 $872 forward @7 unknown #
coedge $-1 -1 $-1 $691 $691 $537 $692 forward $873 $-1 #
edge $-1 -1 $-1 $874 -3.141592653589793116 $874 3.141592653589793116 $691 $875 forward @7 unknown #
loop $-1 -1 $-1 $876 $538 $658 #
vertex $-1 -1 $-1 $539 $877 #
ellipse-curve $-1 -1 $-1 107.8400000000000034 -93.5 0.5178461295054962443 -0 -0 -1 0 -0.5999999999999999778 0 1 I I #
coedge $-1 -1 $-1 $541 $540 $878 $879 reversed $288 $-1 #
coedge $-1 -1 $-1 $880 $881 $540 $698 forward $776 $-1 #
edge $-1 -1 $-1 $882 1.137499999999999289 $704 1.1875 $697 $883 forward @7 unknown #
coedge $-1 -1 $-1 $884 $885 $541 $700 forward $886 $-1 #
edge $-1 -1 $-1 $705 -1.162500000000001421 $887 -1.112500000000000711 $699 $888 forward @7 unknown #
coedge $-1 -1 $-1 $889 $542 $885 $890 reversed $703 $-1 #
coedge $-1 -1 $-1 $542 $889 $880 $891 forward $703 $-1 #
loop $-1 -1 $-1 $-1 $542 $892 #
vertex $-1 -1 $-1 $543 $893 #
vertex $-1 -1 $-1 $543 $894 #
straight-curve $-1 -1 $-1 121.7750000000004462 -107.2500000000000142 0.5178461295054963553 10 0 0 I I #
loop $-1 -1 $-1 $-1 $895 $708 #
face $896 -1 $-1 $551 $544 $4 $-1 $897 reversed single #
point $-1 -1 $-1 123 -106.4500000000000171 0.5178461295054962443 #
loop $-1 -1 $-1 $-1 $898 $711 #
face $899 -1 $-1 $900 $547 $4 $-1 $901 forward single #
point $-1 -1 $-1 128.5600000000000023 -93.5 0.5178461295054964664 #
coedge $-1 -1 $-1 $713 $713 $902 $903 reversed $550 $-1 #
rgb_color-st-attrib $-1 -1 $904 $-1 $551 0.313725490196078427 0.4862745098039215619 0.4117647058823529216 #
cone-surface $-1 -1 $-1 128.1599999999999966 -93.5 -0.04599999999999999922 -0 -0 -1 0 -0.5999999999999999778 0 1 I I 0 1 0.5999999999999999778 forward I I I I #
coedge $-1 -1 $-1 $716 $716 $905 $906 reversed $553 $-1 #
rgb_color-st-attrib $-1 -1 $907 $-1 $554 0.8235294117647058432 0.8196078431372548767 0.7803921568627451011 #
face $908 -1 $-1 $681 $909 $4 $-1 $910 forward single #
coedge $-1 -1 $-1 $719 $719 $556 $720 forward $911 $-1 #
edge $912 -1 $-1 $913 0 $913 6.283185307179586232 $719 $914 forward @7 unknown #
DXID-attrib $-1 -1 $-1 $557 $416 @18 ASM_FACE_FROM_STEP @20 pcb-3721-dup-dxid-40 #
coedge $-1 -1 $-1 $560 $559 $915 $916 reversed $561 $-1 #
coedge $-1 -1 $-1 $571 $915 $563 $724 forward $738 $-1 #
edge $917 -1 $-1 $726 -0.1850000000001400524 $577 0.2149999999998600253 $723 $918 forward @7 unknown #
DXID-attrib $-1 -1 $-1 $-1 $564 @18 ASM_EDGE_FROM_STEP @4 3083 #
vertex $-1 -1 $-1 $564 $919 #
straight-curve $-1 -1 $-1 116.0300000000000153 -57.69999999999999574 5.095000000000000639 -0 -0 -1 F 0.499999999999999889 F 6.000000000000000888 #
rgb_color-st-attrib $-1 -1 $920 $-1 $565 0.8235294117647058432 0.8196078431372548767 0.7803921568627451011 #
face $921 -1 $-1 $922 $923 $4 $-1 $737 reversed single #
plane-surface $-1 -1 $-1 116.4300000000000068 -57.69999999999999574 5.095000000000000639 0 1 0 -1 0 0 forward_v I I I I #
coedge $-1 -1 $-1 $915 $571 $567 $732 forward $738 $-1 #
edge $924 -1 $-1 $574 -0.415000000000000091 $734 -0.01499999999999997863 $731 $925 forward @7 unknown #
DXID-attrib $-1 -1 $-1 $-1 $568 @18 ASM_EDGE_FROM_STEP @4 3107 #
vertex $-1 -1 $-1 $916 $926 #
straight-curve $-1 -1 $-1 116.0300000000000153 -57.30000000000000426 5.095000000000000639 -0 -0 -1 F 0.499999999999999889 F 6.000000000000000888 #
rgb_color-st-attrib $-1 -1 $927 $-1 $569 0.8235294117647058432 0.8196078431372548767 0.7803921568627451011 #
plane-surface $-1 -1 $-1 116.0300000000000153 -57.30000000000000426 5.095000000000000639 0 -1 0 1 0 0 forward_v I I I I #
loop $-1 -1 $-1 $602 $571 $768 #
DXID-attrib $-1 -1 $-1 $-1 $572 @18 ASM_EDGE_FROM_STEP @4 2968 #
straight-curve $-1 -1 $-1 116.4300000000000068 -57.98309518948499885 4.595000000000000639 0 1 0 F 0.2830951894849999539 F 0.6830951894850001427 #
point $-1 -1 $-1 116.4300000000000068 -57.30000000000000426 4.595000000000000639 #
point $-1 -1 $-1 116.4300000000000068 -57.69999999999999574 4.595000000000000639 #
DXID-attrib $-1 -1 $-1 $579 $433 @18 ASM_FACE_FROM_STEP @21 pcb-3038-dup-dxid-213 #
loop $-1 -1 $-1 $608 $581 $387 #
DXID-attrib $-1 -1 $-1 $-1 $582 @18 ASM_EDGE_FROM_STEP @4 3584 #
vertex $-1 -1 $-1 $582 $928 #
ellipse-curve $-1 -1 $-1 116.2300000000000182 -57.5 1.510000000000000231 0 0 -1 0 -0.4500000000000000666 0 1 I I #
coedge $-1 -1 $-1 $586 $594 $584 $749 forward $602 $-1 #
edge $929 -1 $-1 $597 1.084999999999999742 $589 1.485000000000000098 $748 $930 forward @7 unknown #
rgb_color-st-attrib $-1 -1 $931 $-1 $585 0.8235294117647058432 0.8196078431372548767 0.7803921568627451011 #
face $932 -1 $-1 $445 $933 $4 $-1 $593 reversed single #
plane-surface $-1 -1 $-1 118.9700000000000273 -57.69999999999999574 5.095000000000000639 0 1 0 -1 0 0 forward_v I I I I #
DXID-attrib $-1 -1 $-1 $-1 $587 @18 ASM_EDGE_FROM_STEP @4 3028 #
straight-curve $-1 -1 $-1 118.9700000000000273 -57.98309518948499885 4.595000000000000639 0 1 0 F 0.2830951894849999539 F 0.6830951894850001427 #
point $-1 -1 $-1 118.9700000000000273 -57.69999999999999574 4.595000000000000639 #
DXID-attrib $-1 -1 $-1 $591 $445 @18 ASM_FACE_FROM_STEP @21 pcb-3165-dup-dxid-204 #
rgb_color-st-attrib $-1 -1 $934 $-1 $592 0.8235294117647058432 0.8196078431372548767 0.7803921568627451011 #
face $935 -1 $-1 $936 $937 $4 $-1 $460 reversed single #
loop $-1 -1 $-1 $-1 $938 $592 #
DXID-attrib $-1 -1 $-1 $-1 $595 @18 ASM_EDGE_FROM_STEP @4 3012 #
straight-curve $-1 -1 $-1 118.5700000000000074 -58.1830951894850017 4.595000000000000639 0 -1 0 F -0.8830951894849999873 F -0.483095189484999965 #
point $-1 -1 $-1 118.5700000000000074 -57.69999999999999574 4.595000000000000639 #
DXID-attrib $-1 -1 $-1 $599 $449 @18 ASM_FACE_FROM_STEP @21 pcb-3213-dup-dxid-216 #
rgb_color-st-attrib $-1 -1 $939 $-1 $600 0.8235294117647058432 0.8196078431372548767 0.7803921568627451011 #
face $940 -1 $-1 $-1 $941 $4 $-1 $942 reversed single #
loop $-1 -1 $-1 $-1 $943 $600 #
plane-surface $-1 -1 $-1 116.0300000000000153 -57.30000000000000426 -0.9050000000000000266 0 0 1 1 0 0 forward_v I I I I #
face $944 -1 $-1 $433 $945 $4 $-1 $946 forward single #
point $-1 -1 $-1 118.7700000000000102 -57.95000000000000995 1.510000000000000231 #
loop $-1 -1 $-1 $-1 $947 $771 #
face $948 -1 $-1 $220 $612 $4 $-1 $949 forward single #
point $-1 -1 $-1 127.7600000000000193 -73.5 3.395000000000000462 #
DXID-attrib $-1 -1 $-1 $617 $468 @18 ASM_FACE_FROM_STEP @8 pcb-1118 #
rgb_color-st-attrib $-1 -1 $950 $-1 $618 0.8235294117647058432 0.8196078431372548767 0.7803921568627451011 #
face $951 -1 $-1 $952 $953 $4 $-1 $954 forward single #
loop $-1 -1 $-1 $-1 $697 $618 #
coedge $-1 -1 $-1 $955 $956 $957 $958 forward $619 $-1 #
DXID-attrib $-1 -1 $-1 $625 $478 @18 ASM_FACE_FROM_STEP @8 pcb-3069 #
coedge $-1 -1 $-1 $959 $960 $961 $962 forward $626 $-1 #
DXID-attrib $-1 -1 $-1 $628 $485 @18 ASM_FACE_FROM_STEP @8 pcb-3038 #
rgb_color-st-attrib $-1 -1 $963 $-1 $629 0.8235294117647058432 0.8196078431372548767 0.7803921568627451011 #
loop $-1 -1 $-1 $-1 $964 $629 #
coedge $-1 -1 $-1 $965 $966 $967 $968 forward $630 $-1 #
coedge $-1 -1 $-1 $652 $631 $966 $969 forward $486 $-1 #
coedge $-1 -1 $-1 $631 $652 $970 $971 reversed $486 $-1 #
coedge $-1 -1 $-1 $972 $967 $631 $787 reversed $863 $-1 #
edge $-1 -1 $-1 $973 0.5629999999999562021 $974 0.6029999999999553495 $631 $975 forward @7 unknown #
coedge $-1 -1 $-1 $976 $633 $977 $978 forward $496 $-1 #
coedge $-1 -1 $-1 $633 $976 $798 $979 reversed $496 $-1 #
coedge $-1 -1 $-1 $800 $806 $633 $791 reversed $686 $-1 #
edge $-1 -1 $-1 $980 -0.5099999999999997868 $981 -0.4700000000000006395 $633 $982 forward @7 unknown #
DXID-attrib $-1 -1 $-1 $635 $499 @18 ASM_FACE_FROM_STEP @8 pcb-2793 #
rgb_color-st-attrib $-1 -1 $983 $-1 $636 0.6980392156862744724 0.09803921568627450844 0.05098039215686274439 #
face $984 -1 $-1 $985 $986 $4 $-1 $987 reversed single #
loop $-1 -1 $-1 $988 $989 $636 #
cone-surface $-1 -1 $-1 133.7300000000000182 -74 8.394999999999999574 0 2.220446049250000002e-16 -1 1.500000000000000222 0 0 1 I I 0 1 1.500000000000000222 forward I I I I #
coedge $-1 -1 $-1 $797 $797 $989 $990 reversed $637 $-1 #
coedge $-1 -1 $-1 $816 $639 $789 $979 forward $500 $-1 #
coedge $-1 -1 $-1 $639 $816 $640 $803 reversed $500 $-1 #
coedge $-1 -1 $-1 $642 $790 $639 $801 reversed $686 $-1 #
edge $-1 -1 $-1 $808 0.6899999999999568701 $980 0.7299999999999577938 $639 $991 forward @7 unknown #
coedge $-1 -1 $-1 $641 $640 $815 $992 reversed $377 $-1 #
edge $993 -1 $-1 $808 4.677153870494503707 $994 6.000000000000000888 $799 $177 forward @7 unknown #
coedge $-1 -1 $-1 $995 $964 $641 $805 forward $782 $-1 #
edge $996 -1 $-1 $807 4.677153870494503707 $997 6.000000000000000888 $804 $264 forward @7 unknown #
coedge $-1 -1 $-1 $790 $642 $964 $998 reversed $686 $-1 #
vertex $-1 -1 $-1 $643 $999 #
vertex $-1 -1 $-1 $801 $1000 #
straight-curve $-1 -1 $-1 134.8000000000000114 -79.09999999999999432 0.4178461295054961 0 10 0 I I #
DXID-attrib $-1 -1 $-1 $645 $504 @18 ASM_FACE_FROM_STEP @21 pcb-3093-dup-dxid-195 #
rgb_color-st-attrib $-1 -1 $1001 $-1 $646 0.8235294117647058432 0.8196078431372548767 0.7803921568627451011 #
face $1002 -1 $-1 $565 $1003 $4 $-1 $730 reversed single #
coedge $-1 -1 $-1 $1004 $1005 $1006 $1007 forward $647 $-1 #
coedge $-1 -1 $-1 $1008 $649 $976 $1009 forward $505 $-1 #
coedge $-1 -1 $-1 $649 $1008 $802 $992 forward $505 $-1 #
coedge $-1 -1 $-1 $799 $798 $649 $817 reversed $500 $-1 #
edge $1010 -1 $-1 $994 0 $1011 0.4000000000000003553 $816 $1012 forward @7 unknown #
coedge $-1 -1 $-1 $651 $650 $1013 $1014 forward $384 $-1 #
coedge $-1 -1 $-1 $966 $965 $650 $820 reversed $630 $-1 #
edge $1015 -1 $-1 $825 0 $1016 0.4000000000000000777 $819 $1017 forward @7 unknown #
coedge $-1 -1 $-1 $1018 $970 $651 $822 reversed $1019 $-1 #
edge $1020 -1 $-1 $1021 0 $824 0.4000000000000000777 $821 $1022 forward @7 unknown #
DXID-attrib $-1 -1 $-1 $-1 $653 @18 ASM_EDGE_FROM_STEP @4 3123 #
vertex $-1 -1 $-1 $971 $1023 #
vertex $-1 -1 $-1 $969 $1024 #
straight-curve $-1 -1 $-1 132.2600000000000193 -73.80000000000001137 -0.9050000000000000266 1 0 0 F 0 F 0.4000000000000000777 #
coedge $-1 -1 $-1 $655 $655 $1025 $1026 forward $509 $-1 #
coedge $-1 -1 $-1 $1027 $1028 $655 $829 forward $1029 $-1 #
edge $1030 -1 $-1 $1031 -2.480747357766436068 $1032 2.480747357766436068 $828 $1033 forward @7 unknown #
DXID-attrib $-1 -1 $-1 $657 $512 @18 ASM_FACE_FROM_STEP @20 pcb-3653-dup-dxid-36 #
rgb_color-st-attrib $-1 -1 $1034 $-1 $658 0.313725490196078427 0.4862745098039215619 0.4117647058823529216 #
cone-surface $-1 -1 $-1 107.8400000000000034 -93.5 -0.04599999999999999922 -0 -0 -1 0 -0.5999999999999999778 0 1 I I 0 1 0.5999999999999999778 forward I I I I #
loop $-1 -1 $-1 $-1 $1035 $512 #
loop $-1 -1 $-1 $1036 $1037 $387 #
coedge $-1 -1 $-1 $835 $835 $1035 $1038 forward $661 $-1 #
coedge $-1 -1 $-1 $1039 $662 $1040 $1041 reversed $513 $-1 #
coedge $-1 -1 $-1 $662 $1039 $1042 $1043 reversed $513 $-1 #
coedge $-1 -1 $-1 $1044 $1045 $662 $839 forward $1046 $-1 #
edge $1047 -1 $-1 $1048 0 $1049 50.99999999999999289 $838 $1050 forward @7 unknown #
DXID-attrib $-1 -1 $-1 $664 $517 @18 ASM_FACE_FROM_STEP @7 pcb-114 #
rgb_color-st-attrib $-1 -1 $1051 $-1 $665 0.8823529411764705621 0.7098039215686274828 0.4901960784313725283 #
face $1052 -1 $-1 $1053 $1054 $4 $-1 $1055 forward single #
loop $-1 -1 $-1 $1056 $1057 $665 #
plane-surface $-1 -1 $-1 109.5000000000000142 -70.5 4.595000000000000639 -1 0 0 0 0 -1 forward_v I I I I #
loop $-1 -1 $-1 $-1 $1058 $517 #
coedge $-1 -1 $-1 $846 $846 $1057 $1059 forward $668 $-1 #
edge $1060 -1 $-1 $1061 0 $1061 6.283185307179586232 $670 $1062 forward @14 tangent_not_g2 #
DXID-attrib $-1 -1 $-1 $-1 $672 @18 ASM_EDGE_FROM_STEP @2 76 #
vertex $-1 -1 $-1 $672 $1063 #
ellipse-curve $-1 -1 $-1 113.75 -73.5 4.595000000000000639 1 0 0 0 3.000000000000000444 0 1 I I #
loop $-1 -1 $-1 $-1 $673 $684 #
vertex $-1 -1 $-1 $674 $1064 #
ellipse-curve $-1 -1 $-1 128.1599999999999966 -73.5 0.4178461295054963776 -0 -0 -1 -0.4000000000000000777 0 0 1 I I #
point $-1 -1 $-1 127.7600000000000193 -73.5 -1.405000000000000471 #
face $1065 -1 $-1 $1066 $1067 $4 $-1 $534 reversed single #
point $-1 -1 $-1 107.4400000000000119 -73.5 0.4178461295054961 #
rgb_color-st-attrib $-1 -1 $1068 $-1 $681 0.8235294117647058432 0.8196078431372548767 0.7803921568627451011 #
face $1069 -1 $-1 $1070 $1071 $4 $-1 $1072 reversed single #
plane-surface $-1 -1 $-1 108.2399999999999949 -73.5 -1.405000000000000471 0 0 -1 -1 0 0 forward_v I I I I #
DXID-attrib $-1 -1 $-1 $-1 $684 @10 ASM ENTITY @36 718e6fb0-f94d-4b91-908a-cc49532a52d0 #
face $1073 -1 $-1 $1074 $1075 $4 $-1 $534 reversed single #
loop $-1 -1 $-1 $851 $1076 $684 #
loop $-1 -1 $-1 $-1 $967 $532 #
coedge $-1 -1 $-1 $864 $864 $1077 $1078 reversed $685 $-1 #
coedge $-1 -1 $-1 $865 $865 $687 $866 forward $1079 $-1 #
edge $-1 -1 $-1 $1080 -3.141592653589793116 $1080 3.141592653589793116 $865 $1081 forward @7 unknown #
coedge $-1 -1 $-1 $1082 $688 $1083 $1084 reversed $535 $-1 #
coedge $-1 -1 $-1 $688 $1082 $1085 $1086 reversed $535 $-1 #
coedge $-1 -1 $-1 $1087 $1088 $688 $870 forward $1089 $-1 #
edge $-1 -1 $-1 $1090 -0.1130000000000439542 $1091 -0.02300000000004409628 $869 $1092 forward @7 unknown #
vertex $-1 -1 $-1 $690 $1093 #
ellipse-curve $-1 -1 $-1 119.1899999999999977 -107.0000000000000142 0.5178461295054962443 -0 -0 -1 0 -0.5500000000000000444 0 1 I I #
loop $-1 -1 $-1 $1094 $691 $1095 #
vertex $-1 -1 $-1 $692 $1096 #
ellipse-curve $-1 -1 $-1 107.8400000000000034 -93.5 0.5178461295054961333 0 0 1 0.4000000000000000777 0 0 1 I I #
loop $-1 -1 $-1 $-1 $1097 $658 #
point $-1 -1 $-1 107.8400000000000034 -92.89999999999999147 0.5178461295054962443 #
coedge $-1 -1 $-1 $1098 $1099 $696 $879 forward $1100 $-1 #
edge $-1 -1 $-1 $887 -0.1224999999999560885 $882 -0.03249999999995623057 $878 $1101 forward @7 unknown #
coedge $-1 -1 $-1 $1102 $697 $702 $891 reversed $776 $-1 #
coedge $-1 -1 $-1 $697 $1102 $1098 $1103 forward $776 $-1 #
vertex $-1 -1 $-1 $698 $1104 #
straight-curve $-1 -1 $-1 122.5500000000000114 -95.37500000000001421 0.5178461295054963553 0 -10 0 I I #
coedge $-1 -1 $-1 $1105 $699 $1099 $1106 reversed $886 $-1 #
coedge $-1 -1 $-1 $699 $1105 $701 $890 forward $886 $-1 #
loop $-1 -1 $-1 $-1 $699 $1107 #
vertex $-1 -1 $-1 $879 $1108 #
straight-curve $-1 -1 $-1 123.4500000000000028 -95.625 0.5178461295054963553 0 10 0 I I #
coedge $-1 -1 $-1 $702 $701 $1109 $1110 reversed $703 $-1 #
edge $1111 -1 $-1 $1112 1.199999999999999956 $705 2.277153870494503352 $701 $1113 forward @7 unknown #
edge $1114 -1 $-1 $1115 1.199999999999999956 $704 2.277153870494503352 $702 $1116 forward @7 unknown #
face $1117 -1 $-1 $1107 $703 $4 $-1 $1118 forward single #
point $-1 -1 $-1 122.5500000000000114 -107.2500000000000142 0.5178461295054961333 #
point $-1 -1 $-1 123.4500000000000028 -107.2500000000000142 0.5178461295054961333 #
coedge $-1 -1 $-1 $895 $895 $1119 $1120 reversed $707 $-1 #
rgb_color-st-attrib $-1 -1 $1121 $-1 $708 0.313725490196078427 0.4862745098039215619 0.4117647058823529216 #
cone-surface $-1 -1 $-1 123 -107.0000000000000142 -0.04599999999999999922 -0 -0 -1 0 -0.5500000000000000444 0 1 I I 0 1 0.5500000000000000444 forward I I I I #
coedge $-1 -1 $-1 $898 $898 $1122 $1123 reversed $710 $-1 #
rgb_color-st-attrib $-1 -1 $1124 $-1 $711 0.8235294117647058432 0.8196078431372548767 0.7803921568627451011 #
face $1125 -1 $-1 $1126 $1127 $4 $-1 $1128 reversed single #
cone-surface $-1 -1 $-1 128.1599999999999966 -93.5 3.395000000000000462 0 0 -1 -0.4000000000000000777 0 0 1 I I 0 1 0.4000000000000000777 forward I I I I #
coedge $-1 -1 $-1 $902 $902 $713 $903 forward $1129 $-1 #
edge $1130 -1 $-1 $1131 0 $1131 6.283185307179586232 $902 $1132 forward @7 unknown #
DXID-attrib $-1 -1 $-1 $714 $551 @18 ASM_FACE_FROM_STEP @20 pcb-3704-dup-dxid-39 #
coedge $-1 -1 $-1 $905 $905 $716 $906 forward $1133 $-1 #
edge $1134 -1 $-1 $1135 0 $1135 6.283185307179586232 $905 $1136 forward @14 tangent_not_g2 #
DXID-attrib $-1 -1 $-1 $717 $554 @18 ASM_FACE_FROM_STEP @19 pcb-275-dup-dxid-57 #
rgb_color-st-attrib $-1 -1 $1137 $-1 $718 0.8823529411764705621 0.7098039215686274828 0.4901960784313725283 #
loop $-1 -1 $-1 $1138 $1139 $718 #
torus-surface $-1 -1 $-1 125 -73.5 4.595000000000000639 1 0 0 1.500000000000000222 1.500000000000000222 0 1 0 forward_v I I I I #
loop $-1 -1 $-1 $744 $719 $387 #
DXID-attrib $-1 -1 $-1 $-1 $720 @18 ASM_EDGE_FROM_STEP @4 3573 #
vertex $-1 -1 $-1 $720 $1140 #
ellipse-curve $-1 -1 $-1 107.8400000000000034 -73.5 1.510000000000000231 0 0 -1 0 -0.5999999999999999778 0 1 I I #
coedge $-1 -1 $-1 $723 $731 $722 $916 forward $738 $-1 #
edge $1141 -1 $-1 $734 -0.8830951894849999873 $726 -0.483095189484999965 $915 $1142 forward @7 unknown #
DXID-attrib $-1 -1 $-1 $-1 $724 @18 ASM_EDGE_FROM_STEP @4 2994 #
straight-curve $-1 -1 $-1 116.2150000000001455 -57.69999999999999574 4.595000000000000639 1 0 0 F -0.1850000000001400524 F 0.2149999999998600253 #
point $-1 -1 $-1 116.0300000000000153 -57.69999999999999574 4.595000000000000639 #
DXID-attrib $-1 -1 $-1 $728 $565 @18 ASM_FACE_FROM_STEP @21 pcb-3069-dup-dxid-198 #
rgb_color-st-attrib $-1 -1 $1143 $-1 $729 0.8235294117647058432 0.8196078431372548767 0.7803921568627451011 #
face $1144 -1 $-1 $1145 $1146 $4 $-1 $580 reversed single #
loop $-1 -1 $-1 $-1 $1147 $729 #
DXID-attrib $-1 -1 $-1 $-1 $732 @18 ASM_EDGE_FROM_STEP @4 2978 #
straight-curve $-1 -1 $-1 116.0150000000000148 -57.30000000000000426 4.595000000000000639 -1 -0 -0 F -0.415000000000000091 F -0.01499999999999997863 #
point $-1 -1 $-1 116.0300000000000153 -57.30000000000000426 4.595000000000000639 #
DXID-attrib $-1 -1 $-1 $736 $569 @18 ASM_FACE_FROM_STEP @21 pcb-3117-dup-dxid-214 #
point $-1 -1 $-1 116.2300000000000182 -57.95000000000000995 1.510000000000000231 #
DXID-attrib $-1 -1 $-1 $-1 $749 @18 ASM_EDGE_FROM_STEP @4 3020 #
straight-curve $-1 -1 $-1 117.4850000000000136 -57.69999999999999574 4.595000000000000639 1 0 0 F 1.084999999999999742 F 1.485000000000000098 #
DXID-attrib $-1 -1 $-1 $750 $585 @18 ASM_FACE_FROM_STEP @21 pcb-3189-dup-dxid-202 #
rgb_color-st-attrib $-1 -1 $1148 $-1 $751 0.8235294117647058432 0.8196078431372548767 0.7803921568627451011 #
loop $-1 -1 $-1 $-1 $1149 $751 #
DXID-attrib $-1 -1 $-1 $757 $592 @18 ASM_FACE_FROM_STEP @21 pcb-3213-dup-dxid-205 #
rgb_color-st-attrib $-1 -1 $1150 $-1 $758 0.8235294117647058432 0.8196078431372548767 0.7803921568627451011 #
face $1151 -1 $-1 $1152 $1153 $4 $-1 $1154 forward single #
loop $-1 -1 $-1 $-1 $1155 $758 #
coedge $-1 -1 $-1 $1156 $1157 $1158 $1159 forward $759 $-1 #
DXID-attrib $-1 -1 $-1 $764 $600 @18 ASM_FACE_FROM_STEP @21 pcb-3230-dup-dxid-217 #
rgb_color-st-attrib $-1 -1 $1160 $-1 $765 0.8235294117647058432 0.8196078431372548767 0.7803921568627451011 #
loop $-1 -1 $-1 $-1 $1161 $765 #
plane-surface $-1 -1 $-1 118.5700000000000074 -57.30000000000000426 -0.9050000000000000266 0 0 1 1 0 0 forward_v I I I I #
coedge $-1 -1 $-1 $1162 $1163 $1164 $1165 forward $766 $-1 #
rgb_color-st-attrib $-1 -1 $1166 $-1 $768 0.6980392156862744724 0.09803921568627450844 0.05098039215686274439 #
loop $-1 -1 $-1 $738 $1167 $768 #
plane-surface $-1 -1 $-1 116.0000000000000142 -58.66619037896899869 4.595000000000000639 0 0 -1 -1 0 0 forward_v I I I I #
coedge $-1 -1 $-1 $947 $947 $1168 $1169 forward $770 $-1 #
rgb_color-st-attrib $-1 -1 $1170 $-1 $771 0.8235294117647058432 0.8196078431372548767 0.7803921568627451011 #
torus-surface $-1 -1 $-1 126.960000000000008 -73.5 3.395000000000000462 0 1 0 1.199999999999999956 0.4000000000000000777 2.960594732334000186e-15 0 1 forward_v I I I I #
DXID-attrib $-1 -1 $-1 $774 $618 @18 ASM_FACE_FROM_STEP @20 pcb-1118-dup-dxid-66 #
rgb_color-st-attrib $-1 -1 $1171 $-1 $775 0.8235294117647058432 0.8196078431372548767 0.7803921568627451011 #
face $1172 -1 $-1 $1173 $1100 $4 $-1 $954 forward single #
loop $-1 -1 $-1 $-1 $1174 $775 #
plane-surface $-1 -1 $-1 123.4500000000000028 -106.75 2.794999999999999929 0 1 0 -1 0 0 forward_v I I I I #
coedge $-1 -1 $-1 $1175 $777 $1176 $1177 forward $619 $-1 #
coedge $-1 -1 $-1 $777 $1175 $1178 $1179 reversed $619 $-1 #
coedge $-1 -1 $-1 $1180 $1181 $777 $958 reversed $1182 $-1 #
edge $-1 -1 $-1 $1183 -1.1875 $1184 -1.137499999999999289 $777 $1185 forward @7 unknown #
coedge $-1 -1 $-1 $1013 $779 $1018 $1186 forward $626 $-1 #
coedge $-1 -1 $-1 $779 $1013 $965 $1187 reversed $626 $-1 #
coedge $-1 -1 $-1 $967 $972 $779 $962 reversed $863 $-1 #
edge $-1 -1 $-1 $1188 -0.5829999999999557758 $1189 -0.5429999999999566285 $779 $1190 forward @7 unknown #
DXID-attrib $-1 -1 $-1 $781 $629 @18 ASM_FACE_FROM_STEP @8 pcb-3189 #
coedge $-1 -1 $-1 $804 $977 $806 $998 forward $782 $-1 #
coedge $-1 -1 $-1 $819 $783 $960 $1187 forward $630 $-1 #
coedge $-1 -1 $-1 $783 $819 $784 $969 reversed $630 $-1 #
coedge $-1 -1 $-1 $786 $961 $783 $968 reversed $863 $-1 #
edge $-1 -1 $-1 $974 -0.5099999999999997868 $1188 -0.4700000000000006395 $783 $1191 forward @7 unknown #
edge $1192 -1 $-1 $974 4.677153870494503707 $825 6.000000000000000888 $966 $241 forward @7 unknown #
coedge $-1 -1 $-1 $821 $1193 $785 $971 forward $1019 $-1 #
edge $1194 -1 $-1 $973 4.677153870494503707 $824 6.000000000000000888 $970 $353 forward @7 unknown #
coedge $-1 -1 $-1 $961 $786 $1193 $1195 reversed $863 $-1 #
vertex $-1 -1 $-1 $787 $1196 #
vertex $-1 -1 $-1 $968 $1197 #
straight-curve $-1 -1 $-1 126.6300000000004644 -73.80000000000001137 0.4178461295054961 10 0 0 I I #
coedge $-1 -1 $-1 $789 $788 $814 $1009 reversed $496 $-1 #
coedge $-1 -1 $-1 $964 $995 $788 $978 reversed $782 $-1 #
edge $1198 -1 $-1 $981 4.677153870494503707 $1199 6.000000000000000888 $788 $256 forward @7 unknown #
edge $1200 -1 $-1 $980 4.677153870494503707 $1011 6.000000000000000888 $798 $180 forward @7 unknown #
vertex $-1 -1 $-1 $801 $1201 #
vertex $-1 -1 $-1 $998 $1202 #
straight-curve $-1 -1 $-1 135.2000000000000455 -78.90000000000000568 0.4178461295054961 0 -10 0 I I #
DXID-attrib $-1 -1 $-1 $793 $636 @18 ASM_FACE_FROM_STEP @8 pcb-2820 #
rgb_color-st-attrib $-1 -1 $1203 $-1 $794 0.6980392156862744724 0.09803921568627450844 0.05098039215686274439 #
face $1204 -1 $-1 $1205 $1029 $4 $-1 $1206 forward single #
loop $-1 -1 $-1 $-1 $1207 $794 #
plane-surface $-1 -1 $-1 132.2300000000000182 -75.16619037896900579 5.594999999999999751 0 0 -1 -1 0 0 forward_v I I I I #
loop $-1 -1 $-1 $-1 $1208 $636 #
coedge $-1 -1 $-1 $989 $989 $797 $990 forward $795 $-1 #
edge $1209 -1 $-1 $1210 0 $1210 6.283185307179586232 $797 $1211 forward @14 tangent_not_g2 #
straight-curve $-1 -1 $-1 127.9000000000004604 -73.80000000000001137 0.4178461295054961 10 0 0 I I #
edge $1212 -1 $-1 $997 0 $994 0.4000000000000000777 $802 $1213 forward @7 unknown #
DXID-attrib $-1 -1 $-1 $-1 $803 @18 ASM_EDGE_FROM_STEP @4 3139 #
vertex $-1 -1 $-1 $803 $1214 #
coedge $-1 -1 $-1 $977 $804 $1008 $1215 reversed $782 $-1 #
DXID-attrib $-1 -1 $-1 $-1 $805 @18 ASM_EDGE_FROM_STEP @4 3203 #
vertex $-1 -1 $-1 $805 $1216 #
edge $-1 -1 $-1 $981 -0.7099999999999582201 $807 -0.6699999999999572964 $964 $1217 forward @7 unknown #
point $-1 -1 $-1 134.8000000000000114 -74.20000000000000284 0.4178461295054963776 #
point $-1 -1 $-1 134.8000000000000114 -73.80000000000001137 0.4178461295054963776 #
DXID-attrib $-1 -1 $-1 $811 $646 @18 ASM_FACE_FROM_STEP @21 pcb-3093-dup-dxid-196 #
rgb_color-st-attrib $-1 -1 $1218 $-1 $812 0.8235294117647058432 0.8196078431372548767 0.7803921568627451011 #
loop $-1 -1 $-1 $-1 $1219 $812 #
coedge $-1 -1 $-1 $1220 $813 $1221 $1222 forward $647 $-1 #
coedge $-1 -1 $-1 $813 $1220 $1223 $1224 reversed $647 $-1 #
coedge $-1 -1 $-1 $1225 $1226 $813 $1007 reversed $1227 $-1 #
edge $-1 -1 $-1 $1228 1.315000000000000391 $1229 1.354999999999999538 $813 $1230 forward @7 unknown #
coedge $-1 -1 $-1 $815 $814 $995 $1215 forward $505 $-1 #
edge $1231 -1 $-1 $1011 0 $1199 0.4000000000000000777 $976 $1232 forward @7 unknown #
DXID-attrib $-1 -1 $-1 $-1 $817 @18 ASM_EDGE_FROM_STEP @4 3147 #
vertex $-1 -1 $-1 $1009 $1233 #
straight-curve $-1 -1 $-1 134.8000000000000114 -73.80000000000001137 -0.9050000000000000266 1 0 0 F 0 F 0.4000000000000003553 #
coedge $-1 -1 $-1 $960 $959 $818 $1014 reversed $626 $-1 #
edge $1234 -1 $-1 $1016 0 $1021 0.4000000000000000777 $1013 $1235 forward @7 unknown #
DXID-attrib $-1 -1 $-1 $-1 $820 @18 ASM_EDGE_FROM_STEP @4 3051 #
vertex $-1 -1 $-1 $1014 $1236 #
straight-curve $-1 -1 $-1 132.660000000000025 -73.80000000000001137 -0.9050000000000000266 0 -1 0 F 0 F 0.4000000000000000777 #
coedge $-1 -1 $-1 $1193 $821 $959 $1186 reversed $1019 $-1 #
loop $-1 -1 $-1 $-1 $1193 $1126 #
DXID-attrib $-1 -1 $-1 $-1 $822 @18 ASM_EDGE_FROM_STEP @4 3099 #
vertex $-1 -1 $-1 $822 $1237 #
straight-curve $-1 -1 $-1 132.2600000000000193 -74.20000000000000284 -0.9050000000000000266 0 1 0 F 0 F 0.4000000000000000777 #
point $-1 -1 $-1 132.2600000000000193 -73.80000000000001137 -0.9050000000000000266 #
point $-1 -1 $-1 132.660000000000025 -73.80000000000001137 -0.9050000000000000266 #
coedge $-1 -1 $-1 $1238 $1239 $827 $1026 reversed $1240 $-1 #
edge $1241 -1 $-1 $1031 0 $1032 2.332380757940000215 $1025 $1242 forward @7 unknown #
coedge $-1 -1 $-1 $1243 $828 $1239 $1244 forward $1029 $-1 #
coedge $-1 -1 $-1 $828 $1243 $1238 $1245 reversed $1029 $-1 #
loop $-1 -1 $-1 $-1 $828 $985 #
DXID-attrib $-1 -1 $-1 $-1 $829 @18 ASM_EDGE_FROM_STEP @4 2913 #
vertex $-1 -1 $-1 $829 $1246 #
vertex $-1 -1 $-1 $829 $1247 #
ellipse-curve $-1 -1 $-1 133.7300000000000182 -74 4.595000000000000639 0 0 1 1.899999999999999911 0 0 1 F -2.480747357766436068 F 2.480747357766436068 #
DXID-attrib $-1 -1 $-1 $831 $658 @18 ASM_FACE_FROM_STEP @20 pcb-3670-dup-dxid-37 #
coedge $-1 -1 $-1 $1035 $1035 $835 $1038 reversed $833 $-1 #
loop $-1 -1 $-1 $1129 $1119 $387 #
coedge $-1 -1 $-1 $1037 $1037 $1097 $1248 forward $834 $-1 #
edge $1249 -1 $-1 $1250 0 $1250 6.283185307179586232 $835 $1251 forward @7 unknown #
coedge $-1 -1 $-1 $837 $836 $1252 $1253 reversed $513 $-1 #
coedge $-1 -1 $-1 $1254 $1255 $836 $1041 forward $1256 $-1 #
edge $1257 -1 $-1 $1258 0 $1048 70 $1040 $1259 forward @7 unknown #
coedge $-1 -1 $-1 $1260 $1261 $837 $1043 forward $1262 $-1 #
edge $1263 -1 $-1 $1049 0 $1264 70 $1042 $1265 forward @7 unknown #
coedge $-1 -1 $-1 $1266 $838 $1261 $1267 reversed $1046 $-1 #
coedge $-1 -1 $-1 $838 $1266 $1254 $1268 forward $1046 $-1 #
loop $-1 -1 $-1 $-1 $1045 $1269 #
DXID-attrib $-1 -1 $-1 $-1 $839 @18 ASM_EDGE_FROM_STEP @4 3299 #
vertex $-1 -1 $-1 $1268 $1270 #
vertex $-1 -1 $-1 $839 $1271 #
straight-curve $-1 -1 $-1 146.5 -119 1.510000000000000231 -1 0 0 F 0 F 50.99999999999999289 #
DXID-attrib $-1 -1 $-1 $841 $665 @18 ASM_FACE_FROM_STEP @7 pcb-134 #
rgb_color-st-attrib $-1 -1 $1272 $-1 $842 0.8823529411764705621 0.7098039215686274828 0.4901960784313725283 #
face $1273 -1 $-1 $1274 $1275 $4 $-1 $1276 forward single #
loop $-1 -1 $-1 $1277 $1278 $842 #
cone-surface $-1 -1 $-1 109.5000000000000142 -73.5 4.595000000000000639 -1 -0 -0 0 2.700000000000000178 0 1 I I 0 1 2.700000000000000178 forward I I I I #
loop $-1 -1 $-1 $-1 $1279 $665 #
coedge $-1 -1 $-1 $1057 $1057 $846 $1059 reversed $843 $-1 #
coedge $-1 -1 $-1 $1058 $1058 $1278 $1280 forward $845 $-1 #
edge $1281 -1 $-1 $1282 0 $1282 6.283185307179586232 $846 $1283 forward @14 tangent_not_g2 #
DXID-attrib $-1 -1 $-1 $-1 $847 @18 ASM_EDGE_FROM_STEP @2 59 #
vertex $-1 -1 $-1 $847 $1284 #
ellipse-curve $-1 -1 $-1 111.0000000000000142 -73.5 4.595000000000000639 1 0 0 0 3.000000000000000444 0 1 I I #
point $-1 -1 $-1 113.75 -70.5 4.595000000000000639 #
point $-1 -1 $-1 128.5600000000000023 -73.5 0.4178461295054963776 #
DXID-attrib $-1 -1 $-1 $-1 $855 @10 ASM ENTITY @36 e012974f-325a-4a75-8ce9-331617c410e9 #
face $1285 -1 $-1 $1286 $1287 $4 $-1 $534 reversed single #
loop $-1 -1 $-1 $678 $1288 $855 #
DXID-attrib $-1 -1 $-1 $857 $681 @18 ASM_FACE_FROM_STEP @7 pcb-326 #
rgb_color-st-attrib $-1 -1 $1289 $-1 $858 0.8823529411764705621 0.7098039215686274828 0.4901960784313725283 #
face $1290 -1 $-1 $771 $1291 $4 $-1 $1292 forward single #
loop $-1 -1 $-1 $1293 $1294 $858 #
plane-surface $-1 -1 $-1 126.5 -70.5 4.595000000000000639 -1 0 0 0 0 -1 forward_v I I I I #
DXID-attrib $-1 -1 $-1 $-1 $861 @10 ASM ENTITY @36 d14edca1-767b-48c6-b03f-9773613100ad #
face $1295 -1 $-1 $855 $1296 $4 $-1 $534 reversed single #
loop $-1 -1 $-1 $1297 $1298 $861 #
coedge $-1 -1 $-1 $1076 $1076 $1299 $1300 reversed $862 $-1 #
coedge $-1 -1 $-1 $1077 $1077 $864 $1078 forward $1301 $-1 #
edge $-1 -1 $-1 $1302 -3.141592653589777573 $1302 3.141592653589808659 $1077 $1303 forward @7 unknown #
loop $-1 -1 $-1 $-1 $865 $1304 #
vertex $-1 -1 $-1 $866 $1305 #
ellipse-curve $-1 -1 $-1 135 -74 0.4178461295054962665 0 0 1 0 -0.4500000000000000666 0 1 I I #
coedge $-1 -1 $-1 $868 $867 $1306 $1307 reversed $535 $-1 #
coedge $-1 -1 $-1 $1308 $1309 $867 $1084 forward $1310 $-1 #
edge $-1 -1 $-1 $1311 1.137499999999999289 $1090 1.1875 $1083 $1312 forward @7 unknown #
coedge $-1 -1 $-1 $1313 $1314 $868 $1086 forward $1315 $-1 #
edge $-1 -1 $-1 $1091 -1.162500000000001421 $1316 -1.112500000000000711 $1085 $1317 forward @7 unknown #
coedge $-1 -1 $-1 $1318 $869 $1314 $1319 reversed $1089 $-1 #
coedge $-1 -1 $-1 $869 $1318 $1308 $1320 forward $1089 $-1 #
loop $-1 -1 $-1 $-1 $869 $1321 #
vertex $-1 -1 $-1 $870 $1322 #
vertex $-1 -1 $-1 $870 $1323 #
straight-curve $-1 -1 $-1 119.8700000000004451 -107.2500000000000142 0.5178461295054963553 10 0 0 I I #
point $-1 -1 $-1 119.1899999999999977 -106.4500000000000171 0.5178461295054962443 #
loop $-1 -1 $-1 $-1 $1324 $1095 #
face $1325 -1 $-1 $1326 $873 $4 $-1 $1327 forward single #
point $-1 -1 $-1 107.4400000000000119 -93.5 0.5178461295054961333 #
coedge $-1 -1 $-1 $1097 $1097 $1037 $1248 reversed $876 $-1 #
coedge $-1 -1 $-1 $1328 $878 $881 $1103 reversed $1100 $-1 #
coedge $-1 -1 $-1 $878 $1328 $884 $1106 forward $1100 $-1 #
loop $-1 -1 $-1 $-1 $878 $952 #
straight-curve $-1 -1 $-1 122.2250000000004491 -106.75 0.5178461295054963553 -10 0 0 I I #
coedge $-1 -1 $-1 $881 $880 $1329 $1330 reversed $776 $-1 #
edge $1331 -1 $-1 $1332 1.199999999999999956 $882 2.277153870494503352 $1098 $1333 forward @7 unknown #
point $-1 -1 $-1 122.5500000000000114 -106.75 0.5178461295054961333 #
coedge $-1 -1 $-1 $885 $884 $1334 $1335 reversed $886 $-1 #
edge $1336 -1 $-1 $1337 1.199999999999999956 $887 2.277153870494503352 $884 $1338 forward @7 unknown #
face $1339 -1 $-1 $1321 $886 $4 $-1 $1340 forward single #
point $-1 -1 $-1 123.4500000000000028 -106.75 0.5178461295054961333 #
coedge $-1 -1 $-1 $1334 $1329 $889 $1110 forward $1341 $-1 #
edge $1342 -1 $-1 $1115 2.63249999999999984 $1112 3.532499999999999307 $1109 $1343 forward @7 unknown #
DXID-attrib $-1 -1 $-1 $-1 $890 @18 ASM_EDGE_FROM_STEP @4 1060 #
vertex $-1 -1 $-1 $1110 $1344 #
straight-curve $-1 -1 $-1 123.4500000000000028 -107.2500000000000142 2.794999999999999929 -0 -0 -1 F 1.199999999999999956 F 4.700000000000000178 #
DXID-attrib $-1 -1 $-1 $-1 $891 @18 ASM_EDGE_FROM_STEP @4 1044 #
vertex $-1 -1 $-1 $891 $1345 #
straight-curve $-1 -1 $-1 122.5500000000000114 -107.2500000000000142 2.794999999999999929 -0 -0 -1 F 1.199999999999999956 F 4.700000000000000178 #
rgb_color-st-attrib $-1 -1 $1346 $-1 $892 0.8235294117647058432 0.8196078431372548767 0.7803921568627451011 #
plane-surface $-1 -1 $-1 122.5500000000000114 -107.2500000000000142 2.794999999999999929 0 -1 0 1 0 0 forward_v I I I I #
coedge $-1 -1 $-1 $1119 $1119 $895 $1120 forward $1036 $-1 #
edge $1347 -1 $-1 $1348 0 $1348 6.283185307179586232 $1119 $1349 forward @7 unknown #
DXID-attrib $-1 -1 $-1 $896 $708 @18 ASM_FACE_FROM_STEP @20 pcb-3687-dup-dxid-38 #
coedge $-1 -1 $-1 $1122 $1122 $898 $1123 forward $1350 $-1 #
edge $1351 -1 $-1 $1352 -3.141592653589793116 $1352 3.141592653589793116 $1122 $1353 forward @14 tangent_not_g2 #
DXID-attrib $-1 -1 $-1 $899 $711 @18 ASM_FACE_FROM_STEP @20 pcb-406-dup-dxid-169 #
rgb_color-st-attrib $-1 -1 $1354 $-1 $900 0.8235294117647058432 0.8196078431372548767 0.7803921568627451011 #
face $1355 -1 $-1 $340 $1019 $4 $-1 $479 reversed single #
loop $-1 -1 $-1 $-1 $1356 $900 #
plane-surface $-1 -1 $-1 127.7600000000000193 -93.5 -1.405000000000000471 0 0 1 1 0 0 forward_v I I I I #
loop $-1 -1 $-1 $911 $902 $387 #
DXID-attrib $-1 -1 $-1 $-1 $903 @18 ASM_EDGE_FROM_STEP @4 3562 #
vertex $-1 -1 $-1 $903 $1357 #
ellipse-curve $-1 -1 $-1 128.1599999999999966 -93.5 1.510000000000000231 0 0 -1 0 -0.5999999999999999778 0 1 I I #
loop $-1 -1 $-1 $-1 $905 $1358 #
DXID-attrib $-1 -1 $-1 $-1 $906 @18 ASM_EDGE_FROM_STEP @3 239 #
vertex $-1 -1 $-1 $906 $1359 #
ellipse-curve $-1 -1 $-1 107.8400000000000034 -73.5 3.395000000000000462 0 0 1 0.4000000000000000777 0 0 1 I I #
DXID-attrib $-1 -1 $-1 $908 $718 @18 ASM_FACE_FROM_STEP @7 pcb-300 #
loop $-1 -1 $-1 $-1 $1360 $718 #
coedge $-1 -1 $-1 $1139 $1139 $1361 $1362 forward $909 $-1 #
point $-1 -1 $-1 107.8400000000000034 -74.09999999999999432 1.510000000000000231 #
DXID-attrib $-1 -1 $-1 $-1 $916 @18 ASM_EDGE_FROM_STEP @4 2986 #
straight-curve $-1 -1 $-1 116.0300000000000153 -58.1830951894850017 4.595000000000000639 0 -1 0 F -0.8830951894849999873 F -0.483095189484999965 #
DXID-attrib $-1 -1 $-1 $921 $729 @18 ASM_FACE_FROM_STEP @21 pcb-3117-dup-dxid-199 #
rgb_color-st-attrib $-1 -1 $1363 $-1 $922 0.8235294117647058432 0.8196078431372548767 0.7803921568627451011 #
face $1364 -1 $-1 $585 $1365 $4 $-1 $752 reversed single #
loop $-1 -1 $-1 $-1 $1366 $922 #
coedge $-1 -1 $-1 $1367 $1221 $1226 $1368 forward $923 $-1 #
DXID-attrib $-1 -1 $-1 $932 $751 @18 ASM_FACE_FROM_STEP @21 pcb-3165-dup-dxid-203 #
coedge $-1 -1 $-1 $1369 $1370 $1371 $1372 forward $933 $-1 #
DXID-attrib $-1 -1 $-1 $935 $758 @18 ASM_FACE_FROM_STEP @21 pcb-3134-dup-dxid-206 #
rgb_color-st-attrib $-1 -1 $1373 $-1 $936 0.6980392156862744724 0.09803921568627450844 0.05098039215686274439 #
face $1374 -1 $-1 $1375 $1376 $4 $-1 $1377 forward single #
loop $-1 -1 $-1 $-1 $1378 $936 #
sphere-surface $-1 -1 $-1 117.5000000000000142 -57.5 8.394999999999999574 1.500000000000000222 1 0 0 0 -2.220446049250000002e-16 1 forward_v I I I I #
coedge $-1 -1 $-1 $1379 $1380 $1381 $1382 forward $937 $-1 #
coedge $-1 -1 $-1 $1383 $938 $1380 $1384 forward $759 $-1 #
coedge $-1 -1 $-1 $938 $1383 $1385 $1386 reversed $759 $-1 #
coedge $-1 -1 $-1 $1387 $1381 $938 $1159 reversed $1297 $-1 #
edge $-1 -1 $-1 $1388 1.315000000000000391 $1389 1.354999999999999538 $938 $1390 forward @7 unknown #
DXID-attrib $-1 -1 $-1 $940 $765 @18 ASM_FACE_FROM_STEP @21 pcb-3242-dup-dxid-218 #
coedge $-1 -1 $-1 $1391 $1392 $1393 $1394 forward $941 $-1 #
coedge $-1 -1 $-1 $1395 $943 $1396 $1397 forward $766 $-1 #
coedge $-1 -1 $-1 $943 $1395 $1220 $1398 forward $766 $-1 #
coedge $-1 -1 $-1 $1221 $1367 $943 $1165 reversed $923 $-1 #
edge $1399 -1 $-1 $1400 0 $1401 0.4000000000000000777 $1164 $1402 forward @7 unknown #
DXID-attrib $-1 -1 $-1 $944 $768 @18 ASM_FACE_FROM_STEP @21 pcb-2960-dup-dxid-212 #
coedge $-1 -1 $-1 $1403 $1403 $1404 $1405 reversed $945 $-1 #
coedge $-1 -1 $-1 $1168 $1168 $947 $1169 reversed $1291 $-1 #
edge $1406 -1 $-1 $1407 0 $1407 6.283185307179586232 $1168 $1408 forward @14 tangent_not_g2 #
DXID-attrib $-1 -1 $-1 $948 $771 @18 ASM_FACE_FROM_STEP @7 pcb-380 #
DXID-attrib $-1 -1 $-1 $951 $775 @18 ASM_FACE_FROM_STEP @8 pcb-1094 #
rgb_color-st-attrib $-1 -1 $1409 $-1 $952 0.8235294117647058432 0.8196078431372548767 0.7803921568627451011 #
face $1410 -1 $-1 $1411 $1412 $4 $-1 $1340 forward single #
coedge $-1 -1 $-1 $1413 $1176 $1181 $1414 forward $953 $-1 #
coedge $-1 -1 $-1 $956 $955 $1415 $1416 forward $619 $-1 #
coedge $-1 -1 $-1 $1174 $1417 $955 $1177 reversed $953 $-1 #
edge $1418 -1 $-1 $1184 2.377153870494502996 $1419 4.700000000000000178 $1176 $1333 forward @7 unknown #
coedge $-1 -1 $-1 $1420 $1421 $956 $1179 forward $1422 $-1 #
edge $1423 -1 $-1 $1183 2.377153870494502996 $1424 4.700000000000000178 $1178 $1116 forward @7 unknown #
coedge $-1 -1 $-1 $1425 $957 $1421 $1426 reversed $1182 $-1 #
coedge $-1 -1 $-1 $957 $1425 $1174 $1414 reversed $1182 $-1 #
loop $-1 -1 $-1 $-1 $1180 $1286 #
vertex $-1 -1 $-1 $1426 $1427 #
vertex $-1 -1 $-1 $1414 $1428 #
straight-curve $-1 -1 $-1 122.5500000000000114 -95.37500000000001421 0.4178461295054963776 0 10 0 I I #
edge $1429 -1 $-1 $1189 4.677153870494503707 $1021 6.000000000000000888 $959 $345 forward @7 unknown #
edge $1430 -1 $-1 $1188 4.677153870494503707 $1016 6.000000000000000888 $965 $244 forward @7 unknown #
vertex $-1 -1 $-1 $968 $1431 #
vertex $-1 -1 $-1 $1195 $1432 #
straight-curve $-1 -1 $-1 126.8300000000004673 -74.20000000000000284 0.4178461295054961 -10 0 0 I I #
straight-curve $-1 -1 $-1 132.660000000000025 -78.90000000000000568 0.4178461295054961 0 -10 0 I I #
DXID-attrib $-1 -1 $-1 $-1 $969 @18 ASM_EDGE_FROM_STEP @4 3043 #
coedge $-1 -1 $-1 $970 $1018 $972 $1195 forward $1019 $-1 #
DXID-attrib $-1 -1 $-1 $-1 $971 @18 ASM_EDGE_FROM_STEP @4 3107 #
edge $-1 -1 $-1 $1189 0.4900000000000002132 $973 0.5299999999999993605 $1193 $1433 forward @7 unknown #
point $-1 -1 $-1 132.2600000000000193 -73.80000000000001137 0.4178461295054963776 #
point $-1 -1 $-1 132.660000000000025 -73.80000000000001137 0.4178461295054963776 #
DXID-attrib $-1 -1 $-1 $-1 $978 @18 ASM_EDGE_FROM_STEP @4 3179 #
vertex $-1 -1 $-1 $1215 $1434 #
DXID-attrib $-1 -1 $-1 $-1 $979 @18 ASM_EDGE_FROM_STEP @4 3155 #
point $-1 -1 $-1 135.2000000000000455 -73.80000000000001137 0.4178461295054963776 #
point $-1 -1 $-1 135.2000000000000455 -74.20000000000000284 0.4178461295054963776 #
DXID-attrib $-1 -1 $-1 $984 $794 @18 ASM_FACE_FROM_STEP @8 pcb-2865 #
rgb_color-st-attrib $-1 -1 $1435 $-1 $985 0.6980392156862744724 0.09803921568627450844 0.05098039215686274439 #
face $1436 -1 $-1 $386 $1240 $4 $-1 $1437 forward single #
cone-surface $-1 -1 $-1 133.7300000000000182 -74 4.595000000000000639 -0 -0 -1 1.899999999999999911 0 0 1 I I 0 1 1.899999999999999911 forward I I I I #
coedge $-1 -1 $-1 $1438 $1439 $1208 $1440 forward $986 $-1 #
coedge $-1 -1 $-1 $1208 $1208 $1207 $1440 reversed $988 $-1 #
DXID-attrib $-1 -1 $-1 $-1 $990 @18 ASM_EDGE_FROM_STEP @4 2809 #
vertex $-1 -1 $-1 $990 $1441 #
ellipse-curve $-1 -1 $-1 133.7300000000000182 -74 8.394999999999999574 0 2.220446049250000002e-16 -1 1.500000000000000222 0 0 1 I I #
DXID-attrib $-1 -1 $-1 $-1 $992 @18 ASM_EDGE_FROM_STEP @4 3219 #
straight-curve $-1 -1 $-1 134.8000000000000114 -74.20000000000000284 -0.9050000000000000266 0 1 0 F 0 F 0.4000000000000000777 #
point $-1 -1 $-1 134.8000000000000114 -73.80000000000001137 -0.9050000000000000266 #
edge $1442 -1 $-1 $1199 0 $997 0.4000000000000003553 $995 $1443 forward @7 unknown #
point $-1 -1 $-1 134.8000000000000114 -74.20000000000000284 -0.9050000000000000266 #
straight-curve $-1 -1 $-1 128.1000000000004491 -74.20000000000000284 0.4178461295054961 -10 0 0 I I #
DXID-attrib $-1 -1 $-1 $1002 $812 @18 ASM_FACE_FROM_STEP @21 pcb-3069-dup-dxid-197 #
coedge $-1 -1 $-1 $1223 $1444 $1225 $1445 forward $1003 $-1 #
coedge $-1 -1 $-1 $1005 $1004 $1163 $1398 reversed $647 $-1 #
coedge $-1 -1 $-1 $1147 $1164 $1004 $1222 reversed $923 $-1 #
edge $1446 -1 $-1 $1229 4.677153870494503707 $1400 6.000000000000000888 $1004 $735 forward @7 unknown #
coedge $-1 -1 $-1 $1447 $1219 $1005 $1224 forward $1003 $-1 #
edge $1448 -1 $-1 $1228 4.677153870494503707 $1449 6.000000000000000888 $1223 $727 forward @7 unknown #
coedge $-1 -1 $-1 $1450 $1006 $1219 $1445 reversed $1227 $-1 #
coedge $-1 -1 $-1 $1006 $1450 $1147 $1368 reversed $1227 $-1 #
loop $-1 -1 $-1 $-1 $1450 $1074 #
vertex $-1 -1 $-1 $1007 $1451 #
vertex $-1 -1 $-1 $1368 $1452 #
straight-curve $-1 -1 $-1 116.0300000000000153 -70.84999999999999432 0.4178461295054961 0 10 0 I I #
DXID-attrib $-1 -1 $-1 $-1 $1009 @18 ASM_EDGE_FROM_STEP @4 3171 #
straight-curve $-1 -1 $-1 135.2000000000000455 -73.80000000000001137 -0.9050000000000000266 0 -1 0 F 0 F 0.4000000000000000777 #
point $-1 -1 $-1 135.2000000000000455 -73.80000000000001137 -0.9050000000000000266 #
DXID-attrib $-1 -1 $-1 $-1 $1014 @18 ASM_EDGE_FROM_STEP @4 3075 #
straight-curve $-1 -1 $-1 132.660000000000025 -74.20000000000000284 -0.9050000000000000266 -1 0 0 F 0 F 0.4000000000000000777 #
point $-1 -1 $-1 132.660000000000025 -74.20000000000000284 -0.9050000000000000266 #
point $-1 -1 $-1 132.2600000000000193 -74.20000000000000284 -0.9050000000000000266 #
coedge $-1 -1 $-1 $1453 $1025 $1028 $1245 forward $1240 $-1 #
coedge $-1 -1 $-1 $1025 $1454 $1027 $1244 reversed $1240 $-1 #
loop $-1 -1 $-1 $-1 $1454 $1205 #
DXID-attrib $-1 -1 $-1 $-1 $1026 @18 ASM_EDGE_FROM_STEP @4 2950 #
straight-curve $-1 -1 $-1 132.2300000000000182 -75.16619037897000055 4.595000000000000639 0 1 0 F 0 F 2.332380757940000215 #
coedge $-1 -1 $-1 $1028 $1027 $1455 $1456 reversed $1029 $-1 #
edge $1457 -1 $-1 $1032 0 $1458 0.999999999999999778 $1027 $1459 forward @7 unknown #
edge $1460 -1 $-1 $1031 0 $1461 0.999999999999999778 $1028 $1462 forward @7 unknown #
point $-1 -1 $-1 132.2300000000000182 -75.16619037897000055 4.595000000000000639 #
point $-1 -1 $-1 132.2300000000000182 -72.83380962102999945 4.595000000000000639 #
edge $1463 -1 $-1 $1464 0 $1464 6.283185307179586232 $1037 $1465 forward @7 unknown #
DXID-attrib $-1 -1 $-1 $-1 $1038 @18 ASM_EDGE_FROM_STEP @4 3529 #
vertex $-1 -1 $-1 $1038 $1466 #
ellipse-curve $-1 -1 $-1 119.1899999999999977 -107.0000000000000142 1.510000000000000231 0 0 -1 0 -0.5500000000000000444 0 1 I I #
coedge $-1 -1 $-1 $1467 $1468 $1039 $1253 forward $1469 $-1 #
edge $1470 -1 $-1 $1264 0 $1258 50.99999999999999289 $1039 $1471 forward @7 unknown #
coedge $-1 -1 $-1 $1472 $1040 $1045 $1268 reversed $1256 $-1 #
coedge $-1 -1 $-1 $1040 $1472 $1467 $1473 forward $1256 $-1 #
loop $-1 -1 $-1 $-1 $1255 $1474 #
DXID-attrib $-1 -1 $-1 $-1 $1041 @18 ASM_EDGE_FROM_STEP @4 3339 #
vertex $-1 -1 $-1 $1473 $1475 #
straight-curve $-1 -1 $-1 146.5 -49 1.510000000000000231 0 -1 0 F 0 F 70 #
coedge $-1 -1 $-1 $1476 $1042 $1468 $1477 reversed $1262 $-1 #
coedge $-1 -1 $-1 $1042 $1476 $1044 $1267 forward $1262 $-1 #
loop $-1 -1 $-1 $-1 $1260 $1478 #
DXID-attrib $-1 -1 $-1 $-1 $1043 @18 ASM_EDGE_FROM_STEP @4 3361 #
vertex $-1 -1 $-1 $1477 $1479 #
straight-curve $-1 -1 $-1 95.5 -119 1.510000000000000231 0 1 0 F 0 F 70 #
coedge $-1 -1 $-1 $1045 $1044 $1480 $1481 reversed $1046 $-1 #
edge $1482 -1 $-1 $1483 0 $1049 1.510000000000000231 $1044 $1484 forward @7 unknown #
edge $1485 -1 $-1 $1486 0 $1048 1.510000000000000231 $1045 $1487 forward @7 unknown #
face $1488 -1 $-1 $1478 $1046 $4 $-1 $1489 forward single #
point $-1 -1 $-1 146.5 -119 1.510000000000000231 #
point $-1 -1 $-1 95.5 -119 1.510000000000000231 #
DXID-attrib $-1 -1 $-1 $1052 $842 @18 ASM_FACE_FROM_STEP @7 pcb-154 #
rgb_color-st-attrib $-1 -1 $1490 $-1 $1053 0.8235294117647058432 0.8196078431372548767 0.7803921568627451011 #
face $1491 -1 $-1 $1358 $1492 $4 $-1 $1493 forward single #
loop $-1 -1 $-1 $1494 $1495 $1053 #
cone-surface $-1 -1 $-1 109.039999999999992 -73.5 4.595000000000000639 1 0 0 0 0 -0.4000000000000000777 1 I I 0 1 0.4000000000000000777 forward I I I I #
loop $-1 -1 $-1 $-1 $1496 $842 #
coedge $-1 -1 $-1 $1278 $1278 $1058 $1280 reversed $1054 $-1 #
coedge $-1 -1 $-1 $1279 $1279 $1495 $1497 forward $1056 $-1 #
edge $1498 -1 $-1 $1499 0 $1499 6.283185307179586232 $1058 $1500 forward @7 unknown #
DXID-attrib $-1 -1 $-1 $-1 $1059 @18 ASM_EDGE_FROM_STEP @2 92 #
vertex $-1 -1 $-1 $1059 $1501 #
ellipse-curve $-1 -1 $-1 109.5000000000000142 -73.5 4.595000000000000639 1 0 0 0 1.500000000000000222 0 1 I I #
point $-1 -1 $-1 111.0000000000000142 -70.5 4.595000000000000639 #
DXID-attrib $-1 -1 $-1 $-1 $1066 @10 ASM ENTITY @36 40cc68e8-7eab-4a07-980e-80d04a609cb8 #
face $1502 -1 $-1 $1503 $1504 $4 $-1 $534 reversed single #
loop $-1 -1 $-1 $1505 $1506 $1066 #
coedge $-1 -1 $-1 $1288 $1288 $1507 $1508 reversed $1067 $-1 #
DXID-attrib $-1 -1 $-1 $1069 $858 @18 ASM_FACE_FROM_STEP @7 pcb-335 #
rgb_color-st-attrib $-1 -1 $1509 $-1 $1070 0.8235294117647058432 0.8196078431372548767 0.7803921568627451011 #
loop $-1 -1 $-1 $1510 $1168 $1070 #
cone-surface $-1 -1 $-1 109.039999999999992 -73.5 4.595000000000000639 1 0 0 0 0 -0.4000000000000000777 1 I I 0 1 0.4000000000000000777 forward I I I I #
loop $-1 -1 $-1 $-1 $1511 $858 #
coedge $-1 -1 $-1 $1294 $1294 $1360 $1512 forward $1071 $-1 #
DXID-attrib $-1 -1 $-1 $-1 $1074 @10 ASM ENTITY @36 3372637e-ef42-4593-aad6-b6cfe877a8a3 #
loop $-1 -1 $-1 $1227 $1513 $1074 #
loop $-1 -1 $-1 $-1 $1381 $861 #
coedge $-1 -1 $-1 $1298 $1298 $1514 $1515 reversed $1075 $-1 #
coedge $-1 -1 $-1 $1299 $1299 $1076 $1300 forward $1516 $-1 #
edge $-1 -1 $-1 $1517 -3.141592653589793116 $1517 3.141592653589793116 $1299 $1518 forward @7 unknown #
loop $-1 -1 $-1 $-1 $1077 $1519 #
vertex $-1 -1 $-1 $1078 $1520 #
ellipse-curve $-1 -1 $-1 132.4600000000000364 -74 0.4178461295054962665 0 0 1 2.842170943040100345e-14 -0.4500000000000000666 0 1 I I #
face $1521 -1 $-1 $1522 $1523 $4 $-1 $118 reversed single #
point $-1 -1 $-1 135 -73.55000000000001137 0.4178461295054962665 #
coedge $-1 -1 $-1 $1524 $1525 $1082 $1307 forward $1526 $-1 #
edge $-1 -1 $-1 $1316 0.06800000000004402523 $1311 0.1580000000000438831 $1306 $1527 forward @7 unknown #
coedge $-1 -1 $-1 $1528 $1083 $1088 $1320 reversed $1310 $-1 #
coedge $-1 -1 $-1 $1083 $1528 $1524 $1529 forward $1310 $-1 #
loop $-1 -1 $-1 $-1 $1083 $1530 #
vertex $-1 -1 $-1 $1084 $1531 #
straight-curve $-1 -1 $-1 118.7400000000000091 -95.37500000000001421 0.5178461295054963553 0 -10 0 I I #
coedge $-1 -1 $-1 $1532 $1085 $1525 $1533 reversed $1315 $-1 #
coedge $-1 -1 $-1 $1085 $1532 $1087 $1319 forward $1315 $-1 #
loop $-1 -1 $-1 $-1 $1085 $1534 #
vertex $-1 -1 $-1 $1307 $1535 #
straight-curve $-1 -1 $-1 119.6400000000000006 -95.625 0.5178461295054963553 0 10 0 I I #
coedge $-1 -1 $-1 $1088 $1087 $1536 $1537 reversed $1089 $-1 #
edge $1538 -1 $-1 $1539 1.199999999999999956 $1091 2.277153870494503352 $1087 $1540 forward @7 unknown #
edge $1541 -1 $-1 $1542 1.199999999999999956 $1090 2.277153870494503352 $1088 $1543 forward @7 unknown #
face $1544 -1 $-1 $1534 $1089 $4 $-1 $1545 forward single #
point $-1 -1 $-1 118.7400000000000091 -107.2500000000000142 0.5178461295054961333 #
point $-1 -1 $-1 119.6400000000000006 -107.2500000000000142 0.5178461295054961333 #
coedge $-1 -1 $-1 $1324 $1324 $1546 $1547 reversed $1094 $-1 #
rgb_color-st-attrib $-1 -1 $1548 $-1 $1095 0.8235294117647058432 0.8196078431372548767 0.7803921568627451011 #
face $1549 -1 $-1 $1550 $1551 $4 $-1 $1552 forward single #
cone-surface $-1 -1 $-1 107.8400000000000034 -93.5 -1.405000000000000471 0 0 1 0.4000000000000000777 0 0 1 I I 0 1 0.4000000000000000777 forward I I I I #
coedge $-1 -1 $-1 $1099 $1098 $1553 $1554 reversed $1100 $-1 #
coedge $-1 -1 $-1 $1109 $1553 $1102 $1330 forward $1341 $-1 #
edge $1555 -1 $-1 $1332 -1.925000000000000044 $1115 -1.425000000000000044 $1329 $1556 forward @7 unknown #
DXID-attrib $-1 -1 $-1 $-1 $1103 @18 ASM_EDGE_FROM_STEP @4 1108 #
vertex $-1 -1 $-1 $1330 $1557 #
straight-curve $-1 -1 $-1 122.5500000000000114 -106.75 2.794999999999999929 -0 -0 -1 F 1.199999999999999956 F 4.700000000000000178 #
coedge $-1 -1 $-1 $1553 $1109 $1105 $1335 forward $1341 $-1 #
edge $1558 -1 $-1 $1112 1.675000000000000044 $1337 2.174999999999999822 $1334 $1559 forward @7 unknown #
DXID-attrib $-1 -1 $-1 $-1 $1106 @18 ASM_EDGE_FROM_STEP @4 1084 #
vertex $-1 -1 $-1 $1554 $1560 #
straight-curve $-1 -1 $-1 123.4500000000000028 -106.75 2.794999999999999929 -0 -0 -1 F 1.199999999999999956 F 4.700000000000000178 #
rgb_color-st-attrib $-1 -1 $1561 $-1 $1107 0.8235294117647058432 0.8196078431372548767 0.7803921568627451011 #
plane-surface $-1 -1 $-1 123.4500000000000028 -107.2500000000000142 2.794999999999999929 1 0 0 0 1 0 forward_v I I I I #
loop $-1 -1 $-1 $1562 $1109 $1563 #
DXID-attrib $-1 -1 $-1 $-1 $1110 @18 ASM_EDGE_FROM_STEP @3 569 #
straight-curve $-1 -1 $-1 119.9174999999999898 -107.2500000000000142 1.594999999999999973 1 0 0 F 2.63249999999999984 F 3.532499999999999307 #
point $-1 -1 $-1 123.4500000000000028 -107.2500000000000142 1.594999999999999973 #
point $-1 -1 $-1 122.5500000000000114 -107.2500000000000142 1.594999999999999973 #
DXID-attrib $-1 -1 $-1 $1117 $892 @18 ASM_FACE_FROM_STEP @20 pcb-1039-dup-dxid-90 #
DXID-attrib $-1 -1 $-1 $-1 $1120 @18 ASM_EDGE_FROM_STEP @4 3551 #
vertex $-1 -1 $-1 $1120 $1564 #
ellipse-curve $-1 -1 $-1 123 -107.0000000000000142 1.510000000000000231 0 0 -1 0 -0.5500000000000000444 0 1 I I #
loop $-1 -1 $-1 $1565 $1122 $1566 #
DXID-attrib $-1 -1 $-1 $-1 $1123 @18 ASM_EDGE_FROM_STEP @3 393 #
vertex $-1 -1 $-1 $1123 $1567 #
ellipse-curve $-1 -1 $-1 128.1599999999999966 -93.5 3.395000000000000462 -6.533512864241000453e-16 0 1 0.4000000000000000777 0 2.613405145696400181e-16 1 I I #
DXID-attrib $-1 -1 $-1 $1125 $900 @18 ASM_FACE_FROM_STEP @20 pcb-431-dup-dxid-170 #
rgb_color-st-attrib $-1 -1 $1568 $-1 $1126 0.8235294117647058432 0.8196078431372548767 0.7803921568627451011 #
coedge $-1 -1 $-1 $1356 $1356 $1569 $1570 forward $1127 $-1 #
point $-1 -1 $-1 128.1599999999999966 -94.09999999999999432 1.510000000000000231 #
face $1571 -1 $-1 $1572 $1573 $4 $-1 $1574 forward single #
point $-1 -1 $-1 108.2399999999999949 -73.5 3.395000000000000462 #
coedge $-1 -1 $-1 $1360 $1360 $1294 $1512 reversed $1138 $-1 #
coedge $-1 -1 $-1 $1361 $1361 $1139 $1362 reversed $1575 $-1 #
edge $1576 -1 $-1 $1577 0 $1577 6.283185307179586232 $1361 $1578 forward @14 tangent_not_g2 #
DXID-attrib $-1 -1 $-1 $1144 $922 @18 ASM_FACE_FROM_STEP @21 pcb-3038-dup-dxid-200 #
rgb_color-st-attrib $-1 -1 $1579 $-1 $1145 0.8235294117647058432 0.8196078431372548767 0.7803921568627451011 #
loop $-1 -1 $-1 $-1 $1580 $1145 #
coedge $-1 -1 $-1 $1581 $1582 $1450 $1583 forward $1146 $-1 #
coedge $-1 -1 $-1 $1164 $1147 $1582 $1584 forward $923 $-1 #
edge $-1 -1 $-1 $1229 -0.2485000000000425757 $1585 -0.2085000000000434284 $1147 $1586 forward @7 unknown #
coedge $-1 -1 $-1 $1587 $1149 $1588 $1589 forward $933 $-1 #
coedge $-1 -1 $-1 $1149 $1587 $1379 $1590 reversed $933 $-1 #
coedge $-1 -1 $-1 $1381 $1387 $1149 $1372 reversed $1297 $-1 #
edge $-1 -1 $-1 $1591 -1.334999999999999964 $1592 -1.295000000000000817 $1149 $1593 forward @7 unknown #
DXID-attrib $-1 -1 $-1 $1151 $936 @18 ASM_FACE_FROM_STEP @21 pcb-2793-dup-dxid-207 #
rgb_color-st-attrib $-1 -1 $1594 $-1 $1152 0.6980392156862744724 0.09803921568627450844 0.05098039215686274439 #
face $1595 -1 $-1 $1596 $1597 $4 $-1 $1598 reversed single #
loop $-1 -1 $-1 $1599 $1600 $1152 #
cone-surface $-1 -1 $-1 117.5000000000000142 -57.5 8.394999999999999574 0 2.220446049250000002e-16 -1 1.500000000000000222 0 0 1 I I 0 1 1.500000000000000222 forward I I I I #
coedge $-1 -1 $-1 $1378 $1378 $1600 $1601 reversed $1153 $-1 #
coedge $-1 -1 $-1 $1393 $1155 $1370 $1590 forward $937 $-1 #
coedge $-1 -1 $-1 $1155 $1393 $1156 $1384 reversed $937 $-1 #
coedge $-1 -1 $-1 $1158 $1371 $1155 $1382 reversed $1297 $-1 #
edge $-1 -1 $-1 $1389 -0.1215000000000436842 $1591 -0.08150000000004276046 $1155 $1602 forward @7 unknown #
coedge $-1 -1 $-1 $1157 $1156 $1392 $1603 reversed $759 $-1 #
edge $1604 -1 $-1 $1389 4.677153870494503707 $1605 6.000000000000000888 $1380 $455 forward @7 unknown #
coedge $-1 -1 $-1 $1606 $1580 $1157 $1386 forward $1365 $-1 #
edge $1607 -1 $-1 $1388 4.677153870494503707 $1608 6.000000000000000888 $1385 $598 forward @7 unknown #
coedge $-1 -1 $-1 $1371 $1158 $1580 $1609 reversed $1297 $-1 #
vertex $-1 -1 $-1 $1159 $1610 #
vertex $-1 -1 $-1 $1382 $1611 #
straight-curve $-1 -1 $-1 118.5700000000000074 -70.84999999999999432 0.4178461295054961 0 10 0 I I #
coedge $-1 -1 $-1 $1612 $1161 $1587 $1613 forward $941 $-1 #
coedge $-1 -1 $-1 $1161 $1612 $1383 $1603 forward $941 $-1 #
coedge $-1 -1 $-1 $1380 $1379 $1161 $1394 reversed $937 $-1 #
edge $1614 -1 $-1 $1605 0 $1615 0.4000000000000003553 $1393 $1616 forward @7 unknown #
coedge $-1 -1 $-1 $1163 $1162 $1447 $1617 forward $766 $-1 #
coedge $-1 -1 $-1 $1582 $1581 $1162 $1397 reversed $1146 $-1 #
edge $1618 -1 $-1 $1401 0 $1619 0.4000000000000000777 $1396 $1620 forward @7 unknown #
edge $1621 -1 $-1 $1449 0 $1400 0.4000000000000000777 $1220 $1622 forward @7 unknown #
DXID-attrib $-1 -1 $-1 $-1 $1165 @18 ASM_EDGE_FROM_STEP @4 3123 #
vertex $-1 -1 $-1 $1222 $1623 #
vertex $-1 -1 $-1 $1584 $1624 #
straight-curve $-1 -1 $-1 116.0300000000000153 -57.30000000000000426 -0.9050000000000000266 1 0 0 F 0 F 0.4000000000000000777 #
coedge $-1 -1 $-1 $1167 $1167 $1625 $1626 forward $945 $-1 #
coedge $-1 -1 $-1 $1627 $1628 $1167 $1405 forward $1629 $-1 #
edge $1630 -1 $-1 $1631 -2.480747357766436068 $1632 2.480747357766436068 $1404 $1633 forward @7 unknown #
DXID-attrib $-1 -1 $-1 $-1 $1169 @18 ASM_EDGE_FROM_STEP @3 368 #
vertex $-1 -1 $-1 $1169 $1634 #
ellipse-curve $-1 -1 $-1 126.960000000000008 -73.5 4.595000000000000639 1 0 0 0 0 -0.4000000000000000777 1 I I #
DXID-attrib $-1 -1 $-1 $1172 $952 @18 ASM_FACE_FROM_STEP @20 pcb-1094-dup-dxid-68 #
rgb_color-st-attrib $-1 -1 $1635 $-1 $1173 0.8235294117647058432 0.8196078431372548767 0.7803921568627451011 #
face $1636 -1 $-1 $1637 $1422 $4 $-1 $1118 forward single #
loop $-1 -1 $-1 $-1 $1638 $1173 #
coedge $-1 -1 $-1 $1417 $1174 $1639 $1640 forward $953 $-1 #
edge $-1 -1 $-1 $1184 0.03249999999995623057 $1641 0.1224999999999560885 $1174 $1642 forward @7 unknown #
coedge $-1 -1 $-1 $1643 $1644 $1175 $1416 reversed $1645 $-1 #
edge $1646 -1 $-1 $1419 0 $1424 0.5 $1175 $1647 forward @7 unknown #
coedge $-1 -1 $-1 $1176 $1413 $1643 $1648 forward $953 $-1 #
DXID-attrib $-1 -1 $-1 $-1 $1177 @18 ASM_EDGE_FROM_STEP @4 1108 #
vertex $-1 -1 $-1 $1177 $1649 #
coedge $-1 -1 $-1 $1650 $1178 $1644 $1651 forward $1422 $-1 #
coedge $-1 -1 $-1 $1178 $1650 $1180 $1426 forward $1422 $-1 #
loop $-1 -1 $-1 $-1 $1421 $1411 #
DXID-attrib $-1 -1 $-1 $-1 $1179 @18 ASM_EDGE_FROM_STEP @4 1044 #
vertex $-1 -1 $-1 $1416 $1652 #
coedge $-1 -1 $-1 $1181 $1180 $1638 $1653 reversed $1182 $-1 #
edge $-1 -1 $-1 $1654 -0.1674999999999560174 $1183 -0.07749999999995615951 $1421 $1655 forward @7 unknown #
point $-1 -1 $-1 122.5500000000000114 -107.2500000000000142 0.4178461295054963776 #
point $-1 -1 $-1 122.5500000000000114 -106.75 0.4178461295054963776 #
DXID-attrib $-1 -1 $-1 $-1 $1186 @18 ASM_EDGE_FROM_STEP @4 3083 #
DXID-attrib $-1 -1 $-1 $-1 $1187 @18 ASM_EDGE_FROM_STEP @4 3059 #
point $-1 -1 $-1 132.660000000000025 -74.20000000000000284 0.4178461295054963776 #
point $-1 -1 $-1 132.2600000000000193 -74.20000000000000284 0.4178461295054963776 #
straight-curve $-1 -1 $-1 132.2600000000000193 -79.09999999999999432 0.4178461295054961 0 10 0 I I #
point $-1 -1 $-1 135.2000000000000455 -74.20000000000000284 -0.9050000000000000266 #
DXID-attrib $-1 -1 $-1 $1204 $985 @18 ASM_FACE_FROM_STEP @8 pcb-2909 #
rgb_color-st-attrib $-1 -1 $1656 $-1 $1205 0.6980392156862744724 0.09803921568627450844 0.05098039215686274439 #
plane-surface $-1 -1 $-1 132.2300000000000182 -75.16619037897000055 4.595000000000000639 -1 0 0 0 1 0 forward_v I I I I #
coedge $-1 -1 $-1 $1455 $1207 $1453 $1657 reversed $986 $-1 #
coedge $-1 -1 $-1 $1207 $1455 $1454 $1658 reversed $986 $-1 #
edge $1659 -1 $-1 $1660 -3.141592653589793116 $1660 3.141592653589793116 $1208 $1661 forward @7 unknown #
point $-1 -1 $-1 135.2300000000000182 -74 8.394999999999999574 #
DXID-attrib $-1 -1 $-1 $-1 $1215 @18 ASM_EDGE_FROM_STEP @4 3195 #
straight-curve $-1 -1 $-1 135.2000000000000455 -74.20000000000000284 -0.9050000000000000266 -1 0 0 F 0 F 0.4000000000000003553 #
coedge $-1 -1 $-1 $1219 $1447 $1581 $1662 reversed $1003 $-1 #
edge $-1 -1 $-1 $1663 0.228500000000043002 $1228 0.2685000000000421494 $1219 $1664 forward @7 unknown #
DXID-attrib $-1 -1 $-1 $-1 $1222 @18 ASM_EDGE_FROM_STEP @4 3107 #
coedge $-1 -1 $-1 $1444 $1223 $1395 $1617 reversed $1003 $-1 #
DXID-attrib $-1 -1 $-1 $-1 $1224 @18 ASM_EDGE_FROM_STEP @4 3083 #
vertex $-1 -1 $-1 $1398 $1665 #
coedge $-1 -1 $-1 $1226 $1225 $1366 $1583 reversed $1227 $-1 #
point $-1 -1 $-1 116.0300000000000153 -57.69999999999999574 0.4178461295054963776 #
point $-1 -1 $-1 116.0300000000000153 -57.30000000000000426 0.4178461295054963776 #
coedge $-1 -1 $-1 $1454 $1238 $1438 $1657 forward $1240 $-1 #
coedge $-1 -1 $-1 $1239 $1453 $1439 $1658 forward $1240 $-1 #
coedge $-1 -1 $-1 $1439 $1438 $1243 $1456 forward $986 $-1 #
edge $1666 -1 $-1 $1461 -2.480747357766436068 $1458 2.480747357766436068 $1455 $1667 forward @7 unknown #
DXID-attrib $-1 -1 $-1 $-1 $1244 @18 ASM_EDGE_FROM_STEP @4 2924 #
vertex $-1 -1 $-1 $1456 $1668 #
straight-curve $-1 -1 $-1 132.2300000000000182 -72.83380962102999945 4.595000000000000639 0 0 1 F 0 F 0.999999999999999778 #
DXID-attrib $-1 -1 $-1 $-1 $1245 @18 ASM_EDGE_FROM_STEP @4 2931 #
vertex $-1 -1 $-1 $1657 $1669 #
straight-curve $-1 -1 $-1 132.2300000000000182 -75.16619037897000055 4.595000000000000639 0 0 1 F 0 F 0.999999999999999778 #
DXID-attrib $-1 -1 $-1 $-1 $1248 @18 ASM_EDGE_FROM_STEP @4 3540 #
vertex $-1 -1 $-1 $1248 $1670 #
ellipse-curve $-1 -1 $-1 107.8400000000000034 -93.5 1.510000000000000231 0 0 -1 0 -0.5999999999999999778 0 1 I I #
point $-1 -1 $-1 119.1899999999999977 -107.5500000000000114 1.510000000000000231 #
coedge $-1 -1 $-1 $1671 $1252 $1255 $1473 reversed $1469 $-1 #
coedge $-1 -1 $-1 $1252 $1671 $1260 $1477 forward $1469 $-1 #
loop $-1 -1 $-1 $-1 $1467 $1672 #
DXID-attrib $-1 -1 $-1 $-1 $1253 @18 ASM_EDGE_FROM_STEP @4 3520 #
straight-curve $-1 -1 $-1 95.5 -49 1.510000000000000231 1 0 0 F 0 F 50.99999999999999289 #
coedge $-1 -1 $-1 $1255 $1254 $1673 $1674 reversed $1256 $-1 #
edge $1675 -1 $-1 $1676 0 $1258 1.510000000000000231 $1255 $1677 forward @7 unknown #
face $1678 -1 $-1 $1679 $1256 $4 $-1 $1680 forward single #
point $-1 -1 $-1 146.5 -49 1.510000000000000231 #
coedge $-1 -1 $-1 $1261 $1260 $1681 $1682 reversed $1262 $-1 #
edge $1683 -1 $-1 $1684 0 $1264 1.510000000000000231 $1260 $1685 forward @7 unknown #
face $1686 -1 $-1 $1672 $1262 $4 $-1 $1687 forward single #
point $-1 -1 $-1 95.5 -49 1.510000000000000231 #
coedge $-1 -1 $-1 $1681 $1673 $1266 $1481 forward $1688 $-1 #
edge $1689 -1 $-1 $1486 0 $1483 50.99999999999999289 $1266 $1690 forward @7 unknown #
DXID-attrib $-1 -1 $-1 $-1 $1267 @18 ASM_EDGE_FROM_STEP @4 3307 #
vertex $-1 -1 $-1 $1267 $1691 #
straight-curve $-1 -1 $-1 95.5 -119 0 0 0 1 F 0 F 1.510000000000000231 #
DXID-attrib $-1 -1 $-1 $-1 $1268 @18 ASM_EDGE_FROM_STEP @4 3289 #
vertex $-1 -1 $-1 $1268 $1692 #
straight-curve $-1 -1 $-1 146.5 -119 0 0 0 1 F 0 F 1.510000000000000231 #
rgb_color-st-attrib $-1 -1 $1693 $-1 $1269 0.313725490196078427 0.4862745098039215619 0.4117647058823529216 #
plane-surface $-1 -1 $-1 146.5 -119 0 0 -1 0 -1 0 0 forward_v I I I I #
DXID-attrib $-1 -1 $-1 $1273 $1053 @18 ASM_FACE_FROM_STEP @7 pcb-179 #
rgb_color-st-attrib $-1 -1 $1694 $-1 $1274 0.8823529411764705621 0.7098039215686274828 0.4901960784313725283 #
loop $-1 -1 $-1 $1695 $1696 $1274 #
plane-surface $-1 -1 $-1 122.2500000000000142 -70.5 4.595000000000000639 -1 0 0 0 0 -1 forward_v I I I I #
loop $-1 -1 $-1 $-1 $1697 $1053 #
coedge $-1 -1 $-1 $1495 $1495 $1279 $1497 reversed $1275 $-1 #
coedge $-1 -1 $-1 $1496 $1496 $1698 $1699 forward $1277 $-1 #
edge $1700 -1 $-1 $1701 0 $1701 6.283185307179586232 $1279 $1702 forward @7 unknown #
DXID-attrib $-1 -1 $-1 $-1 $1280 @18 ASM_EDGE_FROM_STEP @3 121 #
vertex $-1 -1 $-1 $1280 $1703 #
ellipse-curve $-1 -1 $-1 113.75 -73.5 4.595000000000000639 -1 0 0 0 2.700000000000000178 0 1 I I #
point $-1 -1 $-1 109.5000000000000142 -72 4.595000000000000639 #
DXID-attrib $-1 -1 $-1 $-1 $1286 @10 ASM ENTITY @36 a8a3ced7-611a-4cac-885e-7d62a76ad88f #
face $1704 -1 $-1 $1705 $1706 $4 $-1 $534 reversed single #
loop $-1 -1 $-1 $1182 $1707 $1286 #
loop $-1 -1 $-1 $-1 $1708 $1066 #
coedge $-1 -1 $-1 $1506 $1506 $1709 $1710 reversed $1287 $-1 #
coedge $-1 -1 $-1 $1507 $1507 $1288 $1508 forward $1711 $-1 #
edge $-1 -1 $-1 $1712 -3.141592653589793116 $1712 3.141592653589793116 $1507 $1713 forward @7 unknown #
DXID-attrib $-1 -1 $-1 $1290 $1070 @18 ASM_FACE_FROM_STEP @7 pcb-355 #
loop $-1 -1 $-1 $-1 $1714 $1070 #
coedge $-1 -1 $-1 $1511 $1511 $1714 $1715 reversed $1293 $-1 #
edge $1716 -1 $-1 $1717 0 $1717 6.283185307179586232 $1360 $1718 forward @14 tangent_not_g2 #
coedge $-1 -1 $-1 $1513 $1513 $1719 $1720 reversed $1296 $-1 #
coedge $-1 -1 $-1 $1514 $1514 $1298 $1515 forward $1721 $-1 #
edge $-1 -1 $-1 $1722 -3.141592653589793116 $1722 3.141592653589793116 $1514 $1723 forward @7 unknown #
loop $-1 -1 $-1 $-1 $1299 $1724 #
vertex $-1 -1 $-1 $1300 $1725 #
ellipse-curve $-1 -1 $-1 128.1599999999999966 -73.5 0.4178461295054962665 0 0 1 0 -0.5999999999999999778 0 1 I I #
face $1726 -1 $-1 $1304 $1727 $4 $-1 $160 reversed single #
point $-1 -1 $-1 132.4599999999999795 -73.55000000000001137 0.4178461295054962665 #
rgb_color-st-attrib $-1 -1 $1728 $-1 $1304 0.313725490196078427 0.4862745098039215619 0.4117647058823529216 #
face $1729 -1 $-1 $387 $1688 $4 $-1 $1730 reversed single #
loop $-1 -1 $-1 $1079 $1731 $1304 #
coedge $-1 -1 $-1 $1732 $1306 $1309 $1529 reversed $1526 $-1 #
coedge $-1 -1 $-1 $1306 $1732 $1313 $1533 forward $1526 $-1 #
loop $-1 -1 $-1 $-1 $1306 $1733 #
straight-curve $-1 -1 $-1 120.3200000000004479 -106.75 0.5178461295054963553 -10 0 0 I I #
coedge $-1 -1 $-1 $1309 $1308 $1734 $1735 reversed $1310 $-1 #
edge $1736 -1 $-1 $1737 1.199999999999999956 $1311 2.277153870494503352 $1524 $1738 forward @7 unknown #
face $1739 -1 $-1 $1740 $1310 $4 $-1 $1741 forward single #
point $-1 -1 $-1 118.7400000000000091 -106.75 0.5178461295054961333 #
coedge $-1 -1 $-1 $1314 $1313 $1742 $1743 reversed $1315 $-1 #
edge $1744 -1 $-1 $1745 1.199999999999999956 $1316 2.277153870494503352 $1313 $1746 forward @7 unknown #
face $1747 -1 $-1 $1748 $1315 $4 $-1 $1749 forward single #
point $-1 -1 $-1 119.6400000000000006 -106.75 0.5178461295054961333 #
coedge $-1 -1 $-1 $1742 $1734 $1318 $1537 forward $1562 $-1 #
edge $1750 -1 $-1 $1542 0.7275000000000000355 $1539 1.627499999999999947 $1536 $1751 forward @7 unknown #
DXID-attrib $-1 -1 $-1 $-1 $1319 @18 ASM_EDGE_FROM_STEP @4 1156 #
vertex $-1 -1 $-1 $1537 $1752 #
straight-curve $-1 -1 $-1 119.6400000000000006 -107.2500000000000142 2.794999999999999929 -0 -0 -1 F 1.199999999999999956 F 4.700000000000000178 #
DXID-attrib $-1 -1 $-1 $-1 $1320 @18 ASM_EDGE_FROM_STEP @4 1140 #
vertex $-1 -1 $-1 $1320 $1753 #
straight-curve $-1 -1 $-1 118.7400000000000091 -107.2500000000000142 2.794999999999999929 -0 -0 -1 F 1.199999999999999956 F 4.700000000000000178 #
rgb_color-st-attrib $-1 -1 $1754 $-1 $1321 0.8235294117647058432 0.8196078431372548767 0.7803921568627451011 #
plane-surface $-1 -1 $-1 118.7400000000000091 -107.2500000000000142 2.794999999999999929 0 -1 0 1 0 0 forward_v I I I I #
coedge $-1 -1 $-1 $1546 $1546 $1324 $1547 forward $1755 $-1 #
edge $1756 -1 $-1 $1757 0 $1757 6.283185307179586232 $1546 $1758 forward @14 tangent_not_g2 #
DXID-attrib $-1 -1 $-1 $1325 $1095 @18 ASM_FACE_FROM_STEP @20 pcb-275-dup-dxid-163 #
rgb_color-st-attrib $-1 -1 $1759 $-1 $1326 0.8823529411764705621 0.7098039215686274828 0.4901960784313725283 #
face $1760 -1 $-1 $1761 $1762 $4 $-1 $1763 forward single #
loop $-1 -1 $-1 $1764 $1765 $1326 #
torus-surface $-1 -1 $-1 125 -93.5 4.595000000000000639 1 0 0 1.500000000000000222 1.500000000000000222 0 1 0 forward_v I I I I #
coedge $-1 -1 $-1 $1329 $1334 $1328 $1554 forward $1341 $-1 #
edge $1766 -1 $-1 $1337 -3.082499999999999574 $1332 -2.182499999999999662 $1553 $1767 forward @7 unknown #
DXID-attrib $-1 -1 $-1 $-1 $1330 @18 ASM_EDGE_FROM_STEP @3 579 #
straight-curve $-1 -1 $-1 122.5500000000000114 -108.6750000000000114 1.594999999999999973 0 -1 0 F -1.925000000000000044 F -1.425000000000000044 #
point $-1 -1 $-1 122.5500000000000114 -106.75 1.594999999999999973 #
DXID-attrib $-1 -1 $-1 $-1 $1335 @18 ASM_EDGE_FROM_STEP @3 595 #
straight-curve $-1 -1 $-1 123.4500000000000028 -108.9250000000000114 1.594999999999999973 0 1 0 F 1.675000000000000044 F 2.174999999999999822 #
point $-1 -1 $-1 123.4500000000000028 -106.75 1.594999999999999973 #
DXID-attrib $-1 -1 $-1 $1339 $1107 @18 ASM_FACE_FROM_STEP @20 pcb-1070-dup-dxid-91 #
loop $-1 -1 $-1 $-1 $1536 $1563 #
face $1768 -1 $-1 $1769 $1770 $4 $-1 $1771 reversed single #
point $-1 -1 $-1 123 -107.5500000000000114 1.510000000000000231 #
loop $-1 -1 $-1 $-1 $1772 $1566 #
face $1773 -1 $-1 $711 $1350 $4 $-1 $1774 forward single #
point $-1 -1 $-1 127.7600000000000193 -93.5 3.395000000000000462 #
DXID-attrib $-1 -1 $-1 $1355 $1126 @18 ASM_FACE_FROM_STEP @8 pcb-3093 #
coedge $-1 -1 $-1 $1569 $1569 $1356 $1570 reversed $1775 $-1 #
edge $1776 -1 $-1 $1777 -2.449293598294760155e-16 $1777 6.283185307179586232 $1569 $1778 forward @7 unknown #
rgb_color-st-attrib $-1 -1 $1779 $-1 $1358 0.8235294117647058432 0.8196078431372548767 0.7803921568627451011 #
face $1780 -1 $-1 $554 $1575 $4 $-1 $1781 forward single #
loop $-1 -1 $-1 $1133 $1782 $1358 #
torus-surface $-1 -1 $-1 109.039999999999992 -73.5 3.395000000000000462 0 1 0 1.199999999999999956 0.4000000000000000777 -1 0 7.401486830833999598e-16 forward_v I I I I #
loop $-1 -1 $-1 $1783 $1361 $1572 #
DXID-attrib $-1 -1 $-1 $-1 $1362 @18 ASM_EDGE_FROM_STEP @3 263 #
vertex $-1 -1 $-1 $1362 $1784 #
ellipse-curve $-1 -1 $-1 125 -73.5 4.595000000000000639 1 0 0 0 3.000000000000000444 0 1 I I #
DXID-attrib $-1 -1 $-1 $1364 $1145 @18 ASM_FACE_FROM_STEP @21 pcb-3189-dup-dxid-201 #
coedge $-1 -1 $-1 $1385 $1588 $1387 $1609 forward $1365 $-1 #
coedge $-1 -1 $-1 $1396 $1366 $1444 $1662 forward $1146 $-1 #
coedge $-1 -1 $-1 $1366 $1396 $1367 $1584 reversed $1146 $-1 #
edge $-1 -1 $-1 $1585 -1.334999999999999964 $1663 -1.295000000000000817 $1366 $1785 forward @7 unknown #
edge $1786 -1 $-1 $1585 4.677153870494503707 $1401 6.000000000000000888 $1582 $575 forward @7 unknown #
vertex $-1 -1 $-1 $1583 $1787 #
straight-curve $-1 -1 $-1 118.5150000000004411 -57.30000000000000426 0.4178461295054961 10 0 0 I I #
coedge $-1 -1 $-1 $1370 $1369 $1391 $1613 reversed $933 $-1 #
coedge $-1 -1 $-1 $1580 $1606 $1369 $1589 reversed $1365 $-1 #
edge $1788 -1 $-1 $1592 4.677153870494503707 $1789 6.000000000000000888 $1369 $590 forward @7 unknown #
edge $1790 -1 $-1 $1591 4.677153870494503707 $1615 6.000000000000000888 $1379 $458 forward @7 unknown #
vertex $-1 -1 $-1 $1382 $1791 #
vertex $-1 -1 $-1 $1609 $1792 #
straight-curve $-1 -1 $-1 118.9700000000000273 -70.65000000000000568 0.4178461295054961 0 -10 0 I I #
DXID-attrib $-1 -1 $-1 $1374 $1152 @18 ASM_FACE_FROM_STEP @21 pcb-2820-dup-dxid-208 #
rgb_color-st-attrib $-1 -1 $1793 $-1 $1375 0.6980392156862744724 0.09803921568627450844 0.05098039215686274439 #
face $1794 -1 $-1 $1795 $1629 $4 $-1 $1796 forward single #
loop $-1 -1 $-1 $-1 $1797 $1375 #
plane-surface $-1 -1 $-1 116.0000000000000142 -58.66619037896899869 5.594999999999999751 0 0 -1 -1 0 0 forward_v I I I I #
loop $-1 -1 $-1 $-1 $1798 $1152 #
coedge $-1 -1 $-1 $1600 $1600 $1378 $1601 forward $1376 $-1 #
edge $1799 -1 $-1 $1800 0 $1800 6.283185307179586232 $1378 $1801 forward @14 tangent_not_g2 #
straight-curve $-1 -1 $-1 119.7850000000004513 -57.30000000000000426 0.4178461295054961 10 0 0 I I #
edge $1802 -1 $-1 $1608 0 $1605 0.4000000000000000777 $1383 $1803 forward @7 unknown #
DXID-attrib $-1 -1 $-1 $-1 $1384 @18 ASM_EDGE_FROM_STEP @4 3139 #
vertex $-1 -1 $-1 $1384 $1804 #
coedge $-1 -1 $-1 $1588 $1385 $1612 $1805 reversed $1365 $-1 #
DXID-attrib $-1 -1 $-1 $-1 $1386 @18 ASM_EDGE_FROM_STEP @4 3203 #
vertex $-1 -1 $-1 $1386 $1806 #
edge $-1 -1 $-1 $1592 0.1015000000000441105 $1388 0.1415000000000450342 $1580 $1807 forward @7 unknown #
point $-1 -1 $-1 118.5700000000000074 -57.69999999999999574 0.4178461295054963776 #
point $-1 -1 $-1 118.5700000000000074 -57.30000000000000426 0.4178461295054963776 #
coedge $-1 -1 $-1 $1392 $1391 $1606 $1805 forward $941 $-1 #
edge $1808 -1 $-1 $1615 0 $1789 0.4000000000000000777 $1587 $1809 forward @7 unknown #
DXID-attrib $-1 -1 $-1 $-1 $1394 @18 ASM_EDGE_FROM_STEP @4 3147 #
vertex $-1 -1 $-1 $1613 $1810 #
straight-curve $-1 -1 $-1 118.5700000000000074 -57.30000000000000426 -0.9050000000000000266 1 0 0 F 0 F 0.4000000000000003553 #
edge $1811 -1 $-1 $1619 0 $1449 0.4000000000000000777 $1447 $1812 forward @7 unknown #
DXID-attrib $-1 -1 $-1 $-1 $1397 @18 ASM_EDGE_FROM_STEP @4 3051 #
vertex $-1 -1 $-1 $1617 $1813 #
straight-curve $-1 -1 $-1 116.4300000000000068 -57.30000000000000426 -0.9050000000000000266 0 -1 0 F 0 F 0.4000000000000000777 #
DXID-attrib $-1 -1 $-1 $-1 $1398 @18 ASM_EDGE_FROM_STEP @4 3099 #
straight-curve $-1 -1 $-1 116.0300000000000153 -57.69999999999999574 -0.9050000000000000266 0 1 0 F 0 F 0.4000000000000000777 #
point $-1 -1 $-1 116.0300000000000153 -57.30000000000000426 -0.9050000000000000266 #
point $-1 -1 $-1 116.4300000000000068 -57.30000000000000426 -0.9050000000000000266 #
coedge $-1 -1 $-1 $1814 $1815 $1403 $1626 reversed $1816 $-1 #
edge $1817 -1 $-1 $1631 0 $1632 2.332380757940000215 $1625 $1818 forward @7 unknown #
coedge $-1 -1 $-1 $1819 $1404 $1815 $1820 forward $1629 $-1 #
coedge $-1 -1 $-1 $1404 $1819 $1814 $1821 reversed $1629 $-1 #
loop $-1 -1 $-1 $-1 $1404 $1596 #
DXID-attrib $-1 -1 $-1 $-1 $1405 @18 ASM_EDGE_FROM_STEP @4 2913 #
vertex $-1 -1 $-1 $1405 $1822 #
vertex $-1 -1 $-1 $1405 $1823 #
ellipse-curve $-1 -1 $-1 117.5000000000000142 -57.5 4.595000000000000639 0 0 1 1.899999999999999911 0 0 1 F -2.480747357766436068 F 2.480747357766436068 #
point $-1 -1 $-1 126.960000000000008 -73.5 4.195000000000000284 #
DXID-attrib $-1 -1 $-1 $1410 $1173 @18 ASM_FACE_FROM_STEP @8 pcb-1070 #
rgb_color-st-attrib $-1 -1 $1824 $-1 $1411 0.8235294117647058432 0.8196078431372548767 0.7803921568627451011 #
face $1825 -1 $-1 $1530 $1826 $4 $-1 $1741 forward single #
coedge $-1 -1 $-1 $1827 $1639 $1425 $1653 forward $1412 $-1 #
coedge $-1 -1 $-1 $1638 $1828 $1413 $1640 reversed $1412 $-1 #
edge $1829 -1 $-1 $1641 2.377153870494502996 $1830 4.700000000000000178 $1639 $1338 forward @7 unknown #
vertex $-1 -1 $-1 $1653 $1831 #
straight-curve $-1 -1 $-1 122.2250000000004491 -106.75 0.4178461295054963776 10 0 0 I I #
coedge $-1 -1 $-1 $1832 $1415 $1417 $1648 reversed $1645 $-1 #
coedge $-1 -1 $-1 $1415 $1832 $1420 $1651 reversed $1645 $-1 #
loop $-1 -1 $-1 $-1 $1644 $1833 #
DXID-attrib $-1 -1 $-1 $-1 $1416 @18 ASM_EDGE_FROM_STEP @4 1124 #
straight-curve $-1 -1 $-1 122.5500000000000114 -106.75 -1.905000000000000249 0 -1 0 F 0 F 0.5 #
edge $1834 -1 $-1 $1830 0 $1419 0.8999999999999996891 $1417 $1835 forward @7 unknown #
point $-1 -1 $-1 122.5500000000000114 -106.75 -1.905000000000000249 #
coedge $-1 -1 $-1 $1421 $1420 $1827 $1836 reversed $1422 $-1 #
edge $1837 -1 $-1 $1424 0 $1838 0.8999999999999996891 $1420 $1839 forward @7 unknown #
point $-1 -1 $-1 122.5500000000000114 -107.2500000000000142 -1.905000000000000249 #
edge $-1 -1 $-1 $1641 1.112500000000000711 $1654 1.162500000000001421 $1638 $1840 forward @7 unknown #
vertex $-1 -1 $-1 $1426 $1841 #
straight-curve $-1 -1 $-1 121.7750000000004462 -107.2500000000000142 0.4178461295054963776 -10 0 0 I I #
DXID-attrib $-1 -1 $-1 $1436 $1205 @18 ASM_FACE_FROM_STEP @8 pcb-2941 #
edge $1842 -1 $-1 $1461 0 $1660 1.166190378969998998 $1438 $1843 forward @7 unknown #
edge $1844 -1 $-1 $1660 1.166190378969998998 $1458 2.332380757940000215 $1439 $1845 forward @7 unknown #
DXID-attrib $-1 -1 $1846 $-1 $1440 @18 ASM_EDGE_FROM_STEP @4 2852 #
vertex $-1 -1 $-1 $1440 $1847 #
ellipse-curve $-1 -1 $-1 133.7300000000000182 -74 5.594999999999999751 0 2.220446049250000002e-16 -1 1.500000000000000222 0 0 1 I I #
edge $1848 -1 $-1 $1663 4.677153870494503707 $1619 6.000000000000000888 $1581 $578 forward @7 unknown #
vertex $-1 -1 $-1 $1583 $1849 #
straight-curve $-1 -1 $-1 118.7150000000004297 -57.69999999999999574 0.4178461295054961 -10 0 0 I I #
point $-1 -1 $-1 116.0300000000000153 -57.69999999999999574 -0.9050000000000000266 #
DXID-attrib $-1 -1 $-1 $-1 $1456 @18 ASM_EDGE_FROM_STEP @4 2869 #
ellipse-curve $-1 -1 $-1 133.7300000000000182 -74 5.594999999999999751 0 0 1 1.899999999999999911 0 0 1 F -2.480747357766436068 F 2.480747357766436068 #
point $-1 -1 $-1 132.2300000000000182 -72.83380962102999945 5.594999999999999751 #
point $-1 -1 $-1 132.2300000000000182 -75.16619037897000055 5.594999999999999751 #
point $-1 -1 $-1 107.8400000000000034 -94.09999999999999432 1.510000000000000231 #
coedge $-1 -1 $-1 $1468 $1467 $1850 $1851 reversed $1469 $-1 #
face $1852 -1 $-1 $1474 $1469 $4 $-1 $1853 forward single #
coedge $-1 -1 $-1 $1480 $1850 $1472 $1674 forward $1688 $-1 #
edge $1854 -1 $-1 $1676 0 $1486 70 $1472 $1855 forward @7 unknown #
DXID-attrib $-1 -1 $-1 $-1 $1473 @18 ASM_EDGE_FROM_STEP @4 3329 #
vertex $-1 -1 $-1 $1473 $1856 #
straight-curve $-1 -1 $-1 146.5 -49 0 0 0 1 F 0 F 1.510000000000000231 #
rgb_color-st-attrib $-1 -1 $1857 $-1 $1474 0.313725490196078427 0.4862745098039215619 0.4117647058823529216 #
face $1858 -1 $-1 $1859 $1860 $4 $-1 $660 reversed single #
plane-surface $-1 -1 $-1 146.5 -49 0 1 0 0 0 -1 0 forward_v I I I I #
coedge $-1 -1 $-1 $1850 $1480 $1476 $1682 forward $1688 $-1 #
edge $1861 -1 $-1 $1483 0 $1684 70 $1476 $1862 forward @7 unknown #
DXID-attrib $-1 -1 $-1 $-1 $1477 @18 ASM_EDGE_FROM_STEP @4 3369 #
vertex $-1 -1 $-1 $1477 $1863 #
straight-curve $-1 -1 $-1 95.5 -49 0 0 0 1 F 0 F 1.510000000000000231 #
rgb_color-st-attrib $-1 -1 $1864 $-1 $1478 0.313725490196078427 0.4862745098039215619 0.4117647058823529216 #
plane-surface $-1 -1 $-1 95.5 -119 0 -1 0 0 0 1 0 forward_v I I I I #
loop $-1 -1 $-1 $1865 $1480 $1522 #
DXID-attrib $-1 -1 $-1 $-1 $1481 @18 ASM_EDGE_FROM_STEP @4 3315 #
straight-curve $-1 -1 $-1 146.5 -119 0 -1 0 0 F 0 F 50.99999999999999289 #
point $-1 -1 $-1 95.5 -119 0 #
point $-1 -1 $-1 146.5 -119 0 #
DXID-attrib $-1 -1 $-1 $1488 $1269 @18 ASM_FACE_FROM_STEP @8 pcb-3285 #
DXID-attrib $-1 -1 $-1 $1491 $1274 @18 ASM_FACE_FROM_STEP @7 pcb-204 #
loop $-1 -1 $-1 $-1 $1698 $1274 #
coedge $-1 -1 $-1 $1696 $1696 $1866 $1867 reversed $1492 $-1 #
coedge $-1 -1 $-1 $1697 $1697 $1782 $1868 reversed $1494 $-1 #
coedge $-1 -1 $-1 $1698 $1698 $1496 $1699 reversed $1695 $-1 #
edge $1869 -1 $-1 $1870 0 $1870 6.283185307179586232 $1496 $1871 forward @7 unknown #
DXID-attrib $-1 -1 $-1 $-1 $1497 @18 ASM_EDGE_FROM_STEP @3 141 #
vertex $-1 -1 $-1 $1497 $1872 #
ellipse-curve $-1 -1 $-1 109.5000000000000142 -73.5 4.595000000000000639 1 0 0 0 0 -0.4000000000000000777 1 I I #
point $-1 -1 $-1 113.75 -70.79999999999999716 4.595000000000000639 #
DXID-attrib $-1 -1 $-1 $-1 $1503 @10 ASM ENTITY @36 ae4778b2-030a-4b39-9561-14cd27e08cb1 #
face $1873 -1 $-1 $1269 $1874 $4 $-1 $534 reversed single #
loop $-1 -1 $-1 $1875 $1876 $1503 #
coedge $-1 -1 $-1 $1707 $1707 $1877 $1878 reversed $1504 $-1 #
coedge $-1 -1 $-1 $1708 $1708 $1879 $1880 reversed $1505 $-1 #
coedge $-1 -1 $-1 $1709 $1709 $1506 $1710 forward $1881 $-1 #
edge $-1 -1 $-1 $1882 -3.141592653589793116 $1882 3.141592653589793116 $1709 $1883 forward @7 unknown #
loop $-1 -1 $-1 $-1 $1507 $1884 #
vertex $-1 -1 $-1 $1508 $1885 #
ellipse-curve $-1 -1 $-1 107.8400000000000034 -73.5 0.4178461295054962665 0 0 1 0 -0.5999999999999999778 0 1 I I #
coedge $-1 -1 $-1 $1714 $1714 $1511 $1715 forward $1510 $-1 #
edge $1886 -1 $-1 $1887 0 $1887 6.283185307179586232 $1511 $1888 forward @7 unknown #
DXID-attrib $-1 -1 $-1 $-1 $1512 @18 ASM_EDGE_FROM_STEP @3 315 #
vertex $-1 -1 $-1 $1512 $1889 #
ellipse-curve $-1 -1 $-1 126.5 -73.5 4.595000000000000639 1 0 0 0 1.500000000000000222 0 1 I I #
coedge $-1 -1 $-1 $1719 $1719 $1513 $1720 forward $1890 $-1 #
edge $-1 -1 $-1 $1891 -3.141592653589793116 $1891 3.141592653589793116 $1719 $1892 forward @7 unknown #
loop $-1 -1 $-1 $-1 $1514 $1893 #
vertex $-1 -1 $-1 $1515 $1894 #
ellipse-curve $-1 -1 $-1 118.7700000000000102 -57.5 0.4178461295054962665 0 0 1 0 -0.4500000000000000666 0 1 I I #
face $1895 -1 $-1 $1519 $1896 $4 $-1 $224 reversed single #
point $-1 -1 $-1 128.1599999999999966 -72.90000000000000568 0.4178461295054962665 #
rgb_color-st-attrib $-1 -1 $1897 $-1 $1519 0.313725490196078427 0.4862745098039215619 0.4117647058823529216 #
loop $-1 -1 $-1 $1301 $1898 $1519 #
DXID-attrib $-1 -1 $-1 $1521 $1304 @18 ASM_FACE_FROM_STEP @8 pcb-3806 #
rgb_color-st-attrib $-1 -1 $1899 $-1 $1522 0.313725490196078427 0.4862745098039215619 0.4117647058823529216 #
plane-surface $-1 -1 $-1 0 0 0 0 0 1 1 0 0 forward_v I I I I #
coedge $-1 -1 $-1 $1731 $1731 $1900 $1901 forward $1523 $-1 #
coedge $-1 -1 $-1 $1525 $1524 $1902 $1903 reversed $1526 $-1 #
face $1904 -1 $-1 $1905 $1526 $4 $-1 $1906 forward single #
coedge $-1 -1 $-1 $1536 $1902 $1528 $1735 forward $1562 $-1 #
edge $1907 -1 $-1 $1737 -1.925000000000000044 $1542 -1.425000000000000044 $1734 $1908 forward @7 unknown #
DXID-attrib $-1 -1 $-1 $-1 $1529 @18 ASM_EDGE_FROM_STEP @4 1204 #
vertex $-1 -1 $-1 $1735 $1909 #
straight-curve $-1 -1 $-1 118.7400000000000091 -106.75 2.794999999999999929 -0 -0 -1 F 1.199999999999999956 F 4.700000000000000178 #
rgb_color-st-attrib $-1 -1 $1910 $-1 $1530 0.8235294117647058432 0.8196078431372548767 0.7803921568627451011 #
face $1911 -1 $-1 $1733 $1912 $4 $-1 $1906 forward single #
plane-surface $-1 -1 $-1 118.7400000000000091 -106.75 2.794999999999999929 -1 0 0 0 -1 0 forward_v I I I I #
coedge $-1 -1 $-1 $1902 $1536 $1532 $1743 forward $1562 $-1 #
edge $1913 -1 $-1 $1539 1.675000000000000044 $1745 2.174999999999999822 $1742 $1914 forward @7 unknown #
DXID-attrib $-1 -1 $-1 $-1 $1533 @18 ASM_EDGE_FROM_STEP @4 1180 #
vertex $-1 -1 $-1 $1903 $1915 #
straight-curve $-1 -1 $-1 119.6400000000000006 -106.75 2.794999999999999929 -0 -0 -1 F 1.199999999999999956 F 4.700000000000000178 #
rgb_color-st-attrib $-1 -1 $1916 $-1 $1534 0.8235294117647058432 0.8196078431372548767 0.7803921568627451011 #
face $1917 -1 $-1 $1918 $1919 $4 $-1 $1920 reversed single #
plane-surface $-1 -1 $-1 119.6400000000000006 -107.2500000000000142 2.794999999999999929 1 0 0 0 1 0 forward_v I I I I #
DXID-attrib $-1 -1 $-1 $-1 $1537 @18 ASM_EDGE_FROM_STEP @3 603 #
straight-curve $-1 -1 $-1 118.0125000000000171 -107.2500000000000142 1.594999999999999973 1 0 0 F 0.7275000000000000355 F 1.627499999999999947 #
point $-1 -1 $-1 119.6400000000000006 -107.2500000000000142 1.594999999999999973 #
point $-1 -1 $-1 118.7400000000000091 -107.2500000000000142 1.594999999999999973 #
DXID-attrib $-1 -1 $-1 $1544 $1321 @18 ASM_FACE_FROM_STEP @20 pcb-1135-dup-dxid-92 #
loop $-1 -1 $-1 $-1 $1546 $1921 #
DXID-attrib $-1 -1 $-1 $-1 $1547 @18 ASM_EDGE_FROM_STEP @3 239 #
vertex $-1 -1 $-1 $1547 $1922 #
ellipse-curve $-1 -1 $-1 107.8400000000000034 -93.5 3.395000000000000462 0 0 1 0.4000000000000000777 0 0 1 I I #
DXID-attrib $-1 -1 $-1 $1549 $1326 @18 ASM_FACE_FROM_STEP @20 pcb-300-dup-dxid-164 #
rgb_color-st-attrib $-1 -1 $1923 $-1 $1550 0.8235294117647058432 0.8196078431372548767 0.7803921568627451011 #
face $1924 -1 $-1 $1925 $1926 $4 $-1 $1927 reversed single #
loop $-1 -1 $-1 $-1 $1928 $1550 #
plane-surface $-1 -1 $-1 108.2399999999999949 -93.5 -1.405000000000000471 0 0 -1 -1 0 0 forward_v I I I I #
loop $-1 -1 $-1 $-1 $1929 $1326 #
coedge $-1 -1 $-1 $1765 $1765 $1930 $1931 forward $1551 $-1 #
DXID-attrib $-1 -1 $-1 $-1 $1554 @18 ASM_EDGE_FROM_STEP @3 587 #
straight-curve $-1 -1 $-1 120.3674999999999926 -106.75 1.594999999999999973 -1 0 0 F -3.082499999999999574 F -2.182499999999999662 #
rgb_color-st-attrib $-1 -1 $1932 $-1 $1563 0.3411764705882353033 0.6784313725490196401 0.4431372549019607643 #
face $1933 -1 $-1 $1934 $1935 $4 $-1 $1936 reversed single #
loop $-1 -1 $-1 $1341 $1937 $1563 #
plane-surface $-1 -1 $-1 117.2849999999999966 -110.6000000000000085 1.594999999999999973 0 0 1 0 1 0 forward_v I I I I #
coedge $-1 -1 $-1 $1772 $1772 $1938 $1939 forward $1565 $-1 #
rgb_color-st-attrib $-1 -1 $1940 $-1 $1566 0.8235294117647058432 0.8196078431372548767 0.7803921568627451011 #
torus-surface $-1 -1 $-1 126.960000000000008 -93.5 3.395000000000000462 0 1 0 1.199999999999999956 0.4000000000000000777 2.960594732334000186e-15 0 1 forward_v I I I I #
loop $-1 -1 $-1 $1941 $1569 $1942 #
DXID-attrib $-1 -1 $-1 $-1 $1570 @18 ASM_EDGE_FROM_STEP @3 418 #
vertex $-1 -1 $-1 $1570 $1943 #
ellipse-curve $-1 -1 $-1 128.1599999999999966 -93.5 -1.405000000000000471 0 0 -1 -0.4000000000000000777 0 0 1 I I #
DXID-attrib $-1 -1 $-1 $1571 $1358 @18 ASM_FACE_FROM_STEP @7 pcb-224 #
rgb_color-st-attrib $-1 -1 $1944 $-1 $1572 0.8823529411764705621 0.7098039215686274828 0.4901960784313725283 #
cone-surface $-1 -1 $-1 122.2500000000000142 -73.5 4.595000000000000639 -1 -0 -0 0 3.000000000000000444 0 1 I I 0 1 3.000000000000000444 forward I I I I #
coedge $-1 -1 $-1 $1782 $1782 $1697 $1868 forward $1573 $-1 #
loop $-1 -1 $-1 $-1 $1866 $1572 #
point $-1 -1 $-1 125 -70.5 4.595000000000000639 #
straight-curve $-1 -1 $-1 116.4300000000000068 -70.65000000000000568 0.4178461295054961 0 -10 0 I I #
DXID-attrib $-1 -1 $-1 $-1 $1584 @18 ASM_EDGE_FROM_STEP @4 3043 #
point $-1 -1 $-1 116.4300000000000068 -57.30000000000000426 0.4178461295054963776 #
DXID-attrib $-1 -1 $-1 $-1 $1589 @18 ASM_EDGE_FROM_STEP @4 3179 #
vertex $-1 -1 $-1 $1805 $1945 #
DXID-attrib $-1 -1 $-1 $-1 $1590 @18 ASM_EDGE_FROM_STEP @4 3155 #
point $-1 -1 $-1 118.9700000000000273 -57.30000000000000426 0.4178461295054963776 #
point $-1 -1 $-1 118.9700000000000273 -57.69999999999999574 0.4178461295054963776 #
DXID-attrib $-1 -1 $-1 $1595 $1375 @18 ASM_FACE_FROM_STEP @21 pcb-2865-dup-dxid-209 #
rgb_color-st-attrib $-1 -1 $1946 $-1 $1596 0.6980392156862744724 0.09803921568627450844 0.05098039215686274439 #
face $1947 -1 $-1 $768 $1816 $4 $-1 $1948 forward single #
cone-surface $-1 -1 $-1 117.5000000000000142 -57.5 4.595000000000000639 -0 -0 -1 1.899999999999999911 0 0 1 I I 0 1 1.899999999999999911 forward I I I I #
coedge $-1 -1 $-1 $1949 $1950 $1798 $1951 forward $1597 $-1 #
coedge $-1 -1 $-1 $1798 $1798 $1797 $1951 reversed $1599 $-1 #
DXID-attrib $-1 -1 $-1 $-1 $1601 @18 ASM_EDGE_FROM_STEP @4 2809 #
vertex $-1 -1 $-1 $1601 $1952 #
ellipse-curve $-1 -1 $-1 117.5000000000000142 -57.5 8.394999999999999574 0 2.220446049250000002e-16 -1 1.500000000000000222 0 0 1 I I #
DXID-attrib $-1 -1 $-1 $-1 $1603 @18 ASM_EDGE_FROM_STEP @4 3219 #
straight-curve $-1 -1 $-1 118.5700000000000074 -57.69999999999999574 -0.9050000000000000266 0 1 0 F 0 F 0.4000000000000000777 #
point $-1 -1 $-1 118.5700000000000074 -57.30000000000000426 -0.9050000000000000266 #
edge $1953 -1 $-1 $1789 0 $1608 0.4000000000000003553 $1606 $1954 forward @7 unknown #
point $-1 -1 $-1 118.5700000000000074 -57.69999999999999574 -0.9050000000000000266 #
straight-curve $-1 -1 $-1 119.9850000000004684 -57.69999999999999574 0.4178461295054961 -10 0 0 I I #
DXID-attrib $-1 -1 $-1 $-1 $1613 @18 ASM_EDGE_FROM_STEP @4 3171 #
straight-curve $-1 -1 $-1 118.9700000000000273 -57.30000000000000426 -0.9050000000000000266 0 -1 0 F 0 F 0.4000000000000000777 #
point $-1 -1 $-1 118.9700000000000273 -57.30000000000000426 -0.9050000000000000266 #
DXID-attrib $-1 -1 $-1 $-1 $1617 @18 ASM_EDGE_FROM_STEP @4 3075 #
straight-curve $-1 -1 $-1 116.4300000000000068 -57.69999999999999574 -0.9050000000000000266 -1 0 0 F 0 F 0.4000000000000000777 #
point $-1 -1 $-1 116.4300000000000068 -57.69999999999999574 -0.9050000000000000266 #
coedge $-1 -1 $-1 $1955 $1625 $1628 $1821 forward $1816 $-1 #
coedge $-1 -1 $-1 $1625 $1956 $1627 $1820 reversed $1816 $-1 #
loop $-1 -1 $-1 $-1 $1956 $1795 #
DXID-attrib $-1 -1 $-1 $-1 $1626 @18 ASM_EDGE_FROM_STEP @4 2950 #
straight-curve $-1 -1 $-1 116.0000000000000142 -58.66619037897000055 4.595000000000000639 0 1 0 F 0 F 2.332380757940000215 #
coedge $-1 -1 $-1 $1628 $1627 $1957 $1958 reversed $1629 $-1 #
edge $1959 -1 $-1 $1632 0 $1960 0.999999999999999778 $1627 $1961 forward @7 unknown #
edge $1962 -1 $-1 $1631 0 $1963 0.999999999999999778 $1628 $1964 forward @7 unknown #
point $-1 -1 $-1 116.0000000000000142 -58.66619037897000055 4.595000000000000639 #
point $-1 -1 $-1 116.0000000000000142 -56.33380962102999945 4.595000000000000639 #
DXID-attrib $-1 -1 $-1 $1636 $1411 @18 ASM_FACE_FROM_STEP @8 pcb-1039 #
rgb_color-st-attrib $-1 -1 $1965 $-1 $1637 0.8235294117647058432 0.8196078431372548767 0.7803921568627451011 #
loop $-1 -1 $-1 $-1 $1966 $1637 #
coedge $-1 -1 $-1 $1828 $1638 $1650 $1836 forward $1412 $-1 #
coedge $-1 -1 $-1 $1639 $1827 $1832 $1967 forward $1412 $-1 #
DXID-attrib $-1 -1 $-1 $-1 $1640 @18 ASM_EDGE_FROM_STEP @4 1084 #
vertex $-1 -1 $-1 $1640 $1968 #
point $-1 -1 $-1 123.4500000000000028 -106.75 0.4178461295054963776 #
coedge $-1 -1 $-1 $1644 $1643 $1828 $1967 reversed $1645 $-1 #
face $1969 -1 $-1 $1970 $1645 $4 $-1 $1971 reversed single #
DXID-attrib $-1 -1 $-1 $-1 $1648 @18 ASM_EDGE_FROM_STEP @4 1100 #
straight-curve $-1 -1 $-1 123.4500000000000028 -106.75 -1.905000000000000249 -1 0 0 F 0 F 0.8999999999999996891 #
edge $1972 -1 $-1 $1654 2.377153870494502996 $1838 4.700000000000000178 $1650 $1113 forward @7 unknown #
DXID-attrib $-1 -1 $-1 $-1 $1651 @18 ASM_EDGE_FROM_STEP @4 1052 #
vertex $-1 -1 $-1 $1836 $1973 #
straight-curve $-1 -1 $-1 122.5500000000000114 -107.2500000000000142 -1.905000000000000249 1 0 0 F 0 F 0.8999999999999996891 #
straight-curve $-1 -1 $-1 123.4500000000000028 -95.625 0.4178461295054963776 0 -10 0 I I #
point $-1 -1 $-1 123.4500000000000028 -107.2500000000000142 0.4178461295054963776 #
DXID-attrib $-1 -1 $-1 $-1 $1657 @18 ASM_EDGE_FROM_STEP @4 2880 #
straight-curve $-1 -1 $-1 132.2300000000000182 -75.16619037897000055 5.594999999999999751 0 1 0 F 0 F 1.166190378969998998 #
DXID-attrib $-1 -1 $-1 $-1 $1658 @18 ASM_EDGE_FROM_STEP @4 2894 #
straight-curve $-1 -1 $-1 132.2300000000000182 -75.16619037897000055 5.594999999999999751 0 1 0 F 1.166190378969998998 F 2.332380757940000215 #
DXID-attrib $-1 -1 $-1 $1659 $1440 @18 ASM_EDGE_FROM_STEP @4 2834 #
point $-1 -1 $-1 132.2300000000000182 -74 5.594999999999999751 #
DXID-attrib $-1 -1 $-1 $-1 $1662 @18 ASM_EDGE_FROM_STEP @4 3059 #
point $-1 -1 $-1 116.4300000000000068 -57.69999999999999574 0.4178461295054963776 #
coedge $-1 -1 $-1 $1673 $1681 $1671 $1851 forward $1688 $-1 #
edge $1974 -1 $-1 $1684 0 $1676 50.99999999999999289 $1850 $1975 forward @7 unknown #
rgb_color-st-attrib $-1 -1 $1976 $-1 $1672 0.313725490196078427 0.4862745098039215619 0.4117647058823529216 #
plane-surface $-1 -1 $-1 95.5 -49 0 0 1 0 1 0 0 forward_v I I I I #
DXID-attrib $-1 -1 $-1 $-1 $1674 @18 ASM_EDGE_FROM_STEP @4 3346 #
straight-curve $-1 -1 $-1 146.5 -49 0 0 -1 0 F 0 F 70 #
point $-1 -1 $-1 146.5 -49 0 #
DXID-attrib $-1 -1 $-1 $1678 $1474 @18 ASM_FACE_FROM_STEP @8 pcb-3325 #
rgb_color-st-attrib $-1 -1 $1977 $-1 $1679 0.313725490196078427 0.4862745098039215619 0.4117647058823529216 #
face $1978 -1 $-1 $1979 $1980 $4 $-1 $832 reversed single #
loop $-1 -1 $-1 $1981 $1982 $1679 #
DXID-attrib $-1 -1 $-1 $-1 $1682 @18 ASM_EDGE_FROM_STEP @4 3377 #
straight-curve $-1 -1 $-1 95.5 -119 0 0 1 0 F 0 F 70 #
point $-1 -1 $-1 95.5 -49 0 #
DXID-attrib $-1 -1 $-1 $1686 $1478 @18 ASM_FACE_FROM_STEP @8 pcb-3356 #
loop $-1 -1 $-1 $1983 $1984 $1522 #
coedge $-1 -1 $-1 $1866 $1866 $1696 $1867 forward $1783 $-1 #
edge $1985 -1 $-1 $1986 0 $1986 6.283185307179586232 $1696 $1987 forward @7 unknown #
edge $1988 -1 $-1 $1989 -3.141592653589793116 $1989 3.141592653589793116 $1697 $1990 forward @14 tangent_not_g2 #
DXID-attrib $-1 -1 $-1 $-1 $1699 @18 ASM_EDGE_FROM_STEP @3 158 #
vertex $-1 -1 $-1 $1699 $1991 #
ellipse-curve $-1 -1 $-1 122.2500000000000142 -73.5 4.595000000000000639 -1 0 0 0 2.700000000000000178 0 1 I I #
point $-1 -1 $-1 109.5000000000000142 -73.5 4.195000000000000284 #
DXID-attrib $-1 -1 $-1 $-1 $1705 @10 ASM ENTITY @36 56f8a198-73ab-4f05-9daa-5e9a0ad3d66f #
loop $-1 -1 $-1 $1992 $1993 $1705 #
loop $-1 -1 $-1 $-1 $1994 $1503 #
coedge $-1 -1 $-1 $1876 $1876 $1995 $1996 reversed $1706 $-1 #
coedge $-1 -1 $-1 $1877 $1877 $1707 $1878 forward $1997 $-1 #
edge $-1 -1 $-1 $1998 -3.141592653589793116 $1998 3.141592653589793116 $1877 $1999 forward @7 unknown #
coedge $-1 -1 $-1 $1879 $1879 $1708 $1880 forward $1941 $-1 #
edge $-1 -1 $-1 $2000 -3.141592653589793116 $2000 3.141592653589793116 $1879 $2001 forward @7 unknown #
loop $-1 -1 $-1 $-1 $1709 $2002 #
vertex $-1 -1 $-1 $1710 $2003 #
ellipse-curve $-1 -1 $-1 128.1599999999999966 -93.5 0.4178461295054962665 0 0 1 0 -0.5999999999999999778 0 1 I I #
face $2004 -1 $-1 $2005 $2006 $4 $-1 $558 reversed single #
point $-1 -1 $-1 107.8400000000000034 -72.90000000000000568 0.4178461295054962665 #
DXID-attrib $-1 -1 $-1 $-1 $1715 @18 ASM_EDGE_FROM_STEP @3 342 #
vertex $-1 -1 $-1 $1715 $2007 #
ellipse-curve $-1 -1 $-1 126.5 -73.5 4.595000000000000639 1 0 0 0 0 -0.4000000000000000777 1 I I #
point $-1 -1 $-1 126.5 -72 4.595000000000000639 #
loop $-1 -1 $-1 $-1 $1719 $2005 #
vertex $-1 -1 $-1 $1720 $2008 #
ellipse-curve $-1 -1 $-1 116.2300000000000182 -57.5 0.4178461295054962665 0 0 1 0 -0.4500000000000000666 0 1 I I #
face $2009 -1 $-1 $1724 $2010 $4 $-1 $332 reversed single #
point $-1 -1 $-1 118.7700000000000102 -57.04999999999999716 0.4178461295054962665 #
rgb_color-st-attrib $-1 -1 $2011 $-1 $1724 0.313725490196078427 0.4862745098039215619 0.4117647058823529216 #
loop $-1 -1 $-1 $1516 $2012 $1724 #
DXID-attrib $-1 -1 $-1 $1726 $1519 @18 ASM_FACE_FROM_STEP @8 pcb-3789 #
coedge $-1 -1 $-1 $1898 $1898 $2013 $2014 forward $1727 $-1 #
DXID-attrib $-1 -1 $-1 $1729 $1522 @18 ASM_FACE_FROM_STEP @8 pcb-3387 #
coedge $-1 -1 $-1 $1900 $1900 $1731 $1901 reversed $2015 $-1 #
edge $2016 -1 $-1 $2017 0 $2017 6.283185307179586232 $1900 $2018 forward @7 unknown #
coedge $-1 -1 $-1 $1734 $1742 $1732 $1903 forward $1562 $-1 #
edge $2019 -1 $-1 $1745 -1.177500000000000213 $1737 -0.2775000000000000244 $1902 $2020 forward @7 unknown #
rgb_color-st-attrib $-1 -1 $2021 $-1 $1733 0.8235294117647058432 0.8196078431372548767 0.7803921568627451011 #
face $2022 -1 $-1 $2023 $2024 $4 $-1 $1749 forward single #
plane-surface $-1 -1 $-1 119.6400000000000006 -106.75 2.794999999999999929 0 1 0 -1 0 0 forward_v I I I I #
DXID-attrib $-1 -1 $-1 $-1 $1735 @18 ASM_EDGE_FROM_STEP @3 613 #
straight-curve $-1 -1 $-1 118.7400000000000091 -108.6750000000000114 1.594999999999999973 0 -1 0 F -1.925000000000000044 F -1.425000000000000044 #
point $-1 -1 $-1 118.7400000000000091 -106.75 1.594999999999999973 #
DXID-attrib $-1 -1 $-1 $1739 $1530 @18 ASM_FACE_FROM_STEP @20 pcb-1214-dup-dxid-72 #
rgb_color-st-attrib $-1 -1 $2025 $-1 $1740 0.8235294117647058432 0.8196078431372548767 0.7803921568627451011 #
loop $-1 -1 $-1 $-1 $2026 $1740 #
DXID-attrib $-1 -1 $-1 $-1 $1743 @18 ASM_EDGE_FROM_STEP @3 629 #
straight-curve $-1 -1 $-1 119.6400000000000006 -108.9250000000000114 1.594999999999999973 0 1 0 F 1.675000000000000044 F 2.174999999999999822 #
point $-1 -1 $-1 119.6400000000000006 -106.75 1.594999999999999973 #
DXID-attrib $-1 -1 $-1 $1747 $1534 @18 ASM_FACE_FROM_STEP @20 pcb-1166-dup-dxid-93 #
rgb_color-st-attrib $-1 -1 $2027 $-1 $1748 0.3411764705882353033 0.6784313725490196401 0.4431372549019607643 #
face $2028 -1 $-1 $2029 $2030 $4 $-1 $2031 reversed single #
loop $-1 -1 $-1 $-1 $2032 $1748 #
plane-surface $-1 -1 $-1 117.2849999999999966 -109.8600000000000136 6.695000000000000284 0 0 -1 0 -1 0 forward_v I I I I #
face $2033 -1 $-1 $2034 $2035 $4 $-1 $2036 forward single #
point $-1 -1 $-1 108.2399999999999949 -93.5 3.395000000000000462 #
DXID-attrib $-1 -1 $-1 $1760 $1550 @18 ASM_FACE_FROM_STEP @20 pcb-326-dup-dxid-165 #
rgb_color-st-attrib $-1 -1 $2037 $-1 $1761 0.8823529411764705621 0.7098039215686274828 0.4901960784313725283 #
face $2038 -1 $-1 $1566 $2039 $4 $-1 $2040 forward single #
loop $-1 -1 $-1 $2041 $2042 $1761 #
plane-surface $-1 -1 $-1 126.5 -90.49999999999998579 4.595000000000000639 -1 0 0 0 0 -1 forward_v I I I I #
coedge $-1 -1 $-1 $1928 $1928 $2043 $2044 reversed $1762 $-1 #
coedge $-1 -1 $-1 $1929 $1929 $2042 $2045 reversed $1764 $-1 #
coedge $-1 -1 $-1 $1930 $1930 $1765 $1931 reversed $2046 $-1 #
edge $2047 -1 $-1 $2048 0 $2048 6.283185307179586232 $1930 $2049 forward @14 tangent_not_g2 #
DXID-attrib $-1 -1 $-1 $1768 $1563 @18 ASM_FACE_FROM_STEP @7 pcb-461 #
rgb_color-st-attrib $-1 -1 $2050 $-1 $1769 0.3411764705882353033 0.6784313725490196401 0.4431372549019607643 #
face $2051 -1 $-1 $2052 $2053 $4 $-1 $2054 reversed single #
loop $-1 -1 $-1 $-1 $2055 $1769 #
plane-surface $-1 -1 $-1 117.2849999999999966 -106.9500000000000028 5.845000000000000639 1 0 0 0 0 1 forward_v I I I I #
coedge $-1 -1 $-1 $2056 $2057 $2058 $2059 forward $1770 $-1 #
coedge $-1 -1 $-1 $1938 $1938 $1772 $1939 reversed $2039 $-1 #
edge $2060 -1 $-1 $2061 0 $2061 6.283185307179586232 $1938 $2062 forward @14 tangent_not_g2 #
DXID-attrib $-1 -1 $-1 $1773 $1566 @18 ASM_FACE_FROM_STEP @20 pcb-380-dup-dxid-168 #
loop $-1 -1 $-1 $-1 $1879 $1942 #
face $2063 -1 $-1 $2064 $1775 $4 $-1 $901 forward single #
point $-1 -1 $-1 127.7600000000000193 -93.5 -1.405000000000000471 #
DXID-attrib $-1 -1 $-1 $1780 $1572 @18 ASM_FACE_FROM_STEP @7 pcb-250 #
point $-1 -1 $-1 118.9700000000000273 -57.69999999999999574 -0.9050000000000000266 #
DXID-attrib $-1 -1 $-1 $1794 $1596 @18 ASM_FACE_FROM_STEP @21 pcb-2909-dup-dxid-210 #
rgb_color-st-attrib $-1 -1 $2065 $-1 $1795 0.6980392156862744724 0.09803921568627450844 0.05098039215686274439 #
plane-surface $-1 -1 $-1 116.0000000000000142 -58.66619037897000055 4.595000000000000639 -1 0 0 0 1 0 forward_v I I I I #
coedge $-1 -1 $-1 $1957 $1797 $1955 $2066 reversed $1597 $-1 #
coedge $-1 -1 $-1 $1797 $1957 $1956 $2067 reversed $1597 $-1 #
edge $2068 -1 $-1 $2069 -3.141592653589793116 $2069 3.141592653589793116 $1798 $2070 forward @7 unknown #
point $-1 -1 $-1 119 -57.5 8.394999999999999574 #
DXID-attrib $-1 -1 $-1 $-1 $1805 @18 ASM_EDGE_FROM_STEP @4 3195 #
straight-curve $-1 -1 $-1 118.9700000000000273 -57.69999999999999574 -0.9050000000000000266 -1 0 0 F 0 F 0.4000000000000003553 #
coedge $-1 -1 $-1 $1956 $1814 $1949 $2066 forward $1816 $-1 #
coedge $-1 -1 $-1 $1815 $1955 $1950 $2067 forward $1816 $-1 #
coedge $-1 -1 $-1 $1950 $1949 $1819 $1958 forward $1597 $-1 #
edge $2071 -1 $-1 $1963 -2.480747357766436068 $1960 2.480747357766436068 $1957 $2072 forward @7 unknown #
DXID-attrib $-1 -1 $-1 $-1 $1820 @18 ASM_EDGE_FROM_STEP @4 2924 #
vertex $-1 -1 $-1 $1958 $2073 #
straight-curve $-1 -1 $-1 116.0000000000000142 -56.33380962102999945 4.595000000000000639 0 0 1 F 0 F 0.999999999999999778 #
DXID-attrib $-1 -1 $-1 $-1 $1821 @18 ASM_EDGE_FROM_STEP @4 2931 #
vertex $-1 -1 $-1 $2066 $2074 #
straight-curve $-1 -1 $-1 116.0000000000000142 -58.66619037897000055 4.595000000000000639 0 0 1 F 0 F 0.999999999999999778 #
DXID-attrib $-1 -1 $-1 $1825 $1637 @18 ASM_FACE_FROM_STEP @8 pcb-1214 #
coedge $-1 -1 $-1 $2075 $2076 $2077 $2078 forward $1826 $-1 #
edge $2079 -1 $-1 $1838 0 $1830 0.5 $1828 $2080 forward @7 unknown #
point $-1 -1 $-1 123.4500000000000028 -106.75 -1.905000000000000249 #
rgb_color-st-attrib $-1 -1 $2081 $-1 $1833 0.8235294117647058432 0.8196078431372548767 0.7803921568627451011 #
face $2082 -1 $-1 $2083 $2084 $4 $-1 $2085 reversed single #
plane-surface $-1 -1 $-1 123 -107.0000000000000142 -1.905000000000000249 0 0 1 1 0 0 forward_v I I I I #
DXID-attrib $-1 -1 $-1 $-1 $1836 @18 ASM_EDGE_FROM_STEP @4 1060 #
point $-1 -1 $-1 123.4500000000000028 -107.2500000000000142 -1.905000000000000249 #
DXID-attrib $-1 -1 $-1 $-1 $1851 @18 ASM_EDGE_FROM_STEP @4 3393 #
straight-curve $-1 -1 $-1 95.5 -49 0 1 0 0 F 0 F 50.99999999999999289 #
DXID-attrib $-1 -1 $-1 $1852 $1672 @18 ASM_FACE_FROM_STEP @8 pcb-3641 #
DXID-attrib $-1 -1 $-1 $1858 $1679 @18 ASM_FACE_FROM_STEP @8 pcb-3653 #
rgb_color-st-attrib $-1 -1 $2086 $-1 $1859 0.313725490196078427 0.4862745098039215619 0.4117647058823529216 #
face $2087 -1 $-1 $2002 $2088 $4 $-1 $897 reversed single #
loop $-1 -1 $-1 $2089 $2090 $1859 #
loop $-1 -1 $-1 $-1 $2091 $1679 #
coedge $-1 -1 $-1 $1982 $1982 $1984 $2092 forward $1860 $-1 #
loop $-1 -1 $-1 $2093 $2094 $1522 #
coedge $-1 -1 $-1 $1984 $1984 $1982 $2092 reversed $1865 $-1 #
DXID-attrib $-1 -1 $-1 $-1 $1867 @18 ASM_EDGE_FROM_STEP @3 208 #
vertex $-1 -1 $-1 $1867 $2095 #
ellipse-curve $-1 -1 $-1 122.2500000000000142 -73.5 4.595000000000000639 1 0 0 0 3.000000000000000444 0 1 I I #
DXID-attrib $-1 -1 $-1 $-1 $1868 @18 ASM_EDGE_FROM_STEP @3 183 #
vertex $-1 -1 $-1 $1868 $2096 #
ellipse-curve $-1 -1 $-1 109.039999999999992 -73.5 4.595000000000000639 -1 0 -4.313066814990999959e-16 -1.725226725996400378e-16 0 0.4000000000000000777 1 I I #
point $-1 -1 $-1 122.2500000000000142 -70.79999999999999716 4.595000000000000639 #
loop $-1 -1 $-1 $-1 $2097 $1705 #
coedge $-1 -1 $-1 $1993 $1993 $2091 $2098 reversed $1874 $-1 #
coedge $-1 -1 $-1 $1994 $1994 $2099 $2100 reversed $1875 $-1 #
coedge $-1 -1 $-1 $1995 $1995 $1876 $1996 forward $2089 $-1 #
edge $-1 -1 $-1 $2101 -3.141592653589793116 $2101 3.141592653589793116 $1995 $2102 forward @7 unknown #
loop $-1 -1 $-1 $-1 $1877 $1979 #
vertex $-1 -1 $-1 $1878 $2103 #
ellipse-curve $-1 -1 $-1 123 -107.0000000000000142 0.4178461295054962665 0 0 1 0 -0.5500000000000000444 0 1 I I #
vertex $-1 -1 $-1 $1880 $2104 #
ellipse-curve $-1 -1 $-1 128.1599999999999966 -93.5 0.4178461295054963776 -0 -0 -1 -0.4000000000000000777 0 0 1 I I #
face $2105 -1 $-1 $1884 $2106 $4 $-1 $715 reversed single #
point $-1 -1 $-1 128.1599999999999966 -92.89999999999999147 0.4178461295054962665 #
rgb_color-st-attrib $-1 -1 $2107 $-1 $1884 0.313725490196078427 0.4862745098039215619 0.4117647058823529216 #
face $2108 -1 $-1 $1893 $2109 $4 $-1 $438 reversed single #
loop $-1 -1 $-1 $1711 $2110 $1884 #
point $-1 -1 $-1 126.5 -73.5 4.195000000000000284 #
point $-1 -1 $-1 116.2300000000000182 -57.04999999999999716 0.4178461295054962665 #
rgb_color-st-attrib $-1 -1 $2111 $-1 $1893 0.313725490196078427 0.4862745098039215619 0.4117647058823529216 #
loop $-1 -1 $-1 $1721 $2112 $1893 #
DXID-attrib $-1 -1 $-1 $1895 $1724 @18 ASM_FACE_FROM_STEP @8 pcb-3772 #
coedge $-1 -1 $-1 $2012 $2012 $2113 $2114 forward $1896 $-1 #
coedge $-1 -1 $-1 $2013 $2013 $1898 $2014 reversed $2115 $-1 #
edge $2116 -1 $-1 $2117 6.315935428978000907e-14 $2117 6.283185307179649293 $2013 $2118 forward @7 unknown #
loop $-1 -1 $-1 $-1 $1900 $1522 #
DXID-attrib $-1 -1 $-1 $-1 $1901 @18 ASM_EDGE_FROM_STEP @4 3501 #
vertex $-1 -1 $-1 $1901 $2119 #
ellipse-curve $-1 -1 $-1 135 -74 0 0 0 -1 0 -0.4500000000000000666 0 1 I I #
DXID-attrib $-1 -1 $-1 $-1 $1903 @18 ASM_EDGE_FROM_STEP @3 621 #
straight-curve $-1 -1 $-1 118.4625000000000057 -106.75 1.594999999999999973 -1 0 0 F -1.177500000000000213 F -0.2775000000000000244 #
DXID-attrib $-1 -1 $-1 $1904 $1733 @18 ASM_FACE_FROM_STEP @20 pcb-1190-dup-dxid-74 #
rgb_color-st-attrib $-1 -1 $2120 $-1 $1905 0.8235294117647058432 0.8196078431372548767 0.7803921568627451011 #
face $2121 -1 $-1 $1563 $2122 $4 $-1 $1545 forward single #
loop $-1 -1 $-1 $-1 $2123 $1905 #
DXID-attrib $-1 -1 $-1 $1911 $1740 @18 ASM_FACE_FROM_STEP @8 pcb-1190 #
coedge $-1 -1 $-1 $2124 $2125 $2126 $2127 forward $1912 $-1 #
DXID-attrib $-1 -1 $-1 $1917 $1748 @18 ASM_FACE_FROM_STEP @8 pcb-1231 #
rgb_color-st-attrib $-1 -1 $2128 $-1 $1918 0.3411764705882353033 0.6784313725490196401 0.4431372549019607643 #
face $2129 -1 $-1 $2130 $2131 $4 $-1 $2132 reversed single #
loop $-1 -1 $-1 $-1 $2133 $1918 #
plane-surface $-1 -1 $-1 117.2849999999999966 -108.960000000000008 10.09500000000000064 0 0.9667052278616138361 -0.2558925603158977991 0 -0.2558925603158977991 -0.9667052278616139471 forward_v I I I I #
coedge $-1 -1 $-1 $2134 $2135 $2055 $2136 forward $1919 $-1 #
rgb_color-st-attrib $-1 -1 $2137 $-1 $1921 0.8235294117647058432 0.8196078431372548767 0.7803921568627451011 #
face $2138 -1 $-1 $1095 $2046 $4 $-1 $2139 forward single #
loop $-1 -1 $-1 $1755 $2140 $1921 #
torus-surface $-1 -1 $-1 109.039999999999992 -93.5 3.395000000000000462 0 1 0 1.199999999999999956 0.4000000000000000777 -1 0 7.401486830833999598e-16 forward_v I I I I #
DXID-attrib $-1 -1 $-1 $1924 $1761 @18 ASM_FACE_FROM_STEP @20 pcb-335-dup-dxid-166 #
rgb_color-st-attrib $-1 -1 $2141 $-1 $1925 0.8235294117647058432 0.8196078431372548767 0.7803921568627451011 #
loop $-1 -1 $-1 $2142 $1938 $1925 #
cone-surface $-1 -1 $-1 109.039999999999992 -93.5 4.595000000000000639 1 0 0 0 0 -0.4000000000000000777 1 I I 0 1 0.4000000000000000777 forward I I I I #
loop $-1 -1 $-1 $-1 $2143 $1761 #
coedge $-1 -1 $-1 $2042 $2042 $1929 $2045 forward $1926 $-1 #
coedge $-1 -1 $-1 $2043 $2043 $1928 $2044 forward $2144 $-1 #
edge $2145 -1 $-1 $2146 -2.449293598294749802e-16 $2146 6.283185307179586232 $2043 $2147 forward @7 unknown #
edge $2148 -1 $-1 $2149 0 $2149 6.283185307179586232 $1929 $2150 forward @14 tangent_not_g2 #
loop $-1 -1 $-1 $2151 $1930 $2034 #
DXID-attrib $-1 -1 $-1 $-1 $1931 @18 ASM_EDGE_FROM_STEP @3 263 #
vertex $-1 -1 $-1 $1931 $2152 #
ellipse-curve $-1 -1 $-1 125 -93.5 4.595000000000000639 1 0 0 0 3.000000000000000444 0 1 I I #
DXID-attrib $-1 -1 $-1 $1933 $1769 @18 ASM_FACE_FROM_STEP @7 pcb-639 #
rgb_color-st-attrib $-1 -1 $2153 $-1 $1934 0.3411764705882353033 0.6784313725490196401 0.4431372549019607643 #
face $2154 -1 $-1 $2155 $2156 $4 $-1 $2157 reversed single #
loop $-1 -1 $-1 $-1 $2158 $1934 #
plane-surface $-1 -1 $-1 117.2849999999999966 -110.6000000000000085 10.09500000000000064 0 1 0 0 0 -1 forward_v I I I I #
coedge $-1 -1 $-1 $2159 $2160 $2032 $2136 reversed $1935 $-1 #
coedge $-1 -1 $-1 $2161 $1937 $2162 $2163 forward $1770 $-1 #
coedge $-1 -1 $-1 $1937 $2164 $2165 $2166 reversed $1770 $-1 #
coedge $-1 -1 $-1 $2160 $2167 $1937 $2059 reversed $1935 $-1 #
edge $2168 -1 $-1 $2169 0 $2170 7.300000000000000711 $1937 $2171 forward @7 unknown #
DXID-attrib $-1 -1 $-1 $-1 $1939 @18 ASM_EDGE_FROM_STEP @3 368 #
vertex $-1 -1 $-1 $1939 $2172 #
ellipse-curve $-1 -1 $-1 126.960000000000008 -93.5 4.595000000000000639 1 0 0 0 0 -0.4000000000000000777 1 I I #
rgb_color-st-attrib $-1 -1 $2173 $-1 $1942 0.8235294117647058432 0.8196078431372548767 0.7803921568627451011 #
face $2174 -1 $-1 $2175 $2176 $4 $-1 $2177 forward single #
DXID-attrib $-1 -1 $-1 $1947 $1795 @18 ASM_FACE_FROM_STEP @21 pcb-2941-dup-dxid-211 #
edge $2178 -1 $-1 $1963 0 $2069 1.166190378969998998 $1949 $2179 forward @7 unknown #
edge $2180 -1 $-1 $2069 1.166190378969998998 $1960 2.332380757940000215 $1950 $2181 forward @7 unknown #
DXID-attrib $-1 -1 $2182 $-1 $1951 @18 ASM_EDGE_FROM_STEP @4 2852 #
vertex $-1 -1 $-1 $1951 $2183 #
ellipse-curve $-1 -1 $-1 117.5000000000000142 -57.5 5.594999999999999751 0 2.220446049250000002e-16 -1 1.500000000000000222 0 0 1 I I #
DXID-attrib $-1 -1 $-1 $-1 $1958 @18 ASM_EDGE_FROM_STEP @4 2869 #
ellipse-curve $-1 -1 $-1 117.5000000000000142 -57.5 5.594999999999999751 0 0 1 1.899999999999999911 0 0 1 F -2.480747357766436068 F 2.480747357766436068 #
point $-1 -1 $-1 116.0000000000000142 -56.33380962102999945 5.594999999999999751 #
point $-1 -1 $-1 116.0000000000000142 -58.66619037897000055 5.594999999999999751 #
coedge $-1 -1 $-1 $2184 $1966 $2125 $2185 forward $1826 $-1 #
coedge $-1 -1 $-1 $1966 $2184 $2186 $2187 reversed $1826 $-1 #
coedge $-1 -1 $-1 $2097 $2126 $1966 $2078 reversed $1992 $-1 #
edge $-1 -1 $-1 $2188 -1.1875 $2189 -1.137499999999999289 $1966 $2190 forward @7 unknown #
DXID-attrib $-1 -1 $-1 $-1 $1967 @18 ASM_EDGE_FROM_STEP @4 1076 #
straight-curve $-1 -1 $-1 123.4500000000000028 -107.2500000000000142 -1.905000000000000249 0 1 0 F 0 F 0.5 #
DXID-attrib $-1 -1 $-1 $1969 $1833 @18 ASM_FACE_FROM_STEP @8 pcb-1524 #
rgb_color-st-attrib $-1 -1 $2191 $-1 $1970 0.8235294117647058432 0.8196078431372548767 0.7803921568627451011 #
face $2192 -1 $-1 $2193 $2194 $4 $-1 $2195 reversed single #
loop $-1 -1 $-1 $-1 $2196 $1970 #
plane-surface $-1 -1 $-1 119.1899999999999977 -107.0000000000000142 -1.905000000000000249 0 0 1 1 0 0 forward_v I I I I #
DXID-attrib $-1 -1 $-1 $1978 $1859 @18 ASM_FACE_FROM_STEP @8 pcb-3670 #
rgb_color-st-attrib $-1 -1 $2197 $-1 $1979 0.313725490196078427 0.4862745098039215619 0.4117647058823529216 #
loop $-1 -1 $-1 $1997 $2198 $1979 #
loop $-1 -1 $-1 $-1 $1995 $1859 #
coedge $-1 -1 $-1 $2090 $2090 $2094 $2199 forward $1980 $-1 #
coedge $-1 -1 $-1 $2091 $2091 $1993 $2098 forward $1981 $-1 #
edge $2200 -1 $-1 $2201 0 $2201 6.283185307179586232 $1984 $2202 forward @7 unknown #
loop $-1 -1 $-1 $2203 $2204 $1522 #
coedge $-1 -1 $-1 $2094 $2094 $2090 $2199 reversed $1983 $-1 #
point $-1 -1 $-1 122.2500000000000142 -70.5 4.595000000000000639 #
point $-1 -1 $-1 109.039999999999992 -73.5 4.195000000000000284 #
coedge $-1 -1 $-1 $2205 $2077 $2206 $2207 reversed $1992 $-1 #
edge $-1 -1 $-1 $2208 -3.141592653589793116 $2208 3.141592653589793116 $2091 $2209 forward @7 unknown #
coedge $-1 -1 $-1 $2099 $2099 $1994 $2100 forward $2210 $-1 #
edge $-1 -1 $-1 $2211 -3.141592653589793116 $2211 3.141592653589793116 $2099 $2212 forward @7 unknown #
vertex $-1 -1 $-1 $1996 $2213 #
ellipse-curve $-1 -1 $-1 107.8400000000000034 -93.5 0.4178461295054962665 0 0 1 0 -0.5999999999999999778 0 1 I I #
point $-1 -1 $-1 123 -106.4500000000000171 0.4178461295054962665 #
point $-1 -1 $-1 128.5600000000000023 -93.5 0.4178461295054963776 #
rgb_color-st-attrib $-1 -1 $2214 $-1 $2002 0.313725490196078427 0.4862745098039215619 0.4117647058823529216 #
loop $-1 -1 $-1 $1881 $2215 $2002 #
DXID-attrib $-1 -1 $-1 $2004 $1884 @18 ASM_FACE_FROM_STEP @8 pcb-3721 #
rgb_color-st-attrib $-1 -1 $2216 $-1 $2005 0.313725490196078427 0.4862745098039215619 0.4117647058823529216 #
loop $-1 -1 $-1 $1890 $2217 $2005 #
coedge $-1 -1 $-1 $2110 $2110 $2218 $2219 forward $2006 $-1 #
DXID-attrib $-1 -1 $-1 $2009 $1893 @18 ASM_FACE_FROM_STEP @8 pcb-3755 #
coedge $-1 -1 $-1 $2112 $2112 $2220 $2221 forward $2010 $-1 #
coedge $-1 -1 $-1 $2113 $2113 $2012 $2114 reversed $2222 $-1 #
edge $2223 -1 $-1 $2224 0 $2224 6.283185307179586232 $2113 $2225 forward @7 unknown #
loop $-1 -1 $-1 $2015 $2013 $1522 #
DXID-attrib $-1 -1 $-1 $-1 $2014 @18 ASM_EDGE_FROM_STEP @4 3490 #
vertex $-1 -1 $-1 $2014 $2226 #
ellipse-curve $-1 -1 $-1 132.4600000000000364 -74 0 0 0 -1 2.842170943040100345e-14 -0.4500000000000000666 0 1 I I #
point $-1 -1 $-1 135 -74.45000000000000284 0 #
DXID-attrib $-1 -1 $-1 $2022 $1905 @18 ASM_FACE_FROM_STEP @8 pcb-1166 #
rgb_color-st-attrib $-1 -1 $2227 $-1 $2023 0.8235294117647058432 0.8196078431372548767 0.7803921568627451011 #
loop $-1 -1 $-1 $-1 $2206 $2023 #
coedge $-1 -1 $-1 $2228 $2229 $2205 $2230 forward $2024 $-1 #
coedge $-1 -1 $-1 $2231 $2026 $2229 $2232 forward $1912 $-1 #
coedge $-1 -1 $-1 $2026 $2231 $2075 $2185 reversed $1912 $-1 #
coedge $-1 -1 $-1 $2077 $2205 $2026 $2127 reversed $1992 $-1 #
edge $-1 -1 $-1 $2189 -0.1580000000000438831 $2233 -0.06800000000004402523 $2026 $2234 forward @7 unknown #
DXID-attrib $-1 -1 $-1 $2028 $1918 @18 ASM_FACE_FROM_STEP @8 pcb-1264 #
rgb_color-st-attrib $-1 -1 $2235 $-1 $2029 0.3411764705882353033 0.6784313725490196401 0.4431372549019607643 #
face $2236 -1 $-1 $2237 $2238 $4 $-1 $2239 forward single #
loop $-1 -1 $-1 $2240 $2241 $2029 #
plane-surface $-1 -1 $-1 117.2849999999999966 -103.3000000000000114 10.09500000000000064 0 0 -1 0 -1 0 forward_v I I I I #
coedge $-1 -1 $-1 $2242 $2243 $2244 $2245 reversed $2030 $-1 #
coedge $-1 -1 $-1 $2246 $2032 $2247 $2248 forward $1919 $-1 #
coedge $-1 -1 $-1 $2032 $2249 $2250 $2251 reversed $1919 $-1 #
edge $2252 -1 $-1 $2253 0 $2254 0.7400000000000006573 $2055 $2255 forward @7 unknown #
DXID-attrib $-1 -1 $-1 $2033 $1921 @18 ASM_FACE_FROM_STEP @20 pcb-224-dup-dxid-161 #
rgb_color-st-attrib $-1 -1 $2256 $-1 $2034 0.8823529411764705621 0.7098039215686274828 0.4901960784313725283 #
cone-surface $-1 -1 $-1 122.2500000000000142 -93.5 4.595000000000000639 -1 -0 -0 0 3.000000000000000444 0 1 I I 0 1 3.000000000000000444 forward I I I I #
coedge $-1 -1 $-1 $2140 $2140 $2257 $2258 forward $2035 $-1 #
DXID-attrib $-1 -1 $-1 $2038 $1925 @18 ASM_FACE_FROM_STEP @20 pcb-355-dup-dxid-167 #
loop $-1 -1 $-1 $-1 $2259 $1925 #
coedge $-1 -1 $-1 $2143 $2143 $2259 $2260 reversed $2041 $-1 #
loop $-1 -1 $-1 $2210 $2043 $2261 #
DXID-attrib $-1 -1 $-1 $-1 $2044 @18 ASM_EDGE_FROM_STEP @3 289 #
vertex $-1 -1 $-1 $2044 $2262 #
ellipse-curve $-1 -1 $-1 107.8400000000000034 -93.5 -1.405000000000000471 0 0 1 0.4000000000000000777 0 0 1 I I #
DXID-attrib $-1 -1 $-1 $-1 $2045 @18 ASM_EDGE_FROM_STEP @3 315 #
vertex $-1 -1 $-1 $2045 $2263 #
ellipse-curve $-1 -1 $-1 126.5 -93.5 4.595000000000000639 1 0 0 0 1.500000000000000222 0 1 I I #
loop $-1 -1 $-1 $-1 $2264 $2034 #
point $-1 -1 $-1 125 -90.49999999999998579 4.595000000000000639 #
DXID-attrib $-1 -1 $-1 $2051 $1934 @18 ASM_FACE_FROM_STEP @7 pcb-694 #
rgb_color-st-attrib $-1 -1 $2265 $-1 $2052 0.3411764705882353033 0.6784313725490196401 0.4431372549019607643 #
face $2266 -1 $-1 $2267 $2268 $4 $-1 $2269 reversed single #
loop $-1 -1 $-1 $-1 $2270 $2052 #
plane-surface $-1 -1 $-1 117.2849999999999966 -103.3000000000000114 1.594999999999999973 0 -1 0 0 0 1 forward_v I I I I #
coedge $-1 -1 $-1 $2165 $2247 $2160 $2271 forward $2053 $-1 #
coedge $-1 -1 $-1 $2272 $2055 $2242 $2273 reversed $1935 $-1 #
coedge $-1 -1 $-1 $2055 $2058 $2158 $2271 reversed $1935 $-1 #
coedge $-1 -1 $-1 $2274 $2056 $2275 $2276 reversed $1770 $-1 #
coedge $-1 -1 $-1 $2270 $2277 $2056 $2163 reversed $2156 $-1 #
edge $2278 -1 $-1 $2170 0 $2279 7.620000000000000107 $2056 $2280 forward @7 unknown #
coedge $-1 -1 $-1 $2057 $2281 $2282 $2283 forward $1770 $-1 #
coedge $-1 -1 $-1 $2284 $2158 $2057 $2166 forward $2053 $-1 #
edge $2285 -1 $-1 $2169 0 $2286 0.1049999999999998157 $2057 $2287 forward @7 unknown #
coedge $-1 -1 $-1 $2058 $2288 $2270 $2289 reversed $1935 $-1 #
DXID-attrib $-1 -1 $-1 $-1 $2059 @18 ASM_EDGE_FROM_STEP @3 465 #
vertex $-1 -1 $-1 $2059 $2290 #
vertex $-1 -1 $-1 $2059 $2291 #
straight-curve $-1 -1 $-1 117.2849999999999966 -110.6000000000000085 1.594999999999999973 0 1 0 F 0 F 7.300000000000000711 #
point $-1 -1 $-1 126.960000000000008 -93.5 4.195000000000000284 #
DXID-attrib $-1 -1 $-1 $2063 $1942 @18 ASM_FACE_FROM_STEP @20 pcb-406-dup-dxid-153 #
rgb_color-st-attrib $-1 -1 $2292 $-1 $2064 0.8823529411764705621 0.7098039215686274828 0.4901960784313725283 #
face $2293 -1 $-1 $2294 $2295 $4 $-1 $2296 forward single #
loop $-1 -1 $-1 $2297 $2298 $2064 #
cone-surface $-1 -1 $-1 109.5000000000000142 -93.5 4.595000000000000639 -1 -0 -0 0 3.000000000000000444 0 1 I I 0 1 3.000000000000000444 forward I I I I #
DXID-attrib $-1 -1 $-1 $-1 $2066 @18 ASM_EDGE_FROM_STEP @4 2880 #
straight-curve $-1 -1 $-1 116.0000000000000142 -58.66619037897000055 5.594999999999999751 0 1 0 F 0 F 1.166190378969998998 #
DXID-attrib $-1 -1 $-1 $-1 $2067 @18 ASM_EDGE_FROM_STEP @4 2894 #
straight-curve $-1 -1 $-1 116.0000000000000142 -58.66619037897000055 5.594999999999999751 0 1 0 F 1.166190378969998998 F 2.332380757940000215 #
DXID-attrib $-1 -1 $-1 $2068 $1951 @18 ASM_EDGE_FROM_STEP @4 2834 #
point $-1 -1 $-1 116.0000000000000142 -57.5 5.594999999999999751 #
coedge $-1 -1 $-1 $2076 $2075 $2299 $2300 forward $1826 $-1 #
edge $2301 -1 $-1 $2189 2.377153870494502996 $2302 4.700000000000000178 $2125 $1738 forward @7 unknown #
coedge $-1 -1 $-1 $2303 $2206 $2076 $2187 forward $2122 $-1 #
edge $2304 -1 $-1 $2188 2.377153870494502996 $2305 4.700000000000000178 $2186 $1543 forward @7 unknown #
vertex $-1 -1 $-1 $2207 $2306 #
vertex $-1 -1 $-1 $2127 $2307 #
straight-curve $-1 -1 $-1 118.7400000000000091 -95.37500000000001421 0.4178461295054963776 0 10 0 I I #
DXID-attrib $-1 -1 $-1 $2082 $1970 @18 ASM_FACE_FROM_STEP @8 pcb-1536 #
rgb_color-st-attrib $-1 -1 $2308 $-1 $2083 0.3411764705882353033 0.6784313725490196401 0.4431372549019607643 #
face $2309 -1 $-1 $2310 $2311 $4 $-1 $2312 reversed single #
loop $-1 -1 $-1 $2313 $2314 $2083 #
cone-surface $-1 -1 $-1 123 -107.0500000000000114 10.09500000000000064 0 0 1 1.449999999999999956 0 0 1 I I 0 1 1.449999999999999956 forward I I I I #
coedge $-1 -1 $-1 $2299 $2315 $2303 $2316 reversed $2084 $-1 #
DXID-attrib $-1 -1 $-1 $2087 $1979 @18 ASM_FACE_FROM_STEP @8 pcb-3687 #
coedge $-1 -1 $-1 $2198 $2198 $2204 $2317 forward $2088 $-1 #
edge $2318 -1 $-1 $2319 0 $2319 6.283185307179586232 $2094 $2320 forward @7 unknown #
DXID-attrib $-1 -1 $-1 $-1 $2092 @18 ASM_EDGE_FROM_STEP @4 3402 #
vertex $-1 -1 $-1 $2092 $2321 #
ellipse-curve $-1 -1 $-1 119.1899999999999977 -107.0000000000000142 0 0 0 -1 0 -0.5500000000000000444 0 1 I I #
loop $-1 -1 $-1 $2322 $2323 $1522 #
coedge $-1 -1 $-1 $2204 $2204 $2198 $2317 reversed $2093 $-1 #
coedge $-1 -1 $-1 $2126 $2097 $2123 $2230 reversed $1992 $-1 #
coedge $-1 -1 $-1 $2186 $2324 $2097 $2207 forward $2122 $-1 #
edge $-1 -1 $-1 $2325 0.02300000000004409628 $2188 0.1130000000000439542 $2206 $2326 forward @7 unknown #
vertex $-1 -1 $-1 $2098 $2327 #
ellipse-curve $-1 -1 $-1 119.1899999999999977 -107.0000000000000142 0.4178461295054962665 0 0 1 0 -0.5500000000000000444 0 1 I I #
loop $-1 -1 $-1 $-1 $2099 $2261 #
vertex $-1 -1 $-1 $2100 $2328 #
ellipse-curve $-1 -1 $-1 107.8400000000000034 -93.5 0.4178461295054961 -0 -0 -1 0.4000000000000000777 0 0 1 I I #
point $-1 -1 $-1 107.8400000000000034 -92.89999999999999147 0.4178461295054962665 #
DXID-attrib $-1 -1 $-1 $2105 $2002 @18 ASM_FACE_FROM_STEP @8 pcb-3704 #
coedge $-1 -1 $-1 $2215 $2215 $2323 $2329 forward $2106 $-1 #
DXID-attrib $-1 -1 $-1 $2108 $2005 @18 ASM_FACE_FROM_STEP @8 pcb-3738 #
coedge $-1 -1 $-1 $2217 $2217 $2330 $2331 forward $2109 $-1 #
coedge $-1 -1 $-1 $2218 $2218 $2110 $2219 reversed $2322 $-1 #
edge $2332 -1 $-1 $2333 0 $2333 6.283185307179586232 $2218 $2334 forward @7 unknown #
coedge $-1 -1 $-1 $2220 $2220 $2112 $2221 reversed $2335 $-1 #
edge $2336 -1 $-1 $2337 0 $2337 6.283185307179586232 $2220 $2338 forward @7 unknown #
loop $-1 -1 $-1 $2115 $2113 $1522 #
DXID-attrib $-1 -1 $-1 $-1 $2114 @18 ASM_EDGE_FROM_STEP @4 3479 #
vertex $-1 -1 $-1 $2114 $2339 #
ellipse-curve $-1 -1 $-1 128.1599999999999966 -73.5 0 0 0 -1 0 -0.5999999999999999778 0 1 I I #
point $-1 -1 $-1 132.4600000000000364 -74.45000000000000284 0 #
DXID-attrib $-1 -1 $-1 $2121 $2023 @18 ASM_FACE_FROM_STEP @8 pcb-1135 #
coedge $-1 -1 $-1 $2340 $2123 $2324 $2341 forward $2024 $-1 #
coedge $-1 -1 $-1 $2123 $2340 $2124 $2232 reversed $2024 $-1 #
edge $-1 -1 $-1 $2233 1.112500000000000711 $2325 1.162500000000001421 $2123 $2342 forward @7 unknown #
coedge $-1 -1 $-1 $2125 $2124 $2343 $2344 forward $1912 $-1 #
edge $2345 -1 $-1 $2233 2.377153870494502996 $2346 4.700000000000000178 $2229 $1746 forward @7 unknown #
vertex $-1 -1 $-1 $2230 $2347 #
straight-curve $-1 -1 $-1 120.3200000000004479 -106.75 0.4178461295054963776 10 0 0 I I #
DXID-attrib $-1 -1 $-1 $2129 $2029 @18 ASM_FACE_FROM_STEP @8 pcb-1281 #
rgb_color-st-attrib $-1 -1 $2348 $-1 $2130 0.3411764705882353033 0.6784313725490196401 0.4431372549019607643 #
face $2349 -1 $-1 $2350 $2351 $4 $-1 $2352 reversed single #
loop $-1 -1 $-1 $-1 $2353 $2130 #
plane-surface $-1 -1 $-1 117.2849999999999966 -105.1500000000000057 10.09500000000000064 0 0.9509972148358196709 0.3091994459479413537 0 0.3091994459479413537 -0.9509972148358197819 forward_v I I I I #
loop $-1 -1 $-1 $2354 $2355 $2029 #
coedge $-1 -1 $-1 $2244 $2356 $2272 $2357 forward $2131 $-1 #
coedge $-1 -1 $-1 $2250 $2133 $2159 $2273 forward $2030 $-1 #
coedge $-1 -1 $-1 $2133 $2250 $2358 $2359 reversed $2030 $-1 #
coedge $-1 -1 $-1 $2360 $2241 $2133 $2245 forward $2131 $-1 #
edge $2361 -1 $-1 $2362 0 $2363 7.620000000000000107 $2133 $2364 forward @7 unknown #
coedge $-1 -1 $-1 $2365 $2134 $2366 $2367 forward $1919 $-1 #
coedge $-1 -1 $-1 $2158 $2284 $2134 $2248 reversed $2053 $-1 #
edge $2368 -1 $-1 $2254 0 $2369 0.1049999999999998157 $2247 $2370 forward @7 unknown #
coedge $-1 -1 $-1 $2135 $2371 $2372 $2373 reversed $1919 $-1 #
coedge $-1 -1 $-1 $2243 $2242 $2135 $2251 forward $2030 $-1 #
edge $2374 -1 $-1 $2253 0 $2375 7.620000000000000107 $2135 $2376 forward @7 unknown #
DXID-attrib $-1 -1 $-1 $-1 $2136 @18 ASM_EDGE_FROM_STEP @3 643 #
vertex $-1 -1 $-1 $2136 $2377 #
vertex $-1 -1 $-1 $2136 $2378 #
straight-curve $-1 -1 $-1 117.2849999999999966 -109.8600000000000136 6.695000000000000284 0 -1 0 F 0 F 0.7400000000000006573 #
DXID-attrib $-1 -1 $-1 $2138 $2034 @18 ASM_FACE_FROM_STEP @20 pcb-250-dup-dxid-162 #
coedge $-1 -1 $-1 $2257 $2257 $2140 $2258 reversed $2379 $-1 #
edge $2380 -1 $-1 $2381 -3.141592653589793116 $2381 3.141592653589793116 $2257 $2382 forward @14 tangent_not_g2 #
coedge $-1 -1 $-1 $2259 $2259 $2143 $2260 forward $2142 $-1 #
edge $2383 -1 $-1 $2384 0 $2384 6.283185307179586232 $2143 $2385 forward @7 unknown #
face $2386 -1 $-1 $1942 $2144 $4 $-1 $1327 forward single #
point $-1 -1 $-1 108.2399999999999949 -93.5 -1.405000000000000471 #
point $-1 -1 $-1 126.5 -92 4.595000000000000639 #
coedge $-1 -1 $-1 $2264 $2264 $2387 $2388 forward $2151 $-1 #
DXID-attrib $-1 -1 $-1 $2154 $2052 @18 ASM_FACE_FROM_STEP @7 pcb-718 #
rgb_color-st-attrib $-1 -1 $2389 $-1 $2155 0.3411764705882353033 0.6784313725490196401 0.4431372549019607643 #
face $2390 -1 $-1 $2391 $2392 $4 $-1 $2393 forward single #
loop $-1 -1 $-1 $-1 $2394 $2155 #
plane-surface $-1 -1 $-1 118.3900000000000006 -109.8000000000000114 3.695000000000000284 -0.6246950475544246206 0.7808688094430300541 0 0 0 10 forward_v I I I I #
coedge $-1 -1 $-1 $2395 $2162 $2167 $2289 forward $2156 $-1 #
edge $2396 -1 $-1 $2254 3.400000000000000799 $2169 8.5 $2160 $2397 forward @7 unknown #
coedge $-1 -1 $-1 $2288 $2159 $2241 $2357 reversed $1935 $-1 #
edge $2398 -1 $-1 $2362 0 $2253 3.517101079012390663 $2159 $2399 forward @7 unknown #
coedge $-1 -1 $-1 $2400 $2161 $2401 $2402 reversed $1770 $-1 #
coedge $-1 -1 $-1 $2403 $2404 $2161 $2276 forward $2392 $-1 #
edge $2405 -1 $-1 $2406 0 $2279 7.300000000000000711 $2161 $2407 forward @7 unknown #
coedge $-1 -1 $-1 $2162 $2395 $2403 $2408 reversed $2156 $-1 #
DXID-attrib $-1 -1 $-1 $-1 $2163 @18 ASM_EDGE_FROM_STEP @3 561 #
vertex $-1 -1 $-1 $2163 $2409 #
straight-curve $-1 -1 $-1 117.2849999999999966 -103.3000000000000114 1.594999999999999973 1 0 0 F 0 F 7.620000000000000107 #
coedge $-1 -1 $-1 $2164 $2410 $2411 $2412 forward $1770 $-1 #
coedge $-1 -1 $-1 $2413 $2414 $2164 $2283 reversed $2268 $-1 #
edge $2415 -1 $-1 $2416 0 $2286 0.005122499389946304389 $2164 $2417 forward @7 unknown #
coedge $-1 -1 $-1 $2247 $2165 $2414 $2418 forward $2053 $-1 #
DXID-attrib $-1 -1 $-1 $-1 $2166 @18 ASM_EDGE_FROM_STEP @3 475 #
vertex $-1 -1 $-1 $2283 $2419 #
straight-curve $-1 -1 $-1 117.2849999999999966 -110.6000000000000085 1.594999999999999973 1 0 0 F 0 F 0.1049999999999998157 #
coedge $-1 -1 $-1 $2167 $2272 $2420 $2421 forward $1935 $-1 #
edge $2422 -1 $-1 $2170 0 $2423 2.810000000000000053 $2167 $2424 forward @7 unknown #
point $-1 -1 $-1 117.2849999999999966 -110.6000000000000085 1.594999999999999973 #
point $-1 -1 $-1 117.2849999999999966 -103.3000000000000114 1.594999999999999973 #
DXID-attrib $-1 -1 $-1 $2174 $2064 @18 ASM_FACE_FROM_STEP @19 pcb-55-dup-dxid-154 #
rgb_color-st-attrib $-1 -1 $2425 $-1 $2175 0.8823529411764705621 0.7098039215686274828 0.4901960784313725283 #
face $2426 -1 $-1 $2427 $2428 $4 $-1 $2429 reversed single #
loop $-1 -1 $-1 $2430 $2431 $2175 #
torus-surface $-1 -1 $-1 111.0000000000000142 -93.5 4.595000000000000639 -1 0 0 1.500000000000000222 1.500000000000000222 0 1 0 forward_v I I I I #
loop $-1 -1 $-1 $-1 $2432 $2064 #
coedge $-1 -1 $-1 $2298 $2298 $2433 $2434 reversed $2176 $-1 #
coedge $-1 -1 $-1 $2343 $2196 $2184 $2300 reversed $2084 $-1 #
edge $2435 -1 $-1 $2302 0 $2305 0.5 $2184 $2436 forward @7 unknown #
DXID-attrib $-1 -1 $-1 $-1 $2185 @18 ASM_EDGE_FROM_STEP @4 1204 #
vertex $-1 -1 $-1 $2185 $2437 #
coedge $-1 -1 $-1 $2324 $2186 $2196 $2316 forward $2122 $-1 #
DXID-attrib $-1 -1 $-1 $-1 $2187 @18 ASM_EDGE_FROM_STEP @4 1140 #
vertex $-1 -1 $-1 $2300 $2438 #
point $-1 -1 $-1 118.7400000000000091 -107.2500000000000142 0.4178461295054963776 #
point $-1 -1 $-1 118.7400000000000091 -106.75 0.4178461295054963776 #
DXID-attrib $-1 -1 $-1 $2192 $2083 @18 ASM_FACE_FROM_STEP @8 pcb-1548 #
rgb_color-st-attrib $-1 -1 $2439 $-1 $2193 0.3411764705882353033 0.6784313725490196401 0.4431372549019607643 #
face $2440 -1 $-1 $2441 $2442 $4 $-1 $2443 reversed single #
loop $-1 -1 $-1 $2444 $2445 $2193 #
cone-surface $-1 -1 $-1 119.1899999999999977 -107.0500000000000114 10.09500000000000064 0 0 1 1.449999999999999956 0 0 1 I I 0 1 1.449999999999999956 forward I I I I #
loop $-1 -1 $-1 $-1 $2446 $2083 #
coedge $-1 -1 $-1 $2447 $2448 $2449 $2450 reversed $2194 $-1 #
coedge $-1 -1 $-1 $2196 $2343 $2340 $2451 reversed $2084 $-1 #
edge $2452 -1 $-1 $2305 0 $2453 0.9000000000000000222 $2303 $2454 forward @7 unknown #
edge $2455 -1 $-1 $2456 0 $2456 6.283185307179586232 $2204 $2457 forward @7 unknown #
DXID-attrib $-1 -1 $-1 $-1 $2199 @18 ASM_EDGE_FROM_STEP @4 3413 #
vertex $-1 -1 $-1 $2199 $2458 #
ellipse-curve $-1 -1 $-1 107.8400000000000034 -93.5 0 0 0 -1 0 -0.5999999999999999778 0 1 I I #
point $-1 -1 $-1 119.1899999999999977 -107.5500000000000114 0 #
loop $-1 -1 $-1 $2459 $2218 $1522 #
coedge $-1 -1 $-1 $2323 $2323 $2215 $2329 reversed $2203 $-1 #
coedge $-1 -1 $-1 $2206 $2303 $2228 $2341 reversed $2122 $-1 #
vertex $-1 -1 $-1 $2207 $2460 #
straight-curve $-1 -1 $-1 119.8700000000004451 -107.2500000000000142 0.4178461295054963776 -10 0 0 I I #
point $-1 -1 $-1 119.1899999999999977 -106.4500000000000171 0.4178461295054962665 #
point $-1 -1 $-1 107.4400000000000119 -93.5 0.4178461295054961 #
edge $2461 -1 $-1 $2462 0 $2462 6.283185307179586232 $2323 $2463 forward @7 unknown #
coedge $-1 -1 $-1 $2330 $2330 $2217 $2331 reversed $2459 $-1 #
edge $2464 -1 $-1 $2465 0 $2465 6.283185307179586232 $2330 $2466 forward @7 unknown #
DXID-attrib $-1 -1 $-1 $-1 $2219 @18 ASM_EDGE_FROM_STEP @4 3446 #
vertex $-1 -1 $-1 $2219 $2467 #
ellipse-curve $-1 -1 $-1 107.8400000000000034 -73.5 0 0 0 -1 0 -0.5999999999999999778 0 1 I I #
loop $-1 -1 $-1 $2222 $2220 $1522 #
DXID-attrib $-1 -1 $-1 $-1 $2221 @18 ASM_EDGE_FROM_STEP @4 3468 #
vertex $-1 -1 $-1 $2221 $2468 #
ellipse-curve $-1 -1 $-1 118.7700000000000102 -57.5 0 0 0 -1 0 -0.4500000000000000666 0 1 I I #
point $-1 -1 $-1 128.1599999999999966 -74.09999999999999432 0 #
coedge $-1 -1 $-1 $2229 $2228 $2315 $2451 forward $2024 $-1 #
edge $2469 -1 $-1 $2325 2.377153870494502996 $2453 4.700000000000000178 $2324 $1540 forward @7 unknown #
straight-curve $-1 -1 $-1 119.6400000000000006 -95.625 0.4178461295054963776 0 -10 0 I I #
coedge $-1 -1 $-1 $2315 $2299 $2231 $2344 reversed $2084 $-1 #
edge $2470 -1 $-1 $2346 0 $2302 0.9000000000000000222 $2231 $2471 forward @7 unknown #
DXID-attrib $-1 -1 $-1 $-1 $2232 @18 ASM_EDGE_FROM_STEP @4 1180 #
vertex $-1 -1 $-1 $2232 $2472 #
point $-1 -1 $-1 119.6400000000000006 -106.75 0.4178461295054963776 #
DXID-attrib $-1 -1 $-1 $2236 $2130 @18 ASM_FACE_FROM_STEP @8 pcb-1320 #
rgb_color-st-attrib $-1 -1 $2473 $-1 $2237 0.3411764705882353033 0.6784313725490196401 0.4431372549019607643 #
face $2474 -1 $-1 $2475 $2476 $4 $-1 $2477 reversed single #
loop $-1 -1 $-1 $-1 $2478 $2237 #
plane-surface $-1 -1 $-1 119.1899999999999977 -109.8000000000000114 4.595000000000000639 0 0.9372218510575616168 0.3487337120214186181 0 -3.487337120214186292 9.372218510575615724 forward_v I I I I #
coedge $-1 -1 $-1 $2479 $2420 $2356 $2480 forward $2238 $-1 #
loop $-1 -1 $-1 $-1 $2481 $2029 #
coedge $-1 -1 $-1 $2355 $2355 $2446 $2482 reversed $2240 $-1 #
coedge $-1 -1 $-1 $2241 $2360 $2353 $2480 reversed $2131 $-1 #
edge $2483 -1 $-1 $2484 1.850000000000000089 $2362 5.660000000000000142 $2272 $2485 forward @7 unknown #
coedge $-1 -1 $-1 $2372 $2486 $2243 $2359 forward $2392 $-1 #
edge $2487 -1 $-1 $2363 0 $2375 3.517101079012390663 $2358 $2488 forward @7 unknown #
coedge $-1 -1 $-1 $2356 $2244 $2486 $2489 reversed $2131 $-1 #
DXID-attrib $-1 -1 $-1 $-1 $2245 @18 ASM_EDGE_FROM_STEP @4 1268 #
vertex $-1 -1 $-1 $2273 $2490 #
vertex $-1 -1 $-1 $2489 $2491 #
straight-curve $-1 -1 $-1 117.2849999999999966 -108.960000000000008 10.09500000000000064 1 0 0 F 0 F 7.620000000000000107 #
coedge $-1 -1 $-1 $2492 $2246 $2493 $2494 forward $1919 $-1 #
coedge $-1 -1 $-1 $2414 $2394 $2246 $2367 reversed $2268 $-1 #
edge $2495 -1 $-1 $2369 -2.167346328638220419e-17 $2496 0.002978197319711169567 $2366 $2497 forward @7 unknown #
DXID-attrib $-1 -1 $-1 $-1 $2248 @18 ASM_EDGE_FROM_STEP @3 699 #
vertex $-1 -1 $-1 $2418 $2498 #
straight-curve $-1 -1 $-1 117.2849999999999966 -110.6000000000000085 6.695000000000000284 1 0 0 F 0 F 0.1049999999999998157 #
coedge $-1 -1 $-1 $2249 $2499 $2500 $2501 forward $1919 $-1 #
coedge $-1 -1 $-1 $2404 $2358 $2249 $2373 forward $2392 $-1 #
edge $2502 -1 $-1 $2375 0 $2503 0.7400000000000006573 $2372 $2504 forward @7 unknown #
DXID-attrib $-1 -1 $-1 $-1 $2251 @18 ASM_EDGE_FROM_STEP @4 1236 #
vertex $-1 -1 $-1 $2373 $2505 #
straight-curve $-1 -1 $-1 117.2849999999999966 -109.8600000000000136 6.695000000000000284 1 0 0 F 0 F 7.620000000000000107 #
point $-1 -1 $-1 117.2849999999999966 -109.8600000000000136 6.695000000000000284 #
point $-1 -1 $-1 117.2849999999999966 -110.6000000000000085 6.695000000000000284 #
loop $-1 -1 $-1 $-1 $2257 $2506 #
DXID-attrib $-1 -1 $-1 $-1 $2258 @18 ASM_EDGE_FROM_STEP @3 183 #
vertex $-1 -1 $-1 $2258 $2507 #
ellipse-curve $-1 -1 $-1 109.039999999999992 -93.5 4.595000000000000639 -1 0 -4.313066814990999959e-16 -1.725226725996400378e-16 0 0.4000000000000000777 1 I I #
DXID-attrib $-1 -1 $-1 $-1 $2260 @18 ASM_EDGE_FROM_STEP @3 342 #
vertex $-1 -1 $-1 $2260 $2508 #
ellipse-curve $-1 -1 $-1 126.5 -93.5 4.595000000000000639 1 0 0 0 0 -0.4000000000000000777 1 I I #
rgb_color-st-attrib $-1 -1 $2509 $-1 $2261 0.8235294117647058432 0.8196078431372548767 0.7803921568627451011 #
coedge $-1 -1 $-1 $2387 $2387 $2264 $2388 reversed $2510 $-1 #
edge $2511 -1 $-1 $2512 0 $2512 6.283185307179586232 $2387 $2513 forward @7 unknown #
DXID-attrib $-1 -1 $-1 $2266 $2155 @18 ASM_FACE_FROM_STEP @7 pcb-742 #
rgb_color-st-attrib $-1 -1 $2514 $-1 $2267 0.3411764705882353033 0.6784313725490196401 0.4431372549019607643 #
face $2515 -1 $-1 $2516 $2517 $4 $-1 $2518 reversed single #
loop $-1 -1 $-1 $-1 $2372 $2267 #
plane-surface $-1 -1 $-1 124.9050000000000011 -106.9500000000000028 5.845000000000000639 1 0 0 0 0 1 forward_v I I I I #
coedge $-1 -1 $-1 $2366 $2519 $2520 $2521 forward $2268 $-1 #
coedge $-1 -1 $-1 $2277 $2270 $2522 $2523 forward $2156 $-1 #
DXID-attrib $-1 -1 $-1 $-1 $2271 @18 ASM_EDGE_FROM_STEP @3 653 #
straight-curve $-1 -1 $-1 117.2849999999999966 -110.6000000000000085 10.09500000000000064 0 0 -1 F 3.400000000000000799 F 8.5 #
DXID-attrib $-1 -1 $-1 $-1 $2273 @18 ASM_EDGE_FROM_STEP @3 684 #
straight-curve $-1 -1 $-1 117.2849999999999966 -108.960000000000008 10.09500000000000064 0 -0.2558925603159999951 -0.9667052278620000827 F 0 F 3.517101079012390663 #
coedge $-1 -1 $-1 $2524 $2274 $2525 $2526 forward $1770 $-1 #
coedge $-1 -1 $-1 $2527 $2528 $2274 $2402 forward $2529 $-1 #
edge $2530 -1 $-1 $2531 7.515000000000000568 $2406 7.620000000000000107 $2274 $2532 forward @7 unknown #
coedge $-1 -1 $-1 $2533 $2275 $2277 $2408 forward $2392 $-1 #
coedge $-1 -1 $-1 $2275 $2372 $2527 $2534 forward $2392 $-1 #
DXID-attrib $-1 -1 $-1 $-1 $2276 @18 ASM_EDGE_FROM_STEP @3 553 #
vertex $-1 -1 $-1 $2276 $2535 #
straight-curve $-1 -1 $-1 124.9050000000000011 -110.6000000000000085 1.594999999999999973 0 1 0 F 0 F 7.300000000000000711 #
edge $2536 -1 $-1 $2279 0 $2537 2.810000000000000053 $2277 $2538 forward @7 unknown #
point $-1 -1 $-1 124.9050000000000011 -103.3000000000000114 1.594999999999999973 #
coedge $-1 -1 $-1 $2281 $2539 $2540 $2541 forward $1770 $-1 #
coedge $-1 -1 $-1 $2542 $2543 $2281 $2412 reversed $2517 $-1 #
edge $2544 -1 $-1 $2545 0 $2416 0.3520000000000000351 $2281 $2546 forward @7 unknown #
coedge $-1 -1 $-1 $2519 $2282 $2543 $2547 reversed $2268 $-1 #
coedge $-1 -1 $-1 $2282 $2366 $2284 $2418 reversed $2268 $-1 #
DXID-attrib $-1 -1 $-1 $-1 $2283 @18 ASM_EDGE_FROM_STEP @3 483 #
vertex $-1 -1 $-1 $2412 $2548 #
straight-curve $-1 -1 $-1 117.4300000000000068 -110.5680000000000121 1.594999999999999973 -7.808688094430271676 -6.246950475544281289 0 F 0 F 0.005122499389946304389 #
edge $2549 -1 $-1 $2286 0.05000000000000000971 $2369 5.149999999999999467 $2284 $2550 forward @7 unknown #
point $-1 -1 $-1 117.3900000000000148 -110.6000000000000085 1.594999999999999973 #
coedge $-1 -1 $-1 $2353 $2522 $2288 $2421 reversed $2238 $-1 #
edge $2551 -1 $-1 $2484 0 $2423 5.983193127418370949 $2288 $2552 forward @7 unknown #
DXID-attrib $-1 -1 $-1 $-1 $2289 @18 ASM_EDGE_FROM_STEP @3 660 #
vertex $-1 -1 $-1 $2421 $2553 #
straight-curve $-1 -1 $-1 117.2849999999999966 -103.3000000000000114 1.594999999999999973 0 0 1 F 0 F 2.810000000000000053 #
DXID-attrib $-1 -1 $-1 $2293 $2175 @18 ASM_FACE_FROM_STEP @19 pcb-88-dup-dxid-155 #
rgb_color-st-attrib $-1 -1 $2554 $-1 $2294 0.8823529411764705621 0.7098039215686274828 0.4901960784313725283 #
face $2555 -1 $-1 $2556 $2557 $4 $-1 $2558 forward single #
loop $-1 -1 $-1 $2559 $2433 $2294 #
plane-surface $-1 -1 $-1 113.75 -90.49999999999998579 4.595000000000000639 -1 0 0 0 0 -1 forward_v I I I I #
loop $-1 -1 $-1 $-1 $2560 $2175 #
coedge $-1 -1 $-1 $2431 $2431 $2432 $2561 reversed $2295 $-1 #
coedge $-1 -1 $-1 $2432 $2432 $2431 $2561 forward $2297 $-1 #
coedge $-1 -1 $-1 $2433 $2433 $2298 $2434 forward $2428 $-1 #
edge $2562 -1 $-1 $2563 0 $2563 6.283185307179586232 $2298 $2564 forward @7 unknown #
DXID-attrib $-1 -1 $-1 $-1 $2300 @18 ASM_EDGE_FROM_STEP @4 1220 #
straight-curve $-1 -1 $-1 118.7400000000000091 -106.75 -1.905000000000000249 0 -1 0 F 0 F 0.5 #
point $-1 -1 $-1 118.7400000000000091 -106.75 -1.905000000000000249 #
point $-1 -1 $-1 118.7400000000000091 -107.2500000000000142 -1.905000000000000249 #
DXID-attrib $-1 -1 $-1 $2309 $2193 @18 ASM_FACE_FROM_STEP @8 pcb-1641 #
rgb_color-st-attrib $-1 -1 $2565 $-1 $2310 0.3411764705882353033 0.6784313725490196401 0.4431372549019607643 #
face $2566 -1 $-1 $2567 $2568 $4 $-1 $2569 reversed single #
loop $-1 -1 $-1 $-1 $2570 $2310 #
plane-surface $-1 -1 $-1 119.9900000000000091 -210.6000000000000227 4.595000000000000639 0 0 1 -1 0 0 forward_v I I I I #
loop $-1 -1 $-1 $-1 $2571 $2193 #
coedge $-1 -1 $-1 $2572 $2573 $2574 $2575 reversed $2311 $-1 #
coedge $-1 -1 $-1 $2446 $2446 $2355 $2482 forward $2313 $-1 #
coedge $-1 -1 $-1 $2576 $2314 $2577 $2578 forward $2194 $-1 #
coedge $-1 -1 $-1 $2314 $2579 $2580 $2581 reversed $2194 $-1 #
coedge $-1 -1 $-1 $2582 $2582 $2314 $2450 forward $2583 $-1 #
edge $2584 -1 $-1 $2585 -0.9863662534534206605 $2586 0.9863662534534206605 $2314 $2587 forward @7 unknown #
edge $2588 -1 $-1 $2453 0 $2346 0.5 $2340 $2589 forward @7 unknown #
DXID-attrib $-1 -1 $-1 $-1 $2316 @18 ASM_EDGE_FROM_STEP @4 1148 #
vertex $-1 -1 $-1 $2341 $2590 #
straight-curve $-1 -1 $-1 118.7400000000000091 -107.2500000000000142 -1.905000000000000249 1 0 0 F 0 F 0.9000000000000000222 #
DXID-attrib $-1 -1 $-1 $-1 $2317 @18 ASM_EDGE_FROM_STEP @4 3424 #
vertex $-1 -1 $-1 $2317 $2591 #
ellipse-curve $-1 -1 $-1 123 -107.0000000000000142 0 0 0 -1 0 -0.5500000000000000444 0 1 I I #
point $-1 -1 $-1 107.8400000000000034 -94.09999999999999432 0 #
loop $-1 -1 $-1 $2335 $2330 $1522 #
point $-1 -1 $-1 119.6400000000000006 -107.2500000000000142 0.4178461295054963776 #
DXID-attrib $-1 -1 $-1 $-1 $2329 @18 ASM_EDGE_FROM_STEP @4 3435 #
vertex $-1 -1 $-1 $2329 $2592 #
ellipse-curve $-1 -1 $-1 128.1599999999999966 -93.5 0 0 0 -1 0 -0.5999999999999999778 0 1 I I #
DXID-attrib $-1 -1 $-1 $-1 $2331 @18 ASM_EDGE_FROM_STEP @4 3457 #
vertex $-1 -1 $-1 $2331 $2593 #
ellipse-curve $-1 -1 $-1 116.2300000000000182 -57.5 0 0 0 -1 0 -0.4500000000000000666 0 1 I I #
point $-1 -1 $-1 107.8400000000000034 -74.09999999999999432 0 #
point $-1 -1 $-1 118.7700000000000102 -57.95000000000000995 0 #
DXID-attrib $-1 -1 $-1 $-1 $2341 @18 ASM_EDGE_FROM_STEP @4 1156 #
DXID-attrib $-1 -1 $-1 $-1 $2344 @18 ASM_EDGE_FROM_STEP @4 1196 #
straight-curve $-1 -1 $-1 119.6400000000000006 -106.75 -1.905000000000000249 -1 0 0 F 0 F 0.9000000000000000222 #
point $-1 -1 $-1 119.6400000000000006 -106.75 -1.905000000000000249 #
DXID-attrib $-1 -1 $-1 $2349 $2237 @18 ASM_FACE_FROM_STEP @8 pcb-1332 #
rgb_color-st-attrib $-1 -1 $2594 $-1 $2350 0.3411764705882353033 0.6784313725490196401 0.4431372549019607643 #
face $2595 -1 $-1 $2596 $2597 $4 $-1 $2598 reversed single #
loop $-1 -1 $-1 $-1 $2599 $2350 #
plane-surface $-1 -1 $-1 118.3900000000000006 -210.6000000000000227 4.595000000000000639 -1 -0 -0 0 0 -1 forward_v I I I I #
coedge $-1 -1 $-1 $2493 $2600 $2601 $2602 forward $2351 $-1 #
coedge $-1 -1 $-1 $2522 $2353 $2533 $2603 forward $2238 $-1 #
edge $2604 -1 $-1 $2484 0 $2605 7.620000000000000107 $2356 $2606 forward @7 unknown #
coedge $-1 -1 $-1 $2481 $2481 $2571 $2607 reversed $2354 $-1 #
edge $2608 -1 $-1 $2609 0 $2609 6.283185307179586232 $2355 $2610 forward @7 unknown #
DXID-attrib $-1 -1 $-1 $-1 $2357 @18 ASM_EDGE_FROM_STEP @3 676 #
vertex $-1 -1 $-1 $2357 $2611 #
straight-curve $-1 -1 $-1 117.2849999999999966 -103.3000000000000114 10.09500000000000064 0 -1 0 F 1.850000000000000089 F 5.660000000000000142 #
coedge $-1 -1 $-1 $2358 $2533 $2360 $2489 forward $2392 $-1 #
DXID-attrib $-1 -1 $-1 $-1 $2359 @18 ASM_EDGE_FROM_STEP @3 820 #
straight-curve $-1 -1 $-1 124.9050000000000011 -108.960000000000008 10.09500000000000064 0 -0.2558925603159999951 -0.9667052278620000827 F 0 F 3.517101079012390663 #
edge $2612 -1 $-1 $2605 1.850000000000000089 $2363 5.660000000000000142 $2486 $2613 forward @7 unknown #
point $-1 -1 $-1 117.2849999999999966 -108.960000000000008 10.09500000000000064 #
point $-1 -1 $-1 124.9050000000000011 -108.960000000000008 10.09500000000000064 #
coedge $-1 -1 $-1 $2614 $2365 $2615 $2616 forward $1919 $-1 #
coedge $-1 -1 $-1 $2520 $2478 $2365 $2494 reversed $2351 $-1 #
edge $2617 -1 $-1 $2496 0 $2618 0.3553488372094000258 $2365 $2619 forward @7 unknown #
DXID-attrib $-1 -1 $-1 $-1 $2367 @18 ASM_EDGE_FROM_STEP @3 770 #
vertex $-1 -1 $-1 $2521 $2620 #
straight-curve $-1 -1 $-1 117.3900000000000148 -110.6000000000000085 6.695000000000000284 7.808688094430321414 6.246950475544219117 0 F -2.167346328638220419e-17 F 0.002978197319711169567 #
point $-1 -1 $-1 117.3900000000000148 -110.6000000000000085 6.695000000000000284 #
coedge $-1 -1 $-1 $2371 $2621 $2622 $2623 forward $1919 $-1 #
coedge $-1 -1 $-1 $2528 $2527 $2371 $2501 reversed $2529 $-1 #
edge $2624 -1 $-1 $2625 7.515000000000000568 $2503 7.620000000000000107 $2500 $2626 forward @7 unknown #
DXID-attrib $-1 -1 $-1 $-1 $2373 @18 ASM_EDGE_FROM_STEP @3 786 #
vertex $-1 -1 $-1 $2373 $2627 #
straight-curve $-1 -1 $-1 124.9050000000000011 -109.8600000000000136 6.695000000000000284 0 -1 0 F 0 F 0.7400000000000006573 #
point $-1 -1 $-1 124.9050000000000011 -109.8600000000000136 6.695000000000000284 #
face $2628 -1 $-1 $2629 $2630 $4 $-1 $2631 forward single #
point $-1 -1 $-1 109.039999999999992 -93.5 4.195000000000000284 #
point $-1 -1 $-1 126.5 -93.5 4.195000000000000284 #
DXID-attrib $-1 -1 $-1 $2386 $2261 @18 ASM_FACE_FROM_STEP @20 pcb-275-dup-dxid-152 #
loop $-1 -1 $-1 $2632 $2387 $2629 #
DXID-attrib $-1 -1 $-1 $-1 $2388 @18 ASM_EDGE_FROM_STEP @3 208 #
vertex $-1 -1 $-1 $2388 $2633 #
ellipse-curve $-1 -1 $-1 122.2500000000000142 -93.5 4.595000000000000639 1 0 0 0 3.000000000000000444 0 1 I I #
DXID-attrib $-1 -1 $-1 $2390 $2267 @18 ASM_FACE_FROM_STEP @7 pcb-782 #
rgb_color-st-attrib $-1 -1 $2634 $-1 $2391 0.3411764705882353033 0.6784313725490196401 0.4431372549019607643 #
face $2635 -1 $-1 $2636 $2529 $4 $-1 $2637 reversed single #
loop $-1 -1 $-1 $-1 $2543 $2391 #
plane-surface $-1 -1 $-1 119.1899999999999977 -109.8000000000000114 2.794999999999999929 0 0.8422714006615110716 -0.5390536964233675343 -10 0 0 forward_v I I I I #
coedge $-1 -1 $-1 $2394 $2413 $2638 $2639 reversed $2268 $-1 #
coedge $-1 -1 $-1 $2600 $2493 $2394 $2521 reversed $2351 $-1 #
edge $2640 -1 $-1 $2641 0 $2496 0.2444301105870697044 $2394 $2642 forward @7 unknown #
coedge $-1 -1 $-1 $2420 $2479 $2395 $2523 reversed $2238 $-1 #
edge $2643 -1 $-1 $2423 0 $2537 7.620000000000000107 $2395 $2644 forward @7 unknown #
coedge $-1 -1 $-1 $2645 $2400 $2646 $2647 forward $1770 $-1 #
coedge $-1 -1 $-1 $2648 $2649 $2400 $2526 reversed $2650 $-1 #
edge $2651 -1 $-1 $2531 0 $2652 0.005122499389946304389 $2400 $2653 forward @7 unknown #
coedge $-1 -1 $-1 $2500 $2401 $2404 $2534 reversed $2529 $-1 #
coedge $-1 -1 $-1 $2401 $2500 $2648 $2654 forward $2529 $-1 #
loop $-1 -1 $-1 $-1 $2500 $2516 #
DXID-attrib $-1 -1 $-1 $-1 $2402 @18 ASM_EDGE_FROM_STEP @3 545 #
vertex $-1 -1 $-1 $2402 $2655 #
straight-curve $-1 -1 $-1 117.2849999999999966 -110.6000000000000085 1.594999999999999973 1 0 0 F 7.515000000000000568 F 7.620000000000000107 #
coedge $-1 -1 $-1 $2486 $2403 $2479 $2603 reversed $2392 $-1 #
edge $2656 -1 $-1 $2503 3.400000000000000799 $2406 8.5 $2404 $2657 forward @7 unknown #
point $-1 -1 $-1 124.9050000000000011 -110.6000000000000085 1.594999999999999973 #
DXID-attrib $-1 -1 $-1 $-1 $2408 @18 ASM_EDGE_FROM_STEP @3 724 #
vertex $-1 -1 $-1 $2523 $2658 #
straight-curve $-1 -1 $-1 124.9050000000000011 -103.3000000000000114 1.594999999999999973 0 0 1 F 0 F 2.810000000000000053 #
coedge $-1 -1 $-1 $2410 $2645 $2659 $2660 reversed $1770 $-1 #
coedge $-1 -1 $-1 $2661 $2662 $2410 $2541 reversed $2663 $-1 #
edge $2664 -1 $-1 $2665 0 $2545 0.005122499389946304389 $2410 $2666 forward @7 unknown #
coedge $-1 -1 $-1 $2667 $2411 $2662 $2668 reversed $2517 $-1 #
coedge $-1 -1 $-1 $2411 $2667 $2413 $2547 forward $2517 $-1 #
DXID-attrib $-1 -1 $-1 $-1 $2412 @18 ASM_EDGE_FROM_STEP @3 493 #
vertex $-1 -1 $-1 $2541 $2669 #
straight-curve $-1 -1 $-1 120.9500000000000028 -110.5680000000000121 1.594999999999999973 -10 0 0 F 0 F 0.3520000000000000351 #
edge $2670 -1 $-1 $2671 -0 $2416 0.171797089614463494 $2413 $2672 forward @7 unknown #
point $-1 -1 $-1 117.4300000000000068 -110.5680000000000121 1.594999999999999973 #
DXID-attrib $-1 -1 $-1 $-1 $2418 @18 ASM_EDGE_FROM_STEP @3 707 #
straight-curve $-1 -1 $-1 117.3900000000000148 -110.6000000000000085 1.544999999999999929 0 0 1 F 0.05000000000000000971 F 5.149999999999999467 #
DXID-attrib $-1 -1 $-1 $-1 $2421 @18 ASM_EDGE_FROM_STEP @3 668 #
straight-curve $-1 -1 $-1 117.2849999999999966 -105.1500000000000057 10.09500000000000064 0 0.3091994459479999735 -0.9509972148360000821 F 0 F 5.983193127418370949 #
point $-1 -1 $-1 117.2849999999999966 -103.3000000000000114 4.405000000000000249 #
DXID-attrib $-1 -1 $-1 $2426 $2294 @18 ASM_FACE_FROM_STEP @20 pcb-114-dup-dxid-156 #
rgb_color-st-attrib $-1 -1 $2673 $-1 $2427 0.8823529411764705621 0.7098039215686274828 0.4901960784313725283 #
face $2674 -1 $-1 $2506 $2675 $4 $-1 $2676 forward single #
loop $-1 -1 $-1 $2677 $2678 $2427 #
plane-surface $-1 -1 $-1 109.5000000000000142 -90.49999999999998579 4.595000000000000639 -1 0 0 0 0 -1 forward_v I I I I #
loop $-1 -1 $-1 $-1 $2679 $2294 #
coedge $-1 -1 $-1 $2560 $2560 $2678 $2680 forward $2430 $-1 #
edge $2681 -1 $-1 $2682 0 $2682 6.283185307179586232 $2432 $2683 forward @14 tangent_not_g2 #
DXID-attrib $-1 -1 $-1 $-1 $2434 @18 ASM_EDGE_FROM_STEP @2 76 #
vertex $-1 -1 $-1 $2434 $2684 #
ellipse-curve $-1 -1 $-1 113.75 -93.5 4.595000000000000639 1 0 0 0 3.000000000000000444 0 1 I I #
DXID-attrib $-1 -1 $-1 $2440 $2310 @18 ASM_FACE_FROM_STEP @8 pcb-1734 #
rgb_color-st-attrib $-1 -1 $2685 $-1 $2441 0.8235294117647058432 0.8196078431372548767 0.7803921568627451011 #
face $2686 -1 $-1 $2687 $2688 $4 $-1 $2689 reversed single #
loop $-1 -1 $-1 $2690 $2691 $2441 #
plane-surface $-1 -1 $-1 118.3900000000000006 -109 2.794999999999999929 0 1 0 1 0 0 forward_v I I I I #
coedge $-1 -1 $-1 $2692 $2693 $2694 $2695 forward $2442 $-1 #
coedge $-1 -1 $-1 $2571 $2571 $2481 $2607 forward $2444 $-1 #
coedge $-1 -1 $-1 $2696 $2445 $2697 $2698 forward $2311 $-1 #
coedge $-1 -1 $-1 $2445 $2699 $2700 $2701 reversed $2311 $-1 #
coedge $-1 -1 $-1 $2702 $2702 $2445 $2575 forward $2703 $-1 #
edge $2704 -1 $-1 $2705 -0.9863662534534208826 $2706 0.9863662534534208826 $2445 $2707 forward @7 unknown #
coedge $-1 -1 $-1 $2708 $2447 $2709 $2710 reversed $2194 $-1 #
coedge $-1 -1 $-1 $2711 $2712 $2447 $2578 reversed $2713 $-1 #
edge $2714 -1 $-1 $2585 -7.300000000000000711 $2715 -5.5 $2447 $2716 forward @7 unknown #
coedge $-1 -1 $-1 $2448 $2717 $2718 $2719 reversed $2194 $-1 #
coedge $-1 -1 $-1 $2720 $2711 $2448 $2581 forward $2713 $-1 #
edge $2721 -1 $-1 $2586 -7.300000000000000711 $2722 -5.5 $2448 $2723 forward @7 unknown #
coedge $-1 -1 $-1 $2449 $2449 $2711 $2724 reversed $2583 $-1 #
loop $-1 -1 $-1 $-1 $2449 $2725 #
DXID-attrib $-1 -1 $2726 $-1 $2450 @18 ASM_EDGE_FROM_STEP @4 1629 #
vertex $-1 -1 $-1 $2450 $2727 #
vertex $-1 -1 $-1 $2450 $2728 #
ellipse-curve $-1 -1 $-1 123 -107.0500000000000114 2.794999999999999929 0 0 1 1.449999999999999956 0 0 1 F -0.9863662534534206605 F 0.9863662534534206605 #
DXID-attrib $-1 -1 $-1 $-1 $2451 @18 ASM_EDGE_FROM_STEP @4 1172 #
straight-curve $-1 -1 $-1 119.6400000000000006 -107.2500000000000142 -1.905000000000000249 0 1 0 F 0 F 0.5 #
point $-1 -1 $-1 119.6400000000000006 -107.2500000000000142 -1.905000000000000249 #
point $-1 -1 $-1 123 -107.5500000000000114 0 #
point $-1 -1 $-1 128.1599999999999966 -94.09999999999999432 0 #
point $-1 -1 $-1 116.2300000000000182 -57.95000000000000995 0 #
DXID-attrib $-1 -1 $-1 $2474 $2350 @18 ASM_FACE_FROM_STEP @8 pcb-1349 #
rgb_color-st-attrib $-1 -1 $2729 $-1 $2475 0.3411764705882353033 0.6784313725490196401 0.4431372549019607643 #
face $2730 -1 $-1 $2731 $2732 $4 $-1 $2733 reversed single #
loop $-1 -1 $-1 $-1 $2734 $2475 #
plane-surface $-1 -1 $-1 118.3900000000000006 -210.6000000000000227 2.794999999999999929 0 0 -1 1 0 0 forward_v I I I I #
coedge $-1 -1 $-1 $2735 $2638 $2736 $2737 forward $2476 $-1 #
coedge $-1 -1 $-1 $2478 $2520 $2693 $2738 reversed $2351 $-1 #
coedge $-1 -1 $-1 $2739 $2615 $2478 $2602 reversed $2663 $-1 #
edge $2740 -1 $-1 $2741 0 $2618 0.2444301105870697044 $2601 $2742 forward @7 unknown #
edge $2743 -1 $-1 $2605 0 $2537 5.983193127418370949 $2533 $2744 forward @7 unknown #
DXID-attrib $-1 -1 $-1 $-1 $2480 @18 ASM_EDGE_FROM_STEP @4 1286 #
vertex $-1 -1 $-1 $2603 $2745 #
straight-curve $-1 -1 $-1 117.2849999999999966 -105.1500000000000057 10.09500000000000064 1 0 0 F 0 F 7.620000000000000107 #
edge $2746 -1 $-1 $2747 0 $2747 6.283185307179586232 $2481 $2748 forward @7 unknown #
DXID-attrib $-1 -1 $-1 $-1 $2482 @18 ASM_EDGE_FROM_STEP @4 1296 #
vertex $-1 -1 $-1 $2482 $2749 #
ellipse-curve $-1 -1 $-1 123 -107.0500000000000114 10.09500000000000064 0 0 1 1.449999999999999956 0 0 1 I I #
point $-1 -1 $-1 117.2849999999999966 -105.1500000000000057 10.09500000000000064 #
DXID-attrib $-1 -1 $-1 $-1 $2489 @18 ASM_EDGE_FROM_STEP @3 812 #
straight-curve $-1 -1 $-1 124.9050000000000011 -103.3000000000000114 10.09500000000000064 0 -1 0 F 1.850000000000000089 F 5.660000000000000142 #
coedge $-1 -1 $-1 $2750 $2492 $2751 $2752 forward $1919 $-1 #
coedge $-1 -1 $-1 $2601 $2661 $2492 $2616 reversed $2663 $-1 #
edge $2753 -1 $-1 $2618 1.388395193188980778e-28 $2754 0.002978197319711190817 $2615 $2755 forward @7 unknown #
DXID-attrib $-1 -1 $-1 $-1 $2494 @18 ASM_EDGE_FROM_STEP @4 1253 #
vertex $-1 -1 $-1 $2616 $2756 #
straight-curve $-1 -1 $-1 117.4132558139530005 -110.5813953488370061 6.695000000000000284 10 0 0 F 0 F 0.3553488372094000258 #
point $-1 -1 $-1 117.4132558139530005 -110.5813953488370061 6.695000000000000284 #
coedge $-1 -1 $-1 $2499 $2750 $2757 $2758 forward $1919 $-1 #
coedge $-1 -1 $-1 $2759 $2648 $2499 $2623 reversed $2650 $-1 #
edge $2760 -1 $-1 $2761 3.467754125820913548e-17 $2625 0.002978197319711247196 $2622 $2762 forward @7 unknown #
DXID-attrib $-1 -1 $-1 $-1 $2501 @18 ASM_EDGE_FROM_STEP @3 857 #
vertex $-1 -1 $-1 $2501 $2763 #
straight-curve $-1 -1 $-1 117.2849999999999966 -110.6000000000000085 6.695000000000000284 1 0 0 F 7.515000000000000568 F 7.620000000000000107 #
point $-1 -1 $-1 124.9050000000000011 -110.6000000000000085 6.695000000000000284 #
rgb_color-st-attrib $-1 -1 $2764 $-1 $2506 0.8235294117647058432 0.8196078431372548767 0.7803921568627451011 #
face $2765 -1 $-1 $1921 $2510 $4 $-1 $2766 forward single #
loop $-1 -1 $-1 $2379 $2767 $2506 #
cone-surface $-1 -1 $-1 109.039999999999992 -93.5 4.595000000000000639 1 0 0 0 0 -0.4000000000000000777 1 I I 0 1 0.4000000000000000777 forward I I I I #
loop $-1 -1 $-1 $-1 $2768 $2629 #
point $-1 -1 $-1 122.2500000000000142 -90.49999999999998579 4.595000000000000639 #
DXID-attrib $-1 -1 $-1 $2515 $2391 @18 ASM_FACE_FROM_STEP @7 pcb-830 #
rgb_color-st-attrib $-1 -1 $2769 $-1 $2516 0.3411764705882353033 0.6784313725490196401 0.4431372549019607643 #
face $2770 -1 $-1 $2771 $2663 $4 $-1 $2772 reversed single #
plane-surface $-1 -1 $-1 117.2849999999999966 -110.6000000000000085 10.09500000000000064 0 1 0 0 0 -1 forward_v I I I I #
coedge $-1 -1 $-1 $2599 $2694 $2519 $2639 forward $2476 $-1 #
edge $2773 -1 $-1 $2641 0 $2671 1.800000000000000488 $2519 $2774 forward @7 unknown #
DXID-attrib $-1 -1 $-1 $-1 $2521 @18 ASM_EDGE_FROM_STEP @3 746 #
vertex $-1 -1 $-1 $2521 $2775 #
straight-curve $-1 -1 $-1 118.3900000000000006 -109.8000000000000114 4.595000000000000639 -3.996005990017468701 -3.196804792013978158 8.591412878537555642 F 0 F 0.2444301105870697044 #
DXID-attrib $-1 -1 $-1 $-1 $2523 @18 ASM_EDGE_FROM_STEP @3 732 #
straight-curve $-1 -1 $-1 117.2849999999999966 -103.3000000000000114 4.405000000000000249 1 0 0 F 0 F 7.620000000000000107 #
coedge $-1 -1 $-1 $2539 $2524 $2776 $2777 forward $1770 $-1 #
coedge $-1 -1 $-1 $2778 $2779 $2524 $2647 reversed $2780 $-1 #
edge $2781 -1 $-1 $2652 0 $2782 0.3520000000000000906 $2524 $2783 forward @7 unknown #
coedge $-1 -1 $-1 $2622 $2525 $2528 $2654 reversed $2650 $-1 #
coedge $-1 -1 $-1 $2525 $2784 $2778 $2785 forward $2650 $-1 #
loop $-1 -1 $-1 $-1 $2649 $2771 #
DXID-attrib $-1 -1 $-1 $-1 $2526 @18 ASM_EDGE_FROM_STEP @3 535 #
vertex $-1 -1 $-1 $2526 $2786 #
straight-curve $-1 -1 $-1 124.8000000000000114 -110.6000000000000085 1.594999999999999973 -7.808688094430271676 6.246950475544281289 0 F 0 F 0.005122499389946304389 #
edge $2787 -1 $-1 $2625 0.05000000000000004441 $2531 5.149999999999999467 $2528 $2788 forward @7 unknown #
point $-1 -1 $-1 124.8000000000000114 -110.6000000000000085 1.594999999999999973 #
DXID-attrib $-1 -1 $-1 $-1 $2534 @18 ASM_EDGE_FROM_STEP @3 796 #
straight-curve $-1 -1 $-1 124.9050000000000011 -110.6000000000000085 10.09500000000000064 0 0 -1 F 3.400000000000000799 F 8.5 #
point $-1 -1 $-1 124.9050000000000011 -103.3000000000000114 4.405000000000000249 #
coedge $-1 -1 $-1 $2789 $2790 $2539 $2660 forward $2791 $-1 #
edge $2792 -1 $-1 $2665 3.705000000000000515 $2793 3.914999999999999591 $2539 $2794 forward @7 unknown #
coedge $-1 -1 $-1 $2615 $2540 $2790 $2795 reversed $2663 $-1 #
coedge $-1 -1 $-1 $2540 $2739 $2542 $2668 forward $2663 $-1 #
loop $-1 -1 $-1 $-1 $2662 $2636 #
DXID-attrib $-1 -1 $-1 $-1 $2541 @18 ASM_EDGE_FROM_STEP @3 500 #
vertex $-1 -1 $-1 $2660 $2796 #
straight-curve $-1 -1 $-1 120.9900000000000091 -110.6000000000000085 1.594999999999999973 -7.808688094430271676 6.246950475544281289 0 F 0 F 0.005122499389946304389 #
coedge $-1 -1 $-1 $2543 $2542 $2797 $2798 reversed $2517 $-1 #
edge $2799 -1 $-1 $2800 0 $2545 0.171797089614463494 $2542 $2801 forward @7 unknown #
point $-1 -1 $-1 120.9500000000000028 -110.5680000000000121 1.594999999999999973 #
DXID-attrib $-1 -1 $-1 $-1 $2547 @18 ASM_EDGE_FROM_STEP @3 763 #
vertex $-1 -1 $-1 $2547 $2802 #
straight-curve $-1 -1 $-1 118.3900000000000006 -109.8000000000000114 2.794999999999999929 -5.587987562271125697 -4.470390049816902689 -6.984984452838906677 F -0 F 0.171797089614463494 #
DXID-attrib $-1 -1 $-1 $2555 $2427 @18 ASM_FACE_FROM_STEP @20 pcb-134-dup-dxid-157 #
rgb_color-st-attrib $-1 -1 $2803 $-1 $2556 0.8823529411764705621 0.7098039215686274828 0.4901960784313725283 #
loop $-1 -1 $-1 $2804 $2805 $2556 #
cone-surface $-1 -1 $-1 109.5000000000000142 -93.5 4.595000000000000639 -1 -0 -0 0 2.700000000000000178 0 1 I I 0 1 2.700000000000000178 forward I I I I #
loop $-1 -1 $-1 $-1 $2806 $2427 #
coedge $-1 -1 $-1 $2678 $2678 $2560 $2680 reversed $2557 $-1 #
coedge $-1 -1 $-1 $2679 $2679 $2805 $2807 forward $2559 $-1 #
edge $2808 -1 $-1 $2809 0 $2809 6.283185307179586232 $2560 $2810 forward @14 tangent_not_g2 #
DXID-attrib $-1 -1 $-1 $-1 $2561 @18 ASM_EDGE_FROM_STEP @2 59 #
vertex $-1 -1 $-1 $2561 $2811 #
ellipse-curve $-1 -1 $-1 111.0000000000000142 -93.5 4.595000000000000639 1 0 0 0 3.000000000000000444 0 1 I I #
point $-1 -1 $-1 113.75 -90.49999999999998579 4.595000000000000639 #
DXID-attrib $-1 -1 $-1 $2566 $2441 @18 ASM_FACE_FROM_STEP @8 pcb-1751 #
rgb_color-st-attrib $-1 -1 $2812 $-1 $2567 0.3411764705882353033 0.6784313725490196401 0.4431372549019607643 #
face $2813 -1 $-1 $2725 $2814 $4 $-1 $2815 reversed single #
loop $-1 -1 $-1 $-1 $2816 $2567 #
plane-surface $-1 -1 $-1 123.8000000000000114 -210.6000000000000227 4.595000000000000639 0 0 1 -1 0 0 forward_v I I I I #
loop $-1 -1 $-1 $-1 $2817 $2441 #
coedge $-1 -1 $-1 $2818 $2819 $2735 $2820 reversed $2568 $-1 #
coedge $-1 -1 $-1 $2821 $2570 $2819 $2822 forward $2442 $-1 #
coedge $-1 -1 $-1 $2570 $2821 $2600 $2738 forward $2442 $-1 #
coedge $-1 -1 $-1 $2638 $2735 $2570 $2695 reversed $2476 $-1 #
edge $2823 -1 $-1 $2641 100.7999999999999972 $2824 101.5999999999999943 $2694 $2825 forward @7 unknown #
coedge $-1 -1 $-1 $2826 $2572 $2827 $2828 reversed $2311 $-1 #
coedge $-1 -1 $-1 $2829 $2830 $2572 $2698 reversed $2831 $-1 #
edge $2832 -1 $-1 $2705 -7.300000000000000711 $2833 -5.5 $2572 $2834 forward @7 unknown #
coedge $-1 -1 $-1 $2573 $2835 $2836 $2837 reversed $2311 $-1 #
coedge $-1 -1 $-1 $2838 $2829 $2573 $2701 forward $2831 $-1 #
edge $2839 -1 $-1 $2706 -7.300000000000000711 $2840 -5.5 $2573 $2841 forward @7 unknown #
coedge $-1 -1 $-1 $2574 $2574 $2829 $2842 reversed $2703 $-1 #
loop $-1 -1 $-1 $-1 $2574 $2843 #
DXID-attrib $-1 -1 $2844 $-1 $2575 @18 ASM_EDGE_FROM_STEP @4 1722 #
vertex $-1 -1 $-1 $2575 $2845 #
vertex $-1 -1 $-1 $2575 $2846 #
ellipse-curve $-1 -1 $-1 119.1899999999999977 -107.0500000000000114 2.794999999999999929 0 0 1 1.449999999999999956 0 0 1 F -0.9863662534534208826 F 0.9863662534534208826 #
coedge $-1 -1 $-1 $2847 $2576 $2848 $2849 reversed $2194 $-1 #
coedge $-1 -1 $-1 $2850 $2851 $2576 $2710 forward $2852 $-1 #
edge $2853 -1 $-1 $2854 -2.155226400136752929 $2715 -0.9863662534534206605 $2576 $2855 forward @7 unknown #
coedge $-1 -1 $-1 $2580 $2577 $2582 $2724 forward $2713 $-1 #
coedge $-1 -1 $-1 $2577 $2856 $2850 $2857 reversed $2713 $-1 #
loop $-1 -1 $-1 $-1 $2711 $2858 #
DXID-attrib $-1 -1 $-1 $-1 $2578 @18 ASM_EDGE_FROM_STEP @4 1621 #
vertex $-1 -1 $-1 $2578 $2859 #
straight-curve $-1 -1 $-1 123.8000000000000114 -108.259338662245014 10.09500000000000064 0 0 1 F -7.300000000000000711 F -5.5 #
coedge $-1 -1 $-1 $2579 $2847 $2860 $2861 forward $2194 $-1 #
coedge $-1 -1 $-1 $2862 $2863 $2579 $2719 forward $2864 $-1 #
edge $2865 -1 $-1 $2722 0.9863662534534206605 $2866 2.155226400136752485 $2579 $2867 forward @7 unknown #
coedge $-1 -1 $-1 $2856 $2580 $2863 $2868 reversed $2713 $-1 #
DXID-attrib $-1 -1 $-1 $-1 $2581 @18 ASM_EDGE_FROM_STEP @4 1570 #
vertex $-1 -1 $-1 $2719 $2869 #
straight-curve $-1 -1 $-1 123.8000000000000114 -105.8406613377550087 10.09500000000000064 0 0 1 F -7.300000000000000711 F -5.5 #
edge $2870 -1 $-1 $2585 0.7406613377549999822 $2586 3.159338662245000151 $2582 $2871 forward @7 unknown #
face $2872 -1 $-1 $2858 $2583 $4 $-1 $2873 reversed single #
DXID-attrib $-1 -1 $-1 $2584 $2450 @18 ASM_EDGE_FROM_STEP @4 1561 #
point $-1 -1 $-1 123.8000000000000114 -108.259338662245014 2.794999999999999929 #
point $-1 -1 $-1 123.8000000000000114 -105.8406613377550087 2.794999999999999929 #
DXID-attrib $-1 -1 $-1 $2595 $2475 @18 ASM_FACE_FROM_STEP @8 pcb-1380 #
rgb_color-st-attrib $-1 -1 $2874 $-1 $2596 0.3411764705882353033 0.6784313725490196401 0.4431372549019607643 #
face $2875 -1 $-1 $2876 $2877 $4 $-1 $2878 reversed single #
loop $-1 -1 $-1 $-1 $2879 $2596 #
plane-surface $-1 -1 $-1 119.9900000000000091 -210.6000000000000227 2.794999999999999929 1 0 0 0 0 1 forward_v I I I I #
coedge $-1 -1 $-1 $2880 $2797 $2881 $2882 forward $2597 $-1 #
coedge $-1 -1 $-1 $2694 $2599 $2691 $2820 forward $2476 $-1 #
coedge $-1 -1 $-1 $2797 $2880 $2599 $2737 reversed $2597 $-1 #
edge $2883 -1 $-1 $2671 100.7999999999999972 $2884 101.5999999999999943 $2599 $2885 forward @7 unknown #
edge $2886 -1 $-1 $2741 0 $2641 1.600000000000000311 $2600 $2887 forward @7 unknown #
coedge $-1 -1 $-1 $2662 $2601 $2888 $2889 reversed $2663 $-1 #
DXID-attrib $-1 -1 $-1 $-1 $2602 @18 ASM_EDGE_FROM_STEP @3 890 #
vertex $-1 -1 $-1 $2602 $2890 #
straight-curve $-1 -1 $-1 119.9900000000000091 -109.8000000000000114 4.595000000000000639 3.996005990017468701 -3.196804792013978158 8.591412878537555642 F 0 F 0.2444301105870697044 #
DXID-attrib $-1 -1 $-1 $-1 $2603 @18 ASM_EDGE_FROM_STEP @3 804 #
straight-curve $-1 -1 $-1 124.9050000000000011 -105.1500000000000057 10.09500000000000064 0 0.3091994459479999735 -0.9509972148360000821 F 0 F 5.983193127418370949 #
point $-1 -1 $-1 124.9050000000000011 -105.1500000000000057 10.09500000000000064 #
DXID-attrib $-1 -1 $-1 $-1 $2607 @18 ASM_EDGE_FROM_STEP @4 1307 #
vertex $-1 -1 $-1 $2607 $2891 #
ellipse-curve $-1 -1 $-1 119.1899999999999977 -107.0500000000000114 10.09500000000000064 0 0 1 1.449999999999999956 0 0 1 I I #
point $-1 -1 $-1 124.4500000000000028 -107.0500000000000114 10.09500000000000064 #
coedge $-1 -1 $-1 $2621 $2614 $2892 $2893 forward $1919 $-1 #
coedge $-1 -1 $-1 $2790 $2789 $2614 $2752 reversed $2791 $-1 #
edge $2894 -1 $-1 $2754 3.705000000000000515 $2895 3.914999999999999591 $2751 $2896 forward @7 unknown #
DXID-attrib $-1 -1 $-1 $-1 $2616 @18 ASM_EDGE_FROM_STEP @3 897 #
vertex $-1 -1 $-1 $2795 $2897 #
straight-curve $-1 -1 $-1 120.9667441860467108 -110.5813953488373755 6.695000000000000284 7.808688094430321414 -6.246950475544219117 3.727835685289071967e-13 F 1.388395193188980778e-28 F 0.002978197319711190817 #
point $-1 -1 $-1 120.9667441860470092 -110.5813953488370061 6.695000000000000284 #
coedge $-1 -1 $-1 $2898 $2899 $2621 $2758 reversed $2877 $-1 #
edge $2900 -1 $-1 $2901 0 $2761 0.3553488372094000258 $2621 $2902 forward @7 unknown #
coedge $-1 -1 $-1 $2784 $2622 $2899 $2903 reversed $2650 $-1 #
DXID-attrib $-1 -1 $-1 $-1 $2623 @18 ASM_EDGE_FROM_STEP @3 944 #
vertex $-1 -1 $-1 $2623 $2904 #
straight-curve $-1 -1 $-1 124.776744186046713 -110.5813953488373755 6.695000000000000284 7.808688094430302762 -6.246950475544243098 0 F 3.467754125820913548e-17 F 0.002978197319711247196 #
point $-1 -1 $-1 124.8000000000000114 -110.6000000000000085 6.695000000000000284 #
DXID-attrib $-1 -1 $-1 $2628 $2506 @18 ASM_FACE_FROM_STEP @20 pcb-179-dup-dxid-159 #
rgb_color-st-attrib $-1 -1 $2905 $-1 $2629 0.8823529411764705621 0.7098039215686274828 0.4901960784313725283 #
plane-surface $-1 -1 $-1 122.2500000000000142 -90.49999999999998579 4.595000000000000639 -1 0 0 0 0 -1 forward_v I I I I #
coedge $-1 -1 $-1 $2767 $2767 $2806 $2906 reversed $2630 $-1 #
coedge $-1 -1 $-1 $2768 $2768 $2907 $2908 reversed $2632 $-1 #
DXID-attrib $-1 -1 $-1 $2635 $2516 @18 ASM_FACE_FROM_STEP @7 pcb-853 #
rgb_color-st-attrib $-1 -1 $2909 $-1 $2636 0.3411764705882353033 0.6784313725490196401 0.4431372549019607643 #
face $2910 -1 $-1 $2911 $2650 $4 $-1 $2912 reversed single #
plane-surface $-1 -1 $-1 119.9900000000000091 -109.8000000000000114 3.695000000000000284 0.6246950475544246206 0.7808688094430300541 0 0 0 -10 forward_v I I I I #
DXID-attrib $-1 -1 $-1 $-1 $2639 @18 ASM_EDGE_FROM_STEP @3 755 #
straight-curve $-1 -1 $-1 118.3900000000000006 -109.8000000000000114 4.595000000000000639 0 0 -1 F 0 F 1.800000000000000488 #
point $-1 -1 $-1 118.3900000000000006 -109.8000000000000114 4.595000000000000639 #
coedge $-1 -1 $-1 $2913 $2914 $2645 $2777 reversed $2915 $-1 #
edge $2916 -1 $-1 $2782 0 $2793 0.005122499389946304389 $2645 $2917 forward @7 unknown #
coedge $-1 -1 $-1 $2918 $2646 $2649 $2785 reversed $2780 $-1 #
coedge $-1 -1 $-1 $2646 $2918 $2913 $2919 forward $2780 $-1 #
loop $-1 -1 $-1 $-1 $2779 $2920 #
DXID-attrib $-1 -1 $-1 $-1 $2647 @18 ASM_EDGE_FROM_STEP @3 528 #
vertex $-1 -1 $-1 $2647 $2921 #
straight-curve $-1 -1 $-1 124.7600000000000051 -110.5680000000000121 1.594999999999999973 -10 0 0 F 0 F 0.3520000000000000906 #
coedge $-1 -1 $-1 $2649 $2759 $2922 $2923 reversed $2650 $-1 #
edge $2924 -1 $-1 $2925 0 $2652 0.171797089614463494 $2649 $2926 forward @7 unknown #
point $-1 -1 $-1 124.7600000000000051 -110.5680000000000121 1.594999999999999973 #
DXID-attrib $-1 -1 $-1 $-1 $2654 @18 ASM_EDGE_FROM_STEP @3 867 #
straight-curve $-1 -1 $-1 124.8000000000000114 -110.6000000000000085 6.745000000000000107 0 0 -1 F 0.05000000000000004441 F 5.149999999999999467 #
coedge $-1 -1 $-1 $2751 $2659 $2914 $2927 forward $2791 $-1 #
coedge $-1 -1 $-1 $2659 $2751 $2661 $2795 forward $2791 $-1 #
loop $-1 -1 $-1 $-1 $2790 $2911 #
DXID-attrib $-1 -1 $-1 $-1 $2660 @18 ASM_EDGE_FROM_STEP @3 510 #
vertex $-1 -1 $-1 $2777 $2928 #
straight-curve $-1 -1 $-1 117.2849999999999966 -110.6000000000000085 1.594999999999999973 1 0 0 F 3.705000000000000515 F 3.914999999999999591 #
edge $2929 -1 $-1 $2754 0.05000000000000004441 $2665 5.149999999999999467 $2661 $2930 forward @7 unknown #
point $-1 -1 $-1 120.9900000000000091 -110.6000000000000085 1.594999999999999973 #
coedge $-1 -1 $-1 $2734 $2736 $2667 $2798 forward $2597 $-1 #
edge $2931 -1 $-1 $2671 0 $2800 1.600000000000000311 $2667 $2932 forward @7 unknown #
DXID-attrib $-1 -1 $-1 $-1 $2668 @18 ASM_EDGE_FROM_STEP @3 843 #
vertex $-1 -1 $-1 $2668 $2933 #
straight-curve $-1 -1 $-1 119.9900000000000091 -109.8000000000000114 2.794999999999999929 5.587987562271125697 -4.470390049816902689 -6.984984452838906677 F 0 F 0.171797089614463494 #
point $-1 -1 $-1 118.3900000000000006 -109.8000000000000114 2.794999999999999929 #
DXID-attrib $-1 -1 $-1 $2674 $2556 @18 ASM_FACE_FROM_STEP @20 pcb-154-dup-dxid-158 #
loop $-1 -1 $-1 $-1 $2907 $2556 #
coedge $-1 -1 $-1 $2805 $2805 $2679 $2807 reversed $2675 $-1 #
coedge $-1 -1 $-1 $2806 $2806 $2767 $2906 forward $2677 $-1 #
edge $2934 -1 $-1 $2935 0 $2935 6.283185307179586232 $2679 $2936 forward @7 unknown #
DXID-attrib $-1 -1 $-1 $-1 $2680 @18 ASM_EDGE_FROM_STEP @2 92 #
vertex $-1 -1 $-1 $2680 $2937 #
ellipse-curve $-1 -1 $-1 109.5000000000000142 -93.5 4.595000000000000639 1 0 0 0 1.500000000000000222 0 1 I I #
point $-1 -1 $-1 111.0000000000000142 -90.49999999999998579 4.595000000000000639 #
DXID-attrib $-1 -1 $-1 $2686 $2567 @18 ASM_FACE_FROM_STEP @8 pcb-1797 #
rgb_color-st-attrib $-1 -1 $2938 $-1 $2687 0.8235294117647058432 0.8196078431372548767 0.7803921568627451011 #
loop $-1 -1 $-1 $2939 $2940 $2687 #
plane-surface $-1 -1 $-1 122.2000000000000028 -109 2.794999999999999929 0 1 0 1 0 0 forward_v I I I I #
coedge $-1 -1 $-1 $2941 $2942 $2943 $2944 forward $2688 $-1 #
coedge $-1 -1 $-1 $2945 $2946 $2947 $2948 reversed $2690 $-1 #
coedge $-1 -1 $-1 $2949 $2691 $2880 $2950 forward $2568 $-1 #
coedge $-1 -1 $-1 $2691 $2949 $2692 $2822 reversed $2568 $-1 #
edge $2951 -1 $-1 $2884 0 $2824 1.800000000000000488 $2735 $2952 forward @7 unknown #
coedge $-1 -1 $-1 $2693 $2692 $2879 $2953 reversed $2442 $-1 #
edge $2954 -1 $-1 $2824 0 $2955 1.600000000000000311 $2692 $2956 forward @7 unknown #
DXID-attrib $-1 -1 $-1 $-1 $2695 @18 ASM_EDGE_FROM_STEP @4 1362 #
vertex $-1 -1 $-1 $2820 $2957 #
straight-curve $-1 -1 $-1 118.3900000000000006 -210.6000000000000227 4.595000000000000639 0 1 0 F 100.7999999999999972 F 101.5999999999999943 #
coedge $-1 -1 $-1 $2958 $2696 $2959 $2960 reversed $2311 $-1 #
coedge $-1 -1 $-1 $2961 $2962 $2696 $2828 forward $2963 $-1 #
edge $2964 -1 $-1 $2965 -2.155226400136372344 $2833 -0.9863662534530404091 $2696 $2966 forward @7 unknown #
coedge $-1 -1 $-1 $2700 $2697 $2702 $2842 forward $2831 $-1 #
coedge $-1 -1 $-1 $2697 $2967 $2961 $2968 reversed $2831 $-1 #
loop $-1 -1 $-1 $-1 $2829 $2969 #
DXID-attrib $-1 -1 $-1 $-1 $2698 @18 ASM_EDGE_FROM_STEP @4 1714 #
vertex $-1 -1 $-1 $2698 $2970 #
straight-curve $-1 -1 $-1 119.9900000000000091 -108.259338662245014 10.09500000000000064 0 0 1 F -7.300000000000000711 F -5.5 #
coedge $-1 -1 $-1 $2699 $2958 $2971 $2972 forward $2311 $-1 #
coedge $-1 -1 $-1 $2973 $2974 $2699 $2837 forward $2975 $-1 #
edge $2976 -1 $-1 $2840 0.9863662534530404091 $2977 2.155226400136372344 $2699 $2978 forward @7 unknown #
coedge $-1 -1 $-1 $2967 $2700 $2974 $2979 reversed $2831 $-1 #
DXID-attrib $-1 -1 $-1 $-1 $2701 @18 ASM_EDGE_FROM_STEP @4 1663 #
vertex $-1 -1 $-1 $2837 $2980 #
straight-curve $-1 -1 $-1 119.9900000000000091 -105.8406613377550087 10.09500000000000064 0 0 1 F -7.300000000000000711 F -5.5 #
edge $2981 -1 $-1 $2705 0.7406613377549999822 $2706 3.159338662245000151 $2702 $2982 forward @7 unknown #
face $2983 -1 $-1 $2969 $2703 $4 $-1 $2984 reversed single #
DXID-attrib $-1 -1 $-1 $2704 $2575 @18 ASM_EDGE_FROM_STEP @4 1654 #
point $-1 -1 $-1 119.9900000000000091 -108.259338662245014 2.794999999999999929 #
point $-1 -1 $-1 119.9900000000000091 -105.8406613377550087 2.794999999999999929 #
coedge $-1 -1 $-1 $2717 $2708 $2985 $2986 reversed $2194 $-1 #
coedge $-1 -1 $-1 $2987 $2988 $2708 $2849 forward $2989 $-1 #
edge $2990 -1 $-1 $2991 -7.300000000000000711 $2854 -5.5 $2708 $2992 forward @7 unknown #
coedge $-1 -1 $-1 $2993 $2709 $2712 $2857 forward $2852 $-1 #
coedge $-1 -1 $-1 $2709 $2993 $2987 $2994 forward $2852 $-1 #
loop $-1 -1 $-1 $-1 $2993 $2995 #
DXID-attrib $-1 -1 $-1 $-1 $2710 @18 ASM_EDGE_FROM_STEP @4 1612 #
vertex $-1 -1 $-1 $2710 $2996 #
ellipse-curve $-1 -1 $-1 123 -107.0500000000000114 4.595000000000000639 0 0 1 1.449999999999999956 0 0 1 F -2.155226400136752929 F -0.9863662534534206605 #
coedge $-1 -1 $-1 $2712 $2720 $2997 $2998 reversed $2713 $-1 #
edge $2999 -1 $-1 $2715 0.7406613377549999822 $3000 0.8625718414529999212 $2712 $3001 forward @7 unknown #
face $3002 -1 $-1 $2995 $2713 $4 $-1 $3003 reversed single #
point $-1 -1 $-1 123.8000000000000114 -108.259338662245014 4.595000000000000639 #
coedge $-1 -1 $-1 $2988 $3004 $2717 $2861 reversed $2989 $-1 #
edge $3005 -1 $-1 $3006 -7.300000000000000711 $2866 -5.5 $2717 $3007 forward @7 unknown #
coedge $-1 -1 $-1 $3008 $2718 $3004 $3009 forward $2864 $-1 #
coedge $-1 -1 $-1 $2718 $3008 $2720 $2868 forward $2864 $-1 #
loop $-1 -1 $-1 $-1 $2718 $3010 #
DXID-attrib $-1 -1 $-1 $-1 $2719 @18 ASM_EDGE_FROM_STEP @4 1578 #
vertex $-1 -1 $-1 $2861 $3011 #
ellipse-curve $-1 -1 $-1 123 -107.0500000000000114 4.595000000000000639 0 0 1 1.449999999999999956 0 0 1 F 0.9863662534534206605 F 2.155226400136752485 #
edge $3012 -1 $-1 $3013 3.037428158547000212 $2722 3.159338662245000151 $2720 $3014 forward @7 unknown #
point $-1 -1 $-1 123.8000000000000114 -105.8406613377550087 4.595000000000000639 #
DXID-attrib $-1 -1 $-1 $-1 $2724 @18 ASM_EDGE_FROM_STEP @4 1865 #
straight-curve $-1 -1 $-1 123.8000000000000114 -109 2.794999999999999929 0 1 0 F 0.7406613377549999822 F 3.159338662245000151 #
rgb_color-st-attrib $-1 -1 $3015 $-1 $2725 0.3411764705882353033 0.6784313725490196401 0.4431372549019607643 #
plane-surface $-1 -1 $-1 122.2000000000000028 -210.6000000000000227 2.794999999999999929 0 0 -1 1 0 0 forward_v I I I I #
DXID-attrib $-1 -1 $-1 $2730 $2596 @18 ASM_FACE_FROM_STEP @8 pcb-1404 #
rgb_color-st-attrib $-1 -1 $3016 $-1 $2731 0.3411764705882353033 0.6784313725490196401 0.4431372549019607643 #
face $3017 -1 $-1 $3018 $3019 $4 $-1 $3020 reversed single #
loop $-1 -1 $-1 $-1 $2899 $2731 #
plane-surface $-1 -1 $-1 123 -109.8000000000000114 4.595000000000000639 0 0.9372218510575616168 0.3487337120214186736 0 -3.487337120214186736 9.372218510575615724 forward_v I I I I #
coedge $-1 -1 $-1 $3021 $2888 $2821 $2953 forward $2732 $-1 #
coedge $-1 -1 $-1 $2736 $2734 $2818 $2950 reversed $2597 $-1 #
coedge $-1 -1 $-1 $2888 $3021 $2734 $2882 reversed $2732 $-1 #
edge $3022 -1 $-1 $2800 100.7999999999999972 $3023 101.5999999999999943 $2734 $3024 forward @7 unknown #
DXID-attrib $-1 -1 $-1 $-1 $2737 @18 ASM_EDGE_FROM_STEP @4 1353 #
vertex $-1 -1 $-1 $2737 $3025 #
straight-curve $-1 -1 $-1 118.3900000000000006 -210.6000000000000227 2.794999999999999929 0 1 0 F 100.7999999999999972 F 101.5999999999999943 #
DXID-attrib $-1 -1 $-1 $-1 $2738 @18 ASM_EDGE_FROM_STEP @4 1337 #
straight-curve $-1 -1 $-1 119.9900000000000091 -109.8000000000000114 4.595000000000000639 -1 0 0 F 0 F 1.600000000000000311 #
coedge $-1 -1 $-1 $2879 $2881 $2739 $2889 forward $2732 $-1 #
edge $3026 -1 $-1 $2800 0 $2741 1.800000000000000488 $2739 $3027 forward @7 unknown #
point $-1 -1 $-1 119.9900000000000091 -109.8000000000000114 4.595000000000000639 #
point $-1 -1 $-1 120.6400000000000006 -107.0500000000000114 10.09500000000000064 #
coedge $-1 -1 $-1 $2914 $3028 $2750 $2893 reversed $2915 $-1 #
edge $3029 -1 $-1 $2895 -2.167346328638220419e-17 $2901 0.002978197319711191251 $2892 $3030 forward @7 unknown #
DXID-attrib $-1 -1 $-1 $-1 $2752 @18 ASM_EDGE_FROM_STEP @3 963 #
vertex $-1 -1 $-1 $2927 $3031 #
straight-curve $-1 -1 $-1 117.2849999999999966 -110.6000000000000085 6.695000000000000284 1 0 0 F 3.705000000000000515 F 3.914999999999999591 #
point $-1 -1 $-1 120.9900000000000091 -110.6000000000000085 6.695000000000000284 #
coedge $-1 -1 $-1 $3032 $2757 $3028 $3033 reversed $2877 $-1 #
coedge $-1 -1 $-1 $2757 $3032 $2759 $2903 forward $2877 $-1 #
DXID-attrib $-1 -1 $-1 $-1 $2758 @18 ASM_EDGE_FROM_STEP @4 1245 #
vertex $-1 -1 $-1 $3033 $3034 #
straight-curve $-1 -1 $-1 121.2232558139530028 -110.5813953488370061 6.695000000000000284 10 0 0 F 0 F 0.3553488372094000258 #
edge $3035 -1 $-1 $3036 0 $2761 0.2444301105870696766 $2759 $3037 forward @7 unknown #
point $-1 -1 $-1 124.7767441860469972 -110.5813953488370061 6.695000000000000284 #
DXID-attrib $-1 -1 $-1 $2765 $2629 @18 ASM_FACE_FROM_STEP @20 pcb-204-dup-dxid-160 #
edge $3038 -1 $-1 $3039 0 $3039 6.283185307179586232 $2806 $3040 forward @7 unknown #
coedge $-1 -1 $-1 $2907 $2907 $2768 $2908 forward $2804 $-1 #
edge $3041 -1 $-1 $3042 0 $3042 6.283185307179586232 $2907 $3043 forward @7 unknown #
DXID-attrib $-1 -1 $-1 $2770 $2636 @18 ASM_FACE_FROM_STEP @7 pcb-877 #
rgb_color-st-attrib $-1 -1 $3044 $-1 $2771 0.3411764705882353033 0.6784313725490196401 0.4431372549019607643 #
face $3045 -1 $-1 $2920 $2791 $4 $-1 $3046 reversed single #
plane-surface $-1 -1 $-1 123.8000000000000114 -109.8000000000000114 3.695000000000000284 0.6246950475544246206 0.7808688094430299431 0 0 0 -10 forward_v I I I I #
coedge $-1 -1 $-1 $3047 $2776 $2779 $2919 reversed $2915 $-1 #
coedge $-1 -1 $-1 $2776 $2892 $2789 $2927 reversed $2915 $-1 #
loop $-1 -1 $-1 $-1 $3028 $3048 #
DXID-attrib $-1 -1 $-1 $-1 $2777 @18 ASM_EDGE_FROM_STEP @3 518 #
straight-curve $-1 -1 $-1 121.2400000000000091 -110.5680000000000121 1.594999999999999973 -7.808688094430271676 -6.246950475544281289 0 F 0 F 0.005122499389946304389 #
coedge $-1 -1 $-1 $2779 $2778 $3049 $3050 reversed $2780 $-1 #
edge $3051 -1 $-1 $3052 -0 $2782 0.171797089614463494 $2779 $3053 forward @7 unknown #
face $3054 -1 $-1 $3048 $2780 $4 $-1 $3055 reversed single #
point $-1 -1 $-1 121.2400000000000091 -110.5680000000000121 1.594999999999999973 #
coedge $-1 -1 $-1 $3056 $3057 $2784 $2923 forward $3019 $-1 #
edge $3058 -1 $-1 $2925 0 $3036 1.800000000000000488 $2784 $3059 forward @7 unknown #
DXID-attrib $-1 -1 $-1 $-1 $2785 @18 ASM_EDGE_FROM_STEP @3 922 #
vertex $-1 -1 $-1 $2785 $3060 #
straight-curve $-1 -1 $-1 123.8000000000000114 -109.8000000000000114 2.794999999999999929 5.58798756227112392 -4.470390049816902689 -6.984984452838906677 F 0 F 0.171797089614463494 #
edge $3061 -1 $-1 $2793 0.05000000000000000971 $2895 5.149999999999999467 $2789 $3062 forward @7 unknown #
point $-1 -1 $-1 121.2000000000000171 -110.6000000000000085 1.594999999999999973 #
DXID-attrib $-1 -1 $-1 $-1 $2795 @18 ASM_EDGE_FROM_STEP @3 907 #
straight-curve $-1 -1 $-1 120.9900000000000091 -110.6000000000000085 6.745000000000000107 0 0 -1 F 0.05000000000000004441 F 5.149999999999999467 #
DXID-attrib $-1 -1 $-1 $-1 $2798 @18 ASM_EDGE_FROM_STEP @3 835 #
straight-curve $-1 -1 $-1 118.3900000000000006 -109.8000000000000114 2.794999999999999929 1 0 0 F 0 F 1.600000000000000311 #
point $-1 -1 $-1 119.9900000000000091 -109.8000000000000114 2.794999999999999929 #
DXID-attrib $-1 -1 $-1 $-1 $2807 @18 ASM_EDGE_FROM_STEP @3 121 #
vertex $-1 -1 $-1 $2807 $3063 #
ellipse-curve $-1 -1 $-1 113.75 -93.5 4.595000000000000639 -1 0 0 0 2.700000000000000178 0 1 I I #
point $-1 -1 $-1 109.5000000000000142 -92 4.595000000000000639 #
DXID-attrib $-1 -1 $-1 $2813 $2687 @18 ASM_FACE_FROM_STEP @8 pcb-1814 #
loop $-1 -1 $-1 $-1 $3064 $2687 #
coedge $-1 -1 $-1 $3065 $3066 $3067 $3068 reversed $2814 $-1 #
coedge $-1 -1 $-1 $3069 $2816 $3066 $3070 forward $2688 $-1 #
coedge $-1 -1 $-1 $2816 $3069 $3032 $3071 forward $2688 $-1 #
coedge $-1 -1 $-1 $3072 $3067 $2816 $2944 reversed $3073 $-1 #
edge $3074 -1 $-1 $3075 100.7999999999999972 $3076 101.5999999999999943 $2943 $3077 forward @7 unknown #
coedge $-1 -1 $-1 $3078 $2817 $3079 $3080 reversed $2690 $-1 #
coedge $-1 -1 $-1 $2817 $3078 $3081 $3082 reversed $2690 $-1 #
coedge $-1 -1 $-1 $3083 $3084 $2817 $2948 forward $3085 $-1 #
edge $3086 -1 $-1 $3087 0 $3088 1.500000000000000222 $2817 $3089 forward @7 unknown #
coedge $-1 -1 $-1 $2819 $2818 $3021 $3090 forward $2568 $-1 #
edge $3091 -1 $-1 $2884 0 $3023 1.600000000000000311 $2880 $3092 forward @7 unknown #
DXID-attrib $-1 -1 $-1 $-1 $2820 @18 ASM_EDGE_FROM_STEP @4 1370 #
straight-curve $-1 -1 $-1 118.3900000000000006 -109 2.794999999999999929 0 0 1 F 0 F 1.800000000000000488 #
edge $3093 -1 $-1 $2741 100.7999999999999972 $2955 101.5999999999999943 $2879 $3094 forward @7 unknown #
DXID-attrib $-1 -1 $-1 $-1 $2822 @18 ASM_EDGE_FROM_STEP @4 1741 #
vertex $-1 -1 $-1 $2953 $3095 #
straight-curve $-1 -1 $-1 118.3900000000000006 -109 4.595000000000000639 1 0 0 F 0 F 1.600000000000000311 #
point $-1 -1 $-1 118.3900000000000006 -109 4.595000000000000639 #
coedge $-1 -1 $-1 $2835 $2826 $3096 $3097 reversed $2311 $-1 #
coedge $-1 -1 $-1 $3098 $3099 $2826 $2960 forward $3100 $-1 #
edge $3101 -1 $-1 $3102 -7.300000000000000711 $2965 -5.5 $2826 $3103 forward @7 unknown #
coedge $-1 -1 $-1 $3104 $2827 $2830 $2968 forward $2963 $-1 #
coedge $-1 -1 $-1 $2827 $3104 $3098 $3105 forward $2963 $-1 #
loop $-1 -1 $-1 $-1 $3104 $3106 #
DXID-attrib $-1 -1 $-1 $-1 $2828 @18 ASM_EDGE_FROM_STEP @4 1705 #
vertex $-1 -1 $-1 $2828 $3107 #
ellipse-curve $-1 -1 $-1 119.1899999999999977 -107.0500000000000114 4.595000000000000639 0 0 1 1.449999999999999956 0 0 1 F -2.155226400136372344 F -0.9863662534530404091 #
coedge $-1 -1 $-1 $2830 $2838 $3108 $3109 reversed $2831 $-1 #
edge $3110 -1 $-1 $2833 0.7406613377560000711 $3111 0.8625718414529999212 $2830 $3112 forward @7 unknown #
face $3113 -1 $-1 $3106 $2831 $4 $-1 $3114 reversed single #
point $-1 -1 $-1 119.9900000000000091 -108.2593386622440192 4.595000000000000639 #
coedge $-1 -1 $-1 $3099 $3115 $2835 $2972 reversed $3100 $-1 #
edge $3116 -1 $-1 $3117 -7.300000000000000711 $2977 -5.5 $2835 $3118 forward @7 unknown #
coedge $-1 -1 $-1 $3119 $2836 $3115 $3120 forward $2975 $-1 #
coedge $-1 -1 $-1 $2836 $3119 $2838 $2979 forward $2975 $-1 #
loop $-1 -1 $-1 $-1 $2836 $3121 #
DXID-attrib $-1 -1 $-1 $-1 $2837 @18 ASM_EDGE_FROM_STEP @4 1671 #
vertex $-1 -1 $-1 $2972 $3122 #
ellipse-curve $-1 -1 $-1 119.1899999999999977 -107.0500000000000114 4.595000000000000639 0 0 1 1.449999999999999956 0 0 1 F 0.9863662534530404091 F 2.155226400136372344 #
edge $3123 -1 $-1 $3124 3.037428158547000212 $2840 3.159338662244000062 $2838 $3125 forward @7 unknown #
point $-1 -1 $-1 119.9900000000000091 -105.8406613377560035 4.595000000000000639 #
DXID-attrib $-1 -1 $-1 $-1 $2842 @18 ASM_EDGE_FROM_STEP @4 1998 #
straight-curve $-1 -1 $-1 119.9900000000000091 -109 2.794999999999999929 0 1 0 F 0.7406613377549999822 F 3.159338662245000151 #
rgb_color-st-attrib $-1 -1 $3126 $-1 $2843 0.3411764705882353033 0.6784313725490196401 0.4431372549019607643 #
plane-surface $-1 -1 $-1 118.3900000000000006 -210.6000000000000227 2.794999999999999929 0 0 -1 1 0 0 forward_v I I I I #
coedge $-1 -1 $-1 $3127 $3127 $2847 $2986 forward $3128 $-1 #
edge $3129 -1 $-1 $3006 2.155226400136372344 $2991 4.127958907043213443 $2847 $3130 forward @7 unknown #
coedge $-1 -1 $-1 $3131 $2848 $2851 $2994 reversed $2989 $-1 #
coedge $-1 -1 $-1 $2848 $2860 $3127 $3132 forward $2989 $-1 #
loop $-1 -1 $-1 $-1 $2860 $3133 #
DXID-attrib $-1 -1 $-1 $-1 $2849 @18 ASM_EDGE_FROM_STEP @4 1604 #
vertex $-1 -1 $-1 $2849 $3134 #
straight-curve $-1 -1 $-1 122.2000000000000028 -108.259338662245014 10.09500000000000064 0 0 1 F -7.300000000000000711 F -5.5 #
coedge $-1 -1 $-1 $2851 $2850 $3135 $3136 reversed $2852 $-1 #
edge $3137 -1 $-1 $3138 3.137428158547000301 $2854 3.259338662244000151 $2851 $3139 forward @7 unknown #
face $3140 -1 $-1 $3133 $2852 $4 $-1 $3141 forward single #
point $-1 -1 $-1 122.2000000000000028 -108.2593386622440192 4.595000000000000639 #
coedge $-1 -1 $-1 $3142 $3142 $2856 $2998 forward $3143 $-1 #
edge $3144 -1 $-1 $3000 0.8625718414529999212 $3013 3.037428158547000212 $2856 $3145 forward @7 unknown #
DXID-attrib $-1 -1 $-1 $-1 $2857 @18 ASM_EDGE_FROM_STEP @4 1882 #
vertex $-1 -1 $-1 $2998 $3146 #
straight-curve $-1 -1 $-1 123.8000000000000114 -109 4.595000000000000639 0 1 0 F 0.7406613377549999822 F 0.8625718414529999212 #
rgb_color-st-attrib $-1 -1 $3147 $-1 $2858 0.8235294117647058432 0.8196078431372548767 0.7803921568627451011 #
plane-surface $-1 -1 $-1 123.8000000000000114 -109 2.794999999999999929 -1 0 0 0 1 0 forward_v I I I I #
coedge $-1 -1 $-1 $2860 $3131 $2862 $3009 reversed $2989 $-1 #
DXID-attrib $-1 -1 $-1 $-1 $2861 @18 ASM_EDGE_FROM_STEP @4 1587 #
vertex $-1 -1 $-1 $2986 $3148 #
straight-curve $-1 -1 $-1 122.2000000000000028 -105.8406613377550087 10.09500000000000064 0 0 1 F -7.300000000000000711 F -5.5 #
coedge $-1 -1 $-1 $2863 $2862 $3149 $3150 reversed $2864 $-1 #
edge $3151 -1 $-1 $2866 0.8406613377559999378 $3152 0.96257184145300001 $3004 $3153 forward @7 unknown #
face $3154 -1 $-1 $2843 $2864 $4 $-1 $3155 forward single #
point $-1 -1 $-1 122.2000000000000028 -105.8406613377560035 4.595000000000000639 #
DXID-attrib $-1 -1 $-1 $-1 $2868 @18 ASM_EDGE_FROM_STEP @4 1898 #
vertex $-1 -1 $-1 $2868 $3156 #
straight-curve $-1 -1 $-1 123.8000000000000114 -109 4.595000000000000639 0 1 0 F 3.037428158547000212 F 3.159338662245000151 #
DXID-attrib $-1 -1 $-1 $2872 $2725 @18 ASM_FACE_FROM_STEP @8 pcb-1860 #
DXID-attrib $-1 -1 $-1 $2875 $2731 @18 ASM_FACE_FROM_STEP @8 pcb-1428 #
rgb_color-st-attrib $-1 -1 $3157 $-1 $2876 0.3411764705882353033 0.6784313725490196401 0.4431372549019607643 #
face $3158 -1 $-1 $3159 $3160 $4 $-1 $3161 reversed single #
loop $-1 -1 $-1 $-1 $3056 $2876 #
plane-surface $-1 -1 $-1 123.8000000000000114 -210.6000000000000227 2.794999999999999929 1 0 0 0 0 1 forward_v I I I I #
coedge $-1 -1 $-1 $2881 $2879 $2949 $3090 reversed $2732 $-1 #
DXID-attrib $-1 -1 $-1 $-1 $2882 @18 ASM_EDGE_FROM_STEP @4 1384 #
vertex $-1 -1 $-1 $2882 $3162 #
straight-curve $-1 -1 $-1 119.9900000000000091 -210.6000000000000227 2.794999999999999929 0 1 0 F 100.7999999999999972 F 101.5999999999999943 #
point $-1 -1 $-1 118.3900000000000006 -109 2.794999999999999929 #
DXID-attrib $-1 -1 $-1 $-1 $2889 @18 ASM_EDGE_FROM_STEP @3 882 #
straight-curve $-1 -1 $-1 119.9900000000000091 -109.8000000000000114 2.794999999999999929 0 0 1 F 0 F 1.800000000000000488 #
coedge $-1 -1 $-1 $2892 $3047 $2898 $3033 forward $2915 $-1 #
DXID-attrib $-1 -1 $-1 $-1 $2893 @18 ASM_EDGE_FROM_STEP @4 1027 #
straight-curve $-1 -1 $-1 121.2000000000000171 -110.6000000000000085 6.695000000000000284 7.808688094430321414 6.246950475544219117 0 F -2.167346328638220419e-17 F 0.002978197319711191251 #
point $-1 -1 $-1 121.2000000000000171 -110.6000000000000085 6.695000000000000284 #
coedge $-1 -1 $-1 $2899 $2898 $2942 $3071 reversed $2877 $-1 #
edge $3163 -1 $-1 $3075 0 $2901 0.2444301105870697044 $3028 $3164 forward @7 unknown #
point $-1 -1 $-1 121.2232558139530028 -110.5813953488370061 6.695000000000000284 #
DXID-attrib $-1 -1 $-1 $-1 $2903 @18 ASM_EDGE_FROM_STEP @3 937 #
vertex $-1 -1 $-1 $2903 $3165 #
straight-curve $-1 -1 $-1 123.8000000000000114 -109.8000000000000114 4.595000000000000639 3.996005990017470033 -3.196804792013978158 8.591412878537555642 F 0 F 0.2444301105870696766 #
DXID-attrib $-1 -1 $-1 $-1 $2906 @18 ASM_EDGE_FROM_STEP @3 141 #
vertex $-1 -1 $-1 $2906 $3166 #
ellipse-curve $-1 -1 $-1 109.5000000000000142 -93.5 4.595000000000000639 1 0 0 0 0 -0.4000000000000000777 1 I I #
DXID-attrib $-1 -1 $-1 $-1 $2908 @18 ASM_EDGE_FROM_STEP @3 158 #
vertex $-1 -1 $-1 $2908 $3167 #
ellipse-curve $-1 -1 $-1 122.2500000000000142 -93.5 4.595000000000000639 -1 0 0 0 2.700000000000000178 0 1 I I #
DXID-attrib $-1 -1 $-1 $2910 $2771 @18 ASM_FACE_FROM_STEP @7 pcb-918 #
rgb_color-st-attrib $-1 -1 $3168 $-1 $2911 0.3411764705882353033 0.6784313725490196401 0.4431372549019607643 #
plane-surface $-1 -1 $-1 117.2849999999999966 -110.6000000000000085 10.09500000000000064 0 1 0 0 0 -1 forward_v I I I I #
coedge $-1 -1 $-1 $3028 $2913 $3072 $3169 reversed $2915 $-1 #
face $3170 -1 $-1 $892 $2915 $4 $-1 $3171 reversed single #
coedge $-1 -1 $-1 $3172 $3173 $2918 $3050 forward $3160 $-1 #
edge $3174 -1 $-1 $3052 0 $2925 1.600000000000000755 $2918 $3175 forward @7 unknown #
DXID-attrib $-1 -1 $-1 $-1 $2919 @18 ASM_EDGE_FROM_STEP @3 986 #
vertex $-1 -1 $-1 $2919 $3176 #
straight-curve $-1 -1 $-1 122.2000000000000028 -109.8000000000000114 2.794999999999999929 -5.587987562271125697 -4.470390049816902689 -6.984984452838906677 F -0 F 0.171797089614463494 #
rgb_color-st-attrib $-1 -1 $3177 $-1 $2920 0.3411764705882353033 0.6784313725490196401 0.4431372549019607643 #
plane-surface $-1 -1 $-1 123 -109.8000000000000114 2.794999999999999929 0 0.8422714006615111826 -0.5390536964233676454 -10 0 0 forward_v I I I I #
coedge $-1 -1 $-1 $3178 $2922 $3069 $3179 forward $3019 $-1 #
coedge $-1 -1 $-1 $2922 $3178 $3172 $3180 reversed $3019 $-1 #
DXID-attrib $-1 -1 $-1 $-1 $2923 @18 ASM_EDGE_FROM_STEP @3 929 #
straight-curve $-1 -1 $-1 123.8000000000000114 -109.8000000000000114 2.794999999999999929 0 0 1 F 0 F 1.800000000000000488 #
point $-1 -1 $-1 123.8000000000000114 -109.8000000000000114 2.794999999999999929 #
DXID-attrib $-1 -1 $-1 $-1 $2927 @18 ASM_EDGE_FROM_STEP @3 971 #
straight-curve $-1 -1 $-1 121.2000000000000171 -110.6000000000000085 1.544999999999999929 0 0 1 F 0.05000000000000000971 F 5.149999999999999467 #
point $-1 -1 $-1 113.75 -90.79999999999999716 4.595000000000000639 #
coedge $-1 -1 $-1 $3181 $3182 $3183 $3184 reversed $2939 $-1 #
coedge $-1 -1 $-1 $3185 $2940 $3186 $3187 forward $2814 $-1 #
coedge $-1 -1 $-1 $2940 $3185 $2941 $3070 reversed $2814 $-1 #
coedge $-1 -1 $-1 $2943 $3188 $2940 $3068 forward $3073 $-1 #
edge $3189 -1 $-1 $3190 0 $3076 1.800000000000000488 $3067 $3191 forward @7 unknown #
coedge $-1 -1 $-1 $2942 $2941 $3056 $3179 reversed $2688 $-1 #
edge $3192 -1 $-1 $3076 0 $3193 1.600000000000000755 $2941 $3194 forward @7 unknown #
edge $3195 -1 $-1 $3036 0 $3075 1.600000000000000755 $3032 $3196 forward @7 unknown #
coedge $-1 -1 $-1 $3188 $2943 $3047 $3169 forward $3073 $-1 #
loop $-1 -1 $-1 $-1 $3188 $3159 #
DXID-attrib $-1 -1 $-1 $-1 $2944 @18 ASM_EDGE_FROM_STEP @4 1506 #
vertex $-1 -1 $-1 $3033 $3197 #
vertex $-1 -1 $-1 $3068 $3198 #
straight-curve $-1 -1 $-1 122.2000000000000028 -210.6000000000000227 4.595000000000000639 0 1 0 F 100.7999999999999972 F 101.5999999999999943 #
coedge $-1 -1 $-1 $2946 $2945 $3199 $3200 reversed $2690 $-1 #
coedge $-1 -1 $-1 $3201 $3202 $2945 $3080 forward $3203 $-1 #
edge $3204 -1 $-1 $3205 0 $3087 1.300000000000000044 $2945 $3206 forward @7 unknown #
coedge $-1 -1 $-1 $3207 $3208 $2946 $3082 forward $3209 $-1 #
edge $3210 -1 $-1 $3088 0 $3211 1.300000000000000044 $2946 $3212 forward @7 unknown #
coedge $-1 -1 $-1 $3213 $2947 $3208 $3214 reversed $3085 $-1 #
coedge $-1 -1 $-1 $2947 $3213 $3201 $3215 forward $3085 $-1 #
loop $-1 -1 $-1 $-1 $3084 $3216 #
DXID-attrib $-1 -1 $-1 $-1 $2948 @18 ASM_EDGE_FROM_STEP @4 1761 #
vertex $-1 -1 $-1 $2948 $3217 #
vertex $-1 -1 $-1 $2948 $3218 #
straight-curve $-1 -1 $-1 118.5400000000000063 -109 4.445000000000000284 0 0 -1 F 0 F 1.500000000000000222 #
edge $3219 -1 $-1 $3023 0 $2955 1.800000000000000488 $3021 $3220 forward @7 unknown #
DXID-attrib $-1 -1 $-1 $-1 $2950 @18 ASM_EDGE_FROM_STEP @4 1394 #
straight-curve $-1 -1 $-1 118.3900000000000006 -109 2.794999999999999929 1 0 0 F 0 F 1.600000000000000311 #
DXID-attrib $-1 -1 $-1 $-1 $2953 @18 ASM_EDGE_FROM_STEP @4 1408 #
straight-curve $-1 -1 $-1 119.9900000000000091 -210.6000000000000227 4.595000000000000639 0 1 0 F 100.7999999999999972 F 101.5999999999999943 #
point $-1 -1 $-1 119.9900000000000091 -109 4.595000000000000639 #
coedge $-1 -1 $-1 $3221 $3221 $2958 $3097 forward $3222 $-1 #
edge $3223 -1 $-1 $3117 2.155226400136372344 $3102 4.127958907043213443 $2958 $3224 forward @7 unknown #
coedge $-1 -1 $-1 $3225 $2959 $2962 $3105 reversed $3100 $-1 #
coedge $-1 -1 $-1 $2959 $2971 $3221 $3226 forward $3100 $-1 #
loop $-1 -1 $-1 $-1 $2971 $3227 #
DXID-attrib $-1 -1 $-1 $-1 $2960 @18 ASM_EDGE_FROM_STEP @4 1697 #
vertex $-1 -1 $-1 $2960 $3228 #
straight-curve $-1 -1 $-1 118.3900000000000006 -108.259338662245014 10.09500000000000064 0 0 1 F -7.300000000000000711 F -5.5 #
coedge $-1 -1 $-1 $2962 $2961 $3229 $3230 reversed $2963 $-1 #
edge $3231 -1 $-1 $3232 3.137428158547000301 $2965 3.25933866224500024 $2962 $3233 forward @7 unknown #
face $3234 -1 $-1 $3227 $2963 $4 $-1 $3235 forward single #
point $-1 -1 $-1 118.3900000000000006 -108.259338662245014 4.595000000000000639 #
coedge $-1 -1 $-1 $3236 $3236 $2967 $3109 forward $3237 $-1 #
edge $3238 -1 $-1 $3111 0.8625718414529999212 $3124 3.037428158547000212 $2967 $3239 forward @7 unknown #
DXID-attrib $-1 -1 $-1 $-1 $2968 @18 ASM_EDGE_FROM_STEP @4 2015 #
vertex $-1 -1 $-1 $3109 $3240 #
straight-curve $-1 -1 $-1 119.9900000000000091 -109 4.595000000000000639 0 1 0 F 0.7406613377560000711 F 0.8625718414529999212 #
rgb_color-st-attrib $-1 -1 $3241 $-1 $2969 0.8235294117647058432 0.8196078431372548767 0.7803921568627451011 #
plane-surface $-1 -1 $-1 119.9900000000000091 -109 2.794999999999999929 -1 0 0 0 1 0 forward_v I I I I #
coedge $-1 -1 $-1 $2971 $3225 $2973 $3120 reversed $3100 $-1 #
DXID-attrib $-1 -1 $-1 $-1 $2972 @18 ASM_EDGE_FROM_STEP @4 1680 #
vertex $-1 -1 $-1 $3097 $3242 #
straight-curve $-1 -1 $-1 118.3900000000000006 -105.8406613377550087 10.09500000000000064 0 0 1 F -7.300000000000000711 F -5.5 #
coedge $-1 -1 $-1 $2974 $2973 $3243 $3244 reversed $2975 $-1 #
edge $3245 -1 $-1 $2977 0.840661337755000071 $3246 0.96257184145300001 $3115 $3247 forward @7 unknown #
face $3248 -1 $-1 $3216 $2975 $4 $-1 $3249 forward single #
point $-1 -1 $-1 118.3900000000000006 -105.8406613377550087 4.595000000000000639 #
DXID-attrib $-1 -1 $-1 $-1 $2979 @18 ASM_EDGE_FROM_STEP @4 2031 #
vertex $-1 -1 $-1 $2979 $3250 #
straight-curve $-1 -1 $-1 119.9900000000000091 -109 4.595000000000000639 0 1 0 F 3.037428158547000212 F 3.159338662244000062 #
DXID-attrib $-1 -1 $-1 $2983 $2843 @18 ASM_FACE_FROM_STEP @8 pcb-1993 #
coedge $-1 -1 $-1 $2985 $2985 $2988 $3132 reversed $3128 $-1 #
loop $-1 -1 $-1 $-1 $3127 $3251 #
DXID-attrib $-1 -1 $-1 $-1 $2986 @18 ASM_EDGE_FROM_STEP @4 1595 #
ellipse-curve $-1 -1 $-1 123 -107.0500000000000114 2.794999999999999929 0 0 1 1.449999999999999956 0 0 1 F 2.155226400136372344 F 4.127958907043213443 #
coedge $-1 -1 $-1 $3004 $2987 $3252 $3253 reversed $2989 $-1 #
edge $3254 -1 $-1 $3006 0.840661337755000071 $2991 3.25933866224500024 $2988 $3255 forward @7 unknown #
face $3256 -1 $-1 $3251 $2989 $4 $-1 $3257 reversed single #
point $-1 -1 $-1 122.2000000000000028 -108.259338662245014 2.794999999999999929 #
coedge $-1 -1 $-1 $3258 $3259 $2993 $3136 forward $3260 $-1 #
edge $3261 -1 $-1 $3138 -2.20506997491720691 $3000 -0.9365226786725858732 $2993 $3262 forward @7 unknown #
DXID-attrib $-1 -1 $-1 $-1 $2994 @18 ASM_EDGE_FROM_STEP @4 1922 #
vertex $-1 -1 $-1 $3136 $3263 #
straight-curve $-1 -1 $-1 122.2000000000000028 -105.0000000000000142 4.595000000000000639 0 -1 0 F 3.137428158547000301 F 3.259338662244000151 #
rgb_color-st-attrib $-1 -1 $3264 $-1 $2995 0.8235294117647058432 0.8196078431372548767 0.7803921568627451011 #
plane-surface $-1 -1 $-1 123 -107.0000000000000142 4.595000000000000639 0 0 1 1 0 0 forward_v I I I I #
coedge $-1 -1 $-1 $2997 $2997 $3258 $3265 reversed $3143 $-1 #
loop $-1 -1 $-1 $-1 $3142 $3266 #
DXID-attrib $-1 -1 $-1 $-1 $2998 @18 ASM_EDGE_FROM_STEP @4 1890 #
straight-curve $-1 -1 $-1 123.8000000000000114 -109 4.595000000000000639 0 1 0 F 0.8625718414529999212 F 3.037428158547000212 #
point $-1 -1 $-1 123.8000000000000114 -108.1374281585470101 4.595000000000000639 #
DXID-attrib $-1 -1 $-1 $3002 $2858 @18 ASM_FACE_FROM_STEP @8 pcb-1876 #
point $-1 -1 $-1 122.2000000000000028 -105.8406613377550087 2.794999999999999929 #
coedge $-1 -1 $-1 $3259 $3258 $3008 $3150 forward $3260 $-1 #
edge $3267 -1 $-1 $3013 0.9365226786725858732 $3152 2.20506997491720691 $3008 $3268 forward @7 unknown #
DXID-attrib $-1 -1 $-1 $-1 $3009 @18 ASM_EDGE_FROM_STEP @4 1939 #
vertex $-1 -1 $-1 $3253 $3269 #
straight-curve $-1 -1 $-1 122.2000000000000028 -105.0000000000000142 4.595000000000000639 0 -1 0 F 0.8406613377559999378 F 0.96257184145300001 #
rgb_color-st-attrib $-1 -1 $3270 $-1 $3010 0.8235294117647058432 0.8196078431372548767 0.7803921568627451011 #
plane-surface $-1 -1 $-1 123 -107.0000000000000142 4.595000000000000639 0 0 1 1 0 0 forward_v I I I I #
point $-1 -1 $-1 123.8000000000000114 -105.9625718414530127 4.595000000000000639 #
DXID-attrib $-1 -1 $-1 $3017 $2876 @18 ASM_FACE_FROM_STEP @8 pcb-1445 #
rgb_color-st-attrib $-1 -1 $3271 $-1 $3018 0.3411764705882353033 0.6784313725490196401 0.4431372549019607643 #
face $3272 -1 $-1 $1833 $3073 $4 $-1 $3273 reversed single #
loop $-1 -1 $-1 $-1 $3172 $3018 #
plane-surface $-1 -1 $-1 122.2000000000000028 -210.6000000000000227 2.794999999999999929 0 0 -1 1 0 0 forward_v I I I I #
point $-1 -1 $-1 119.9900000000000091 -109 2.794999999999999929 #
DXID-attrib $-1 -1 $-1 $-1 $3033 @18 ASM_EDGE_FROM_STEP @4 1009 #
straight-curve $-1 -1 $-1 122.2000000000000028 -109.8000000000000114 4.595000000000000639 -3.996005990017467369 -3.196804792013976826 8.591412878537557418 F 0 F 0.2444301105870697044 #
point $-1 -1 $-1 123.8000000000000114 -109.8000000000000114 4.595000000000000639 #
point $-1 -1 $-1 109.5000000000000142 -93.5 4.195000000000000284 #
point $-1 -1 $-1 122.2500000000000142 -90.79999999999999716 4.595000000000000639 #
DXID-attrib $-1 -1 $-1 $3045 $2911 @18 ASM_FACE_FROM_STEP @7 pcb-958 #
edge $3274 -1 $-1 $3075 0 $3052 1.800000000000000488 $3047 $3275 forward @7 unknown #
rgb_color-st-attrib $-1 -1 $3276 $-1 $3048 0.3411764705882353033 0.6784313725490196401 0.4431372549019607643 #
plane-surface $-1 -1 $-1 122.2000000000000028 -109.8000000000000114 3.695000000000000284 -0.6246950475544246206 0.7808688094430300541 0 0 0 10 forward_v I I I I #
coedge $-1 -1 $-1 $3186 $3049 $3057 $3180 forward $3160 $-1 #
coedge $-1 -1 $-1 $3049 $3186 $3188 $3277 reversed $3160 $-1 #
DXID-attrib $-1 -1 $-1 $-1 $3050 @18 ASM_EDGE_FROM_STEP @3 993 #
straight-curve $-1 -1 $-1 122.2000000000000028 -109.8000000000000114 2.794999999999999929 1 0 0 F 0 F 1.600000000000000755 #
point $-1 -1 $-1 122.2000000000000028 -109.8000000000000114 2.794999999999999929 #
DXID-attrib $-1 -1 $-1 $3054 $2920 @18 ASM_FACE_FROM_STEP @7 pcb-982 #
coedge $-1 -1 $-1 $3057 $3056 $3185 $3278 reversed $3019 $-1 #
edge $3279 -1 $-1 $3036 100.7999999999999972 $3193 101.5999999999999943 $3056 $3280 forward @7 unknown #
edge $3281 -1 $-1 $2925 100.7999999999999972 $3282 101.5999999999999943 $3057 $3283 forward @7 unknown #
coedge $-1 -1 $-1 $3284 $3064 $3285 $3286 reversed $2939 $-1 #
coedge $-1 -1 $-1 $3064 $3284 $3287 $3288 reversed $2939 $-1 #
coedge $-1 -1 $-1 $3289 $3290 $3064 $3184 forward $3291 $-1 #
edge $3292 -1 $-1 $3293 0 $3294 1.500000000000000222 $3064 $3295 forward @7 unknown #
coedge $-1 -1 $-1 $3066 $3065 $3178 $3278 forward $2814 $-1 #
coedge $-1 -1 $-1 $3173 $3172 $3065 $3187 reversed $3160 $-1 #
edge $3296 -1 $-1 $3190 0 $3282 1.600000000000000755 $3186 $3297 forward @7 unknown #
coedge $-1 -1 $-1 $3067 $3072 $3173 $3277 forward $3073 $-1 #
DXID-attrib $-1 -1 $-1 $-1 $3068 @18 ASM_EDGE_FROM_STEP @4 1514 #
vertex $-1 -1 $-1 $3187 $3298 #
straight-curve $-1 -1 $-1 122.2000000000000028 -109 2.794999999999999929 0 0 1 F 0 F 1.800000000000000488 #
DXID-attrib $-1 -1 $-1 $-1 $3070 @18 ASM_EDGE_FROM_STEP @4 1804 #
vertex $-1 -1 $-1 $3179 $3299 #
straight-curve $-1 -1 $-1 122.2000000000000028 -109 4.595000000000000639 1 0 0 F 0 F 1.600000000000000755 #
DXID-attrib $-1 -1 $-1 $-1 $3071 @18 ASM_EDGE_FROM_STEP @4 1433 #
straight-curve $-1 -1 $-1 123.8000000000000114 -109.8000000000000114 4.595000000000000639 -1 0 0 F 0 F 1.600000000000000755 #
point $-1 -1 $-1 122.2000000000000028 -109.8000000000000114 4.595000000000000639 #
point $-1 -1 $-1 122.2000000000000028 -109 4.595000000000000639 #
coedge $-1 -1 $-1 $3300 $3301 $3078 $3200 forward $3302 $-1 #
edge $3303 -1 $-1 $3211 0 $3205 1.500000000000000222 $3078 $3304 forward @7 unknown #
coedge $-1 -1 $-1 $3305 $3079 $3084 $3215 reversed $3203 $-1 #
coedge $-1 -1 $-1 $3079 $3305 $3300 $3306 forward $3203 $-1 #
loop $-1 -1 $-1 $-1 $3202 $3307 #
DXID-attrib $-1 -1 $-1 $-1 $3080 @18 ASM_EDGE_FROM_STEP @4 1787 #
vertex $-1 -1 $-1 $3080 $3308 #
straight-curve $-1 -1 $-1 119.8400000000000034 -109 4.445000000000000284 -1 0 0 F 0 F 1.300000000000000044 #
coedge $-1 -1 $-1 $3309 $3081 $3301 $3310 reversed $3209 $-1 #
coedge $-1 -1 $-1 $3081 $3309 $3083 $3214 forward $3209 $-1 #
loop $-1 -1 $-1 $-1 $3208 $3311 #
DXID-attrib $-1 -1 $-1 $-1 $3082 @18 ASM_EDGE_FROM_STEP @4 1771 #
vertex $-1 -1 $-1 $3200 $3312 #
straight-curve $-1 -1 $-1 118.5400000000000063 -109 2.94499999999999984 1 0 0 F 0 F 1.300000000000000044 #
coedge $-1 -1 $-1 $3084 $3083 $3313 $3314 reversed $3085 $-1 #
edge $3315 -1 $-1 $3316 0 $3088 4 $3083 $3317 forward @7 unknown #
edge $3318 -1 $-1 $3319 0 $3087 4 $3084 $3320 forward @7 unknown #
face $3321 -1 $-1 $3307 $3085 $4 $-1 $3322 forward single #
point $-1 -1 $-1 118.5400000000000063 -109 4.445000000000000284 #
point $-1 -1 $-1 118.5400000000000063 -109 2.94499999999999984 #
DXID-attrib $-1 -1 $-1 $-1 $3090 @18 ASM_EDGE_FROM_STEP @4 1418 #
straight-curve $-1 -1 $-1 119.9900000000000091 -109 2.794999999999999929 0 0 1 F 0 F 1.800000000000000488 #
coedge $-1 -1 $-1 $3096 $3096 $3099 $3226 reversed $3222 $-1 #
loop $-1 -1 $-1 $-1 $3221 $3323 #
DXID-attrib $-1 -1 $-1 $-1 $3097 @18 ASM_EDGE_FROM_STEP @4 1688 #
ellipse-curve $-1 -1 $-1 119.1899999999999977 -107.0500000000000114 2.794999999999999929 0 0 1 1.449999999999999956 0 0 1 F 2.155226400136372344 F 4.127958907043213443 #
coedge $-1 -1 $-1 $3115 $3098 $3324 $3325 reversed $3100 $-1 #
edge $3326 -1 $-1 $3117 0.840661337755000071 $3102 3.25933866224500024 $3099 $3327 forward @7 unknown #
face $3328 -1 $-1 $3323 $3100 $4 $-1 $3329 reversed single #
point $-1 -1 $-1 118.3900000000000006 -108.259338662245014 2.794999999999999929 #
coedge $-1 -1 $-1 $3330 $3331 $3104 $3230 forward $3332 $-1 #
edge $3333 -1 $-1 $3232 -2.20506997491720691 $3111 -0.9365226786725862063 $3104 $3334 forward @7 unknown #
DXID-attrib $-1 -1 $-1 $-1 $3105 @18 ASM_EDGE_FROM_STEP @4 2055 #
vertex $-1 -1 $-1 $3230 $3335 #
straight-curve $-1 -1 $-1 118.3900000000000006 -105.0000000000000142 4.595000000000000639 0 -1 0 F 3.137428158547000301 F 3.25933866224500024 #
rgb_color-st-attrib $-1 -1 $3336 $-1 $3106 0.8235294117647058432 0.8196078431372548767 0.7803921568627451011 #
plane-surface $-1 -1 $-1 119.1899999999999977 -107.0000000000000142 4.595000000000000639 0 0 1 1 0 0 forward_v I I I I #
coedge $-1 -1 $-1 $3108 $3108 $3330 $3337 reversed $3237 $-1 #
loop $-1 -1 $-1 $-1 $3236 $3338 #
DXID-attrib $-1 -1 $-1 $-1 $3109 @18 ASM_EDGE_FROM_STEP @4 2023 #
straight-curve $-1 -1 $-1 119.9900000000000091 -109 4.595000000000000639 0 1 0 F 0.8625718414529999212 F 3.037428158547000212 #
point $-1 -1 $-1 119.9900000000000091 -108.1374281585470101 4.595000000000000639 #
DXID-attrib $-1 -1 $-1 $3113 $2969 @18 ASM_FACE_FROM_STEP @8 pcb-2009 #
point $-1 -1 $-1 118.3900000000000006 -105.8406613377550087 2.794999999999999929 #
coedge $-1 -1 $-1 $3331 $3330 $3119 $3244 forward $3332 $-1 #
edge $3339 -1 $-1 $3124 0.9365226786725862063 $3246 2.20506997491720691 $3119 $3340 forward @7 unknown #
DXID-attrib $-1 -1 $-1 $-1 $3120 @18 ASM_EDGE_FROM_STEP @4 2072 #
vertex $-1 -1 $-1 $3325 $3341 #
straight-curve $-1 -1 $-1 118.3900000000000006 -105.0000000000000142 4.595000000000000639 0 -1 0 F 0.840661337755000071 F 0.96257184145300001 #
rgb_color-st-attrib $-1 -1 $3342 $-1 $3121 0.8235294117647058432 0.8196078431372548767 0.7803921568627451011 #
plane-surface $-1 -1 $-1 119.1899999999999977 -107.0000000000000142 4.595000000000000639 0 0 1 1 0 0 forward_v I I I I #
point $-1 -1 $-1 119.9900000000000091 -105.9625718414530127 4.595000000000000639 #
face $3343 -1 $-1 $3010 $3128 $4 $-1 $3344 reversed single #
coedge $-1 -1 $-1 $3345 $3345 $3131 $3253 forward $3346 $-1 #
edge $3347 -1 $-1 $3152 0.96257184145300001 $3138 3.137428158547000301 $3131 $3348 forward @7 unknown #
DXID-attrib $-1 -1 $-1 $-1 $3132 @18 ASM_EDGE_FROM_STEP @4 1955 #
straight-curve $-1 -1 $-1 122.2000000000000028 -105.0000000000000142 2.794999999999999929 0 -1 0 F 0.840661337755000071 F 3.25933866224500024 #
rgb_color-st-attrib $-1 -1 $3349 $-1 $3133 0.8235294117647058432 0.8196078431372548767 0.7803921568627451011 #
plane-surface $-1 -1 $-1 122.2000000000000028 -105.0000000000000142 2.794999999999999929 1 0 0 0 -1 0 forward_v I I I I #
coedge $-1 -1 $-1 $3149 $3135 $3142 $3265 forward $3260 $-1 #
coedge $-1 -1 $-1 $3135 $3149 $3345 $3350 forward $3260 $-1 #
loop $-1 -1 $-1 $3351 $3258 $3352 #
DXID-attrib $-1 -1 $-1 $-1 $3136 @18 ASM_EDGE_FROM_STEP @4 1913 #
ellipse-curve $-1 -1 $-1 123 -107.0500000000000114 4.595000000000000639 0 0 1 1.350000000000000089 0 0 1 F -2.20506997491720691 F -0.9365226786725858732 #
point $-1 -1 $-1 122.2000000000000028 -108.1374281585470101 4.595000000000000639 #
DXID-attrib $-1 -1 $-1 $3140 $2995 @18 ASM_FACE_FROM_STEP @8 pcb-1909 #
edge $3353 -1 $-1 $3000 -0.9365226786725858732 $3013 0.9365226786725858732 $3142 $3354 forward @7 unknown #
face $3355 -1 $-1 $3352 $3143 $4 $-1 $3356 reversed single #
DXID-attrib $-1 -1 $-1 $-1 $3150 @18 ASM_EDGE_FROM_STEP @4 1981 #
ellipse-curve $-1 -1 $-1 123 -107.0500000000000114 4.595000000000000639 0 0 1 1.350000000000000089 0 0 1 F 0.9365226786725858732 F 2.20506997491720691 #
point $-1 -1 $-1 122.2000000000000028 -105.9625718414530127 4.595000000000000639 #
DXID-attrib $-1 -1 $-1 $3154 $3010 @18 ASM_FACE_FROM_STEP @8 pcb-1975 #
DXID-attrib $-1 -1 $-1 $3158 $3018 @18 ASM_FACE_FROM_STEP @8 pcb-1476 #
rgb_color-st-attrib $-1 -1 $3357 $-1 $3159 0.3411764705882353033 0.6784313725490196401 0.4431372549019607643 #
plane-surface $-1 -1 $-1 122.2000000000000028 -210.6000000000000227 4.595000000000000639 -1 -0 -0 0 0 -1 forward_v I I I I #
DXID-attrib $-1 -1 $-1 $-1 $3169 @18 ASM_EDGE_FROM_STEP @4 1018 #
straight-curve $-1 -1 $-1 122.2000000000000028 -109.8000000000000114 4.595000000000000639 0 0 -1 F 0 F 1.800000000000000488 #
DXID-attrib $-1 -1 $-1 $3170 $3048 @18 ASM_FACE_FROM_STEP @8 pcb-1005 #
edge $3358 -1 $-1 $3052 100.7999999999999972 $3190 101.5999999999999943 $3173 $3359 forward @7 unknown #
edge $3360 -1 $-1 $3282 0 $3193 1.800000000000000488 $3178 $3361 forward @7 unknown #
DXID-attrib $-1 -1 $-1 $-1 $3179 @18 ASM_EDGE_FROM_STEP @4 1449 #
straight-curve $-1 -1 $-1 123.8000000000000114 -210.6000000000000227 4.595000000000000639 0 1 0 F 100.7999999999999972 F 101.5999999999999943 #
DXID-attrib $-1 -1 $-1 $-1 $3180 @18 ASM_EDGE_FROM_STEP @4 1458 #
vertex $-1 -1 $-1 $3278 $3362 #
straight-curve $-1 -1 $-1 123.8000000000000114 -210.6000000000000227 2.794999999999999929 0 1 0 F 100.7999999999999972 F 101.5999999999999943 #
coedge $-1 -1 $-1 $3182 $3181 $3363 $3364 reversed $2939 $-1 #
coedge $-1 -1 $-1 $3365 $3366 $3181 $3286 forward $3367 $-1 #
edge $3368 -1 $-1 $3369 0 $3293 1.299999999999999378 $3181 $3370 forward @7 unknown #
coedge $-1 -1 $-1 $3371 $3372 $3182 $3288 forward $3373 $-1 #
edge $3374 -1 $-1 $3294 0 $3375 1.299999999999999378 $3182 $3376 forward @7 unknown #
coedge $-1 -1 $-1 $3377 $3183 $3372 $3378 reversed $3291 $-1 #
coedge $-1 -1 $-1 $3183 $3377 $3365 $3379 forward $3291 $-1 #
loop $-1 -1 $-1 $-1 $3290 $3380 #
DXID-attrib $-1 -1 $-1 $-1 $3184 @18 ASM_EDGE_FROM_STEP @4 1824 #
vertex $-1 -1 $-1 $3184 $3381 #
vertex $-1 -1 $-1 $3184 $3382 #
straight-curve $-1 -1 $-1 122.3500000000000085 -109 4.445000000000000284 0 0 -1 F 0 F 1.500000000000000222 #
DXID-attrib $-1 -1 $-1 $-1 $3187 @18 ASM_EDGE_FROM_STEP @4 1490 #
straight-curve $-1 -1 $-1 122.2000000000000028 -109 2.794999999999999929 1 0 0 F 0 F 1.600000000000000755 #
point $-1 -1 $-1 122.2000000000000028 -109 2.794999999999999929 #
point $-1 -1 $-1 123.8000000000000114 -109 4.595000000000000639 #
coedge $-1 -1 $-1 $3383 $3199 $3202 $3306 reversed $3302 $-1 #
coedge $-1 -1 $-1 $3199 $3383 $3207 $3310 forward $3302 $-1 #
loop $-1 -1 $-1 $-1 $3301 $3384 #
DXID-attrib $-1 -1 $-1 $-1 $3200 @18 ASM_EDGE_FROM_STEP @4 1779 #
straight-curve $-1 -1 $-1 119.8400000000000034 -109 2.94499999999999984 0 0 1 F 0 F 1.500000000000000222 #
coedge $-1 -1 $-1 $3202 $3201 $3385 $3386 reversed $3203 $-1 #
edge $3387 -1 $-1 $3388 0 $3205 4 $3202 $3389 forward @7 unknown #
face $3390 -1 $-1 $3384 $3203 $4 $-1 $3391 forward single #
point $-1 -1 $-1 119.8400000000000034 -109 4.445000000000000284 #
coedge $-1 -1 $-1 $3208 $3207 $3392 $3393 reversed $3209 $-1 #
edge $3394 -1 $-1 $3395 0 $3211 4 $3301 $3396 forward @7 unknown #
face $3397 -1 $-1 $3380 $3209 $4 $-1 $3398 forward single #
point $-1 -1 $-1 119.8400000000000034 -109 2.94499999999999984 #
coedge $-1 -1 $-1 $3392 $3385 $3213 $3314 forward $3399 $-1 #
edge $3400 -1 $-1 $3319 0 $3316 1.500000000000000222 $3213 $3401 forward @7 unknown #
DXID-attrib $-1 -1 $-1 $-1 $3214 @18 ASM_EDGE_FROM_STEP @4 2139 #
vertex $-1 -1 $-1 $3214 $3402 #
straight-curve $-1 -1 $-1 118.5400000000000063 -105.0000000000000142 2.94499999999999984 0 -1 0 F 0 F 4 #
DXID-attrib $-1 -1 $-1 $-1 $3215 @18 ASM_EDGE_FROM_STEP @4 2130 #
vertex $-1 -1 $-1 $3215 $3403 #
straight-curve $-1 -1 $-1 118.5400000000000063 -105.0000000000000142 4.445000000000000284 0 -1 0 F 0 F 4 #
rgb_color-st-attrib $-1 -1 $3404 $-1 $3216 0.8235294117647058432 0.8196078431372548767 0.7803921568627451011 #
plane-surface $-1 -1 $-1 118.5400000000000063 -105.0000000000000142 4.445000000000000284 1 0 0 0 0 -1 forward_v I I I I #
face $3405 -1 $-1 $3121 $3222 $4 $-1 $3406 reversed single #
coedge $-1 -1 $-1 $3407 $3407 $3225 $3325 forward $3408 $-1 #
edge $3409 -1 $-1 $3246 0.96257184145300001 $3232 3.137428158547000301 $3225 $3410 forward @7 unknown #
DXID-attrib $-1 -1 $-1 $-1 $3226 @18 ASM_EDGE_FROM_STEP @4 2088 #
straight-curve $-1 -1 $-1 118.3900000000000006 -105.0000000000000142 2.794999999999999929 0 -1 0 F 0.840661337755000071 F 3.25933866224500024 #
rgb_color-st-attrib $-1 -1 $3411 $-1 $3227 0.8235294117647058432 0.8196078431372548767 0.7803921568627451011 #
plane-surface $-1 -1 $-1 118.3900000000000006 -105.0000000000000142 2.794999999999999929 1 0 0 0 -1 0 forward_v I I I I #
coedge $-1 -1 $-1 $3243 $3229 $3236 $3337 forward $3332 $-1 #
coedge $-1 -1 $-1 $3229 $3243 $3407 $3412 forward $3332 $-1 #
loop $-1 -1 $-1 $3413 $3330 $3414 #
DXID-attrib $-1 -1 $-1 $-1 $3230 @18 ASM_EDGE_FROM_STEP @4 2046 #
ellipse-curve $-1 -1 $-1 119.1899999999999977 -107.0500000000000114 4.595000000000000639 0 0 1 1.350000000000000089 0 0 1 F -2.20506997491720691 F -0.9365226786725862063 #
point $-1 -1 $-1 118.3900000000000006 -108.1374281585470101 4.595000000000000639 #
DXID-attrib $-1 -1 $-1 $3234 $3106 @18 ASM_FACE_FROM_STEP @8 pcb-2042 #
edge $3415 -1 $-1 $3111 -0.9365226786725862063 $3124 0.9365226786725862063 $3236 $3416 forward @7 unknown #
face $3417 -1 $-1 $3414 $3237 $4 $-1 $3418 reversed single #
DXID-attrib $-1 -1 $-1 $-1 $3244 @18 ASM_EDGE_FROM_STEP @4 2114 #
ellipse-curve $-1 -1 $-1 119.1899999999999977 -107.0500000000000114 4.595000000000000639 0 0 1 1.350000000000000089 0 0 1 F 0.9365226786725862063 F 2.20506997491720691 #
point $-1 -1 $-1 118.3900000000000006 -105.9625718414530127 4.595000000000000639 #
DXID-attrib $-1 -1 $-1 $3248 $3121 @18 ASM_FACE_FROM_STEP @8 pcb-2108 #
rgb_color-st-attrib $-1 -1 $3419 $-1 $3251 0.3411764705882353033 0.6784313725490196401 0.4431372549019607643 #
plane-surface $-1 -1 $-1 122.2000000000000028 -210.6000000000000227 2.794999999999999929 0 0 -1 1 0 0 forward_v I I I I #
coedge $-1 -1 $-1 $3252 $3252 $3259 $3350 reversed $3346 $-1 #
loop $-1 -1 $-1 $-1 $3252 $3420 #
DXID-attrib $-1 -1 $-1 $-1 $3253 @18 ASM_EDGE_FROM_STEP @4 1947 #
straight-curve $-1 -1 $-1 122.2000000000000028 -105.0000000000000142 4.595000000000000639 0 -1 0 F 0.96257184145300001 F 3.137428158547000301 #
DXID-attrib $-1 -1 $-1 $3256 $3133 @18 ASM_FACE_FROM_STEP @8 pcb-1934 #
edge $3421 -1 $-1 $3152 2.20506997491720691 $3138 4.078115332262379766 $3259 $3422 forward @7 unknown #
loop $-1 -1 $-1 $-1 $3423 $3352 #
face $3424 -1 $-1 $3420 $3260 $4 $-1 $3425 forward single #
DXID-attrib $-1 -1 $3426 $-1 $3265 @18 ASM_EDGE_FROM_STEP @4 2331 #
ellipse-curve $-1 -1 $-1 123 -107.0500000000000114 4.595000000000000639 0 0 1 1.350000000000000089 0 0 1 F -0.9365226786725858732 F 0.9365226786725858732 #
rgb_color-st-attrib $-1 -1 $3427 $-1 $3266 0.8235294117647058432 0.8196078431372548767 0.7803921568627451011 #
plane-surface $-1 -1 $-1 123 -107.0500000000000114 4.595000000000000639 0 0 1 1 0 0 forward_v I I I I #
DXID-attrib $-1 -1 $-1 $3272 $3159 @18 ASM_FACE_FROM_STEP @8 pcb-1500 #
DXID-attrib $-1 -1 $-1 $-1 $3277 @18 ASM_EDGE_FROM_STEP @4 1482 #
straight-curve $-1 -1 $-1 122.2000000000000028 -210.6000000000000227 2.794999999999999929 0 1 0 F 100.7999999999999972 F 101.5999999999999943 #
DXID-attrib $-1 -1 $-1 $-1 $3278 @18 ASM_EDGE_FROM_STEP @4 1466 #
straight-curve $-1 -1 $-1 123.8000000000000114 -109 2.794999999999999929 0 0 1 F 0 F 1.800000000000000488 #
point $-1 -1 $-1 123.8000000000000114 -109 2.794999999999999929 #
coedge $-1 -1 $-1 $3428 $3429 $3284 $3364 forward $3430 $-1 #
edge $3431 -1 $-1 $3375 0 $3369 1.500000000000000222 $3284 $3432 forward @7 unknown #
coedge $-1 -1 $-1 $3433 $3285 $3290 $3379 reversed $3367 $-1 #
coedge $-1 -1 $-1 $3285 $3433 $3428 $3434 forward $3367 $-1 #
loop $-1 -1 $-1 $-1 $3366 $3435 #
DXID-attrib $-1 -1 $-1 $-1 $3286 @18 ASM_EDGE_FROM_STEP @4 1850 #
vertex $-1 -1 $-1 $3286 $3436 #
straight-curve $-1 -1 $-1 123.6500000000000057 -109 4.445000000000000284 -1 0 0 F 0 F 1.299999999999999378 #
coedge $-1 -1 $-1 $3437 $3287 $3429 $3438 reversed $3373 $-1 #
coedge $-1 -1 $-1 $3287 $3437 $3289 $3378 forward $3373 $-1 #
loop $-1 -1 $-1 $-1 $3372 $3439 #
DXID-attrib $-1 -1 $-1 $-1 $3288 @18 ASM_EDGE_FROM_STEP @4 1834 #
vertex $-1 -1 $-1 $3364 $3440 #
straight-curve $-1 -1 $-1 122.3500000000000085 -109 2.94499999999999984 1 0 0 F 0 F 1.299999999999999378 #
coedge $-1 -1 $-1 $3290 $3289 $3441 $3442 reversed $3291 $-1 #
edge $3443 -1 $-1 $3444 0 $3294 4 $3289 $3445 forward @7 unknown #
edge $3446 -1 $-1 $3447 0 $3293 4 $3290 $3448 forward @7 unknown #
face $3449 -1 $-1 $3435 $3291 $4 $-1 $3450 forward single #
point $-1 -1 $-1 122.3500000000000085 -109 4.445000000000000284 #
point $-1 -1 $-1 122.3500000000000085 -109 2.94499999999999984 #
coedge $-1 -1 $-1 $3301 $3300 $3451 $3452 reversed $3302 $-1 #
face $3453 -1 $-1 $3311 $3302 $4 $-1 $3454 forward single #
coedge $-1 -1 $-1 $3313 $3451 $3305 $3386 forward $3399 $-1 #
edge $3455 -1 $-1 $3388 0 $3319 1.300000000000000044 $3305 $3456 forward @7 unknown #
DXID-attrib $-1 -1 $-1 $-1 $3306 @18 ASM_EDGE_FROM_STEP @4 2161 #
vertex $-1 -1 $-1 $3306 $3457 #
straight-curve $-1 -1 $-1 119.8400000000000034 -105.0000000000000142 4.445000000000000284 0 -1 0 F 0 F 4 #
rgb_color-st-attrib $-1 -1 $3458 $-1 $3307 0.8235294117647058432 0.8196078431372548767 0.7803921568627451011 #
plane-surface $-1 -1 $-1 119.8400000000000034 -105.0000000000000142 4.445000000000000284 -0 -0 -1 -1 0 0 forward_v I I I I #
coedge $-1 -1 $-1 $3451 $3313 $3309 $3393 forward $3399 $-1 #
edge $3459 -1 $-1 $3316 0 $3395 1.300000000000000044 $3309 $3460 forward @7 unknown #
DXID-attrib $-1 -1 $-1 $-1 $3310 @18 ASM_EDGE_FROM_STEP @4 2185 #
vertex $-1 -1 $-1 $3310 $3461 #
straight-curve $-1 -1 $-1 119.8400000000000034 -105.0000000000000142 2.94499999999999984 0 -1 0 F 0 F 4 #
rgb_color-st-attrib $-1 -1 $3462 $-1 $3311 0.8235294117647058432 0.8196078431372548767 0.7803921568627451011 #
plane-surface $-1 -1 $-1 118.5400000000000063 -105.0000000000000142 2.94499999999999984 0 0 1 1 0 0 forward_v I I I I #
loop $-1 -1 $-1 $-1 $3385 $3463 #
DXID-attrib $-1 -1 $-1 $-1 $3314 @18 ASM_EDGE_FROM_STEP @4 2147 #
straight-curve $-1 -1 $-1 118.5400000000000063 -105.0000000000000142 4.445000000000000284 0 0 -1 F 0 F 1.500000000000000222 #
point $-1 -1 $-1 118.5400000000000063 -105.0000000000000142 2.94499999999999984 #
point $-1 -1 $-1 118.5400000000000063 -105.0000000000000142 4.445000000000000284 #
DXID-attrib $-1 -1 $-1 $3321 $3216 @18 ASM_FACE_FROM_STEP @8 pcb-2126 #
rgb_color-st-attrib $-1 -1 $3464 $-1 $3323 0.3411764705882353033 0.6784313725490196401 0.4431372549019607643 #
plane-surface $-1 -1 $-1 118.3900000000000006 -210.6000000000000227 2.794999999999999929 0 0 -1 1 0 0 forward_v I I I I #
coedge $-1 -1 $-1 $3324 $3324 $3331 $3412 reversed $3408 $-1 #
loop $-1 -1 $-1 $-1 $3324 $3465 #
DXID-attrib $-1 -1 $-1 $-1 $3325 @18 ASM_EDGE_FROM_STEP @4 2080 #
straight-curve $-1 -1 $-1 118.3900000000000006 -105.0000000000000142 4.595000000000000639 0 -1 0 F 0.96257184145300001 F 3.137428158547000301 #
DXID-attrib $-1 -1 $-1 $3328 $3227 @18 ASM_FACE_FROM_STEP @8 pcb-2067 #
edge $3466 -1 $-1 $3246 2.20506997491720691 $3232 4.078115332262379766 $3331 $3467 forward @7 unknown #
loop $-1 -1 $-1 $-1 $3468 $3414 #
face $3469 -1 $-1 $3465 $3332 $4 $-1 $3470 forward single #
DXID-attrib $-1 -1 $3471 $-1 $3337 @18 ASM_EDGE_FROM_STEP @4 2469 #
ellipse-curve $-1 -1 $-1 119.1899999999999977 -107.0500000000000114 4.595000000000000639 0 0 1 1.350000000000000089 0 0 1 F -0.9365226786725862063 F 0.9365226786725862063 #
rgb_color-st-attrib $-1 -1 $3472 $-1 $3338 0.8235294117647058432 0.8196078431372548767 0.7803921568627451011 #
plane-surface $-1 -1 $-1 119.1899999999999977 -107.0500000000000114 4.595000000000000639 0 0 1 1 0 0 forward_v I I I I #
DXID-attrib $-1 -1 $-1 $3343 $3251 @18 ASM_FACE_FROM_STEP @8 pcb-1965 #
face $3473 -1 $-1 $3338 $3346 $4 $-1 $3474 reversed single #
DXID-attrib $-1 -1 $-1 $-1 $3350 @18 ASM_EDGE_FROM_STEP @4 2432 #
ellipse-curve $-1 -1 $-1 123 -107.0500000000000114 4.595000000000000639 0 0 1 1.350000000000000089 0 0 1 F 2.20506997491720691 F 4.078115332262379766 #
coedge $-1 -1 $-1 $3475 $3476 $3477 $3478 reversed $3351 $-1 #
rgb_color-st-attrib $-1 -1 $3479 $-1 $3352 0.8235294117647058432 0.8196078431372548767 0.7803921568627451011 #
cone-surface $-1 -1 $-1 123 -107.0500000000000114 4.595000000000000639 -0 -0 -1 1.350000000000000089 0 0 1 I I 0 1 1.350000000000000089 forward I I I I #
DXID-attrib $-1 -1 $-1 $3353 $3265 @18 ASM_EDGE_FROM_STEP @4 2322 #
DXID-attrib $-1 -1 $-1 $3355 $3266 @18 ASM_FACE_FROM_STEP @8 pcb-2318 #
coedge $-1 -1 $-1 $3480 $3363 $3366 $3434 reversed $3430 $-1 #
coedge $-1 -1 $-1 $3363 $3480 $3371 $3438 forward $3430 $-1 #
loop $-1 -1 $-1 $-1 $3429 $3481 #
DXID-attrib $-1 -1 $-1 $-1 $3364 @18 ASM_EDGE_FROM_STEP @4 1842 #
straight-curve $-1 -1 $-1 123.6500000000000057 -109 2.94499999999999984 0 0 1 F 0 F 1.500000000000000222 #
coedge $-1 -1 $-1 $3366 $3365 $3482 $3483 reversed $3367 $-1 #
edge $3484 -1 $-1 $3485 0 $3369 4 $3366 $3486 forward @7 unknown #
face $3487 -1 $-1 $3481 $3367 $4 $-1 $3488 forward single #
point $-1 -1 $-1 123.6500000000000057 -109 4.445000000000000284 #
coedge $-1 -1 $-1 $3372 $3371 $3489 $3490 reversed $3373 $-1 #
edge $3491 -1 $-1 $3492 0 $3375 4 $3429 $3493 forward @7 unknown #
face $3494 -1 $-1 $3266 $3373 $4 $-1 $3495 forward single #
point $-1 -1 $-1 123.6500000000000057 -109 2.94499999999999984 #
coedge $-1 -1 $-1 $3489 $3482 $3377 $3442 forward $3496 $-1 #
edge $3497 -1 $-1 $3447 0 $3444 1.500000000000000222 $3377 $3498 forward @7 unknown #
DXID-attrib $-1 -1 $-1 $-1 $3378 @18 ASM_EDGE_FROM_STEP @4 2235 #
vertex $-1 -1 $-1 $3378 $3499 #
straight-curve $-1 -1 $-1 122.3500000000000085 -105.0000000000000142 2.94499999999999984 0 -1 0 F 0 F 4 #
DXID-attrib $-1 -1 $-1 $-1 $3379 @18 ASM_EDGE_FROM_STEP @4 2226 #
vertex $-1 -1 $-1 $3379 $3500 #
straight-curve $-1 -1 $-1 122.3500000000000085 -105.0000000000000142 4.445000000000000284 0 -1 0 F 0 F 4 #
rgb_color-st-attrib $-1 -1 $3501 $-1 $3380 0.8235294117647058432 0.8196078431372548767 0.7803921568627451011 #
plane-surface $-1 -1 $-1 122.3500000000000085 -105.0000000000000142 4.445000000000000284 1 0 0 0 0 -1 forward_v I I I I #
coedge $-1 -1 $-1 $3385 $3392 $3383 $3452 forward $3399 $-1 #
edge $3502 -1 $-1 $3395 0 $3388 1.500000000000000222 $3383 $3503 forward @7 unknown #
rgb_color-st-attrib $-1 -1 $3504 $-1 $3384 0.8235294117647058432 0.8196078431372548767 0.7803921568627451011 #
plane-surface $-1 -1 $-1 119.8400000000000034 -105.0000000000000142 2.94499999999999984 -1 0 0 0 0 1 forward_v I I I I #
DXID-attrib $-1 -1 $-1 $-1 $3386 @18 ASM_EDGE_FROM_STEP @4 2171 #
straight-curve $-1 -1 $-1 119.8400000000000034 -105.0000000000000142 4.445000000000000284 -1 0 0 F 0 F 1.300000000000000044 #
point $-1 -1 $-1 119.8400000000000034 -105.0000000000000142 4.445000000000000284 #
DXID-attrib $-1 -1 $-1 $3390 $3307 @18 ASM_FACE_FROM_STEP @8 pcb-2157 #
DXID-attrib $-1 -1 $-1 $-1 $3393 @18 ASM_EDGE_FROM_STEP @4 2212 #
straight-curve $-1 -1 $-1 118.5400000000000063 -105.0000000000000142 2.94499999999999984 1 0 0 F 0 F 1.300000000000000044 #
point $-1 -1 $-1 119.8400000000000034 -105.0000000000000142 2.94499999999999984 #
DXID-attrib $-1 -1 $-1 $3397 $3311 @18 ASM_FACE_FROM_STEP @8 pcb-2205 #
face $3505 -1 $-1 $3506 $3399 $4 $-1 $3507 forward single #
DXID-attrib $-1 -1 $-1 $3405 $3323 @18 ASM_FACE_FROM_STEP @8 pcb-2098 #
face $3508 -1 $-1 $3463 $3408 $4 $-1 $3509 reversed single #
DXID-attrib $-1 -1 $-1 $-1 $3412 @18 ASM_EDGE_FROM_STEP @4 2570 #
ellipse-curve $-1 -1 $-1 119.1899999999999977 -107.0500000000000114 4.595000000000000639 0 0 1 1.350000000000000089 0 0 1 F 2.20506997491720691 F 4.078115332262379766 #
coedge $-1 -1 $-1 $3510 $3511 $3512 $3513 reversed $3413 $-1 #
rgb_color-st-attrib $-1 -1 $3514 $-1 $3414 0.8235294117647058432 0.8196078431372548767 0.7803921568627451011 #
cone-surface $-1 -1 $-1 119.1899999999999977 -107.0500000000000114 4.595000000000000639 -0 -0 -1 1.350000000000000089 0 0 1 I I 0 1 1.350000000000000089 forward I I I I #
DXID-attrib $-1 -1 $-1 $3415 $3337 @18 ASM_EDGE_FROM_STEP @4 2460 #
DXID-attrib $-1 -1 $-1 $3417 $3338 @18 ASM_FACE_FROM_STEP @8 pcb-2456 #
rgb_color-st-attrib $-1 -1 $3515 $-1 $3420 0.8235294117647058432 0.8196078431372548767 0.7803921568627451011 #
plane-surface $-1 -1 $-1 123 -107.0500000000000114 4.595000000000000639 0 0 1 1 0 0 forward_v I I I I #
coedge $-1 -1 $-1 $3516 $3423 $3517 $3518 forward $3351 $-1 #
coedge $-1 -1 $-1 $3423 $3519 $3520 $3521 reversed $3351 $-1 #
coedge $-1 -1 $-1 $3522 $3522 $3423 $3478 forward $3523 $-1 #
edge $3524 -1 $-1 $3525 -1.308541167919129888 $3526 1.308541167919129888 $3423 $3527 forward @7 unknown #
DXID-attrib $-1 -1 $-1 $3424 $3352 @18 ASM_FACE_FROM_STEP @8 pcb-2343 #
coedge $-1 -1 $-1 $3429 $3428 $3528 $3529 reversed $3430 $-1 #
face $3530 -1 $-1 $3439 $3430 $4 $-1 $3531 forward single #
coedge $-1 -1 $-1 $3441 $3528 $3433 $3483 forward $3496 $-1 #
edge $3532 -1 $-1 $3485 0 $3447 1.299999999999999378 $3433 $3533 forward @7 unknown #
DXID-attrib $-1 -1 $-1 $-1 $3434 @18 ASM_EDGE_FROM_STEP @4 2257 #
vertex $-1 -1 $-1 $3434 $3534 #
straight-curve $-1 -1 $-1 123.6500000000000057 -105.0000000000000142 4.445000000000000284 0 -1 0 F 0 F 4 #
rgb_color-st-attrib $-1 -1 $3535 $-1 $3435 0.8235294117647058432 0.8196078431372548767 0.7803921568627451011 #
plane-surface $-1 -1 $-1 123.6500000000000057 -105.0000000000000142 4.445000000000000284 -0 -0 -1 -1 0 0 forward_v I I I I #
coedge $-1 -1 $-1 $3528 $3441 $3437 $3490 forward $3496 $-1 #
edge $3536 -1 $-1 $3444 0 $3492 1.299999999999999378 $3437 $3537 forward @7 unknown #
DXID-attrib $-1 -1 $-1 $-1 $3438 @18 ASM_EDGE_FROM_STEP @4 2281 #
vertex $-1 -1 $-1 $3438 $3538 #
straight-curve $-1 -1 $-1 123.6500000000000057 -105.0000000000000142 2.94499999999999984 0 -1 0 F 0 F 4 #
rgb_color-st-attrib $-1 -1 $3539 $-1 $3439 0.8235294117647058432 0.8196078431372548767 0.7803921568627451011 #
plane-surface $-1 -1 $-1 122.3500000000000085 -105.0000000000000142 2.94499999999999984 0 0 1 1 0 0 forward_v I I I I #
loop $-1 -1 $-1 $-1 $3482 $3506 #
DXID-attrib $-1 -1 $-1 $-1 $3442 @18 ASM_EDGE_FROM_STEP @4 2243 #
straight-curve $-1 -1 $-1 122.3500000000000085 -105.0000000000000142 4.445000000000000284 0 0 -1 F 0 F 1.500000000000000222 #
point $-1 -1 $-1 122.3500000000000085 -105.0000000000000142 2.94499999999999984 #
point $-1 -1 $-1 122.3500000000000085 -105.0000000000000142 4.445000000000000284 #
DXID-attrib $-1 -1 $-1 $3449 $3380 @18 ASM_FACE_FROM_STEP @8 pcb-2222 #
DXID-attrib $-1 -1 $-1 $-1 $3452 @18 ASM_EDGE_FROM_STEP @4 2195 #
straight-curve $-1 -1 $-1 119.8400000000000034 -105.0000000000000142 2.94499999999999984 0 0 1 F 0 F 1.500000000000000222 #
DXID-attrib $-1 -1 $-1 $3453 $3384 @18 ASM_FACE_FROM_STEP @8 pcb-2181 #
rgb_color-st-attrib $-1 -1 $3540 $-1 $3463 0.3411764705882353033 0.6784313725490196401 0.4431372549019607643 #
face $3541 -1 $-1 $3542 $3496 $4 $-1 $3543 forward single #
plane-surface $-1 -1 $-1 119.1899999999999977 -105.0000000000000142 3.695000000000000284 -0 -1 -0 0 0 -1 forward_v I I I I #
rgb_color-st-attrib $-1 -1 $3544 $-1 $3465 0.8235294117647058432 0.8196078431372548767 0.7803921568627451011 #
plane-surface $-1 -1 $-1 119.1899999999999977 -107.0500000000000114 4.595000000000000639 0 0 1 1 0 0 forward_v I I I I #
coedge $-1 -1 $-1 $3545 $3468 $3546 $3547 forward $3413 $-1 #
coedge $-1 -1 $-1 $3468 $3548 $3549 $3550 reversed $3413 $-1 #
coedge $-1 -1 $-1 $3551 $3551 $3468 $3513 forward $3552 $-1 #
edge $3553 -1 $-1 $3554 -1.308541167919130332 $3555 1.308541167919130332 $3468 $3556 forward @7 unknown #
DXID-attrib $-1 -1 $-1 $3469 $3414 @18 ASM_FACE_FROM_STEP @8 pcb-2481 #
DXID-attrib $-1 -1 $-1 $3473 $3420 @18 ASM_FACE_FROM_STEP @8 pcb-2446 #
coedge $-1 -1 $-1 $3557 $3475 $3558 $3559 forward $3351 $-1 #
coedge $-1 -1 $-1 $3560 $3561 $3475 $3518 reversed $3562 $-1 #
edge $3563 -1 $-1 $3525 -5.299999999999999822 $3564 -4.599999999999999645 $3475 $3565 forward @7 unknown #
coedge $-1 -1 $-1 $3476 $3566 $3567 $3568 forward $3351 $-1 #
coedge $-1 -1 $-1 $3561 $3560 $3476 $3521 forward $3562 $-1 #
edge $3569 -1 $-1 $3526 -5.299999999999999822 $3570 -4.599999999999999645 $3476 $3571 forward @7 unknown #
coedge $-1 -1 $-1 $3477 $3477 $3560 $3572 reversed $3523 $-1 #
loop $-1 -1 $-1 $-1 $3477 $3542 #
DXID-attrib $-1 -1 $3573 $-1 $3478 @18 ASM_EDGE_FROM_STEP @4 2417 #
vertex $-1 -1 $-1 $3478 $3574 #
vertex $-1 -1 $-1 $3478 $3575 #
ellipse-curve $-1 -1 $-1 123 -107.0500000000000114 9.894999999999999574 0 0 1 1.350000000000000089 0 0 1 F -1.308541167919129888 F 1.308541167919129888 #
coedge $-1 -1 $-1 $3482 $3489 $3480 $3529 forward $3496 $-1 #
edge $3576 -1 $-1 $3492 0 $3485 1.500000000000000222 $3480 $3577 forward @7 unknown #
rgb_color-st-attrib $-1 -1 $3578 $-1 $3481 0.8235294117647058432 0.8196078431372548767 0.7803921568627451011 #
plane-surface $-1 -1 $-1 123.6500000000000057 -105.0000000000000142 2.94499999999999984 -1 0 0 0 0 1 forward_v I I I I #
DXID-attrib $-1 -1 $-1 $-1 $3483 @18 ASM_EDGE_FROM_STEP @4 2267 #
straight-curve $-1 -1 $-1 123.6500000000000057 -105.0000000000000142 4.445000000000000284 -1 0 0 F 0 F 1.299999999999999378 #
point $-1 -1 $-1 123.6500000000000057 -105.0000000000000142 4.445000000000000284 #
DXID-attrib $-1 -1 $-1 $3487 $3435 @18 ASM_FACE_FROM_STEP @8 pcb-2253 #
DXID-attrib $-1 -1 $-1 $-1 $3490 @18 ASM_EDGE_FROM_STEP @4 2308 #
straight-curve $-1 -1 $-1 122.3500000000000085 -105.0000000000000142 2.94499999999999984 1 0 0 F 0 F 1.299999999999999378 #
point $-1 -1 $-1 123.6500000000000057 -105.0000000000000142 2.94499999999999984 #
DXID-attrib $-1 -1 $-1 $3494 $3439 @18 ASM_FACE_FROM_STEP @8 pcb-2301 #
DXID-attrib $-1 -1 $-1 $3505 $3463 @18 ASM_FACE_FROM_STEP @8 pcb-2594 #
rgb_color-st-attrib $-1 -1 $3579 $-1 $3506 0.3411764705882353033 0.6784313725490196401 0.4431372549019607643 #
face $3580 -1 $-1 $3581 $3523 $4 $-1 $3582 forward single #
plane-surface $-1 -1 $-1 123 -105.0000000000000142 3.695000000000000284 -0 -1 -0 0 0 -1 forward_v I I I I #
DXID-attrib $-1 -1 $-1 $3508 $3465 @18 ASM_FACE_FROM_STEP @8 pcb-2584 #
coedge $-1 -1 $-1 $3583 $3510 $3584 $3585 forward $3413 $-1 #
coedge $-1 -1 $-1 $3586 $3587 $3510 $3547 reversed $3588 $-1 #
edge $3589 -1 $-1 $3554 -5.299999999999999822 $3590 -4.599999999999999645 $3510 $3591 forward @7 unknown #
coedge $-1 -1 $-1 $3511 $3592 $3593 $3594 forward $3413 $-1 #
coedge $-1 -1 $-1 $3587 $3586 $3511 $3550 forward $3588 $-1 #
edge $3595 -1 $-1 $3555 -5.299999999999999822 $3596 -4.599999999999999645 $3511 $3597 forward @7 unknown #
coedge $-1 -1 $-1 $3512 $3512 $3586 $3598 reversed $3552 $-1 #
loop $-1 -1 $-1 $-1 $3512 $3599 #
DXID-attrib $-1 -1 $3600 $-1 $3513 @18 ASM_EDGE_FROM_STEP @4 2555 #
vertex $-1 -1 $-1 $3513 $3601 #
vertex $-1 -1 $-1 $3513 $3602 #
ellipse-curve $-1 -1 $-1 119.1899999999999977 -107.0500000000000114 9.894999999999999574 0 0 1 1.350000000000000089 0 0 1 F -1.308541167919130332 F 1.308541167919130332 #
coedge $-1 -1 $-1 $3603 $3516 $3604 $3605 reversed $3351 $-1 #
coedge $-1 -1 $-1 $3606 $3607 $3516 $3559 reversed $3608 $-1 #
edge $3609 -1 $-1 $3564 1.308541167919129888 $3610 1.833051485670662784 $3516 $3611 forward @7 unknown #
coedge $-1 -1 $-1 $3520 $3517 $3522 $3572 forward $3562 $-1 #
coedge $-1 -1 $-1 $3517 $3520 $3606 $3612 reversed $3562 $-1 #
loop $-1 -1 $-1 $-1 $3560 $3581 #
DXID-attrib $-1 -1 $-1 $-1 $3518 @18 ASM_EDGE_FROM_STEP @4 2358 #
vertex $-1 -1 $-1 $3518 $3613 #
straight-curve $-1 -1 $-1 123.3500000000000085 -108.3538404810410185 4.595000000000000639 -0 -0 -1 F -5.299999999999999822 F -4.599999999999999645 #
coedge $-1 -1 $-1 $3519 $3603 $3614 $3615 forward $3351 $-1 #
coedge $-1 -1 $-1 $3607 $3606 $3519 $3568 reversed $3608 $-1 #
edge $3616 -1 $-1 $3617 -1.833051485670662784 $3570 -1.308541167919129888 $3519 $3618 forward @7 unknown #
DXID-attrib $-1 -1 $-1 $-1 $3521 @18 ASM_EDGE_FROM_STEP @4 2409 #
vertex $-1 -1 $-1 $3568 $3619 #
straight-curve $-1 -1 $-1 123.3500000000000085 -105.7461595189590042 4.595000000000000639 -0 -0 -1 F -5.299999999999999822 F -4.599999999999999645 #
edge $3620 -1 $-1 $3525 0.1461595189590000898 $3526 2.753840481040999766 $3522 $3621 forward @7 unknown #
DXID-attrib $-1 -1 $-1 $3524 $3478 @18 ASM_EDGE_FROM_STEP @4 2347 #
point $-1 -1 $-1 123.3500000000000085 -108.3538404810410185 9.894999999999999574 #
point $-1 -1 $-1 123.3500000000000085 -105.7461595189590042 9.894999999999999574 #
DXID-attrib $-1 -1 $-1 $-1 $3529 @18 ASM_EDGE_FROM_STEP @4 2291 #
straight-curve $-1 -1 $-1 123.6500000000000057 -105.0000000000000142 2.94499999999999984 0 0 1 F 0 F 1.500000000000000222 #
DXID-attrib $-1 -1 $-1 $3530 $3481 @18 ASM_FACE_FROM_STEP @8 pcb-2277 #
DXID-attrib $-1 -1 $-1 $3541 $3506 @18 ASM_FACE_FROM_STEP @8 pcb-2606 #
rgb_color-st-attrib $-1 -1 $3622 $-1 $3542 0.8235294117647058432 0.8196078431372548767 0.7803921568627451011 #
face $3623 -1 $-1 $3624 $3562 $4 $-1 $3625 reversed single #
plane-surface $-1 -1 $-1 123 -107.0500000000000114 9.894999999999999574 0 0 1 1 0 0 forward_v I I I I #
coedge $-1 -1 $-1 $3626 $3545 $3627 $3628 reversed $3413 $-1 #
coedge $-1 -1 $-1 $3629 $3630 $3545 $3585 reversed $3631 $-1 #
edge $3632 -1 $-1 $3590 1.308541167919130332 $3633 1.833051485670663006 $3545 $3634 forward @7 unknown #
coedge $-1 -1 $-1 $3549 $3546 $3551 $3598 forward $3588 $-1 #
coedge $-1 -1 $-1 $3546 $3549 $3629 $3635 reversed $3588 $-1 #
loop $-1 -1 $-1 $-1 $3586 $3636 #
DXID-attrib $-1 -1 $-1 $-1 $3547 @18 ASM_EDGE_FROM_STEP @4 2496 #
vertex $-1 -1 $-1 $3547 $3637 #
straight-curve $-1 -1 $-1 119.5400000000000063 -108.3538404810410185 4.595000000000000639 -0 -0 -1 F -5.299999999999999822 F -4.599999999999999645 #
coedge $-1 -1 $-1 $3548 $3626 $3638 $3639 forward $3413 $-1 #
coedge $-1 -1 $-1 $3630 $3629 $3548 $3594 reversed $3631 $-1 #
edge $3640 -1 $-1 $3641 -1.833051485670663006 $3596 -1.308541167919130332 $3548 $3642 forward @7 unknown #
DXID-attrib $-1 -1 $-1 $-1 $3550 @18 ASM_EDGE_FROM_STEP @4 2547 #
vertex $-1 -1 $-1 $3594 $3643 #
straight-curve $-1 -1 $-1 119.5400000000000063 -105.7461595189590042 4.595000000000000639 -0 -0 -1 F -5.299999999999999822 F -4.599999999999999645 #
edge $3644 -1 $-1 $3554 0.1461595189590000898 $3555 2.753840481040999766 $3551 $3645 forward @7 unknown #
face $3646 -1 $-1 $3636 $3552 $4 $-1 $3647 forward single #
DXID-attrib $-1 -1 $-1 $3553 $3513 @18 ASM_EDGE_FROM_STEP @4 2485 #
point $-1 -1 $-1 119.5400000000000063 -108.3538404810410185 9.894999999999999574 #
point $-1 -1 $-1 119.5400000000000063 -105.7461595189590042 9.894999999999999574 #
coedge $-1 -1 $-1 $3566 $3557 $3648 $3649 reversed $3351 $-1 #
coedge $-1 -1 $-1 $3650 $3651 $3557 $3605 forward $3652 $-1 #
edge $3653 -1 $-1 $3654 -5.299999999999999822 $3610 -4.599999999999999645 $3557 $3655 forward @7 unknown #
coedge $-1 -1 $-1 $3567 $3558 $3561 $3612 forward $3608 $-1 #
coedge $-1 -1 $-1 $3558 $3567 $3650 $3656 forward $3608 $-1 #
loop $-1 -1 $-1 $-1 $3607 $3624 #
DXID-attrib $-1 -1 $-1 $-1 $3559 @18 ASM_EDGE_FROM_STEP @4 2366 #
vertex $-1 -1 $-1 $3559 $3657 #
ellipse-curve $-1 -1 $-1 123 -107.0500000000000114 9.195000000000000284 0 0 -1 1.350000000000000089 0 0 1 F 1.308541167919129888 F 1.833051485670662784 #
edge $3658 -1 $-1 $3564 0.1461595189590000898 $3570 2.753840481040999766 $3561 $3659 forward @7 unknown #
point $-1 -1 $-1 123.3500000000000085 -108.3538404810410185 9.195000000000000284 #
coedge $-1 -1 $-1 $3651 $3650 $3566 $3615 reversed $3652 $-1 #
edge $3660 -1 $-1 $3661 -5.299999999999999822 $3617 -4.599999999999999645 $3566 $3662 forward @7 unknown #
DXID-attrib $-1 -1 $-1 $-1 $3568 @18 ASM_EDGE_FROM_STEP @4 2400 #
vertex $-1 -1 $-1 $3615 $3663 #
ellipse-curve $-1 -1 $-1 123 -107.0500000000000114 9.195000000000000284 0 0 -1 1.350000000000000089 0 0 1 F -1.833051485670662784 F -1.308541167919129888 #
point $-1 -1 $-1 123.3500000000000085 -105.7461595189590042 9.195000000000000284 #
DXID-attrib $-1 -1 $-1 $-1 $3572 @18 ASM_EDGE_FROM_STEP @4 2624 #
straight-curve $-1 -1 $-1 123.3500000000000085 -108.5000000000000142 9.894999999999999574 0 1 0 F 0.1461595189590000898 F 2.753840481040999766 #
DXID-attrib $-1 -1 $-1 $3580 $3542 @18 ASM_FACE_FROM_STEP @8 pcb-2618 #
rgb_color-st-attrib $-1 -1 $3664 $-1 $3581 0.8235294117647058432 0.8196078431372548767 0.7803921568627451011 #
face $3665 -1 $-1 $3666 $3608 $4 $-1 $3667 forward single #
plane-surface $-1 -1 $-1 123.3500000000000085 -108.5000000000000142 9.894999999999999574 1 0 0 0 1 0 forward_v I I I I #
coedge $-1 -1 $-1 $3592 $3583 $3668 $3669 reversed $3413 $-1 #
coedge $-1 -1 $-1 $3670 $3671 $3583 $3628 forward $3672 $-1 #
edge $3673 -1 $-1 $3674 -5.299999999999999822 $3633 -4.599999999999999645 $3583 $3675 forward @7 unknown #
coedge $-1 -1 $-1 $3593 $3584 $3587 $3635 forward $3631 $-1 #
coedge $-1 -1 $-1 $3584 $3593 $3670 $3676 forward $3631 $-1 #
loop $-1 -1 $-1 $-1 $3630 $3677 #
DXID-attrib $-1 -1 $-1 $-1 $3585 @18 ASM_EDGE_FROM_STEP @4 2504 #
vertex $-1 -1 $-1 $3585 $3678 #
ellipse-curve $-1 -1 $-1 119.1899999999999977 -107.0500000000000114 9.195000000000000284 0 0 -1 1.350000000000000089 0 0 1 F 1.308541167919130332 F 1.833051485670663006 #
edge $3679 -1 $-1 $3590 0.1461595189590000898 $3596 2.753840481040999766 $3587 $3680 forward @7 unknown #
face $3681 -1 $-1 $3677 $3588 $4 $-1 $3682 reversed single #
point $-1 -1 $-1 119.5400000000000063 -108.3538404810410185 9.195000000000000284 #
coedge $-1 -1 $-1 $3671 $3670 $3592 $3639 reversed $3672 $-1 #
edge $3683 -1 $-1 $3684 -5.299999999999999822 $3641 -4.599999999999999645 $3592 $3685 forward @7 unknown #
DXID-attrib $-1 -1 $-1 $-1 $3594 @18 ASM_EDGE_FROM_STEP @4 2538 #
vertex $-1 -1 $-1 $3639 $3686 #
ellipse-curve $-1 -1 $-1 119.1899999999999977 -107.0500000000000114 9.195000000000000284 0 0 -1 1.350000000000000089 0 0 1 F -1.833051485670663006 F -1.308541167919130332 #
point $-1 -1 $-1 119.5400000000000063 -105.7461595189590042 9.195000000000000284 #
DXID-attrib $-1 -1 $-1 $-1 $3598 @18 ASM_EDGE_FROM_STEP @4 2701 #
straight-curve $-1 -1 $-1 119.5400000000000063 -108.5000000000000142 9.894999999999999574 0 1 0 F 0.1461595189590000898 F 2.753840481040999766 #
rgb_color-st-attrib $-1 -1 $3687 $-1 $3599 0.8235294117647058432 0.8196078431372548767 0.7803921568627451011 #
plane-surface $-1 -1 $-1 119.1899999999999977 -107.0500000000000114 9.894999999999999574 0 0 1 1 0 0 forward_v I I I I #
coedge $-1 -1 $-1 $3688 $3688 $3603 $3649 forward $3689 $-1 #
edge $3690 -1 $-1 $3661 1.833051485670662784 $3654 4.450133821508923226 $3603 $3691 forward @7 unknown #
coedge $-1 -1 $-1 $3614 $3604 $3607 $3656 reversed $3652 $-1 #
coedge $-1 -1 $-1 $3604 $3614 $3688 $3692 forward $3652 $-1 #
loop $-1 -1 $-1 $-1 $3651 $3666 #
DXID-attrib $-1 -1 $-1 $-1 $3605 @18 ASM_EDGE_FROM_STEP @4 2375 #
vertex $-1 -1 $-1 $3605 $3693 #
straight-curve $-1 -1 $-1 122.6500000000000057 -108.3538404810410185 4.595000000000000639 -0 -0 -1 F -5.299999999999999822 F -4.599999999999999645 #
edge $3694 -1 $-1 $3617 0.1461595189589998123 $3610 2.753840481040999766 $3607 $3695 forward @7 unknown #
point $-1 -1 $-1 122.6500000000000057 -108.3538404810410185 9.195000000000000284 #
DXID-attrib $-1 -1 $-1 $-1 $3612 @18 ASM_EDGE_FROM_STEP @4 2640 #
straight-curve $-1 -1 $-1 123.3500000000000085 -108.5000000000000142 9.195000000000000284 0 1 0 F 0.1461595189590000898 F 2.753840481040999766 #
DXID-attrib $-1 -1 $-1 $-1 $3615 @18 ASM_EDGE_FROM_STEP @4 2392 #
vertex $-1 -1 $-1 $3649 $3696 #
straight-curve $-1 -1 $-1 122.6500000000000057 -105.7461595189590042 4.595000000000000639 -0 -0 -1 F -5.299999999999999822 F -4.599999999999999645 #
point $-1 -1 $-1 122.6500000000000057 -105.7461595189590042 9.195000000000000284 #
DXID-attrib $-1 -1 $-1 $3623 $3581 @18 ASM_FACE_FROM_STEP @8 pcb-2634 #
rgb_color-st-attrib $-1 -1 $3697 $-1 $3624 0.8235294117647058432 0.8196078431372548767 0.7803921568627451011 #
face $3698 -1 $-1 $3699 $3652 $4 $-1 $3700 reversed single #
plane-surface $-1 -1 $-1 123 -107.0500000000000114 9.195000000000000284 0 0 1 1 0 0 forward_v I I I I #
coedge $-1 -1 $-1 $3701 $3701 $3626 $3669 forward $3702 $-1 #
edge $3703 -1 $-1 $3684 1.833051485670663006 $3674 4.450133821508923226 $3626 $3704 forward @7 unknown #
coedge $-1 -1 $-1 $3638 $3627 $3630 $3676 reversed $3672 $-1 #
coedge $-1 -1 $-1 $3627 $3638 $3701 $3705 forward $3672 $-1 #
loop $-1 -1 $-1 $-1 $3671 $3706 #
DXID-attrib $-1 -1 $-1 $-1 $3628 @18 ASM_EDGE_FROM_STEP @4 2513 #
vertex $-1 -1 $-1 $3628 $3707 #
straight-curve $-1 -1 $-1 118.8400000000000034 -108.3538404810410185 4.595000000000000639 -0 -0 -1 F -5.299999999999999822 F -4.599999999999999645 #
edge $3708 -1 $-1 $3641 0.1461595189589998123 $3633 2.753840481040999766 $3630 $3709 forward @7 unknown #
face $3710 -1 $-1 $3706 $3631 $4 $-1 $3711 forward single #
point $-1 -1 $-1 118.8400000000000034 -108.3538404810410185 9.195000000000000284 #
DXID-attrib $-1 -1 $-1 $-1 $3635 @18 ASM_EDGE_FROM_STEP @4 2717 #
straight-curve $-1 -1 $-1 119.5400000000000063 -108.5000000000000142 9.195000000000000284 0 1 0 F 0.1461595189590000898 F 2.753840481040999766 #
rgb_color-st-attrib $-1 -1 $3712 $-1 $3636 0.8235294117647058432 0.8196078431372548767 0.7803921568627451011 #
plane-surface $-1 -1 $-1 119.5400000000000063 -108.5000000000000142 9.894999999999999574 1 0 0 0 1 0 forward_v I I I I #
DXID-attrib $-1 -1 $-1 $-1 $3639 @18 ASM_EDGE_FROM_STEP @4 2530 #
vertex $-1 -1 $-1 $3669 $3713 #
straight-curve $-1 -1 $-1 118.8400000000000034 -105.7461595189590042 4.595000000000000639 -0 -0 -1 F -5.299999999999999822 F -4.599999999999999645 #
point $-1 -1 $-1 118.8400000000000034 -105.7461595189590042 9.195000000000000284 #
DXID-attrib $-1 -1 $-1 $3646 $3599 @18 ASM_FACE_FROM_STEP @8 pcb-2695 #
coedge $-1 -1 $-1 $3648 $3648 $3651 $3692 reversed $3689 $-1 #
loop $-1 -1 $-1 $-1 $3688 $3699 #
DXID-attrib $-1 -1 $-1 $-1 $3649 @18 ASM_EDGE_FROM_STEP @4 2383 #
ellipse-curve $-1 -1 $-1 123 -107.0500000000000114 9.894999999999999574 0 0 1 1.350000000000000089 0 0 1 F 1.833051485670662784 F 4.450133821508923226 #
edge $3714 -1 $-1 $3661 0.1461595189589998123 $3654 2.753840481040999766 $3651 $3715 forward @7 unknown #
point $-1 -1 $-1 122.6500000000000057 -108.3538404810410185 9.894999999999999574 #
DXID-attrib $-1 -1 $-1 $-1 $3656 @18 ASM_EDGE_FROM_STEP @4 2655 #
straight-curve $-1 -1 $-1 122.6500000000000057 -105.6000000000000085 9.195000000000000284 0 -1 0 F 0.1461595189589998123 F 2.753840481040999766 #
point $-1 -1 $-1 122.6500000000000057 -105.7461595189590042 9.894999999999999574 #
DXID-attrib $-1 -1 $-1 $3665 $3624 @18 ASM_FACE_FROM_STEP @8 pcb-2651 #
rgb_color-st-attrib $-1 -1 $3716 $-1 $3666 0.8235294117647058432 0.8196078431372548767 0.7803921568627451011 #
face $3717 -1 $-1 $3599 $3689 $4 $-1 $3718 forward single #
plane-surface $-1 -1 $-1 122.6500000000000057 -105.6000000000000085 9.894999999999999574 -1 0 0 0 -1 0 forward_v I I I I #
coedge $-1 -1 $-1 $3668 $3668 $3671 $3705 reversed $3702 $-1 #
loop $-1 -1 $-1 $-1 $3701 $3719 #
DXID-attrib $-1 -1 $-1 $-1 $3669 @18 ASM_EDGE_FROM_STEP @4 2521 #
ellipse-curve $-1 -1 $-1 119.1899999999999977 -107.0500000000000114 9.894999999999999574 0 0 1 1.350000000000000089 0 0 1 F 1.833051485670663006 F 4.450133821508923226 #
edge $3720 -1 $-1 $3684 0.1461595189589998123 $3674 2.753840481040999766 $3671 $3721 forward @7 unknown #
face $3722 -1 $-1 $3719 $3672 $4 $-1 $3723 reversed single #
point $-1 -1 $-1 118.8400000000000034 -108.3538404810410185 9.894999999999999574 #
DXID-attrib $-1 -1 $-1 $-1 $3676 @18 ASM_EDGE_FROM_STEP @4 2732 #
straight-curve $-1 -1 $-1 118.8400000000000034 -105.6000000000000085 9.195000000000000284 0 -1 0 F 0.1461595189589998123 F 2.753840481040999766 #
rgb_color-st-attrib $-1 -1 $3724 $-1 $3677 0.8235294117647058432 0.8196078431372548767 0.7803921568627451011 #
plane-surface $-1 -1 $-1 119.1899999999999977 -107.0500000000000114 9.195000000000000284 0 0 1 1 0 0 forward_v I I I I #
DXID-attrib $-1 -1 $-1 $3681 $3636 @18 ASM_FACE_FROM_STEP @8 pcb-2711 #
point $-1 -1 $-1 118.8400000000000034 -105.7461595189590042 9.894999999999999574 #
DXID-attrib $-1 -1 $-1 $-1 $3692 @18 ASM_EDGE_FROM_STEP @4 2672 #
straight-curve $-1 -1 $-1 122.6500000000000057 -105.6000000000000085 9.894999999999999574 0 -1 0 F 0.1461595189589998123 F 2.753840481040999766 #
DXID-attrib $-1 -1 $-1 $3698 $3666 @18 ASM_FACE_FROM_STEP @8 pcb-2668 #
rgb_color-st-attrib $-1 -1 $3725 $-1 $3699 0.8235294117647058432 0.8196078431372548767 0.7803921568627451011 #
plane-surface $-1 -1 $-1 123 -107.0500000000000114 9.894999999999999574 0 0 1 1 0 0 forward_v I I I I #
face $3726 -1 $-1 $2261 $3702 $4 $-1 $3727 forward single #
DXID-attrib $-1 -1 $-1 $-1 $3705 @18 ASM_EDGE_FROM_STEP @4 2749 #
straight-curve $-1 -1 $-1 118.8400000000000034 -105.6000000000000085 9.894999999999999574 0 -1 0 F 0.1461595189589998123 F 2.753840481040999766 #
rgb_color-st-attrib $-1 -1 $3728 $-1 $3706 0.8235294117647058432 0.8196078431372548767 0.7803921568627451011 #
plane-surface $-1 -1 $-1 118.8400000000000034 -105.6000000000000085 9.894999999999999574 -1 0 0 0 -1 0 forward_v I I I I #
DXID-attrib $-1 -1 $-1 $3710 $3677 @18 ASM_FACE_FROM_STEP @8 pcb-2728 #
DXID-attrib $-1 -1 $-1 $3717 $3699 @18 ASM_FACE_FROM_STEP @8 pcb-2685 #
rgb_color-st-attrib $-1 -1 $3729 $-1 $3719 0.8235294117647058432 0.8196078431372548767 0.7803921568627451011 #
plane-surface $-1 -1 $-1 119.1899999999999977 -107.0500000000000114 9.894999999999999574 0 0 1 1 0 0 forward_v I I I I #
DXID-attrib $-1 -1 $-1 $3722 $3706 @18 ASM_FACE_FROM_STEP @8 pcb-2745 #
DXID-attrib $-1 -1 $-1 $3726 $3719 @18 ASM_FACE_FROM_STEP @8 pcb-2762 #
End-of-ACIS-data 