solid AssimpScene
 facet normal -0.866025448 4.59472005e-07 0.499999881
  outer loop
  vertex -0.00684517622 -0.00249993801 -0.00199991395
  vertex -0.00569051504 -0.00399988797 0
  vertex -0.00569051504 -0.00249993801 0
  endloop
 endfacet

 facet normal 0.438606441 -0.560312867 0.702619314
  outer loop
  vertex -0.00904846098 -0.00379687501 0.0179997608
  vertex -0.00932121184 -0.00399857713 0.0189997498
  vertex -0.00932121184 -0.00399857713 0.0179997608
  endloop
 endfacet

 facet normal -0.594176769 0.727995276 -0.342018813
  outer loop
  vertex 0.00856792927 -0.00632285979 -0.0159997903
  vertex 0.0087483516 -0.00616300106 -0.0179997608
  vertex 0.00856792927 -0.00632285979 -0.0179997608
  endloop
 endfacet

 facet normal 0.866025686 0 0.499999493
  outer loop
  vertex 0.00569051504 -0.00249993801 0
  vertex 0.00684517622 -0.00399994804 -0.00199991395
  vertex 0.00684517622 -0.00249993801 -0.00199991395
  endloop
 endfacet

 facet normal 0 -2.10044027e-06 -1
  outer loop
  vertex 0.00973188784 -0.00299996091 -0.01099985
  vertex 0.00626784516 -0.00399994804 -0.01099985
  vertex 0.00626784516 -0.00299996091 -0.01099985
  endloop
 endfacet

 facet normal 0.794307292 -0.502093613 -0.342020273
  outer loop
  vertex -0.0087483516 -0.00483679678 -0.0179997608
  vertex -0.008885324 -0.00503516104 -0.0159997903
  vertex -0.008885324 -0.00503516104 -0.0179997608
  endloop
 endfacet

 facet normal 0 0 1
  outer loop
  vertex -0.00973188784 -0.00399988797 0.01099985
  vertex -0.00626784516 -0.00299990107 0.01099985
  vertex -0.00973188784 -0.00299990107 0.01099985
  endloop
 endfacet

 facet normal -0.0107486937 0.711485207 0.702618897
  outer loop
  vertex 0.00791496038 -0.00749808503 0.0189997498
  vertex 0.00825387239 -0.00748366117 0.0179997608
  vertex 0.00791496038 -0.00749808503 0.0179997608
  endloop
 endfacet

 facet normal 0.600214303 -0.382190168 0.702619135
  outer loop
  vertex 0.00644379808 -0.00424349308 0.0179997608
  vertex 0.00625383807 -0.00452452805 0.0189997498
  vertex 0.00625383807 -0.00452452805 0.0179997608
  endloop
 endfacet

 facet normal -0.150899529 0.342019618 0.927497685
  outer loop
  vertex -0.007999897 0 -0.00899988413
  vertex -0.00776058389 -0.00249993801 -0.00897079706
  vertex -0.00776058389 0 -0.00897079706
  endloop
 endfacet

 facet normal 0.541193008 -0.461993068 -0.70261842
  outer loop
  vertex -0.00965684559 -0.00437998679 -0.0179997608
  vertex -0.00944375899 -0.00411605788 -0.0189997498
  vertex -0.00944375899 -0.00411605788 -0.0179997608
  endloop
 endfacet

 facet normal -0.920734346 0.342019528 0.187805876
  outer loop
  vertex 0.00893485546 0 -0.000354599993
  vertex 0.00899255183 -0.00249993801 -0.000120534001
  vertex 0.00899255183 0 -0.000120534998
  endloop
 endfacet

 facet normal -0.902545869 0.342019111 -0.261598706
  outer loop
  vertex -0.00700718118 0 0.000120534998
  vertex -0.00706487801 -0.00249993801 0.000354600983
  vertex -0.00706487801 0 0.000354599993
  endloop
 endfacet

 facet normal -0.693251371 0.160401493 -0.702619433
  outer loop
  vertex 0.00997108221 -0.00583791686 -0.0189997498
  vertex 0.00988560915 -0.00616616011 -0.0179997608
  vertex 0.00997108221 -0.00583791686 -0.0179997608
  endloop
 endfacet

 facet normal -0.455331355 0.546809733 0.702618361
  outer loop
  vertex 0.00918912794 -0.00710785296 0.0189997498
  vertex 0.00944375899 -0.00688373996 0.0179997608
  vertex 0.00918912794 -0.00710785296 0.0179997608
  endloop
 endfacet

 facet normal -0.920734525 0.342019379 0.187804639
  outer loop
  vertex 0.00893485546 0 0.0076452489
  vertex 0.00899255183 -0.00249993801 0.00787931588
  vertex 0.00899255183 0 0.00787931588
  endloop
 endfacet

 facet normal -0.297414482 -0.342018425 0.891385496
  outer loop
  vertex 0.00846457388 -0.00249993801 -0.000885443937
  vertex 0.00823920872 0 -0.00097092893
  vertex 0.00823920872 -0.00249993801 -0.000970927998
  endloop
 endfacet

 facet normal 0.564644694 0.342019439 0.751131833
  outer loop
  vertex 0.00733673479 -0.00249993801 -0.0087483516
  vertex 0.00753515912 0 -0.008885324
  vertex 0.00733673479 0 -0.0087483516
  endloop
 endfacet

 facet normal 1.60782008e-07 0.707107186 0.707106471
  outer loop
  vertex -0.0124998 -0.00199991395 0.0189997498
  vertex -0.0044999118 0 0.0169997793
  vertex -0.0124998 0 0.0169997793
  endloop
 endfacet

 facet normal 0.938924372 0.342018723 -0.0380027518
  outer loop
  vertex 0.00700718118 -0.00249993801 -0.00787931588
  vertex 0.00700718118 0 -0.00812041666
  vertex 0.00700718118 0 -0.00787931588
  endloop
 endfacet

 facet normal -0.247158349 0.667262852 0.702618718
  outer loop
  vertex 0.00858551171 -0.00741219521 0.0189997498
  vertex 0.00890028384 -0.00728571415 0.0179997608
  vertex 0.00858551171 -0.00741219521 0.0179997608
  endloop
 endfacet

 facet normal -0.891384661 0.29741627 0.342018992
  outer loop
  vertex 0.00897079706 -0.00573921204 0.0159997903
  vertex 0.008885324 -0.00596463587 0.0179997608
  vertex 0.00897079706 -0.00573921204 0.0179997608
  endloop
 endfacet

 facet normal 0.920735717 0.342018932 0.18780008
  outer loop
  vertex 0.00700718118 -0.00249993801 -0.000120534001
  vertex 0.00706487801 0 -0.000354599993
  vertex 0.00700718118 0 -0.000120534998
  endloop
 endfacet

 facet normal -0.794307053 -0.502094805 -0.342019349
  outer loop
  vertex 0.008885324 -0.00503516104 -0.0159997903
  vertex 0.0087483516 -0.00483679678 -0.0179997608
  vertex 0.008885324 -0.00503516104 -0.0179997608
  endloop
 endfacet

 facet normal -0.813713491 0.342018932 0.469992965
  outer loop
  vertex 0.00882285833 -0.00249993801 -0.000568057003
  vertex 0.00893485546 0 -0.000354599993
  vertex 0.00882285833 0 -0.000568057003
  endloop
 endfacet

 facet normal 0.0754501671 0.342018455 -0.936659396
  outer loop
  vertex 0 -0.00249993801 0.00899988413
  vertex -0.000239312998 0 0.00897079706
  vertex 0 0 0.00899988413
  endloop
 endfacet

 facet normal -0.67759496 0.342019171 0.65106672
  outer loop
  vertex -0.00733673479 -0.00249993801 -0.0087483516
  vertex -0.00717687607 0 -0.00856792927
  vertex -0.00733673479 0 -0.0087483516
  endloop
 endfacet

 facet normal 0.677594662 0.342018306 -0.651067674
  outer loop
  vertex -0.00866299774 -0.00249993801 0.000748501974
  vertex -0.00882285833 0 0.000568057003
  vertex -0.00866299774 0 0.000748500985
  endloop
 endfacet

 facet normal -0.150899634 0.342019767 0.927497625
  outer loop
  vertex 0.007999897 0 -0.00899988413
  vertex 0.00823920872 -0.00249993801 -0.00897079706
  vertex 0.00823920872 0 -0.00897079706
  endloop
 endfacet

 facet normal 0.297414482 0.34201932 0.891385019
  outer loop
  vertex 0.00753515912 0 -0.000885444984
  vertex 0.00776058389 -0.00249993801 -0.000970927998
  vertex 0.00776058389 0 -0.00097092893
  endloop
 endfacet

 facet normal -0.727994978 0.342018872 -0.594177067
  outer loop
  vertex 0.000822972972 -0.00249993801 -0.00743180513
  vertex 0.000663113955 0 -0.00725138094
  vertex 0.000822972972 0 -0.00743180513
  endloop
 endfacet

 facet normal -0.708400905 0.703532338 -0.0566607639
  outer loop
  vertex 0.00397092104 0 0.000480651972
  vertex 0.00399994804 -0.00149994995 0
  vertex 0.00397092104 -0.00149994995 0.000480652991
  endloop
 endfacet

 facet normal 0.526990771 -0.478128254 0.702619553
  outer loop
  vertex 0.00667852117 -0.00399857713 0.0179997608
  vertex 0.00644379808 -0.00424349308 0.0189997498
  vertex 0.00644379808 -0.00424349308 0.0179997608
  endloop
 endfacet

 facet normal 2.00976984e-07 0.707107186 -0.707106411
  outer loop
  vertex -0.0124998 -0.00199997402 -0.0189997498
  vertex -0.0044999118 0 -0.0169997793
  vertex -0.0044999118 -0.00199997402 -0.0189997498
  endloop
 endfacet

 facet normal 0.866025567 0 -0.499999851
  outer loop
  vertex 0.0114639401 -0.00299996091 0.007999897
  vertex 0.00973188784 -0.00399994804 0.00499993516
  vertex 0.00973188784 -0.00299996091 0.00499993516
  endloop
 endfacet

 facet normal 0.56464535 0.34201923 0.751131415
  outer loop
  vertex 0.00733673479 -0.00249993801 0.00725138094
  vertex 0.00753515912 0 0.00711440993
  vertex 0.00733673479 0 0.00725138094
  endloop
 endfacet

 facet normal 0.630464435 0.329910249 -0.702619374
  outer loop
  vertex 0.00634288695 -0.0066198702 -0.0179997608
  vertex 0.00617742492 -0.00632369518 -0.0189997498
  vertex 0.00617742492 -0.00632369518 -0.0179997608
  endloop
 endfacet

 facet normal -0.297414094 0.342018634 -0.891385496
  outer loop
  vertex -0.00753515912 0 0.008885324
  vertex -0.00776058389 -0.00249993801 0.00897079706
  vertex -0.00776058389 0 0.00897079706
  endloop
 endfacet

 facet normal 0.69778049 -0.139386997 -0.702619255
  outer loop
  vertex 0.00600707484 -0.00533032417 -0.0179997608
  vertex 0.00606441405 -0.00499594212 -0.0189997498
  vertex 0.00606441405 -0.00499594212 -0.0179997608
  endloop
 endfacet

 facet normal 0.564644456 0.342018813 -0.751132309
  outer loop
  vertex 0.00753515912 0 0.008885324
  vertex 0.00733673479 -0.00249993801 0.0087483516
  vertex 0.00733673479 0 0.0087483516
  endloop
 endfacet

 facet normal -0.751132607 -0.564643979 0.342019081
  outer loop
  vertex -0.00725138094 -0.00483679678 0.0159997903
  vertex -0.00711440993 -0.00503516104 0.0179997608
  vertex -0.00725138094 -0.00483679678 0.0179997608
  endloop
 endfacet

 facet normal -0.15089941 0.342018664 -0.927498043
  outer loop
  vertex 0.00823920872 -0.00249993801 -0.00702893687
  vertex 0.007999897 0 -0.00699990895
  vertex 0.00823920872 0 -0.00702893687
  endloop
 endfacet

 facet normal -0.593453228 0.712553918 0.374272943
  outer loop
  vertex 0.00329613592 -0.00149994995 -0.00226604892
  vertex 0.00354450895 0 -0.00185352506
  vertex 0.00329613592 0 -0.00226604892
  endloop
 endfacet

 facet normal 0.226889715 0.674423695 0.702619195
  outer loop
  vertex -0.00874555111 -0.00735562993 0.0189997498
  vertex -0.00842124224 -0.00745499087 0.0179997608
  vertex -0.00874555111 -0.00735562993 0.0179997608
  endloop
 endfacet

 facet normal 0 -1 0
  outer loop
  vertex -0.00893485546 -0.00249993801 -0.0076452489
  vertex -0.00882285833 -0.00249993801 -0.00743180513
  vertex -0.01030921 -0.00249993801 -0.007999897
  endloop
 endfacet

 facet normal -0.502094746 0.342019945 0.794306815
  outer loop
  vertex 0.00846457388 -0.00249993801 -0.000885443937
  vertex 0.00866299774 0 -0.000748500985
  vertex 0.00846457388 0 -0.000885444984
  endloop
 endfacet

 facet normal 0.0754500404 0.342018753 -0.936659276
  outer loop
  vertex 0 -0.00249993801 -0.00699984981
  vertex -0.000239312998 0 -0.00702893687
  vertex 0 0 -0.00699990895
  endloop
 endfacet

 facet normal -0.438606113 0.560313225 -0.702619255
  outer loop
  vertex 0.00932121184 -0.00700122118 -0.0189997498
  vertex 0.00904846098 -0.00720292283 -0.0179997608
  vertex 0.00932121184 -0.00700122118 -0.0179997608
  endloop
 endfacet

 facet normal -0.727994144 0.34201926 -0.594177902
  outer loop
  vertex 0.00882285833 -0.00249993801 -0.00743180513
  vertex 0.00866299774 0 -0.00725138094
  vertex 0.00882285833 0 -0.00743180513
  endloop
 endfacet

 facet normal -0.402689785 -0.849036634 0.342020094
  outer loop
  vertex 0.00835448503 -0.00456488086 0.0159997903
  vertex 0.00856792927 -0.00467693806 0.0179997608
  vertex 0.00835448503 -0.00456488086 0.0179997608
  endloop
 endfacet

 facet normal 0 0 1
  outer loop
  vertex -0.00711440993 -0.00596463587 -0.0159997903
  vertex -0.00725138094 -0.00616300106 -0.0159997903
  vertex -0.0044999118 -0.00599992182 -0.0159997903
  endloop
 endfacet

 facet normal 0 -1 -2.05679015e-07
  outer loop
  vertex 0.00882285833 -0.00249993801 0.00856792927
  vertex 0.00893485546 -0.00249993801 0.00835448503
  vertex 0.01030921 -0.00249993801 0.007999897
  endloop
 endfacet

 facet normal -0.866025448 0 -0.49999997
  outer loop
  vertex 0.00230932189 -0.00399994804 -0.0079998374
  vertex 0.00115466095 -0.00249993801 -0.00599986315
  vertex 0.00230932189 -0.00249993801 -0.007999897
  endloop
 endfacet

 facet normal -0.805669904 0.520131767 -0.283476591
  outer loop
  vertex 0.00329613592 0 0.00226604892
  vertex 0.00299996091 -0.00149994995 0.0026456709
  vertex 0.00299996091 0 0.0026456709
  endloop
 endfacet

 facet normal 0.0496284477 -0.709833801 -0.702618659
  outer loop
  vertex -0.00825393107 -0.0035161369 -0.0189997498
  vertex -0.00791496038 -0.00350171304 -0.0179997608
  vertex -0.00825393107 -0.0035161369 -0.0179997608
  endloop
 endfacet

 facet normal -0.438606113 0.560312927 -0.702619433
  outer loop
  vertex -0.00667852117 -0.00700122118 -0.0189997498
  vertex -0.00695127202 -0.00720292283 -0.0179997608
  vertex -0.00667852117 -0.00700122118 -0.0179997608
  endloop
 endfacet

 facet normal 0.927497506 0.150901332 -0.342019051
  outer loop
  vertex 0.00699984981 -0.00549989892 -0.0179997608
  vertex 0.00702893687 -0.00573921204 -0.0159997903
  vertex 0.00702893687 -0.00573921204 -0.0179997608
  endloop
 endfacet

 facet normal -1.83750018e-07 -0.707107186 -0.707106471
  outer loop
  vertex 0.0044999118 -0.0034999249 0.0159997903
  vertex 0.0114998203 -0.00299990107 0.0154997697
  vertex 0.0114998203 -0.0034999249 0.0159997903
  endloop
 endfacet

 facet normal -0.109647192 0.703067362 -0.702619314
  outer loop
  vertex -0.00757849216 -0.00745499087 -0.0189997498
  vertex -0.00791496038 -0.00749808503 -0.0179997608
  vertex -0.00757849216 -0.00745499087 -0.0179997608
  endloop
 endfacet

 facet normal -0.849036098 0.342018396 -0.402692169
  outer loop
  vertex 0.00893485546 -0.00249993801 -0.0076452489
  vertex 0.00882285833 0 -0.00743180513
  vertex 0.00893485546 0 -0.0076452489
  endloop
 endfacet

 facet normal -0.356370568 0.615895391 0.702618599
  outer loop
  vertex 0.00890028384 -0.00728571415 0.0189997498
  vertex 0.00918912794 -0.00710785296 0.0179997608
  vertex 0.00890028384 -0.00728571415 0.0179997608
  endloop
 endfacet

 facet normal 0.630464315 0.329910964 -0.702619135
  outer loop
  vertex -0.00965684559 -0.00661981106 -0.0179997608
  vertex -0.00982230902 -0.00632369518 -0.0189997498
  vertex -0.00982230902 -0.00632369518 -0.0179997608
  endloop
 endfacet

 facet normal -0.710387826 0.0409345441 -0.702619135
  outer loop
  vertex 0.00999987125 -0.00549989892 -0.0189997498
  vertex 0.00997108221 -0.00583791686 -0.0179997608
  vertex 0.00999987125 -0.00549989892 -0.0179997608
  endloop
 endfacet

 facet normal -0.189680353 -0.68582052 -0.702617705
  outer loop
  vertex -0.00757849216 -0.00354480697 -0.0189997498
  vertex -0.00725418283 -0.00364416791 -0.0179997608
  vertex -0.00757849216 -0.00354480697 -0.0179997608
  endloop
 endfacet

 facet normal -0.0710478202 -0.708010674 -0.702618718
  outer loop
  vertex -0.00791496038 -0.00350171304 -0.0189997498
  vertex -0.00757849216 -0.00354480697 -0.0179997608
  vertex -0.00791496038 -0.00350171304 -0.0179997608
  endloop
 endfacet

 facet normal -0.500064254 -0.506223619 -0.702619076
  outer loop
  vertex 0.00932121184 -0.00399857713 -0.0189997498
  vertex 0.00955593493 -0.00424349308 -0.0179997608
  vertex 0.00932121184 -0.00399857713 -0.0179997608
  endloop
 endfacet

 facet normal 0.389508665 0.595490754 -0.702619314
  outer loop
  vertex -0.00890028384 -0.00728571415 -0.0179997608
  vertex -0.00918912794 -0.00710785296 -0.0189997498
  vertex -0.00918912794 -0.00710785296 -0.0179997608
  endloop
 endfacet

 facet normal 0.677596271 0.342019111 0.65106535
  outer loop
  vertex 0.00717687607 0 0.00743180513
  vertex 0.00733673479 -0.00249993801 0.00725138094
  vertex 0.00733673479 0 0.00725138094
  endloop
 endfacet

 facet normal 2.42537999e-06 -1 3.10444989e-07
  outer loop
  vertex 0.0034999249 -0.0044999118 0.00599992182
  vertex 0.0034999249 -0.0044999118 -0.00599986315
  vertex 0.0044999118 -0.0044999118 0.0144997798
  endloop
 endfacet

 facet normal -1.83750998e-07 -0.707105279 0.707108378
  outer loop
  vertex 0.0044999118 -0.0034999249 -0.0159997903
  vertex 0.0114998203 -0.00299996091 -0.0154997697
  vertex 0.0044999118 -0.00299996091 -0.0154997697
  endloop
 endfacet

 facet normal -0.564644754 0.3420192 -0.751131892
  outer loop
  vertex 0.00866299774 -0.00249993801 -0.00725138094
  vertex 0.00846457388 0 -0.00711440993
  vertex 0.00866299774 0 -0.00725138094
  endloop
 endfacet

 facet normal 0 -1 0
  outer loop
  vertex -0.01030921 -0.00249993801 0.007999897
  vertex -0.00893485546 -0.00249993801 0.00835448503
  vertex -0.00882285833 -0.00249993801 0.00856792927
  endloop
 endfacet

 facet normal -0.682680309 0.703533113 0.197455838
  outer loop
  vertex 0.0038843751 0 -0.00095433899
  vertex 0.0037415619 -0.00149994995 -0.00141417899
  vertex 0.0038843751 -0.00149994995 -0.000954337942
  endloop
 endfacet

 facet normal 0.0380020887 0.938924074 -0.342019409
  outer loop
  vertex -0.00812041666 -0.00649261381 -0.0159997903
  vertex -0.00787931588 -0.00649261381 -0.0179997608
  vertex -0.00812041666 -0.00649261381 -0.0179997608
  endloop
 endfacet

 facet normal 0.261597395 0.902546287 -0.342018813
  outer loop
  vertex 0.0076452489 -0.00643491698 -0.0159997903
  vertex 0.00787931588 -0.00649261381 -0.0179997608
  vertex 0.0076452489 -0.00643491698 -0.0179997608
  endloop
 endfacet

 facet normal -0.526991248 0.478128433 -0.702619076
  outer loop
  vertex 0.00955593493 -0.00675630523 -0.0189997498
  vertex 0.00932121184 -0.00700122118 -0.0179997608
  vertex 0.00955593493 -0.00675630523 -0.0179997608
  endloop
 endfacet

 facet normal 0.402689546 -0.849036932 0.342019707
  outer loop
  vertex 0.00743180513 -0.00467693806 0.0179997608
  vertex 0.0076452489 -0.00456488086 0.0159997903
  vertex 0.0076452489 -0.00456488086 0.0179997608
  endloop
 endfacet

 facet normal 0.751132548 0.564643443 -0.342019856
  outer loop
  vertex 0.00711440993 -0.00596463587 -0.0179997608
  vertex 0.00725138094 -0.00616300106 -0.0159997903
  vertex 0.00725138094 -0.00616300106 -0.0179997608
  endloop
 endfacet

 facet normal -0.92073524 0.342019022 -0.187801868
  outer loop
  vertex 0.000992694986 -0.00249993801 -0.00787931588
  vertex 0.000935004035 0 -0.0076452489
  vertex 0.000992695917 0 -0.00787931588
  endloop
 endfacet

 facet normal 0.891385019 -0.297414482 -0.342019498
  outer loop
  vertex 0.00711440993 -0.00503516104 -0.0179997608
  vertex 0.00702893687 -0.00526058581 -0.0159997903
  vertex 0.00702893687 -0.00526058581 -0.0179997608
  endloop
 endfacet

 facet normal 0.711300135 -0.0194565821 -0.702619135
  outer loop
  vertex 0.00600707484 -0.00566953421 -0.0179997608
  vertex 0.00600707484 -0.00533032417 -0.0189997498
  vertex 0.00600707484 -0.00533032417 -0.0179997608
  endloop
 endfacet

 facet normal 0.920735359 0.342018843 0.187801659
  outer loop
  vertex 0.00700718118 -0.00249993801 0.00787931588
  vertex 0.00706487801 0 0.0076452489
  vertex 0.00700718118 0 0.00787931588
  endloop
 endfacet

 facet normal 0.920735538 0.342018962 0.187801093
  outer loop
  vertex 0.00700718118 -0.00249993801 -0.00812041666
  vertex 0.00706487801 0 -0.00835448503
  vertex 0.00700718118 0 -0.00812041666
  endloop
 endfacet

 facet normal -0.866025329 1.31278e-07 0.500000179
  outer loop
  vertex 0.00453579379 -0.00399994804 0
  vertex 0.00626784516 -0.00299996091 0.00299996091
  vertex 0.00453579379 -0.00299996091 0
  endloop
 endfacet

 facet normal 0.656170964 -0.275256872 0.702618897
  outer loop
  vertex -0.00974589493 -0.00452452805 0.0179997608
  vertex -0.00988560915 -0.0048336382 0.0189997498
  vertex -0.00988560915 -0.0048336382 0.0179997608
  endloop
 endfacet

 facet normal 0.407319278 0.583453596 0.702618599
  outer loop
  vertex 0.00667852117 -0.00700122118 0.0179997608
  vertex 0.00695127202 -0.00720292283 0.0189997498
  vertex 0.00695127202 -0.00720292283 0.0179997608
  endloop
 endfacet

 facet normal -0.677595377 0.342019141 0.651066303
  outer loop
  vertex 0.00866299774 -0.00249993801 -0.0087483516
  vertex 0.00882285833 0 -0.00856792927
  vertex 0.00866299774 0 -0.0087483516
  endloop
 endfacet

 facet normal -0.727995276 0.342018902 -0.59417665
  outer loop
  vertex -0.00717687607 -0.00249993801 0.00856792927
  vertex -0.00733673479 0 0.0087483516
  vertex -0.00717687607 0 0.00856792927
  endloop
 endfacet

 facet normal -0.168877169 -0.691234827 0.702620089
  outer loop
  vertex -0.00741422083 -0.0035876031 0.0189997498
  vertex -0.00774586201 -0.0035161369 0.0179997608
  vertex -0.00741422083 -0.0035876031 0.0179997608
  endloop
 endfacet

 facet normal 0.656171083 -0.275256038 0.702619135
  outer loop
  vertex 0.00625383807 -0.00452452805 0.0179997608
  vertex 0.00611412479 -0.0048336382 0.0189997498
  vertex 0.00611412479 -0.0048336382 0.0179997608
  endloop
 endfacet

 facet normal -0.866025448 0 0.49999997
  outer loop
  vertex 0.00115466095 -0.00399988797 0.00599992182
  vertex 0.00230932189 -0.00249993801 0.007999897
  vertex 0.00115466095 -0.00249993801 0.00599992182
  endloop
 endfacet

 facet normal 0.707107425 -0.707106173 6.43127009e-07
  outer loop
  vertex -0.0034999249 -0.00599986315 0.0159997903
  vertex -0.0034999249 -0.00599986315 0.0179997608
  vertex -0.0044999118 -0.00699984981 0.0179997608
  endloop
 endfacet

 facet normal -0.920735359 0.342019349 0.187800929
  outer loop
  vertex -0.00706487801 0 -0.00835448503
  vertex -0.00700718118 -0.00249993801 -0.00812041666
  vertex -0.00700718118 0 -0.00812041666
  endloop
 endfacet

 facet normal 0.664186776 0.255308181 -0.702619195
  outer loop
  vertex 0.00617742492 -0.00632369518 -0.0189997498
  vertex 0.00606441405 -0.00600385619 -0.0179997608
  vertex 0.00617742492 -0.00632369518 -0.0179997608
  endloop
 endfacet

 facet normal 0.109648041 0.70306778 0.702618778
  outer loop
  vertex -0.00842124224 -0.00745499087 0.0189997498
  vertex -0.00808477402 -0.00749808503 0.0179997608
  vertex -0.00842124224 -0.00745499087 0.0179997608
  endloop
 endfacet

 facet normal 0.864434123 0.368478417 -0.34201929
  outer loop
  vertex 0.00702893687 -0.00573921204 -0.0179997608
  vertex 0.00711440993 -0.00596463587 -0.0159997903
  vertex 0.00711440993 -0.00596463587 -0.0179997608
  endloop
 endfacet

 facet normal 0.578422725 0.414433151 0.702618241
  outer loop
  vertex -0.00974589493 -0.00647526886 0.0179997608
  vertex -0.00955593493 -0.00675630523 0.0189997498
  vertex -0.00955593493 -0.00675630523 0.0179997608
  endloop
 endfacet

 facet normal -0.389508665 -0.595490277 0.702619612
  outer loop
  vertex -0.00681060506 -0.00389194395 0.0189997498
  vertex -0.00709944917 -0.00371408393 0.0179997608
  vertex -0.00681060506 -0.00389194395 0.0179997608
  endloop
 endfacet

 facet normal -0.866025627 -1.05022013e-06 -0.499999702
  outer loop
  vertex 0.00626784516 -0.00399994804 -0.01099985
  vertex 0.00453579379 -0.00299996091 -0.007999897
  vertex 0.00626784516 -0.00299996091 -0.01099985
  endloop
 endfacet

 facet normal -0.69778043 0.139387593 0.702619135
  outer loop
  vertex -0.00606441405 -0.00600385619 0.0189997498
  vertex -0.00600707484 -0.00566947414 0.0179997608
  vertex -0.00606441405 -0.00600385619 0.0179997608
  endloop
 endfacet

 facet normal 0.938924313 0.342018962 0.0380017534
  outer loop
  vertex 0.00700718118 0 0.00812041666
  vertex 0.00700718118 -0.00249993801 0.00787931588
  vertex 0.00700718118 0 0.00787931588
  endloop
 endfacet

 facet normal 0.794307053 -0.502094328 -0.342019916
  outer loop
  vertex 0.00725138094 -0.00483679678 -0.0179997608
  vertex 0.00711440993 -0.00503516104 -0.0159997903
  vertex 0.00711440993 -0.00503516104 -0.0179997608
  endloop
 endfacet

 facet normal -0.109647796 0.703066945 -0.702619612
  outer loop
  vertex 0.00842124224 -0.00745499087 -0.0189997498
  vertex 0.00808477402 -0.00749808503 -0.0179997608
  vertex 0.00842124224 -0.00745499087 -0.0179997608
  endloop
 endfacet

 facet normal 0.727995336 0.342019051 -0.594176531
  outer loop
  vertex 0.00733673479 0 0.0087483516
  vertex 0.00717687607 -0.00249993801 0.00856792927
  vertex 0.00717687607 0 0.00856792927
  endloop
 endfacet

 facet normal -0.866025329 0 -0.500000179
  outer loop
  vertex -0.00973188784 -0.00299990107 0.00499993516
  vertex -0.0114639401 -0.00399988797 0.007999897
  vertex -0.0114639401 -0.00299990107 0.007999897
  endloop
 endfacet

 facet normal -0.541193247 0.461993217 0.702618122
  outer loop
  vertex 0.00944375899 -0.00688373996 0.0189997498
  vertex 0.00965684559 -0.00661981106 0.0179997608
  vertex 0.00944375899 -0.00688373996 0.0179997608
  endloop
 endfacet

 facet normal 0 -1.05022013e-06 -1
  outer loop
  vertex 0.00115466095 -0.00399988797 0.00999987125
  vertex -0.00115466095 -0.00249993801 0.00999987125
  vertex 0.00115466095 -0.00249993801 0.00999987125
  endloop
 endfacet

 facet normal 0.337603539 -0.626378775 0.702619076
  outer loop
  vertex 0.00725418283 -0.00364416791 0.0179997608
  vertex 0.00695127202 -0.00379687501 0.0189997498
  vertex 0.00695127202 -0.00379687501 0.0179997608
  endloop
 endfacet

 facet normal -0.187800318 0.920735776 -0.342018694
  outer loop
  vertex -0.00787931588 -0.00649261381 -0.0159997903
  vertex -0.0076452489 -0.00643491698 -0.0179997608
  vertex -0.00787931588 -0.00649261381 -0.0179997608
  endloop
 endfacet

 facet normal -0.866025448 -1.31277986e-07 -0.499999881
  outer loop
  vertex -0.00973188784 -0.00299990107 -0.00299990107
  vertex -0.0114639401 -0.00399988797 0
  vertex -0.0114639401 -0.00299990107 0
  endloop
 endfacet

 facet normal 0.407319218 0.583453894 0.70261842
  outer loop
  vertex -0.00932121184 -0.00700122118 0.0179997608
  vertex -0.00904846098 -0.00720292283 0.0189997498
  vertex -0.00904846098 -0.00720292283 0.0179997608
  endloop
 endfacet

 facet normal -0.189680949 -0.685819089 -0.702618897
  outer loop
  vertex 0.00842124224 -0.00354480697 -0.0189997498
  vertex 0.00874555111 -0.00364416791 -0.0179997608
  vertex 0.00842124224 -0.00354480697 -0.0179997608
  endloop
 endfacet

 facet normal 0.0710477456 -0.708010495 0.702618897
  outer loop
  vertex 0.00791496038 -0.00350171304 0.0189997498
  vertex 0.00757849216 -0.00354480697 0.0179997608
  vertex 0.00791496038 -0.00350171304 0.0179997608
  endloop
 endfacet

 facet normal -0.677595139 0.3420192 0.65106672
  outer loop
  vertex -0.00733673479 -0.00249993801 0.00725138094
  vertex -0.00717687607 0 0.00743180513
  vertex -0.00733673479 0 0.00725138094
  endloop
 endfacet

 facet normal -0.902546644 0.342018872 -0.261595964
  outer loop
  vertex 0.00899255183 0 -0.00787931588
  vertex 0.00893485546 -0.00249993801 -0.0076452489
  vertex 0.00893485546 0 -0.0076452489
  endloop
 endfacet

 facet normal -0.630464613 -0.329909742 0.702619374
  outer loop
  vertex 0.00982230902 -0.00467610313 0.0189997498
  vertex 0.00965684559 -0.00437998679 0.0179997608
  vertex 0.00982230902 -0.00467610313 0.0179997608
  endloop
 endfacet

 facet normal -0.502094388 0.342019767 0.794306993
  outer loop
  vertex 0.00846457388 -0.00249993801 -0.008885324
  vertex 0.00866299774 0 -0.0087483516
  vertex 0.00846457388 0 -0.008885324
  endloop
 endfacet

 facet normal -0.130835906 0.699434757 0.702618718
  outer loop
  vertex -0.00774586201 -0.00748366117 0.0189997498
  vertex -0.00741422083 -0.00741219521 0.0179997608
  vertex -0.00774586201 -0.00748366117 0.0179997608
  endloop
 endfacet

 facet normal -0.049628377 -0.709832847 0.702619612
  outer loop
  vertex -0.00774586201 -0.0035161369 0.0189997498
  vertex -0.00808477402 -0.00350171304 0.0179997608
  vertex -0.00774586201 -0.0035161369 0.0179997608
  endloop
 endfacet

 facet normal -5.25110067e-07 -1 2.32833003e-07
  outer loop
  vertex -0.0114639401 -0.00399994804 -0.0079998374
  vertex -0.00973188784 -0.00399994804 -0.01099985
  vertex -0.00915455818 -0.00399994804 -0.00999987125
  endloop
 endfacet

 facet normal -0.866025567 1.31278e-07 0.499999821
  outer loop
  vertex 0.00915455818 -0.00399994804 -0.00199991395
  vertex 0.01030921 -0.00249993801 0
  vertex 0.00915455818 -0.00249993801 -0.00199991395
  endloop
 endfacet

 facet normal -0.651066065 0.677595735 0.342019171
  outer loop
  vertex 0.0087483516 -0.00616300106 0.0159997903
  vertex 0.00856792927 -0.00632285979 0.0179997608
  vertex 0.0087483516 -0.00616300106 0.0179997608
  endloop
 endfacet

 facet normal 0.902546406 0.342018694 -0.261597127
  outer loop
  vertex 0.00706487801 -0.00249993801 -0.0076452489
  vertex 0.00700718118 0 -0.00787931588
  vertex 0.00706487801 0 -0.0076452489
  endloop
 endfacet

 facet normal 0.302856058 0.643898249 0.702618897
  outer loop
  vertex -0.00904846098 -0.00720292283 0.0179997608
  vertex -0.00874555111 -0.00735562993 0.0189997498
  vertex -0.00874555111 -0.00735562993 0.0179997608
  endloop
 endfacet

 facet normal 0.710075974 0.703532755 -0.0288743749
  outer loop
  vertex -0.00399994804 0 0
  vertex -0.00397092104 -0.00149994995 0.000480652991
  vertex -0.00399994804 -0.00149994995 0
  endloop
 endfacet

 facet normal 0.438606083 -0.560313284 0.702619195
  outer loop
  vertex 0.00695127202 -0.00379687501 0.0179997608
  vertex 0.00667852117 -0.00399857713 0.0189997498
  vertex 0.00667852117 -0.00399857713 0.0179997608
  endloop
 endfacet

 facet normal -0.0754496604 0.342018634 -0.936659217
  outer loop
  vertex 0.00823920872 0 0.00897079706
  vertex 0.007999897 -0.00249993801 0.00899988413
  vertex 0.007999897 0 0.00899988413
  endloop
 endfacet

 facet normal 0.866025388 -9.99837994e-07 -0.500000179
  outer loop
  vertex 0.00684517622 -0.00249993801 0.00999987125
  vertex 0.00569051504 -0.00399988797 0.007999897
  vertex 0.00569051504 -0.00249993801 0.007999897
  endloop
 endfacet

 facet normal -0.600214899 0.382188976 -0.702619195
  outer loop
  vertex 0.00974589493 -0.00647526886 -0.0189997498
  vertex 0.00955593493 -0.00675630523 -0.0179997608
  vertex 0.00974589493 -0.00647526886 -0.0179997608
  endloop
 endfacet

 facet normal -0.704357386 -0.101032138 0.702618897
  outer loop
  vertex 0.00999265909 -0.0053302641 0.0189997498
  vertex 0.00993531942 -0.00499594212 0.0179997608
  vertex 0.00999265909 -0.0053302641 0.0179997608
  endloop
 endfacet

 facet normal -0.13083601 0.699434936 0.702618599
  outer loop
  vertex 0.00825387239 -0.00748366117 0.0189997498
  vertex 0.00858551171 -0.00741219521 0.0179997608
  vertex 0.00825387239 -0.00748366117 0.0179997608
  endloop
 endfacet

 facet normal -0.502094686 0.342019379 -0.794307113
  outer loop
  vertex 0.00866299774 0 0.0087483516
  vertex 0.00846457388 -0.00249993801 0.008885324
  vertex 0.00846457388 0 0.008885324
  endloop
 endfacet

 facet normal 0.9020468 -0.388721287 -0.187636346
  outer loop
  vertex 0.00249993801 -0.00599986315 0.0179997608
  vertex 0.00246482994 -0.0060116048 0.0178156998
  vertex 0.00248289108 -0.00477766898 0.0178703591
  endloop
 endfacet

 facet normal 0.837598026 0.393125683 -0.379317313
  outer loop
  vertex 0.00246482994 -0.00298821903 0.0178156998
  vertex 0.00243294192 -0.00477766898 0.0177497193
  vertex 0.002418458 -0.00297278096 0.0177261196
  endloop
 endfacet

 facet normal 0.902118742 0.388515681 -0.187716261
  outer loop
  vertex 0.00246482994 -0.00298821903 0.0178156998
  vertex 0.00249993801 -0.00299990107 0.0179997608
  vertex 0.00248289108 -0.00477766898 0.0178703591
  endloop
 endfacet

 facet normal 0.98968643 -6.89896988e-05 -0.14325048
  outer loop
  vertex 0.00248289108 -0.00477766898 0.0178703591
  vertex 0.00249993801 -0.00299990107 0.0179997608
  vertex 0.00249993801 -0.00599986315 0.0179997608
  endloop
 endfacet

 facet normal 0.837528527 -0.39308849 -0.3795093
  outer loop
  vertex 0.00246482994 -0.0060116048 0.0178156998
  vertex 0.002418458 -0.00602704193 0.0177261196
  vertex 0.00243294192 -0.00477766898 0.0177497193
  endloop
 endfacet

 facet normal -0.0589128695 -0.237580463 -0.969579697
  outer loop
  vertex 0.00187051203 -0.00477766898 0.01751679
  vertex 0.00199991395 -0.00477766898 0.0174997393
  vertex 0.00190895703 -0.00619685603 0.0175080802
  endloop
 endfacet

 facet normal 0.831720054 0.000215675129 -0.555195212
  outer loop
  vertex 0.00243294192 -0.00477766898 0.0177497193
  vertex 0.00235348893 -0.00604867889 0.0176461898
  vertex 0.00235348893 -0.0029510851 0.0176461898
  endloop
 endfacet

 facet normal 0.607296228 -0.41672799 -0.676408947
  outer loop
  vertex 0.00235348893 -0.00604867889 0.0176461898
  vertex 0.0022735591 -0.00607532216 0.0175812803
  vertex 0.0022499559 -0.00477766898 0.0175667405
  endloop
 endfacet

 facet normal 0.53085351 -0.426303327 -0.732434273
  outer loop
  vertex 0.0022499559 -0.00477766898 0.0175667405
  vertex 0.0022735591 -0.00607532216 0.0175812803
  vertex 0.00218397309 -0.00610518409 0.0175348502
  endloop
 endfacet

 facet normal 0.353911877 -0.441710502 -0.824401736
  outer loop
  vertex 0.002129375 -0.00477766898 0.01751679
  vertex 0.00218397309 -0.00610518409 0.0175348502
  vertex 0.00209093001 -0.00613623811 0.0175080802
  endloop
 endfacet

 facet normal 0.137776285 -0.462057978 -0.876082242
  outer loop
  vertex 0.00199991395 -0.00477766898 0.0174997393
  vertex 0.00209093001 -0.00613623811 0.0175080802
  vertex 0.00190895703 -0.00619685603 0.0175080802
  endloop
 endfacet

 facet normal 0.644409001 -0.206825048 0.73617959
  outer loop
  vertex 0.00235348893 -0.00477766898 -0.0176461898
  vertex 0.0022499559 -0.00477766898 -0.0175667405
  vertex 0.00232869294 -0.00605696393 -0.0176229998
  endloop
 endfacet

 facet normal -0.0830691978 -0.488681912 -0.868498445
  outer loop
  vertex 0.00190895703 -0.00619685603 0.0175080802
  vertex 0.00181591499 -0.00622791005 0.0175348502
  vertex 0.00187051203 -0.00477766898 0.01751679
  endloop
 endfacet

 facet normal 0.427740723 -0.217778176 -0.877274513
  outer loop
  vertex 0.002129375 -0.00477766898 0.01751679
  vertex 0.0022499559 -0.00477766898 0.0175667405
  vertex 0.00218397309 -0.00610518409 0.0175348502
  endloop
 endfacet

 facet normal -0.281602651 0.513797939 -0.810377479
  outer loop
  vertex 0.00181591499 -0.00277191401 0.0175348502
  vertex 0.00174993195 -0.00477766898 0.0175667405
  vertex 0.00172632898 -0.00274205208 0.0175812803
  endloop
 endfacet

 facet normal -0.0830560103 0.48869437 -0.868492603
  outer loop
  vertex 0.00181591499 -0.00277191401 0.0175348502
  vertex 0.00190895703 -0.00280290795 0.0175080802
  vertex 0.00187051203 -0.00477766898 0.01751679
  endloop
 endfacet

 facet normal 0.137648344 0.461913735 -0.876178503
  outer loop
  vertex 0.00209093001 -0.00286358502 0.0175080802
  vertex 0.00199991395 -0.00477766898 0.0174997393
  vertex 0.00190895703 -0.00280290795 0.0175080802
  endloop
 endfacet

 facet normal -0.879857481 0.285338581 -0.38004303
  outer loop
  vertex 0.00156694604 -0.00477766898 0.0177497193
  vertex 0.001516997 -0.00477766898 0.0178703591
  vertex 0.00153505802 -0.00267827511 0.0178156998
  endloop
 endfacet

 facet normal 0.353719026 0.441726774 -0.824475825
  outer loop
  vertex 0.00209093001 -0.00286358502 0.0175080802
  vertex 0.00218397309 -0.00289463904 0.0175348502
  vertex 0.002129375 -0.00477766898 0.01751679
  endloop
 endfacet

 facet normal 0.806165457 -0.198446602 0.5574193
  outer loop
  vertex 0.00243294192 -0.00477766898 -0.0177497193
  vertex 0.00235348893 -0.00477766898 -0.0176461898
  vertex 0.00239992095 -0.00603324082 -0.0176997092
  endloop
 endfacet

 facet normal -0.537760437 -0.267003298 0.79970175
  outer loop
  vertex 0.00174993195 -0.00477766898 -0.0175667405
  vertex 0.00164639903 -0.00477766898 -0.0176461898
  vertex 0.00167119503 -0.00627613021 -0.0176229998
  endloop
 endfacet

 facet normal 0.53072685 0.42639488 -0.732472777
  outer loop
  vertex 0.0022735591 -0.00292444206 0.0175812803
  vertex 0.0022499559 -0.00477766898 0.0175667405
  vertex 0.00218397309 -0.00289463904 0.0175348502
  endloop
 endfacet

 facet normal -0.281687707 -0.513727367 -0.810392678
  outer loop
  vertex 0.00181591499 -0.00622791005 0.0175348502
  vertex 0.00172632898 -0.00625777198 0.0175812803
  vertex 0.00174993195 -0.00477766898 0.0175667405
  endloop
 endfacet

 facet normal -0.508215666 0.0001627335 -0.861229837
  outer loop
  vertex 0.00174993195 -0.00477766898 0.0175667405
  vertex 0.00164639903 -0.00628441479 0.0176461898
  vertex 0.00164639903 -0.0027154081 0.0176461898
  endloop
 endfacet

 facet normal -0.690945029 -0.564676225 -0.451370865
  outer loop
  vertex 0.00156694604 -0.00477766898 0.0177497193
  vertex 0.00158142997 -0.00630605221 0.0177261196
  vertex 0.00153505802 -0.00632148888 0.0178156998
  endloop
 endfacet

 facet normal -0.622561455 -0.673731506 -0.398124367
  outer loop
  vertex 0.001516997 -0.00477766898 0.0178703591
  vertex 0.00153505802 -0.00632148888 0.0178156998
  vertex 0.00149994995 -0.00633323099 0.0179997608
  endloop
 endfacet

 facet normal -0.648296416 -2.43807372e-05 -0.761388063
  outer loop
  vertex 0.00149994995 -0.0026665919 0.0179997608
  vertex 0.001516997 -0.00477766898 0.0178703591
  vertex 0.00149994995 -0.00633323099 0.0179997608
  endloop
 endfacet

 facet normal -0.62264508 0.673629701 -0.398165941
  outer loop
  vertex 0.00149994995 -0.0026665919 0.0179997608
  vertex 0.00153505802 -0.00267827511 0.0178156998
  vertex 0.001516997 -0.00477766898 0.0178703591
  endloop
 endfacet

 facet normal -0.691051126 0.564691603 -0.45118922
  outer loop
  vertex 0.00156694604 -0.00477766898 0.0177497193
  vertex 0.00153505802 -0.00267827511 0.0178156998
  vertex 0.00158142997 -0.00269377208 0.0177261196
  endloop
 endfacet

 facet normal -0.685813844 0.000159765579 -0.727777064
  outer loop
  vertex 0.00156694604 -0.00477766898 0.0177497193
  vertex 0.00164639903 -0.0027154081 0.0176461898
  vertex 0.00164639903 -0.00628441479 0.0176461898
  endloop
 endfacet

 facet normal -0.701273322 0.000514332089 0.712892234
  outer loop
  vertex 0.00159996701 -0.006299912 -0.0176997092
  vertex 0.00164639903 -0.00477766898 -0.0176461898
  vertex 0.00159996701 -0.00269997097 -0.0176997092
  endloop
 endfacet

 facet normal 0.564644873 0.342019349 0.751131773
  outer loop
  vertex -0.000663115003 -0.00249993801 -0.0087483516
  vertex -0.000464716984 0 -0.008885324
  vertex -0.000663113955 0 -0.0087483516
  endloop
 endfacet

 facet normal -0.84903574 0.342018515 -0.402692944
  outer loop
  vertex 0.00893485546 -0.00249993801 0.000354600983
  vertex 0.00882285833 0 0.000568057003
  vertex 0.00893485546 0 0.000354599993
  endloop
 endfacet

 facet normal 0 0 -1
  outer loop
  vertex -0.00812041666 -0.00649261381 0.0159997903
  vertex -0.00787931588 -0.00649261381 0.0159997903
  vertex -0.00649988605 -0.00899982359 0.0159997903
  endloop
 endfacet

 facet normal -0.297414362 -0.342018366 0.891385615
  outer loop
  vertex -0.00753515912 -0.00249993801 0.00711440993
  vertex -0.00776058389 0 0.00702893687
  vertex -0.00776058389 -0.00249993801 0.00702893687
  endloop
 endfacet

 facet normal -0.707106948 -0.707106709 2.36657996e-07
  outer loop
  vertex 0.0034999249 -0.00599992182 -0.0159997903
  vertex 0.00649988605 -0.00899988413 -0.0189997498
  vertex 0.00649988605 -0.00899988413 -0.0159997903
  endloop
 endfacet

 facet normal 0.710387766 -0.0409350917 0.702619076
  outer loop
  vertex -0.00997108221 -0.00516188098 0.0179997608
  vertex -0.00999987125 -0.00549989892 0.0189997498
  vertex -0.00999987125 -0.00549989892 0.0179997608
  endloop
 endfacet

 facet normal -0.902546287 0.342019409 -0.261596471
  outer loop
  vertex 0.00899255183 0 0.00812041666
  vertex 0.00893485546 -0.00249993801 0.00835448503
  vertex 0.00893485546 0 0.00835448503
  endloop
 endfacet

 facet normal 0.402692229 0.84903574 0.34201926
  outer loop
  vertex -0.00835448503 -0.00643491698 0.0159997903
  vertex -0.00856792927 -0.00632285979 0.0179997608
  vertex -0.00835448503 -0.00643491698 0.0179997608
  endloop
 endfacet

 facet normal -0.261598051 0.90254581 0.342019796
  outer loop
  vertex -0.0076452489 -0.00643491698 0.0159997903
  vertex -0.00787931588 -0.00649261381 0.0179997608
  vertex -0.0076452489 -0.00643491698 0.0179997608
  endloop
 endfacet

 facet normal -1.26679988e-05 -1 3.49252986e-07
  outer loop
  vertex -0.0044999118 -0.00299990107 0.0154997697
  vertex -0.00453579379 -0.00299990107 0.007999897
  vertex -0.00453579379 -0.00299990107 0
  endloop
 endfacet

 facet normal -0.813714683 0.342019051 -0.469990909
  outer loop
  vertex -0.00706487801 0 0.00835448503
  vertex -0.00717687607 -0.00249993801 0.00856792927
  vertex -0.00717687607 0 0.00856792927
  endloop
 endfacet

 facet normal 0.36847955 0.342018634 -0.864434004
  outer loop
  vertex -0.000239312998 0 -0.00702893687
  vertex -0.000464718003 -0.00249993801 -0.00711440993
  vertex -0.000464716984 0 -0.00711440993
  endloop
 endfacet

 facet normal 0.0754494965 0.342018574 -0.936659396
  outer loop
  vertex -0.007999897 -0.00249993801 0.00899988413
  vertex -0.00823920872 0 0.00897079706
  vertex -0.007999897 0 0.00899988413
  endloop
 endfacet

 facet normal 0.189680636 0.685819209 0.702618957
  outer loop
  vertex 0.00725418283 -0.00735562993 0.0179997608
  vertex 0.00757849216 -0.00745499087 0.0189997498
  vertex 0.00757849216 -0.00745499087 0.0179997608
  endloop
 endfacet

 facet normal 0 -0.707107246 -0.707106352
  outer loop
  vertex 0.0044999118 -0.00599986315 0.0159997903
  vertex 0.0034999249 -0.0044999118 0.0144997798
  vertex 0.0044999118 -0.0044999118 0.0144997798
  endloop
 endfacet

 facet normal -0.677595437 0.342019171 0.651066244
  outer loop
  vertex 0.00866299774 -0.00249993801 0.00725138094
  vertex 0.00882285833 0 0.00743180513
  vertex 0.00866299774 0 0.00725138094
  endloop
 endfacet

 facet normal -0.866025567 9.99839017e-07 0.499999762
  outer loop
  vertex -0.00684517622 -0.00249993801 -0.00999987125
  vertex -0.00569051504 -0.00399994804 -0.0079998374
  vertex -0.00569051504 -0.00249993801 -0.007999897
  endloop
 endfacet

 facet normal 0.704356849 0.101032525 -0.702619195
  outer loop
  vertex 0.00606441405 -0.00600385619 -0.0179997608
  vertex 0.00600707484 -0.00566953421 -0.0189997498
  vertex 0.00600707484 -0.00566953421 -0.0179997608
  endloop
 endfacet

 facet normal 0.813715756 0.342018664 -0.4699893
  outer loop
  vertex 0.00717687607 -0.00249993801 0.000568057992
  vertex 0.00706487801 0 0.000354599993
  vertex 0.00717687607 0 0.000568057003
  endloop
 endfacet

 facet normal 2.38417016e-07 1 -3.57624998e-07
  outer loop
  vertex -0.0124998 0 -0.0169997793
  vertex -0.00866299774 0 -0.0087483516
  vertex -0.00846457388 0 -0.008885324
  endloop
 endfacet

 facet normal 3.89260038e-07 1 -2.96371013e-07
  outer loop
  vertex 0.00397092104 -0.00149994995 0.000480652991
  vertex 0.0037415619 -0.00149994995 -0.00141417899
  vertex 0.00299996091 -0.00149994995 0.0026456709
  endloop
 endfacet

 facet normal 0 0 -1
  outer loop
  vertex 0.00915455818 -0.00249993801 -0.00599986315
  vertex 0.00684517622 -0.00399994804 -0.00599986315
  vertex 0.00684517622 -0.00249993801 -0.00599986315
  endloop
 endfacet

 facet normal 0.651067197 -0.677594721 -0.342018932
  outer loop
  vertex -0.00856792927 -0.00467693806 -0.0179997608
  vertex -0.0087483516 -0.00483679678 -0.0159997903
  vertex -0.0087483516 -0.00483679678 -0.0179997608
  endloop
 endfacet

 facet normal -0.0107481359 0.711485267 0.702618897
  outer loop
  vertex -0.00808477402 -0.00749808503 0.0189997498
  vertex -0.00774586201 -0.00748366117 0.0179997608
  vertex -0.00808477402 -0.00749808503 0.0179997608
  endloop
 endfacet

 facet normal 0.891384363 -0.297416925 -0.3420192
  outer loop
  vertex 0.00711440993 -0.00503516104 0.0159997903
  vertex 0.00702893687 -0.00526058581 0.0179997608
  vertex 0.00702893687 -0.00526058581 0.0159997903
  endloop
 endfacet

 facet normal 0.677595139 0.342018604 -0.651066959
  outer loop
  vertex -0.000663115003 -0.00249993801 -0.00725138094
  vertex -0.000822972972 0 -0.00743180513
  vertex -0.000663113955 0 -0.00725138094
  endloop
 endfacet

 facet normal 0.36847946 0.34201926 0.864433646
  outer loop
  vertex -0.00846457388 -0.00249993801 0.00711440993
  vertex -0.00823920872 0 0.00702893687
  vertex -0.00846457388 0 0.00711440993
  endloop
 endfacet

 facet normal -0.849036992 0.342019111 0.402689815
  outer loop
  vertex -0.00717687607 0 -0.000568057003
  vertex -0.00706487801 -0.00249993801 -0.000354599004
  vertex -0.00706487801 0 -0.000354599993
  endloop
 endfacet

 facet normal 0.455331683 -0.546809316 -0.70261848
  outer loop
  vertex -0.00944375899 -0.00411605788 -0.0179997608
  vertex -0.00918912794 -0.00389194395 -0.0189997498
  vertex -0.00918912794 -0.00389194395 -0.0179997608
  endloop
 endfacet

 facet normal -0.704357207 -0.101033114 0.702618897
  outer loop
  vertex -0.00600707484 -0.0053302641 0.0189997498
  vertex -0.00606441405 -0.00499594212 0.0179997608
  vertex -0.00600707484 -0.0053302641 0.0179997608
  endloop
 endfacet

 facet normal -0.67759496 0.342018843 -0.65106684
  outer loop
  vertex 0.000822972972 0 0.00856792927
  vertex 0.000663113955 -0.00249993801 0.0087483516
  vertex 0.000663113955 0 0.0087483516
  endloop
 endfacet

 facet normal -0.297413826 -0.342018485 0.891385615
  outer loop
  vertex 0.000464716984 -0.00249993801 -0.008885324
  vertex 0.000239312998 0 -0.00897079706
  vertex 0.000239311994 -0.00249993801 -0.00897079706
  endloop
 endfacet

 facet normal 0 -1 3.71384999e-07
  outer loop
  vertex 0.0114639401 -0.00299996091 -0.007999897
  vertex 0.00973188784 -0.00299996091 -0.01099985
  vertex 0.0114998203 -0.00299996091 -0.0154997697
  endloop
 endfacet

 facet normal -0.150899515 0.342018694 -0.927497983
  outer loop
  vertex 0.00823920872 -0.00249993801 0.000970929977
  vertex 0.007999897 0 0.000999987009
  vertex 0.00823920872 0 0.00097092893
  endloop
 endfacet

 facet normal 0.677595019 0.342018634 -0.651067019
  outer loop
  vertex -0.00866299774 -0.00249993801 -0.00725138094
  vertex -0.00882285833 0 -0.00743180513
  vertex -0.00866299774 0 -0.00725138094
  endloop
 endfacet

 facet normal -0.727995157 0.342019022 -0.59417671
  outer loop
  vertex -0.00717687607 -0.00249993801 -0.00743180513
  vertex -0.00733673479 0 -0.00725138094
  vertex -0.00717687607 0 -0.00743180513
  endloop
 endfacet

 facet normal 0.866025448 5.25110977e-07 0.499999881
  outer loop
  vertex -0.00230932189 -0.00399994804 -0.0079998374
  vertex -0.00115466095 -0.00249993801 -0.00999987125
  vertex -0.00230932189 -0.00249993801 -0.007999897
  endloop
 endfacet

 facet normal 0.693251669 -0.160402462 0.702618778
  outer loop
  vertex -0.00988560915 -0.0048336382 0.0179997608
  vertex -0.00997108221 -0.00516188098 0.0189997498
  vertex -0.00997108221 -0.00516188098 0.0179997608
  endloop
 endfacet

 facet normal 0.902546406 0.342018753 -0.261597395
  outer loop
  vertex -0.000935004966 -0.00249993801 0.00835448503
  vertex -0.000992695917 0 0.00812041666
  vertex -0.000935004035 0 0.00835448503
  endloop
 endfacet

 facet normal -0.866025448 5.25111034e-07 0.49999997
  outer loop
  vertex 0.00453579379 -0.00399994804 -0.0079998374
  vertex 0.00626784516 -0.00299996091 -0.00499987602
  vertex 0.00453579379 -0.00299996091 -0.007999897
  endloop
 endfacet

 facet normal -0.502094567 0.342019409 0.794307053
  outer loop
  vertex 0.000464716984 -0.00249993801 0.00711440993
  vertex 0.000663113955 0 0.00725138094
  vertex 0.000464716984 0 0.00711440993
  endloop
 endfacet

 facet normal -1 5.32190995e-07 0
  outer loop
  vertex -0.0124998 -0.0044999118 0.0144997798
  vertex -0.0124998 -0.00599986315 0.0159997903
  vertex -0.0124998 -0.00199991395 0.0189997498
  endloop
 endfacet

 facet normal -0.0380019434 0.938924193 0.342019349
  outer loop
  vertex -0.00787931588 -0.00649261381 0.0159997903
  vertex -0.00812041666 -0.00649261381 0.0179997608
  vertex -0.00787931588 -0.00649261381 0.0179997608
  endloop
 endfacet

 facet normal 1 -2.32834026e-07 0
  outer loop
  vertex 0.00249993801 -0.00599992182 -0.0179997608
  vertex 0.00249993801 -0.00299996091 -0.0189997498
  vertex 0.00249993801 -0.00299996091 -0.0179997608
  endloop
 endfacet

 facet normal 0 1.34743004e-07 1
  outer loop
  vertex 0.00299996091 0 -0.00499993516
  vertex -0.00299996091 -0.0044999118 -0.00499987602
  vertex 0.00299990107 -0.0044999118 -0.00499987602
  endloop
 endfacet

 facet normal 0.0754498765 0.342018574 -0.936659217
  outer loop
  vertex -0.007999897 -0.00249993801 0.00099998794
  vertex -0.00823920872 0 0.00097092893
  vertex -0.007999897 0 0.000999987009
  endloop
 endfacet

 facet normal -0.150899574 0.342018753 -0.927497983
  outer loop
  vertex -0.00776058389 -0.00249993801 0.00897079706
  vertex -0.007999897 0 0.00899988413
  vertex -0.00776058389 0 0.00897079706
  endloop
 endfacet

 facet normal -0.36847952 0.342018813 -0.864433944
  outer loop
  vertex 0.00846457388 -0.00249993801 -0.00711440993
  vertex 0.00823920872 0 -0.00702893687
  vertex 0.00846457388 0 -0.00711440993
  endloop
 endfacet

 facet normal 0.297413826 0.342019498 0.891385257
  outer loop
  vertex -0.00846457388 0 -0.008885324
  vertex -0.00823920872 -0.00249993801 -0.00897079706
  vertex -0.00823920872 0 -0.00897079706
  endloop
 endfacet

 facet normal 0.075449504 0.342018604 -0.936659336
  outer loop
  vertex -0.007999897 -0.00249993801 -0.00699984981
  vertex -0.00823920872 0 -0.00702893687
  vertex -0.007999897 0 -0.00699990895
  endloop
 endfacet

 facet normal 0.86602509 5.25109897e-07 0.500000596
  outer loop
  vertex -0.01030921 -0.00399994804 -0.0079998374
  vertex -0.00915455818 -0.00249993801 -0.00999987125
  vertex -0.01030921 -0.00249993801 -0.007999897
  endloop
 endfacet

 facet normal 0 0 1
  outer loop
  vertex 0.00897079706 -0.00526058581 0.0179997608
  vertex 0.00899988413 -0.00549989892 0.0179997608
  vertex 0.00999265909 -0.0053302641 0.0179997608
  endloop
 endfacet

 facet normal 0.710076451 0.703532398 0.0288739968
  outer loop
  vertex -0.00397092104 -0.00149994995 -0.000480651972
  vertex -0.00399994804 0 0
  vertex -0.00399994804 -0.00149994995 0
  endloop
 endfacet

 facet normal -0.600214422 0.382190168 -0.702618897
  outer loop
  vertex -0.00625383807 -0.00647526886 -0.0189997498
  vertex -0.00644379808 -0.00675630523 -0.0179997608
  vertex -0.00625383807 -0.00647526886 -0.0179997608
  endloop
 endfacet

 facet normal 0.130835712 0.699433804 -0.702619612
  outer loop
  vertex 0.00774586201 -0.00748366117 -0.0189997498
  vertex 0.00741422083 -0.00741219521 -0.0179997608
  vertex 0.00774586201 -0.00748366117 -0.0179997608
  endloop
 endfacet

 facet normal 0 0 1
  outer loop
  vertex 0.00626784516 -0.00399994804 -0.00499987602
  vertex 0.00973188784 -0.00299996091 -0.00499987602
  vertex 0.00626784516 -0.00299996091 -0.00499987602
  endloop
 endfacet

 facet normal 0.920735836 0.342018545 0.187799856
  outer loop
  vertex -0.00899255183 -0.00249993801 0.00787931588
  vertex -0.00893485546 0 0.0076452489
  vertex -0.00899255183 0 0.00787931588
  endloop
 endfacet

 facet normal 0.6775949 0.342018574 -0.651067078
  outer loop
  vertex -0.000663115003 -0.00249993801 0.0087483516
  vertex -0.000822972972 0 0.00856792927
  vertex -0.000663113955 0 0.0087483516
  endloop
 endfacet

 facet normal -0.642614841 0.703533113 0.30345875
  outer loop
  vertex 0.0037415619 -0.00149994995 -0.00141417899
  vertex 0.00354450895 0 -0.00185352506
  vertex 0.00354450895 -0.00149994995 -0.00185352506
  endloop
 endfacet

 facet normal 0.677595258 0.342019141 0.651066601
  outer loop
  vertex -0.000822972972 0 0.00743180513
  vertex -0.000663115003 -0.00249993801 0.00725138094
  vertex -0.000663113955 0 0.00725138094
  endloop
 endfacet

 facet normal -0.920735478 0.342019111 0.187800869
  outer loop
  vertex -0.00706487801 0 -0.000354599993
  vertex -0.00700718118 -0.00249993801 -0.000120534001
  vertex -0.00700718118 0 -0.000120534998
  endloop
 endfacet

 facet normal -0.751132369 -0.564643621 0.342019886
  outer loop
  vertex 0.0087483516 -0.00483679678 0.0159997903
  vertex 0.008885324 -0.00503516104 0.0179997608
  vertex 0.0087483516 -0.00483679678 0.0179997608
  endloop
 endfacet

 facet normal 0.2471582 -0.667263806 -0.702617884
  outer loop
  vertex 0.00709944917 -0.00371408393 -0.0179997608
  vertex 0.00741422083 -0.0035876031 -0.0189997498
  vertex 0.00741422083 -0.0035876031 -0.0179997608
  endloop
 endfacet

 facet normal -0.297414124 -0.342018336 0.891385674
  outer loop
  vertex -0.00753515912 -0.00249993801 -0.000885443937
  vertex -0.00776058389 0 -0.00097092893
  vertex -0.00776058389 -0.00249993801 -0.000970927998
  endloop
 endfacet

 facet normal 0.564644992 0.342019081 0.751131833
  outer loop
  vertex -0.000663115003 -0.00249993801 0.00725138094
  vertex -0.000464716984 0 0.00711440993
  vertex -0.000663113955 0 0.00725138094
  endloop
 endfacet

 facet normal 0.849036217 0.342018485 -0.402691752
  outer loop
  vertex -0.00882285833 0 0.00856792927
  vertex -0.00893485546 -0.00249993801 0.00835448503
  vertex -0.00893485546 0 0.00835448503
  endloop
 endfacet

 facet normal 0.866025329 4.22173002e-07 -0.50000006
  outer loop
  vertex 0.00346404291 -0.00299990107 0.007999897
  vertex 0.00230932189 -0.00399988797 0.00599992182
  vertex 0.00230932189 -0.00299990107 0.00599992182
  endloop
 endfacet

 facet normal -0.677596211 0.34201932 0.651065469
  outer loop
  vertex -0.00733673479 -0.00249993801 -0.000748499995
  vertex -0.00717687607 0 -0.000568057003
  vertex -0.00733673479 0 -0.000748500985
  endloop
 endfacet

 facet normal 0.18780227 -0.920735061 -0.342019439
  outer loop
  vertex 0.00787931588 -0.00450718403 -0.0159997903
  vertex 0.0076452489 -0.00456488086 -0.0179997608
  vertex 0.00787931588 -0.00450718403 -0.0179997608
  endloop
 endfacet

 facet normal 0.704357088 0.101033941 -0.702618718
  outer loop
  vertex -0.00993531942 -0.00600385619 -0.0179997608
  vertex -0.00999265909 -0.00566953421 -0.0189997498
  vertex -0.00999265909 -0.00566953421 -0.0179997608
  endloop
 endfacet

 facet normal 0.22688894 -0.674424469 0.702618718
  outer loop
  vertex 0.00757849216 -0.00354480697 0.0179997608
  vertex 0.00725418283 -0.00364416791 0.0189997498
  vertex 0.00725418283 -0.00364416791 0.0179997608
  endloop
 endfacet

 facet normal -0.297413975 0.342019379 0.891385198
  outer loop
  vertex 0.000239311994 -0.00249993801 0.00702893687
  vertex 0.000464716984 0 0.00711440993
  vertex 0.000239312998 0 0.00702893687
  endloop
 endfacet

 facet normal 0.902546406 0.342018664 -0.261597425
  outer loop
  vertex -0.000935004966 -0.00249993801 -0.0076452489
  vertex -0.000992695917 0 -0.00787931588
  vertex -0.000935004035 0 -0.0076452489
  endloop
 endfacet

 facet normal 0 0 -1
  outer loop
  vertex -0.00626784516 -0.00299996091 -0.01099985
  vertex -0.00973188784 -0.00399994804 -0.01099985
  vertex -0.00973188784 -0.00299996091 -0.01099985
  endloop
 endfacet

 facet normal 0.866025448 -1.31278e-07 -0.49999997
  outer loop
  vertex 0.0114639401 -0.00399994804 0
  vertex 0.00973188784 -0.00299996091 -0.00299990107
  vertex 0.0114639401 -0.00299996091 0
  endloop
 endfacet

 facet normal -0.630464196 -0.329910815 0.702619195
  outer loop
  vertex -0.00617742492 -0.00467610313 0.0189997498
  vertex -0.00634288695 -0.00437992811 0.0179997608
  vertex -0.00617742492 -0.00467610313 0.0179997608
  endloop
 endfacet

 facet normal -0.261596918 -0.902546287 -0.342019498
  outer loop
  vertex -0.0076452489 -0.00456488086 -0.0159997903
  vertex -0.00787931588 -0.00450718403 -0.0179997608
  vertex -0.0076452489 -0.00456488086 -0.0179997608
  endloop
 endfacet

 facet normal -0.368479639 0.342018783 -0.864433825
  outer loop
  vertex -0.00753515912 -0.00249993801 -0.00711440993
  vertex -0.00776058389 0 -0.00702893687
  vertex -0.00753515912 0 -0.00711440993
  endloop
 endfacet

 facet normal -0.707087576 -0.0797090679 -0.702619135
  outer loop
  vertex -0.00602865219 -0.00516188098 -0.0189997498
  vertex -0.00599992182 -0.00549989892 -0.0179997608
  vertex -0.00602865219 -0.00516188098 -0.0179997608
  endloop
 endfacet

 facet normal 0.683445692 0.19806087 0.702619314
  outer loop
  vertex -0.00997108221 -0.00583791686 0.0179997608
  vertex -0.00988560915 -0.00616616011 0.0189997498
  vertex -0.00988560915 -0.00616616011 0.0179997608
  endloop
 endfacet

 facet normal 0.710387945 -0.0409344099 0.702619076
  outer loop
  vertex 0.00602865219 -0.00516188098 0.0179997608
  vertex 0.00599986315 -0.00549989892 0.0189997498
  vertex 0.00599986315 -0.00549989892 0.0179997608
  endloop
 endfacet

 facet normal -0.502095103 0.342019081 -0.794306815
  outer loop
  vertex -0.00733673479 0 -0.00725138094
  vertex -0.00753515912 -0.00249993801 -0.00711440993
  vertex -0.00753515912 0 -0.00711440993
  endloop
 endfacet

 facet normal 0.938924372 0.342018932 0.0380021557
  outer loop
  vertex -0.000992695917 0 -0.00787931588
  vertex -0.000992696965 -0.00249993801 -0.00812041666
  vertex -0.000992695917 0 -0.00812041666
  endloop
 endfacet

 facet normal -0.502094805 0.342018753 -0.794307232
  outer loop
  vertex 0.000663113955 0 -0.00725138094
  vertex 0.000464716984 -0.00249993801 -0.00711440993
  vertex 0.000464716984 0 -0.00711440993
  endloop
 endfacet

 facet normal 0.677151024 -0.218614906 -0.702619433
  outer loop
  vertex 0.00606441405 -0.00499594212 -0.0189997498
  vertex 0.00617742492 -0.00467610313 -0.0179997608
  vertex 0.00606441405 -0.00499594212 -0.0179997608
  endloop
 endfacet

 facet normal -0.813715875 0.34201932 0.469988674
  outer loop
  vertex 0.000822972972 -0.00249993801 -0.00856792927
  vertex 0.000935004035 0 -0.00835448503
  vertex 0.000822972972 0 -0.00856792927
  endloop
 endfacet

 facet normal -0.938924193 0.342019349 0.0380020775
  outer loop
  vertex 0.000992694986 -0.00249993801 -0.00812041666
  vertex 0.000992695917 0 -0.00787931588
  vertex 0.000992695917 0 -0.00812041666
  endloop
 endfacet

 facet normal 0.849036515 0.342018783 -0.402691215
  outer loop
  vertex 0.00717687607 0 0.00856792927
  vertex 0.00706487801 -0.00249993801 0.00835448503
  vertex 0.00706487801 0 0.00835448503
  endloop
 endfacet

 facet normal 0.564644814 0.342018902 -0.751132011
  outer loop
  vertex -0.00846457388 0 -0.00711440993
  vertex -0.00866299774 -0.00249993801 -0.00725138094
  vertex -0.00866299774 0 -0.00725138094
  endloop
 endfacet

 facet normal 0.0107488316 0.711485207 -0.702618957
  outer loop
  vertex -0.00791496038 -0.00749808503 -0.0189997498
  vertex -0.00825393107 -0.00748366117 -0.0179997608
  vertex -0.00791496038 -0.00749808503 -0.0179997608
  endloop
 endfacet

 facet normal 0.564644814 0.342019349 0.751131892
  outer loop
  vertex -0.00866299774 -0.00249993801 -0.0087483516
  vertex -0.00846457388 0 -0.008885324
  vertex -0.00866299774 0 -0.0087483516
  endloop
 endfacet

 facet normal 0.564644814 0.342019498 0.751131773
  outer loop
  vertex -0.00866299774 -0.00249993801 -0.000748499995
  vertex -0.00846457388 0 -0.000885444984
  vertex -0.00866299774 0 -0.000748500985
  endloop
 endfacet

 facet normal 0.677594781 0.342018872 0.651067138
  outer loop
  vertex -0.00882285833 0 -0.00856792927
  vertex -0.00866299774 -0.00249993801 -0.0087483516
  vertex -0.00866299774 0 -0.0087483516
  endloop
 endfacet

 facet normal 0.187800661 -0.920734465 -0.342021763
  outer loop
  vertex -0.00812041666 -0.00450718403 -0.0159997903
  vertex -0.00835448503 -0.00456488086 -0.0179997608
  vertex -0.00812041666 -0.00450718403 -0.0179997608
  endloop
 endfacet

 facet normal -0.075449653 0.342018485 -0.936659396
  outer loop
  vertex 0.000239312998 0 0.00897079706
  vertex 0 -0.00249993801 0.00899988413
  vertex 0 0 0.00899988413
  endloop
 endfacet

 facet normal -0.866025567 0 0.499999821
  outer loop
  vertex 0.00915455818 -0.00399994804 0.00599992182
  vertex 0.01030921 -0.00249993801 0.007999897
  vertex 0.00915455818 -0.00249993801 0.00599992182
  endloop
 endfacet

 facet normal -0.794307053 0.50209403 0.342020094
  outer loop
  vertex -0.00711440993 -0.00596463587 0.0159997903
  vertex -0.00725138094 -0.00616300106 0.0179997608
  vertex -0.00711440993 -0.00596463587 0.0179997608
  endloop
 endfacet

 facet normal -0.594176769 -0.727994978 0.342019439
  outer loop
  vertex -0.00743180513 -0.00467693806 0.0159997903
  vertex -0.00725138094 -0.00483679678 0.0179997608
  vertex -0.00743180513 -0.00467693806 0.0179997608
  endloop
 endfacet

 facet normal 1 -2.32834026e-07 2.3038902e-07
  outer loop
  vertex -0.0044999118 0 -0.0169997793
  vertex -0.0044999118 -0.00199997402 -0.0159997903
  vertex -0.0044999118 -0.00199997402 -0.0189997498
  endloop
 endfacet

 facet normal -0.187802538 -0.92073524 0.342018813
  outer loop
  vertex -0.00787931588 -0.00450718403 0.0159997903
  vertex -0.0076452489 -0.00456488086 0.0179997608
  vertex -0.00787931588 -0.00450718403 0.0179997608
  endloop
 endfacet

 facet normal -0.29741478 -0.342018276 0.891385496
  outer loop
  vertex 0.00846457388 -0.00249993801 0.00711440993
  vertex 0.00823920872 0 0.00702893687
  vertex 0.00823920872 -0.00249993801 0.00702893687
  endloop
 endfacet

 facet normal 0.89138478 0.29741621 0.342018515
  outer loop
  vertex 0.00711440993 -0.00596463587 0.0179997608
  vertex 0.00702893687 -0.00573921204 0.0159997903
  vertex 0.00702893687 -0.00573921204 0.0179997608
  endloop
 endfacet

 facet normal -0.594178319 -0.727992713 0.342021465
  outer loop
  vertex 0.00856792927 -0.00467693806 0.0159997903
  vertex 0.0087483516 -0.00483679678 0.0179997608
  vertex 0.00856792927 -0.00467693806 0.0179997608
  endloop
 endfacet

 facet normal 0.866025388 1.05021991e-06 0.500000119
  outer loop
  vertex 0.00973188784 -0.00299990107 0.01099985
  vertex 0.0114639401 -0.00399994804 0.007999897
  vertex 0.0114639401 -0.00299996091 0.007999897
  endloop
 endfacet

 facet normal 1.61244998e-07 5.45877992e-06 1
  outer loop
  vertex 0.0076452489 -0.00643491698 -0.0159997903
  vertex 0.00649988605 -0.00899988413 -0.0159997903
  vertex 0.00787931588 -0.00649261381 -0.0159997903
  endloop
 endfacet

 facet normal 0.564644873 0.342018515 -0.75113219
  outer loop
  vertex -0.000464716984 0 -0.00711440993
  vertex -0.000663115003 -0.00249993801 -0.00725138094
  vertex -0.000663113955 0 -0.00725138094
  endloop
 endfacet

 facet normal -0.866025865 0 0.499999166
  outer loop
  vertex -0.0114639401 -0.00299990107 0.007999897
  vertex -0.00973188784 -0.00399988797 0.01099985
  vertex -0.00973188784 -0.00299990107 0.01099985
  endloop
 endfacet

 facet normal -0.707106948 -0.707106709 3.24725022e-07
  outer loop
  vertex -0.0124998 -0.00599992182 -0.0159997903
  vertex -0.00949984696 -0.00899988413 -0.0189997498
  vertex -0.00949984696 -0.00899988413 -0.0159997903
  endloop
 endfacet

 facet normal 7.87665044e-07 -1 3.49251053e-07
  outer loop
  vertex -0.01030921 -0.00399988797 0
  vertex -0.00915455818 -0.00399988797 0.00199997402
  vertex -0.00973188784 -0.00399988797 0.00299996091
  endloop
 endfacet

 facet normal -0.651066005 -0.677596033 -0.342018396
  outer loop
  vertex 0.0087483516 -0.00483679678 -0.0159997903
  vertex 0.00856792927 -0.00467693806 -0.0179997608
  vertex 0.0087483516 -0.00483679678 -0.0179997608
  endloop
 endfacet

 facet normal 0.849036753 0.342018872 0.40269056
  outer loop
  vertex -0.000935004966 -0.00249993801 0.0076452489
  vertex -0.000822972972 0 0.00743180513
  vertex -0.000935004035 0 0.0076452489
  endloop
 endfacet

 facet normal 0 -3.15067018e-06 -1
  outer loop
  vertex -0.00115466095 -0.00399994804 -0.00599986315
  vertex 0.00115466095 -0.00399994804 -0.00599986315
  vertex 0.0034999249 -0.0044999118 -0.00599986315
  endloop
 endfacet

 facet normal -0.86602515 5.25110977e-07 0.500000417
  outer loop
  vertex -0.0114639401 -0.00399994804 -0.0079998374
  vertex -0.00973188784 -0.00299996091 -0.00499987602
  vertex -0.0114639401 -0.00299996091 -0.007999897
  endloop
 endfacet

 facet normal 0.866025448 1.07540995e-06 0.49999997
  outer loop
  vertex 0.00173199095 -0.00299990107 0.01099985
  vertex 0.00346404291 -0.00399988797 0.007999897
  vertex 0.00346404291 -0.00299990107 0.007999897
  endloop
 endfacet

 facet normal -0.866025329 5.25110067e-07 0.500000179
  outer loop
  vertex 0.00915455818 -0.00399994804 -0.00999981072
  vertex 0.01030921 -0.00249993801 -0.007999897
  vertex 0.00915455818 -0.00249993801 -0.00999987125
  endloop
 endfacet

 facet normal 0.187802508 0.920735061 0.342019111
  outer loop
  vertex -0.00812041666 -0.00649261381 0.0159997903
  vertex -0.00835448503 -0.00643491698 0.0179997608
  vertex -0.00812041666 -0.00649261381 0.0179997608
  endloop
 endfacet

 facet normal -0.864433169 -0.368481696 0.342018336
  outer loop
  vertex 0.008885324 -0.00503516104 0.0159997903
  vertex 0.00897079706 -0.00526058581 0.0179997608
  vertex 0.008885324 -0.00503516104 0.0179997608
  endloop
 endfacet

 facet normal 0.794308722 -0.502092421 -0.342018783
  outer loop
  vertex -0.0087483516 -0.00483679678 0.0159997903
  vertex -0.008885324 -0.00503516104 0.0179997608
  vertex -0.008885324 -0.00503516104 0.0159997903
  endloop
 endfacet

 facet normal 0.402689636 0.84903723 -0.342018902
  outer loop
  vertex 0.00743180513 -0.00632285979 -0.0179997608
  vertex 0.0076452489 -0.00643491698 -0.0159997903
  vertex 0.0076452489 -0.00643491698 -0.0179997608
  endloop
 endfacet

 facet normal 0.297413677 0.342018574 -0.891385674
  outer loop
  vertex -0.00823920872 -0.00249993801 0.00897079706
  vertex -0.00846457388 0 0.008885324
  vertex -0.00823920872 0 0.00897079706
  endloop
 endfacet

 facet normal -0.469989836 0.813715339 0.342018932
  outer loop
  vertex -0.00743180513 -0.00632285979 0.0159997903
  vertex -0.0076452489 -0.00643491698 0.0179997608
  vertex -0.00743180513 -0.00632285979 0.0179997608
  endloop
 endfacet

 facet normal -0.864434123 -0.368478656 0.342019051
  outer loop
  vertex -0.00711440993 -0.00503516104 0.0159997903
  vertex -0.00702893687 -0.00526058581 0.0179997608
  vertex -0.00711440993 -0.00503516104 0.0179997608
  endloop
 endfacet

 facet normal -1 0 0
  outer loop
  vertex 0.0114998203 -0.0044999118 -0.0144997798
  vertex 0.0114998203 -0.0044999118 0.0144997798
  vertex 0.0114998203 -0.00299990107 0.0154997697
  endloop
 endfacet

 facet normal -0.0710481182 -0.708010614 -0.702618837
  outer loop
  vertex 0.00808477402 -0.00350171304 -0.0189997498
  vertex 0.00842124224 -0.00354480697 -0.0179997608
  vertex 0.00808477402 -0.00350171304 -0.0179997608
  endloop
 endfacet

 facet normal 0.297414392 0.342018664 -0.891385317
  outer loop
  vertex -0.00823920872 -0.00249993801 -0.00702893687
  vertex -0.00846457388 0 -0.00711440993
  vertex -0.00823920872 0 -0.00702893687
  endloop
 endfacet

 facet normal 0.261596203 0.902546525 -0.3420192
  outer loop
  vertex -0.00835448503 -0.00643491698 -0.0159997903
  vertex -0.00812041666 -0.00649261381 -0.0179997608
  vertex -0.00835448503 -0.00643491698 -0.0179997608
  endloop
 endfacet

 facet normal 0.402691334 0.849036694 0.342018068
  outer loop
  vertex 0.0076452489 -0.00643491698 0.0159997903
  vertex 0.00743180513 -0.00632285979 0.0179997608
  vertex 0.0076452489 -0.00643491698 0.0179997608
  endloop
 endfacet

 facet normal -0.18780084 -0.920735538 0.342018783
  outer loop
  vertex 0.00812041666 -0.00450718403 0.0159997903
  vertex 0.00835448503 -0.00456488086 0.0179997608
  vertex 0.00812041666 -0.00450718403 0.0179997608
  endloop
 endfacet

 facet normal -0.46998933 -0.813715935 -0.342018276
  outer loop
  vertex 0.00856792927 -0.00467693806 -0.0159997903
  vertex 0.00835448503 -0.00456488086 -0.0179997608
  vertex 0.00856792927 -0.00467693806 -0.0179997608
  endloop
 endfacet

 facet normal 0.651066542 -0.677595377 -0.342018992
  outer loop
  vertex 0.00743180513 -0.00467693806 -0.0179997608
  vertex 0.00725138094 -0.00483679678 -0.0159997903
  vertex 0.00725138094 -0.00483679678 -0.0179997608
  endloop
 endfacet

 facet normal 0.593453586 0.712553263 -0.374273449
  outer loop
  vertex -0.00329613592 -0.00149994995 0.00226604892
  vertex -0.00354450895 0 0.00185352506
  vertex -0.00329613592 0 0.00226604892
  endloop
 endfacet

 facet normal -0.866025627 0 -0.499999583
  outer loop
  vertex -0.00973188784 -0.00399994804 -0.01099985
  vertex -0.0114639401 -0.00299996091 -0.007999897
  vertex -0.00973188784 -0.00299996091 -0.01099985
  endloop
 endfacet

 facet normal -0.651066899 0.677594841 0.342019171
  outer loop
  vertex -0.00725138094 -0.00616300106 0.0159997903
  vertex -0.00743180513 -0.00632285979 0.0179997608
  vertex -0.00725138094 -0.00616300106 0.0179997608
  endloop
 endfacet

 facet normal -0.866025567 0 -0.499999821
  outer loop
  vertex -0.00569051504 -0.00249993801 0.007999897
  vertex -0.00684517622 -0.00399988797 0.00999987125
  vertex -0.00684517622 -0.00249993801 0.00999987125
  endloop
 endfacet

 facet normal -0.502095163 0.34201932 -0.794306695
  outer loop
  vertex 0.00866299774 0 0.000748500985
  vertex 0.00846457388 -0.00249993801 0.000885444984
  vertex 0.00846457388 0 0.000885444984
  endloop
 endfacet

 facet normal 0.920735419 0.342018664 0.187801763
  outer loop
  vertex -0.000992696965 -0.00249993801 0.00787931588
  vertex -0.000935004035 0 0.0076452489
  vertex -0.000992695917 0 0.00787931588
  endloop
 endfacet

 facet normal 0.402691662 -0.849036455 -0.342018545
  outer loop
  vertex -0.00835448503 -0.00456488086 -0.0159997903
  vertex -0.00856792927 -0.00467693806 -0.0179997608
  vertex -0.00835448503 -0.00456488086 -0.0179997608
  endloop
 endfacet

 facet normal -0.368478805 0.342018694 -0.864434302
  outer loop
  vertex 0.00846457388 -0.00249993801 0.008885324
  vertex 0.00823920872 0 0.00897079706
  vertex 0.00846457388 0 0.008885324
  endloop
 endfacet

 facet normal 0 0 -1
  outer loop
  vertex 0.0034999249 -0.0034999249 -0.0159997903
  vertex -0.0034999249 -0.0034999249 -0.0159997903
  vertex -0.0034999249 -0.00199997402 -0.0159997903
  endloop
 endfacet

 facet normal -0.297414422 -0.342018366 0.891385436
  outer loop
  vertex 0.00846457388 -0.00249993801 -0.008885324
  vertex 0.00823920872 0 -0.00897079706
  vertex 0.00823920872 -0.00249993801 -0.00897079706
  endloop
 endfacet

 facet normal 0.297414303 0.342018783 -0.891385436
  outer loop
  vertex -0.00823920872 -0.00249993801 0.000970929977
  vertex -0.00846457388 0 0.000885444984
  vertex -0.00823920872 0 0.00097092893
  endloop
 endfacet

 facet normal -0.261597633 -0.902546108 -0.342019051
  outer loop
  vertex 0.00835448503 -0.00456488086 -0.0159997903
  vertex 0.00812041666 -0.00450718403 -0.0179997608
  vertex 0.00835448503 -0.00456488086 -0.0179997608
  endloop
 endfacet

 facet normal 0.402690887 -0.849036634 -0.342018574
  outer loop
  vertex 0.0076452489 -0.00456488086 -0.0159997903
  vertex 0.00743180513 -0.00467693806 -0.0179997608
  vertex 0.0076452489 -0.00456488086 -0.0179997608
  endloop
 endfacet

 facet normal -3.81614996e-07 -7.39019015e-06 -1
  outer loop
  vertex -0.00695127202 -0.00379687501 -0.0189997498
  vertex -0.0044999118 -0.00199997402 -0.0189997498
  vertex -0.00667852117 -0.00399857713 -0.0189997498
  endloop
 endfacet

 facet normal 0.15089865 0.342019349 0.927497864
  outer loop
  vertex -0.00823920872 -0.00249993801 0.00702893687
  vertex -0.007999897 0 0.00699990895
  vertex -0.00823920872 0 0.00702893687
  endloop
 endfacet

 facet normal 0 0 -1
  outer loop
  vertex -0.00626784516 -0.00299990107 0.00499993516
  vertex -0.00973188784 -0.00399988797 0.00499993516
  vertex -0.00973188784 -0.00299990107 0.00499993516
  endloop
 endfacet

 facet normal 0.150900275 0.342019528 0.927497625
  outer loop
  vertex 0.00776058389 -0.00249993801 -0.000970927998
  vertex 0.007999897 0 -0.000999987009
  vertex 0.00776058389 0 -0.00097092893
  endloop
 endfacet

 facet normal -0.794306576 -0.50209564 -0.34201929
  outer loop
  vertex -0.00711440993 -0.00503516104 -0.0159997903
  vertex -0.00725138094 -0.00483679678 -0.0179997608
  vertex -0.00711440993 -0.00503516104 -0.0179997608
  endloop
 endfacet

 facet normal -0.36847949 0.342018902 -0.864433885
  outer loop
  vertex 0.00846457388 -0.00249993801 0.000885444984
  vertex 0.00823920872 0 0.00097092893
  vertex 0.00846457388 0 0.000885444984
  endloop
 endfacet

 facet normal 0 -1.51235008e-06 -1
  outer loop
  vertex 0.00915455818 -0.00249993801 0.00999987125
  vertex 0.00684517622 -0.00399988797 0.00999987125
  vertex 0.00684517622 -0.00249993801 0.00999987125
  endloop
 endfacet

 facet normal -0.864432871 0.368482649 -0.342017859
  outer loop
  vertex 0.008885324 -0.00596463587 -0.0159997903
  vertex 0.00897079706 -0.00573921204 -0.0179997608
  vertex 0.008885324 -0.00596463587 -0.0179997608
  endloop
 endfacet

 facet normal -0.502094388 0.342018813 -0.79430747
  outer loop
  vertex -0.00733673479 0 0.000748500985
  vertex -0.00753515912 -0.00249993801 0.000885444984
  vertex -0.00753515912 0 0.000885444984
  endloop
 endfacet

 facet normal 0 0 -1
  outer loop
  vertex 0.00897079706 -0.00573921204 -0.0179997608
  vertex 0.00899988413 -0.00549989892 -0.0179997608
  vertex 0.00997108221 -0.00583791686 -0.0179997608
  endloop
 endfacet

 facet normal 0 -2.10044027e-06 -1
  outer loop
  vertex 0.00173199095 -0.00399994804 -0.01099985
  vertex -0.00173199095 -0.00299996091 -0.01099985
  vertex 0.00173199095 -0.00299996091 -0.01099985
  endloop
 endfacet

 facet normal 0 2.62555034e-07 1
  outer loop
  vertex -0.00915455818 -0.00399988797 -0.00199991395
  vertex -0.00684517622 -0.00249993801 -0.00199991395
  vertex -0.00915455818 -0.00249993801 -0.00199991395
  endloop
 endfacet

 facet normal 0.484544039 0.521098197 -0.702619314
  outer loop
  vertex -0.00918912794 -0.00710785296 -0.0179997608
  vertex -0.00944375899 -0.00688373996 -0.0189997498
  vertex -0.00944375899 -0.00688373996 -0.0179997608
  endloop
 endfacet

 facet normal -0.86602515 -5.25110011e-07 -0.500000358
  outer loop
  vertex 0.01030921 -0.00399994804 -0.0079998374
  vertex 0.00915455818 -0.00249993801 -0.00599986315
  vertex 0.01030921 -0.00249993801 -0.007999897
  endloop
 endfacet

 facet normal -0.484544337 -0.521098256 0.702618957
  outer loop
  vertex -0.00655597402 -0.00411605788 0.0189997498
  vertex -0.00681060506 -0.00389194395 0.0179997608
  vertex -0.00655597402 -0.00411605788 0.0179997608
  endloop
 endfacet

 facet normal 0.29741466 0.34201929 0.891385078
  outer loop
  vertex -0.000464716984 0 0.00711440993
  vertex -0.000239312998 -0.00249993801 0.00702893687
  vertex -0.000239312998 0 0.00702893687
  endloop
 endfacet

 facet normal -0.368479639 0.342018902 -0.864433825
  outer loop
  vertex -0.00753515912 -0.00249993801 0.000885444984
  vertex -0.00776058389 0 0.00097092893
  vertex -0.00753515912 0 0.000885444984
  endloop
 endfacet

 facet normal 0.356371582 -0.615894258 -0.702619135
  outer loop
  vertex -0.00918912794 -0.00389194395 -0.0179997608
  vertex -0.00890028384 -0.00371408393 -0.0189997498
  vertex -0.00890028384 -0.00371408393 -0.0179997608
  endloop
 endfacet

 facet normal 0 -1 3.10444989e-07
  outer loop
  vertex -0.00649988605 -0.00899982359 0.0159997903
  vertex -0.00949984696 -0.00899982359 0.0189997498
  vertex -0.00949984696 -0.00899982359 0.0159997903
  endloop
 endfacet

 facet normal -0.57842356 -0.414430857 -0.702618897
  outer loop
  vertex 0.00955593493 -0.00424349308 -0.0189997498
  vertex 0.00974589493 -0.00452452805 -0.0179997608
  vertex 0.00955593493 -0.00424349308 -0.0179997608
  endloop
 endfacet

 facet normal -0.8490358 0.342019111 -0.402692437
  outer loop
  vertex 0.00893485546 -0.00249993801 0.00835448503
  vertex 0.00882285833 0 0.00856792927
  vertex 0.00893485546 0 0.00835448503
  endloop
 endfacet

 facet normal 0.677150726 -0.218617678 -0.702618897
  outer loop
  vertex -0.00993531942 -0.00499594212 -0.0189997498
  vertex -0.00982230902 -0.00467610313 -0.0179997608
  vertex -0.00993531942 -0.00499594212 -0.0179997608
  endloop
 endfacet

 facet normal 0 -1 1.06228003e-06
  outer loop
  vertex 0.00569051504 -0.00249993801 0
  vertex 0.00700718118 -0.00249993801 0.000120535988
  vertex 0.00706487801 -0.00249993801 0.000354600983
  endloop
 endfacet

 facet normal 0.849036634 0.342018843 0.402690798
  outer loop
  vertex -0.00893485546 -0.00249993801 0.0076452489
  vertex -0.00882285833 0 0.00743180513
  vertex -0.00893485546 0 0.0076452489
  endloop
 endfacet

 facet normal 0 -0.707107425 0.707106233
  outer loop
  vertex 0.0124998 -0.00599992182 -0.0159997903
  vertex 0.0114998203 -0.0044999118 -0.0144997798
  vertex 0.0114998203 -0.00599992182 -0.0159997903
  endloop
 endfacet

 facet normal 0 -0.707107246 -0.707106352
  outer loop
  vertex -0.0034999249 -0.00599986315 0.0159997903
  vertex -0.0044999118 -0.0044999118 0.0144997798
  vertex -0.0034999249 -0.0044999118 0.0144997798
  endloop
 endfacet

 facet normal 0 -1 3.88056009e-07
  outer loop
  vertex -0.01030921 -0.00399988797 0.007999897
  vertex -0.00973188784 -0.00399988797 0.01099985
  vertex -0.0114639401 -0.00399988797 0.007999897
  endloop
 endfacet

 facet normal -0.849036515 0.342018992 -0.402690858
  outer loop
  vertex 0.000935004035 -0.00249993801 -0.0076452489
  vertex 0.000822972972 0 -0.00743180513
  vertex 0.000935004035 0 -0.0076452489
  endloop
 endfacet

 facet normal -0.150899827 0.342018664 -0.927497983
  outer loop
  vertex 0.000239311994 -0.00249993801 -0.00702893687
  vertex 0 0 -0.00699990895
  vertex 0.000239312998 0 -0.00702893687
  endloop
 endfacet

 facet normal 0.674423218 0.703533351 -0.224040732
  outer loop
  vertex -0.003884434 -0.00149994995 0.000954339979
  vertex -0.0037415619 0 0.00141417899
  vertex -0.0037415619 -0.00149994995 0.00141417899
  endloop
 endfacet

 facet normal -0.651067138 -0.677594543 -0.3420192
  outer loop
  vertex -0.00725138094 -0.00483679678 -0.0159997903
  vertex -0.00743180513 -0.00467693806 -0.0179997608
  vertex -0.00725138094 -0.00483679678 -0.0179997608
  endloop
 endfacet

 facet normal 0.866025567 0 -0.499999821
  outer loop
  vertex -0.00453579379 -0.00299996091 -0.007999897
  vertex -0.00626784516 -0.00399994804 -0.01099985
  vertex -0.00626784516 -0.00299996091 -0.01099985
  endloop
 endfacet

 facet normal 0 2.18448986e-06 1
  outer loop
  vertex -0.00115466095 -0.00249993801 -0.00999987125
  vertex 0.00115466095 -0.00399994804 -0.00999981072
  vertex 0.00115466095 -0.00249993801 -0.00999987125
  endloop
 endfacet

 facet normal 0 0 1
  outer loop
  vertex 0.00611412479 -0.00616616011 0.0179997608
  vertex 0.00711440993 -0.00596463587 0.0179997608
  vertex 0.00702893687 -0.00573921204 0.0179997608
  endloop
 endfacet

 facet normal 0.866025448 -5.25111034e-07 -0.49999997
  outer loop
  vertex -0.00115466095 -0.00399988797 0.00999987125
  vertex -0.00230932189 -0.00249993801 0.007999897
  vertex -0.00115466095 -0.00249993801 0.00999987125
  endloop
 endfacet

 facet normal -1.05549998e-06 -4.88186004e-07 -1
  outer loop
  vertex 0.00634288695 -0.0066198702 -0.0189997498
  vertex 0.00655597402 -0.00688373996 -0.0189997498
  vertex 0.00649988605 -0.00899988413 -0.0189997498
  endloop
 endfacet

 facet normal 0.0107481536 0.711484551 -0.702619553
  outer loop
  vertex 0.00808477402 -0.00749808503 -0.0189997498
  vertex 0.00774586201 -0.00748366117 -0.0179997608
  vertex 0.00808477402 -0.00749808503 -0.0179997608
  endloop
 endfacet

 facet normal -0.866025567 0 0.499999821
  outer loop
  vertex -0.00684517622 -0.00249993801 0.00599992182
  vertex -0.00569051504 -0.00399988797 0.007999897
  vertex -0.00569051504 -0.00249993801 0.007999897
  endloop
 endfacet

 facet normal 0.664186716 0.255309492 -0.702618778
  outer loop
  vertex -0.00982230902 -0.00632369518 -0.0189997498
  vertex -0.00993531942 -0.00600385619 -0.0179997608
  vertex -0.00982230902 -0.00632369518 -0.0179997608
  endloop
 endfacet

 facet normal 0 -1 4.65667057e-07
  outer loop
  vertex -0.00453579379 -0.00399988797 0.007999897
  vertex -0.00684517622 -0.00399988797 0.00999987125
  vertex -0.00569051504 -0.00399988797 0.007999897
  endloop
 endfacet

 facet normal 7.87665044e-07 -1 3.49251053e-07
  outer loop
  vertex 0.00915455818 -0.00399994804 -0.00599986315
  vertex 0.01030921 -0.00399994804 -0.0079998374
  vertex 0.00973188784 -0.00399994804 -0.00499987602
  endloop
 endfacet

 facet normal 0.866025329 4.22173002e-07 0.50000006
  outer loop
  vertex 0.00346404291 -0.00399994804 -0.0079998374
  vertex 0.00230932189 -0.00299996091 -0.00599986315
  vertex 0.00230932189 -0.00399994804 -0.00599986315
  endloop
 endfacet

 facet normal -1 1.55222011e-07 0
  outer loop
  vertex 0.00299996091 -0.00149994995 0.0026456709
  vertex 0.00299996091 -0.00149994995 -0.0026456709
  vertex 0.00299990107 -0.0044999118 -0.00499987602
  endloop
 endfacet

 facet normal -0.72799474 0.342018992 -0.594177306
  outer loop
  vertex 0.00882285833 -0.00249993801 0.00856792927
  vertex 0.00866299774 0 0.0087483516
  vertex 0.00882285833 0 0.00856792927
  endloop
 endfacet

 facet normal 0.866025567 -2.62554977e-07 -0.499999851
  outer loop
  vertex -0.00453579379 -0.00299990107 0
  vertex -0.00626784516 -0.00399994804 -0.00299990107
  vertex -0.00626784516 -0.00299996091 -0.00299990107
  endloop
 endfacet

 facet normal -0.710387707 0.0409329347 -0.702619374
  outer loop
  vertex -0.00599992182 -0.00549989892 -0.0189997498
  vertex -0.00602865219 -0.00583791686 -0.0179997608
  vertex -0.00599992182 -0.00549989892 -0.0179997608
  endloop
 endfacet

 facet normal 0.866025388 -5.75493004e-07 -0.500000179
  outer loop
  vertex 0.00684517622 -0.00249993801 -0.00599986315
  vertex 0.00569051504 -0.00399994804 -0.0079998374
  vertex 0.00569051504 -0.00249993801 -0.007999897
  endloop
 endfacet

 facet normal 0 0 1
  outer loop
  vertex 0.00684517622 -0.00399988797 0.00599992182
  vertex 0.00915455818 -0.00249993801 0.00599992182
  vertex 0.00684517622 -0.00249993801 0.00599992182
  endloop
 endfacet

 facet normal -0.150898814 0.342019528 0.927497923
  outer loop
  vertex -0.007999897 0 -0.000999987009
  vertex -0.00776058389 -0.00249993801 -0.000970927998
  vertex -0.00776058389 0 -0.00097092893
  endloop
 endfacet

 facet normal -0.0754495263 0.342018932 -0.936659276
  outer loop
  vertex -0.00776058389 0 0.00097092893
  vertex -0.007999897 -0.00249993801 0.00099998794
  vertex -0.007999897 0 0.000999987009
  endloop
 endfacet

 facet normal -1 2.79401036e-07 -3.63808056e-07
  outer loop
  vertex 0.0034999249 -0.00299996091 -0.0154997697
  vertex 0.0034999249 -0.0034999249 -0.0159997903
  vertex 0.0034999249 -0.0044999118 -0.0144997798
  endloop
 endfacet

 facet normal -0.927498102 -0.150898591 0.342018902
  outer loop
  vertex -0.00702893687 -0.00526058581 0.0159997903
  vertex -0.00699990895 -0.00549989892 0.0179997608
  vertex -0.00702893687 -0.00526058581 0.0179997608
  endloop
 endfacet

 facet normal -0.805669963 0.520131886 0.283476263
  outer loop
  vertex 0.00299996091 -0.00149994995 -0.0026456709
  vertex 0.00329613592 0 -0.00226604892
  vertex 0.00299996091 0 -0.0026456709
  endloop
 endfacet

 facet normal -0.565640271 -0.431715399 0.702618659
  outer loop
  vertex -0.00634288695 -0.00437992811 0.0189997498
  vertex -0.00655597402 -0.00411605788 0.0179997608
  vertex -0.00634288695 -0.00437992811 0.0179997608
  endloop
 endfacet

 facet normal -0.402690142 0.849036753 -0.34201929
  outer loop
  vertex 0.00835448503 -0.00643491698 -0.0159997903
  vertex 0.00856792927 -0.00632285979 -0.0179997608
  vertex 0.00835448503 -0.00643491698 -0.0179997608
  endloop
 endfacet

 facet normal 0.389508575 0.595489979 -0.70261991
  outer loop
  vertex 0.00709944917 -0.00728571415 -0.0179997608
  vertex 0.00681060506 -0.00710785296 -0.0189997498
  vertex 0.00681060506 -0.00710785296 -0.0179997608
  endloop
 endfacet

 facet normal 2.38417016e-07 1 -3.57629006e-07
  outer loop
  vertex 0.000935004035 0 0.0076452489
  vertex 0.000992695917 0 0.00787931588
  vertex 0.00299996091 0 0.00499993516
  endloop
 endfacet

 facet normal 0.633646071 0.688893139 -0.352021128
  outer loop
  vertex -0.00299996091 0 0.0026456709
  vertex -0.00329613592 -0.00149994995 0.00226604892
  vertex -0.00329613592 0 0.00226604892
  endloop
 endfacet

 facet normal 0.849036753 0.342018604 -0.402690738
  outer loop
  vertex -0.000822972972 0 -0.00743180513
  vertex -0.000935004966 -0.00249993801 -0.0076452489
  vertex -0.000935004035 0 -0.0076452489
  endloop
 endfacet

 facet normal 0 0 -1
  outer loop
  vertex -0.00684517622 -0.00249993801 -0.00599986315
  vertex -0.00915455818 -0.00399994804 -0.00599986315
  vertex -0.00915455818 -0.00249993801 -0.00599986315
  endloop
 endfacet

 facet normal 0.891386032 -0.297411621 -0.342019469
  outer loop
  vertex -0.008885324 -0.00503516104 -0.0179997608
  vertex -0.00897079706 -0.00526058581 -0.0159997903
  vertex -0.00897079706 -0.00526058581 -0.0179997608
  endloop
 endfacet

 facet normal -0.337603569 0.626378238 -0.702619493
  outer loop
  vertex 0.00904846098 -0.00720292283 -0.0189997498
  vertex 0.00874555111 -0.00735569 -0.0179997608
  vertex 0.00904846098 -0.00720292283 -0.0179997608
  endloop
 endfacet

 facet normal 0.52699101 -0.47812897 0.702618897
  outer loop
  vertex -0.00932121184 -0.00399857713 0.0179997608
  vertex -0.00955593493 -0.00424349308 0.0189997498
  vertex -0.00955593493 -0.00424349308 0.0179997608
  endloop
 endfacet

 facet normal -0.927497387 0.150902092 -0.342018992
  outer loop
  vertex 0.00897079706 -0.00573921204 -0.0159997903
  vertex 0.00899988413 -0.00549989892 -0.0179997608
  vertex 0.00897079706 -0.00573921204 -0.0179997608
  endloop
 endfacet

 facet normal 0.500064433 0.506223977 0.702618659
  outer loop
  vertex 0.00644379808 -0.00675630523 0.0179997608
  vertex 0.00667852117 -0.00700122118 0.0189997498
  vertex 0.00667852117 -0.00700122118 0.0179997608
  endloop
 endfacet

 facet normal 2.38419005e-07 1 -3.57628039e-07
  outer loop
  vertex 0.00397092104 0 0.000480651972
  vertex 0.00706487801 0 0.000354599993
  vertex 0.00700718118 0 0.000120534998
  endloop
 endfacet

 facet normal 0.565641046 0.431712717 -0.702619731
  outer loop
  vertex 0.00655597402 -0.00688373996 -0.0179997608
  vertex 0.00634288695 -0.0066198702 -0.0189997498
  vertex 0.00634288695 -0.0066198702 -0.0179997608
  endloop
 endfacet

 facet normal 0.109647766 0.70306778 0.702618837
  outer loop
  vertex 0.00757849216 -0.00745499087 0.0189997498
  vertex 0.00791496038 -0.00749808503 0.0179997608
  vertex 0.00757849216 -0.00745499087 0.0179997608
  endloop
 endfacet

 facet normal 1.60781994e-07 0.707106769 -0.707106769
  outer loop
  vertex 0.0124998 0 -0.0169997793
  vertex 0.0034999249 -0.00199997402 -0.0189997498
  vertex 0.0034999249 0 -0.0169997793
  endloop
 endfacet

 facet normal 0.541193247 -0.461993158 -0.702618182
  outer loop
  vertex 0.00634288695 -0.00437998679 -0.0179997608
  vertex 0.00655597402 -0.00411605788 -0.0189997498
  vertex 0.00655597402 -0.00411605788 -0.0179997608
  endloop
 endfacet

 facet normal 0.651067853 0.677593589 0.342019886
  outer loop
  vertex -0.00856792927 -0.00632285979 0.0179997608
  vertex -0.0087483516 -0.00616300106 0.0159997903
  vertex -0.0087483516 -0.00616300106 0.0179997608
  endloop
 endfacet

 facet normal 0.0496281907 -0.709834337 -0.702618182
  outer loop
  vertex 0.00774586201 -0.0035161369 -0.0189997498
  vertex 0.00808477402 -0.00350171304 -0.0179997608
  vertex 0.00774586201 -0.0035161369 -0.0179997608
  endloop
 endfacet

 facet normal 0.866025388 0 -0.500000119
  outer loop
  vertex -0.00453579379 -0.00399988797 0.007999897
  vertex -0.00626784516 -0.00299990107 0.00499993516
  vertex -0.00453579379 -0.00299990107 0.007999897
  endloop
 endfacet

 facet normal 0.337603688 -0.626378715 0.702618957
  outer loop
  vertex -0.00874555111 -0.00364410807 0.0179997608
  vertex -0.00904846098 -0.00379687501 0.0189997498
  vertex -0.00904846098 -0.00379687501 0.0179997608
  endloop
 endfacet

 facet normal 0.693251371 -0.160401791 0.702619314
  outer loop
  vertex 0.00611412479 -0.0048336382 0.0179997608
  vertex 0.00602865219 -0.00516188098 0.0189997498
  vertex 0.00602865219 -0.00516188098 0.0179997608
  endloop
 endfacet

 facet normal 0.0754502043 0.342018664 -0.936659276
  outer loop
  vertex 0.007999897 -0.00249993801 -0.00699984981
  vertex 0.00776058389 0 -0.00702893687
  vertex 0.007999897 0 -0.00699990895
  endloop
 endfacet

 facet normal -0.813714385 0.34201923 0.469991177
  outer loop
  vertex 0.00882285833 -0.00249993801 -0.00856792927
  vertex 0.00893485546 0 -0.00835448503
  vertex 0.00882285833 0 -0.00856792927
  endloop
 endfacet

 facet normal -0.693251789 0.160399094 -0.702619433
  outer loop
  vertex -0.00602865219 -0.00583791686 -0.0189997498
  vertex -0.00611412479 -0.00616616011 -0.0179997608
  vertex -0.00602865219 -0.00583791686 -0.0179997608
  endloop
 endfacet

 facet normal -0.3563703 0.615896404 0.702617884
  outer loop
  vertex -0.00709944917 -0.00728571415 0.0189997498
  vertex -0.00681060506 -0.00710785296 0.0179997608
  vertex -0.00709944917 -0.00728571415 0.0179997608
  endloop
 endfacet

 facet normal 0.866025329 5.25111034e-07 0.500000298
  outer loop
  vertex 0.00973188784 -0.00299996091 -0.00499987602
  vertex 0.0114639401 -0.00399994804 -0.0079998374
  vertex 0.0114639401 -0.00299996091 -0.007999897
  endloop
 endfacet

 facet normal 0.640142441 0.310716271 0.702618718
  outer loop
  vertex -0.00988560915 -0.00616616011 0.0179997608
  vertex -0.00974589493 -0.00647526886 0.0189997498
  vertex -0.00974589493 -0.00647526886 0.0179997608
  endloop
 endfacet

 facet normal -0.283267319 -0.652752459 0.702619374
  outer loop
  vertex 0.00890028384 -0.00371408393 0.0189997498
  vertex 0.00858551171 -0.0035876031 0.0179997608
  vertex 0.00890028384 -0.00371408393 0.0179997608
  endloop
 endfacet

 facet normal -0.484543502 -0.521099389 0.702618659
  outer loop
  vertex 0.00944375899 -0.00411605788 0.0189997498
  vertex 0.00918912794 -0.00389194395 0.0179997608
  vertex 0.00944375899 -0.00411605788 0.0179997608
  endloop
 endfacet

 facet normal -0.150899842 0.342018664 -0.927497864
  outer loop
  vertex -0.00776058389 -0.00249993801 -0.00702893687
  vertex -0.007999897 0 -0.00699990895
  vertex -0.00776058389 0 -0.00702893687
  endloop
 endfacet

 facet normal -0.902546287 0.342019349 -0.261597216
  outer loop
  vertex 0.000992695917 0 0.00812041666
  vertex 0.000935004035 -0.00249993801 0.00835448503
  vertex 0.000935004035 0 0.00835448503
  endloop
 endfacet

 facet normal 0.86602509 -5.25109897e-07 -0.500000596
  outer loop
  vertex -0.00915455818 -0.00249993801 -0.00599986315
  vertex -0.01030921 -0.00399994804 -0.0079998374
  vertex -0.01030921 -0.00249993801 -0.007999897
  endloop
 endfacet

 facet normal -0.864433527 0.368480682 -0.342018545
  outer loop
  vertex -0.00711440993 -0.00596463587 -0.0159997903
  vertex -0.00702893687 -0.00573921204 -0.0179997608
  vertex -0.00711440993 -0.00596463587 -0.0179997608
  endloop
 endfacet

 facet normal -0.891384125 -0.297418624 -0.342018396
  outer loop
  vertex -0.00702893687 -0.00526058581 -0.0159997903
  vertex -0.00711440993 -0.00503516104 -0.0179997608
  vertex -0.00702893687 -0.00526058581 -0.0179997608
  endloop
 endfacet

 facet normal 0.866025448 0 0.499999881
  outer loop
  vertex -0.00626784516 -0.00399988797 0.01099985
  vertex -0.00453579379 -0.00299990107 0.007999897
  vertex -0.00626784516 -0.00299990107 0.01099985
  endloop
 endfacet

 facet normal -0.938924313 0.342018992 0.0380020961
  outer loop
  vertex -0.00700718118 -0.00249993801 -0.00812041666
  vertex -0.00700718118 0 -0.00787931588
  vertex -0.00700718118 0 -0.00812041666
  endloop
 endfacet

 facet normal -0.0380015858 -0.938923657 -0.34202078
  outer loop
  vertex 0.00812041666 -0.00450718403 -0.0159997903
  vertex 0.00787931588 -0.00450718403 -0.0179997608
  vertex 0.00812041666 -0.00450718403 -0.0179997608
  endloop
 endfacet

 facet normal 0.938924372 0.342018783 0.0380012654
  outer loop
  vertex -0.00899255183 0 -0.00787931588
  vertex -0.00899255183 -0.00249993801 -0.00812041666
  vertex -0.00899255183 0 -0.00812041666
  endloop
 endfacet

 facet normal 0.677596092 0.34201923 0.651065588
  outer loop
  vertex 0.00717687607 0 -0.00856792927
  vertex 0.00733673479 -0.00249993801 -0.0087483516
  vertex 0.00733673479 0 -0.0087483516
  endloop
 endfacet

 facet normal -2.27380013e-07 -1 0
  outer loop
  vertex -0.00049999496 -0.00699990895 -0.0189997498
  vertex -0.0044999118 -0.00699990895 -0.0179997608
  vertex -0.0044999118 -0.00699990895 -0.0189997498
  endloop
 endfacet

 facet normal 0.866025567 -4.28470997e-07 -0.499999821
  outer loop
  vertex 0.00346404291 -0.00299996091 -0.007999897
  vertex 0.00173199095 -0.00399994804 -0.01099985
  vertex 0.00173199095 -0.00299996091 -0.01099985
  endloop
 endfacet

 facet normal -3.33315984e-06 -1 9.8527903e-07
  outer loop
  vertex 0.007999897 -0.00249993801 -0.00899988413
  vertex 0.00776058389 -0.00249993801 -0.00897079706
  vertex 0.00684517622 -0.00249993801 -0.00999987125
  endloop
 endfacet

 facet normal 0 -0.707106888 0.707106709
  outer loop
  vertex 0.0044999118 -0.00599992182 -0.0159997903
  vertex 0.0034999249 -0.0044999118 -0.0144997798
  vertex 0.0034999249 -0.00599992182 -0.0159997903
  endloop
 endfacet

 facet normal 0.611485779 -0.363884777 -0.702618659
  outer loop
  vertex 0.00617742492 -0.00467610313 -0.0179997608
  vertex 0.00634288695 -0.00437998679 -0.0189997498
  vertex 0.00634288695 -0.00437998679 -0.0179997608
  endloop
 endfacet

 facet normal 0.130835369 -0.699434936 -0.702618599
  outer loop
  vertex -0.00858551171 -0.0035876031 -0.0179997608
  vertex -0.00825393107 -0.0035161369 -0.0189997498
  vertex -0.00825393107 -0.0035161369 -0.0179997608
  endloop
 endfacet

 facet normal -0.608376443 0.712553263 -0.349493891
  outer loop
  vertex 0.00354450895 -0.00149994995 0.00185352506
  vertex 0.00329613592 0 0.00226604892
  vertex 0.00354450895 0 0.00185352506
  endloop
 endfacet

 facet normal 0.565640092 0.431715965 -0.70261848
  outer loop
  vertex -0.00944375899 -0.00688373996 -0.0179997608
  vertex -0.00965684559 -0.00661981106 -0.0189997498
  vertex -0.00965684559 -0.00661981106 -0.0179997608
  endloop
 endfacet

 facet normal 0.633645952 0.688893497 0.352020651
  outer loop
  vertex -0.00329613592 -0.00149994995 -0.00226604892
  vertex -0.00299996091 0 -0.0026456709
  vertex -0.00329613592 0 -0.00226604892
  endloop
 endfacet

 facet normal 0 5.25111034e-07 1
  outer loop
  vertex 0.00626784516 -0.00399994804 0.00299996091
  vertex 0.00973188784 -0.00299996091 0.00299996091
  vertex 0.00626784516 -0.00299996091 0.00299996091
  endloop
 endfacet

 facet normal 0 2.35335983e-06 1
  outer loop
  vertex 0.0114998203 -0.0034999249 -0.0159997903
  vertex 0.00835448503 -0.00456488086 -0.0159997903
  vertex 0.00856792927 -0.00467693806 -0.0159997903
  endloop
 endfacet

 facet normal 0.640142322 0.310716212 0.702618897
  outer loop
  vertex 0.00611412479 -0.00616616011 0.0179997608
  vertex 0.00625383807 -0.00647526886 0.0189997498
  vertex 0.00625383807 -0.00647526886 0.0179997608
  endloop
 endfacet

 facet normal -0.150899291 0.342019528 0.927497804
  outer loop
  vertex 0.007999897 0 -0.000999987009
  vertex 0.00823920872 -0.00249993801 -0.000970927998
  vertex 0.00823920872 0 -0.00097092893
  endloop
 endfacet

 facet normal 0.936659217 -0.0754480809 -0.342019022
  outer loop
  vertex -0.00897079706 -0.00526058581 -0.0179997608
  vertex -0.00899988413 -0.00549989892 -0.0159997903
  vertex -0.00899988413 -0.00549989892 -0.0179997608
  endloop
 endfacet

 facet normal 2.38418011e-07 1 -3.57624998e-07
  outer loop
  vertex 0.00893485546 0 -0.0076452489
  vertex 0.00882285833 0 -0.000568057003
  vertex 0.00893485546 0 -0.000354599993
  endloop
 endfacet

 facet normal -0.683445871 -0.198061764 -0.702618957
  outer loop
  vertex 0.00988560915 -0.0048336382 -0.0189997498
  vertex 0.00997108221 -0.00516194105 -0.0179997608
  vertex 0.00988560915 -0.0048336382 -0.0179997608
  endloop
 endfacet

 facet normal 0.564644694 0.342018902 -0.751132011
  outer loop
  vertex -0.00846457388 0 0.000885444984
  vertex -0.00866299774 -0.00249993801 0.000748501974
  vertex -0.00866299774 0 0.000748500985
  endloop
 endfacet

 facet normal 0.564644635 0.342018813 -0.751132131
  outer loop
  vertex -0.00846457388 0 0.008885324
  vertex -0.00866299774 -0.00249993801 0.0087483516
  vertex -0.00866299774 0 0.0087483516
  endloop
 endfacet

 facet normal -0.337603539 0.626378179 -0.702619553
  outer loop
  vertex -0.00695127202 -0.00720292283 -0.0189997498
  vertex -0.00725418283 -0.00735562993 -0.0179997608
  vertex -0.00695127202 -0.00720292283 -0.0179997608
  endloop
 endfacet

 facet normal 0 -2.10194997e-07 -1
  outer loop
  vertex -0.00299996091 -0.0044999118 0.00499993516
  vertex 0.00299996091 0 0.00499993516
  vertex 0.00299990107 -0.0044999118 0.00499993516
  endloop
 endfacet

 facet normal -0.297414005 0.342018485 -0.891385496
  outer loop
  vertex 0.000464716984 0 0.008885324
  vertex 0.000239311994 -0.00249993801 0.00897079706
  vertex 0.000239312998 0 0.00897079706
  endloop
 endfacet

 facet normal 0.813716412 0.3420192 0.469987899
  outer loop
  vertex -0.00893485546 0 -0.00835448503
  vertex -0.00882285833 -0.00249993801 -0.00856792927
  vertex -0.00882285833 0 -0.00856792927
  endloop
 endfacet

 facet normal -0.866025388 0 0.5
  outer loop
  vertex -0.00346404291 -0.00299990107 0.007999897
  vertex -0.00173199095 -0.00399988797 0.01099985
  vertex -0.00173199095 -0.00299990107 0.01099985
  endloop
 endfacet

 facet normal 0.600214124 -0.382191062 0.702618659
  outer loop
  vertex -0.00955593493 -0.00424349308 0.0179997608
  vertex -0.00974589493 -0.00452452805 0.0189997498
  vertex -0.00974589493 -0.00452452805 0.0179997608
  endloop
 endfacet

 facet normal 0 -1 2.98752013e-07
  outer loop
  vertex -0.00569051504 -0.00249993801 -0.007999897
  vertex -0.00717687607 -0.00249993801 -0.00856792927
  vertex -0.00684517622 -0.00249993801 -0.00999987125
  endloop
 endfacet

 facet normal 0.3162283 -0.948683143 -2.19373973e-07
  outer loop
  vertex 0.00249993801 -0.00599986315 0.0179997608
  vertex 0.00149994995 -0.00633323099 0.0179997608
  vertex 0.00190895703 -0.00619685603 0.0175080802
  endloop
 endfacet

 facet normal 0.683446229 0.198058695 0.702619374
  outer loop
  vertex 0.00602865219 -0.00583791686 0.0179997608
  vertex 0.00611412479 -0.00616616011 0.0189997498
  vertex 0.00611412479 -0.00616616011 0.0179997608
  endloop
 endfacet

 facet normal -0.665611982 0.712553501 -0.221873909
  outer loop
  vertex 0.0038843751 0 0.00095433899
  vertex 0.0037415619 -0.00149994995 0.00141417899
  vertex 0.0037415619 0 0.00141417899
  endloop
 endfacet

 facet normal 1 0 0
  outer loop
  vertex 0.0044999118 -0.0044999118 0.0144997798
  vertex 0.0044999118 -0.0044999118 -0.0144997798
  vertex 0.0044999118 -0.00299996091 -0.0154997697
  endloop
 endfacet

 facet normal 0 -0.707107246 -0.707106352
  outer loop
  vertex -0.0114998203 -0.00599986315 0.0159997903
  vertex -0.0124998 -0.0044999118 0.0144997798
  vertex -0.0114998203 -0.0044999118 0.0144997798
  endloop
 endfacet

 facet normal -1.83749975e-07 -0.707106709 0.707106948
  outer loop
  vertex -0.0044999118 -0.00299996091 -0.0154997697
  vertex -0.0114998203 -0.0034999249 -0.0159997903
  vertex -0.0044999118 -0.0034999249 -0.0159997903
  endloop
 endfacet

 facet normal 0 0 1
  outer loop
  vertex -0.00915455818 -0.00399994804 -0.00999987125
  vertex -0.00684517622 -0.00249993801 -0.00999987125
  vertex -0.00915455818 -0.00249993801 -0.00999987125
  endloop
 endfacet

 facet normal -0.849036515 0.342019141 -0.402690858
  outer loop
  vertex 0.000935004035 -0.00249993801 0.00835448503
  vertex 0.000822972972 0 0.00856792927
  vertex 0.000935004035 0 0.00835448503
  endloop
 endfacet

 facet normal -0.920735121 0.342019618 0.18780154
  outer loop
  vertex -0.00706487801 0 0.0076452489
  vertex -0.00700718118 -0.00249993801 0.00787931588
  vertex -0.00700718118 0 0.00787931588
  endloop
 endfacet

 facet normal 0.356371343 -0.615893066 -0.702620268
  outer loop
  vertex 0.00681060506 -0.00389194395 -0.0179997608
  vertex 0.00709944917 -0.00371408393 -0.0189997498
  vertex 0.00709944917 -0.00371408393 -0.0179997608
  endloop
 endfacet

 facet normal 0.866025567 2.62555034e-07 0.499999821
  outer loop
  vertex -0.00626784516 -0.00399988797 0.00299996091
  vertex -0.00453579379 -0.00299990107 0
  vertex -0.00626784516 -0.00299990107 0.00299996091
  endloop
 endfacet

 facet normal 1 -3.72534004e-07 9.70153224e-07
  outer loop
  vertex -0.0114998203 -0.0034999249 0.0159997903
  vertex -0.0114998203 -0.00599986315 0.0159997903
  vertex -0.0114998203 -0.0044999118 0.0144997798
  endloop
 endfacet

 facet normal -0.640142679 -0.310715556 -0.702618897
  outer loop
  vertex -0.00625383807 -0.00452452805 -0.0189997498
  vertex -0.00611412479 -0.0048336382 -0.0179997608
  vertex -0.00625383807 -0.00452452805 -0.0179997608
  endloop
 endfacet

 facet normal 0 0 -1
  outer loop
  vertex -0.00787931588 -0.00450718403 0.0159997903
  vertex -0.00812041666 -0.00450718403 0.0159997903
  vertex -0.0114998203 -0.0034999249 0.0159997903
  endloop
 endfacet

 facet normal -2.88736004e-07 -1 3.99797017e-07
  outer loop
  vertex -0.0034999249 -0.00299996091 -0.0154997697
  vertex 0.0034999249 -0.00299996091 -0.0154997697
  vertex 0.00173199095 -0.00299996091 -0.01099985
  endloop
 endfacet

 facet normal 0.634127438 0.712553859 0.300248504
  outer loop
  vertex -0.0037415619 0 -0.00141417899
  vertex -0.00354450895 -0.00149994995 -0.00185352506
  vertex -0.00354450895 0 -0.00185352506
  endloop
 endfacet

 facet normal -0.813715577 0.342019588 0.469988942
  outer loop
  vertex -0.00717687607 -0.00249993801 -0.00856792927
  vertex -0.00706487801 0 -0.00835448503
  vertex -0.00717687607 0 -0.00856792927
  endloop
 endfacet

 facet normal -0.677594841 0.342018753 -0.651067138
  outer loop
  vertex -0.00717687607 0 0.000568057003
  vertex -0.00733673479 -0.00249993801 0.000748501974
  vertex -0.00733673479 0 0.000748500985
  endloop
 endfacet

 facet normal 0.902546167 0.342018813 -0.261598289
  outer loop
  vertex 0.00706487801 -0.00249993801 0.00835448503
  vertex 0.00700718118 0 0.00812041666
  vertex 0.00706487801 0 0.00835448503
  endloop
 endfacet

 facet normal -0.247158647 0.667262852 0.702618659
  outer loop
  vertex -0.00741422083 -0.00741219521 0.0189997498
  vertex -0.00709944917 -0.00728571415 0.0179997608
  vertex -0.00741422083 -0.00741219521 0.0179997608
  endloop
 endfacet

 facet normal -0.526990235 0.478129894 -0.702618837
  outer loop
  vertex -0.00644379808 -0.00675630523 -0.0189997498
  vertex -0.00667852117 -0.00700122118 -0.0179997608
  vertex -0.00644379808 -0.00675630523 -0.0179997608
  endloop
 endfacet

 facet normal -0.640142739 -0.31071502 -0.702619135
  outer loop
  vertex 0.00974589493 -0.00452452805 -0.0189997498
  vertex 0.00988560915 -0.0048336382 -0.0179997608
  vertex 0.00974589493 -0.00452452805 -0.0179997608
  endloop
 endfacet

 facet normal 0 2.10044027e-06 1
  outer loop
  vertex 0.00626784516 -0.00399988797 0.01099985
  vertex 0.00973188784 -0.00299990107 0.01099985
  vertex 0.00626784516 -0.00299990107 0.01099985
  endloop
 endfacet

 facet normal 0.696459055 0.703532517 0.141374379
  outer loop
  vertex -0.0038843751 0 -0.00095433899
  vertex -0.00397092104 -0.00149994995 -0.000480651972
  vertex -0.003884434 -0.00149994995 -0.000954337942
  endloop
 endfacet

 facet normal 0.936659336 0.0754476711 0.342018902
  outer loop
  vertex -0.00897079706 -0.00573921204 0.0179997608
  vertex -0.00899988413 -0.00549989892 0.0159997903
  vertex -0.00899988413 -0.00549989892 0.0179997608
  endloop
 endfacet

 facet normal 2.62555034e-07 -1 4.65667057e-07
  outer loop
  vertex 0.00453579379 -0.00399994804 -0.0079998374
  vertex 0.00626784516 -0.00399994804 -0.01099985
  vertex 0.00684517622 -0.00399994804 -0.00999981072
  endloop
 endfacet

 facet normal 0.0380020216 -0.938924313 0.342019111
  outer loop
  vertex 0.00787931588 -0.00450718403 0.0159997903
  vertex 0.00812041666 -0.00450718403 0.0179997608
  vertex 0.00787931588 -0.00450718403 0.0179997608
  endloop
 endfacet

 facet normal -0.469989598 0.813715518 0.342018813
  outer loop
  vertex 0.00856792927 -0.00632285979 0.0159997903
  vertex 0.00835448503 -0.00643491698 0.0179997608
  vertex 0.00856792927 -0.00632285979 0.0179997608
  endloop
 endfacet

 facet normal 0.677594841 0.342019081 0.651067078
  outer loop
  vertex -0.00882285833 0 0.00743180513
  vertex -0.00866299774 -0.00249993801 0.00725138094
  vertex -0.00866299774 0 0.00725138094
  endloop
 endfacet

 facet normal 0.261596322 -0.902546704 0.342018723
  outer loop
  vertex 0.0076452489 -0.00456488086 0.0159997903
  vertex 0.00787931588 -0.00450718403 0.0179997608
  vertex 0.0076452489 -0.00456488086 0.0179997608
  endloop
 endfacet

 facet normal -0.0496283062 -0.709834516 0.702618003
  outer loop
  vertex 0.00825387239 -0.0035161369 0.0189997498
  vertex 0.00791496038 -0.00350171304 0.0179997608
  vertex 0.00825387239 -0.0035161369 0.0179997608
  endloop
 endfacet

 facet normal -0.611486137 0.363882571 0.702619612
  outer loop
  vertex -0.00634288695 -0.00661981106 0.0189997498
  vertex -0.00617742492 -0.00632369518 0.0179997608
  vertex -0.00634288695 -0.00661981106 0.0179997608
  endloop
 endfacet

 facet normal 0.927497506 -0.150901303 0.34201923
  outer loop
  vertex -0.00899988413 -0.00549989892 0.0179997608
  vertex -0.00897079706 -0.00526058581 0.0159997903
  vertex -0.00897079706 -0.00526058581 0.0179997608
  endloop
 endfacet

 facet normal -0.594176471 0.727995276 -0.34201923
  outer loop
  vertex -0.00743180513 -0.00632285979 -0.0159997903
  vertex -0.00725138094 -0.00616300106 -0.0179997608
  vertex -0.00743180513 -0.00632285979 -0.0179997608
  endloop
 endfacet

 facet normal -0.677595139 0.342019469 0.651066542
  outer loop
  vertex 0.000663113955 -0.00249993801 -0.0087483516
  vertex 0.000822972972 0 -0.00856792927
  vertex 0.000663113955 0 -0.0087483516
  endloop
 endfacet

 facet normal 0.70710659 -0.707107008 0
  outer loop
  vertex 0.0124998 -0.00599992182 -0.0159997903
  vertex 0.00949984696 -0.00899988413 -0.0189997498
  vertex 0.0124998 -0.00599992182 -0.0189997498
  endloop
 endfacet

 facet normal 0.891385615 0.297413051 0.34201932
  outer loop
  vertex -0.008885324 -0.00596463587 0.0179997608
  vertex -0.00897079706 -0.00573921204 0.0159997903
  vertex -0.00897079706 -0.00573921204 0.0179997608
  endloop
 endfacet

 facet normal -0.0380016826 0.938924491 0.342018515
  outer loop
  vertex 0.00812041666 -0.00649261381 0.0159997903
  vertex 0.00787931588 -0.00649261381 0.0179997608
  vertex 0.00812041666 -0.00649261381 0.0179997608
  endloop
 endfacet

 facet normal -0.938924253 0.34201929 0.0380020589
  outer loop
  vertex 0.000992694986 -0.00249993801 0.00787931588
  vertex 0.000992695917 0 0.00812041666
  vertex 0.000992695917 0 0.00787931588
  endloop
 endfacet

 facet normal 0 -1 3.49252986e-07
  outer loop
  vertex 0.00453579379 -0.00299990107 0.007999897
  vertex 0.0044999118 -0.00299990107 0.0154997697
  vertex 0.00453579379 -0.00299996091 0
  endloop
 endfacet

 facet normal 0.297415167 0.342018515 -0.891385198
  outer loop
  vertex 0.00776058389 -0.00249993801 0.000970929977
  vertex 0.00753515912 0 0.000885444984
  vertex 0.00776058389 0 0.00097092893
  endloop
 endfacet

 facet normal -5.50508048e-07 -1.51135998e-06 -1
  outer loop
  vertex -0.00949984696 -0.00899988413 -0.0189997498
  vertex -0.00918912794 -0.00710785296 -0.0189997498
  vertex -0.00890028384 -0.00728571415 -0.0189997498
  endloop
 endfacet

 facet normal 1.51586022e-07 1 -4.65668052e-07
  outer loop
  vertex -0.00049999397 -0.00199991395 0.0189997498
  vertex -0.00049999397 -0.00199991395 0.0179997608
  vertex -0.0034999249 -0.00199991395 0.0179997608
  endloop
 endfacet

 facet normal 0.849036753 0.342018694 -0.402690858
  outer loop
  vertex -0.000822972972 0 0.00856792927
  vertex -0.000935004966 -0.00249993801 0.00835448503
  vertex -0.000935004035 0 0.00835448503
  endloop
 endfacet

 facet normal 0.697727025 0.0387712494 0.715313673
  outer loop
  vertex 0.00602865219 -0.00583791686 0.0189997498
  vertex 0.00599986315 -0.00549989892 0.0179997608
  vertex 0.00599986315 -0.00549989892 0.0189997498
  endloop
 endfacet

 facet normal 0.226888537 -0.674425304 0.702618062
  outer loop
  vertex -0.00842124224 -0.00354480697 0.0179997608
  vertex -0.00874555111 -0.00364410807 0.0189997498
  vertex -0.00874555111 -0.00364410807 0.0179997608
  endloop
 endfacet

 facet normal 0.368479162 0.342019111 0.864433885
  outer loop
  vertex -0.000464718003 -0.00249993801 -0.008885324
  vertex -0.000239312998 0 -0.00897079706
  vertex -0.000464716984 0 -0.008885324
  endloop
 endfacet

 facet normal 2.2737899e-07 1 -2.32834026e-07
  outer loop
  vertex -0.0034999249 -0.00199997402 -0.0179997608
  vertex -0.00049999397 -0.00199997402 -0.0189997498
  vertex -0.0044999118 -0.00199997402 -0.0189997498
  endloop
 endfacet

 facet normal 2.71313013e-07 0 1
  outer loop
  vertex -0.00741422083 -0.0035876031 0.0189997498
  vertex -0.00709944917 -0.00371408393 0.0189997498
  vertex -0.0044999118 -0.00199991395 0.0189997498
  endloop
 endfacet

 facet normal 0.150899336 0.342019498 0.927497745
  outer loop
  vertex 0.00776058389 -0.00249993801 -0.00897079706
  vertex 0.007999897 0 -0.00899988413
  vertex 0.00776058389 0 -0.00897079706
  endloop
 endfacet

 facet normal 0 5.25110067e-07 1
  outer loop
  vertex -0.00973188784 -0.00399988797 0.00299996091
  vertex -0.00626784516 -0.00299990107 0.00299996091
  vertex -0.00973188784 -0.00299990107 0.00299996091
  endloop
 endfacet

 facet normal 0 -0.707107246 -0.707106352
  outer loop
  vertex 0.0124998 -0.00599986315 0.0159997903
  vertex 0.0114998203 -0.0044999118 0.0144997798
  vertex 0.0124998 -0.0044999118 0.0144997798
  endloop
 endfacet

 facet normal 1 -1.86267002e-07 2.42537993e-07
  outer loop
  vertex -0.0034999249 -0.0034999249 0.0159997903
  vertex -0.0034999249 -0.00599986315 0.0159997903
  vertex -0.0034999249 -0.0044999118 0.0144997798
  endloop
 endfacet

 facet normal -3.08769984e-07 -2.69149996e-06 -1
  outer loop
  vertex 0.0076452489 -0.00643491698 0.0159997903
  vertex 0.00649988605 -0.00899982359 0.0159997903
  vertex 0.00743180513 -0.00632285979 0.0159997903
  endloop
 endfacet

 facet normal -2.88736004e-07 -1 3.76315e-07
  outer loop
  vertex 0.00173199095 -0.00299990107 0.01099985
  vertex 0.0034999249 -0.00299990107 0.0154997697
  vertex -0.0034999249 -0.00299990107 0.0154997697
  endloop
 endfacet

 facet normal 0.902546465 0.342018813 -0.261597127
  outer loop
  vertex -0.00893485546 -0.00249993801 0.00835448503
  vertex -0.00899255183 0 0.00812041666
  vertex -0.00893485546 0 0.00835448503
  endloop
 endfacet

 facet normal 0.261598229 -0.902545929 0.342019409
  outer loop
  vertex -0.00835448503 -0.00456488086 0.0159997903
  vertex -0.00812041666 -0.00450718403 0.0179997608
  vertex -0.00835448503 -0.00456488086 0.0179997608
  endloop
 endfacet

 facet normal -0.866025329 0 -0.50000006
  outer loop
  vertex -0.00346404291 -0.00299990107 0.007999897
  vertex -0.00230932189 -0.00399988797 0.00599992182
  vertex -0.00346404291 -0.00399988797 0.007999897
  endloop
 endfacet

 facet normal 0.594178498 -0.727992415 0.342021793
  outer loop
  vertex -0.0087483516 -0.00483679678 0.0179997608
  vertex -0.00856792927 -0.00467693806 0.0159997903
  vertex -0.00856792927 -0.00467693806 0.0179997608
  endloop
 endfacet

 facet normal 0.297414631 0.34201932 0.891385019
  outer loop
  vertex 0.00753515912 0 0.00711440993
  vertex 0.00776058389 -0.00249993801 0.00702893687
  vertex 0.00776058389 0 0.00702893687
  endloop
 endfacet

 facet normal -0.711300135 0.0194563624 0.702619135
  outer loop
  vertex -0.00600707484 -0.00566947414 0.0189997498
  vertex -0.00600707484 -0.0053302641 0.0179997608
  vertex -0.00600707484 -0.00566947414 0.0179997608
  endloop
 endfacet

 facet normal 0.707107663 -0.707105994 0
  outer loop
  vertex -0.00649988605 -0.00899988413 -0.0189997498
  vertex -0.0044999118 -0.00699990895 -0.0189997498
  vertex -0.0044999118 -0.00699990895 -0.0179997608
  endloop
 endfacet

 facet normal -0.927497745 -0.150900513 0.342019022
  outer loop
  vertex 0.00897079706 -0.00526058581 0.0159997903
  vertex 0.00899988413 -0.00549989892 0.0179997608
  vertex 0.00897079706 -0.00526058581 0.0179997608
  endloop
 endfacet

 facet normal 1.57533009e-06 -1 2.32834026e-07
  outer loop
  vertex 0.00626784516 -0.00399988797 0.01099985
  vertex 0.00569051504 -0.00399988797 0.007999897
  vertex 0.00684517622 -0.00399988797 0.00999987125
  endloop
 endfacet

 facet normal 0.59417671 0.7279948 -0.342019856
  outer loop
  vertex 0.00725138094 -0.00616300106 -0.0179997608
  vertex 0.00743180513 -0.00632285979 -0.0159997903
  vertex 0.00743180513 -0.00632285979 -0.0179997608
  endloop
 endfacet

 facet normal 0.936659098 -0.0754496902 -0.342018902
  outer loop
  vertex 0.00702893687 -0.00526058581 -0.0179997608
  vertex 0.00699984981 -0.00549989892 -0.0159997903
  vertex 0.00699984981 -0.00549989892 -0.0179997608
  endloop
 endfacet

 facet normal -0.701461077 0.703532755 -0.113991417
  outer loop
  vertex 0.0038843751 -0.00149994995 0.000954339979
  vertex 0.00397092104 0 0.000480651972
  vertex 0.00397092104 -0.00149994995 0.000480652991
  endloop
 endfacet

 facet normal -0.407319248 -0.583453417 -0.702618837
  outer loop
  vertex 0.00904846098 -0.00379687501 -0.0189997498
  vertex 0.00932121184 -0.00399857713 -0.0179997608
  vertex 0.00904846098 -0.00379687501 -0.0179997608
  endloop
 endfacet

 facet normal -0.578423262 -0.414430708 -0.702619314
  outer loop
  vertex -0.00644379808 -0.00424349308 -0.0189997498
  vertex -0.00625383807 -0.00452452805 -0.0179997608
  vertex -0.00644379808 -0.00424349308 -0.0179997608
  endloop
 endfacet

 facet normal -7.87666011e-07 -1 0
  outer loop
  vertex 0.00569051504 -0.00399994804 0
  vertex 0.00453579379 -0.00399994804 0
  vertex 0.00684517622 -0.00399994804 -0.00199991395
  endloop
 endfacet

 facet normal 0.302856296 0.643898249 0.702618837
  outer loop
  vertex 0.00695127202 -0.00720292283 0.0179997608
  vertex 0.00725418283 -0.00735562993 0.0189997498
  vertex 0.00725418283 -0.00735562993 0.0179997608
  endloop
 endfacet

 facet normal -0.711300254 0.0194577128 0.702618957
  outer loop
  vertex 0.00999265909 -0.00566953421 0.0189997498
  vertex 0.00999265909 -0.0053302641 0.0179997608
  vertex 0.00999265909 -0.00566953421 0.0179997608
  endloop
 endfacet

 facet normal -0.541193426 0.461991787 0.702618897
  outer loop
  vertex -0.00655597402 -0.00688373996 0.0189997498
  vertex -0.00634288695 -0.00661981106 0.0179997608
  vertex -0.00655597402 -0.00688373996 0.0179997608
  endloop
 endfacet

 facet normal 0.866025388 5.25109954e-07 0.500000119
  outer loop
  vertex -0.00626784516 -0.00299996091 -0.00499987602
  vertex -0.00453579379 -0.00399994804 -0.0079998374
  vertex -0.00453579379 -0.00299996091 -0.007999897
  endloop
 endfacet

 facet normal -0.86602515 1.31277986e-07 0.500000417
  outer loop
  vertex -0.0114639401 -0.00399988797 0
  vertex -0.00973188784 -0.00299990107 0.00299996091
  vertex -0.0114639401 -0.00299990107 0
  endloop
 endfacet

 facet normal 0.677594721 0.342018455 -0.651067495
  outer loop
  vertex -0.00866299774 -0.00249993801 0.0087483516
  vertex -0.00882285833 0 0.00856792927
  vertex -0.00866299774 0 0.0087483516
  endloop
 endfacet

 facet normal 0.711300015 -0.0194579381 -0.702619135
  outer loop
  vertex -0.00999265909 -0.00566953421 -0.0179997608
  vertex -0.00999265909 -0.00533032417 -0.0189997498
  vertex -0.00999265909 -0.0053302641 -0.0179997608
  endloop
 endfacet

 facet normal 0.849037528 0.342018723 0.402689219
  outer loop
  vertex 0.00706487801 -0.00249993801 -0.00835448503
  vertex 0.00717687607 0 -0.00856792927
  vertex 0.00706487801 0 -0.00835448503
  endloop
 endfacet

 facet normal 0.920735538 0.342018723 0.187800691
  outer loop
  vertex -0.00899255183 -0.00249993801 -0.00812041666
  vertex -0.00893485546 0 -0.00835448503
  vertex -0.00899255183 0 -0.00812041666
  endloop
 endfacet

 facet normal -0.168877438 -0.691234767 0.702620089
  outer loop
  vertex 0.00858551171 -0.0035876031 0.0189997498
  vertex 0.00825387239 -0.0035161369 0.0179997608
  vertex 0.00858551171 -0.0035876031 0.0179997608
  endloop
 endfacet

 facet normal -0.866025448 5.25111034e-07 0.49999997
  outer loop
  vertex 0.00115466095 -0.00399994804 -0.00999981072
  vertex 0.00230932189 -0.00249993801 -0.007999897
  vertex 0.00115466095 -0.00249993801 -0.00999987125
  endloop
 endfacet

 facet normal 0.902546704 0.342018694 -0.261596501
  outer loop
  vertex -0.00893485546 -0.00249993801 0.000354600983
  vertex -0.00899255183 0 0.000120534998
  vertex -0.00893485546 0 0.000354599993
  endloop
 endfacet

 facet normal 0 -0.707107186 0.707106471
  outer loop
  vertex -0.0034999249 -0.00599992182 -0.0159997903
  vertex -0.0044999118 -0.0044999118 -0.0144997798
  vertex -0.0044999118 -0.00599992182 -0.0159997903
  endloop
 endfacet

 facet normal 0 -4.72600004e-06 1
  outer loop
  vertex 0.00115466095 -0.00399988797 0.00599992182
  vertex -0.00115466095 -0.00399988797 0.00599992182
  vertex -0.0034999249 -0.0044999118 0.00599992182
  endloop
 endfacet

 facet normal -0.368479669 0.342018753 -0.864433944
  outer loop
  vertex 0.000464716984 -0.00249993801 -0.00711440993
  vertex 0.000239312998 0 -0.00702893687
  vertex 0.000464716984 0 -0.00711440993
  endloop
 endfacet

 facet normal 1 -1.55222011e-07 0
  outer loop
  vertex -0.00299996091 -0.00149994995 -0.0026456709
  vertex -0.00299996091 -0.00149994995 0.0026456709
  vertex -0.00299996091 -0.0044999118 0.00499993516
  endloop
 endfacet

 facet normal -2.24925998e-07 1.53678002e-06 1
  outer loop
  vertex 0.00949984696 -0.00899982359 0.0189997498
  vertex 0.00858551171 -0.00741219521 0.0189997498
  vertex 0.00825387239 -0.00748366117 0.0189997498
  endloop
 endfacet

 facet normal -0.866025448 0 0.49999997
  outer loop
  vertex -0.00346404291 -0.00399994804 -0.0079998374
  vertex -0.00230932189 -0.00299996091 -0.00599986315
  vertex -0.00346404291 -0.00299996091 -0.007999897
  endloop
 endfacet

 facet normal -0.891385794 0.297412246 0.34201932
  outer loop
  vertex -0.00702893687 -0.00573921204 0.0159997903
  vertex -0.00711440993 -0.00596463587 0.0179997608
  vertex -0.00702893687 -0.00573921204 0.0179997608
  endloop
 endfacet

 facet normal 0 -1 2.32833003e-07
  outer loop
  vertex -0.00684517622 -0.00399994804 -0.00599986315
  vertex -0.00453579379 -0.00399994804 -0.0079998374
  vertex -0.00626784516 -0.00399994804 -0.00499987602
  endloop
 endfacet

 facet normal -2.2737899e-07 -1 0
  outer loop
  vertex -0.00049999496 -0.00699984981 0.0179997608
  vertex -0.0044999118 -0.00699984981 0.0189997498
  vertex -0.0044999118 -0.00699984981 0.0179997608
  endloop
 endfacet

 facet normal 0.150898978 0.34201929 0.927497864
  outer loop
  vertex -0.00823920872 -0.00249993801 -0.000970927998
  vertex -0.007999897 0 -0.000999987009
  vertex -0.00823920872 0 -0.00097092893
  endloop
 endfacet

 facet normal 0.938924551 0.342018485 -0.0380015112
  outer loop
  vertex -0.00899255183 -0.00249993801 0.00812041666
  vertex -0.00899255183 0 0.00787931588
  vertex -0.00899255183 0 0.00812041666
  endloop
 endfacet

 facet normal 0.297413439 0.342019409 0.891385496
  outer loop
  vertex -0.00846457388 0 -0.000885444984
  vertex -0.00823920872 -0.00249993801 -0.000970927998
  vertex -0.00823920872 0 -0.00097092893
  endloop
 endfacet

 facet normal -1.83750004e-07 -0.707107723 -0.707105815
  outer loop
  vertex 0.0034999249 -0.00299990107 0.0154997697
  vertex -0.0034999249 -0.0034999249 0.0159997903
  vertex -0.0034999249 -0.00299990107 0.0154997697
  endloop
 endfacet

 facet normal 0.866025388 -3.93833005e-07 -0.5
  outer loop
  vertex 0.00684517622 -0.00399994804 0.00199997402
  vertex 0.00569051504 -0.00249993801 0
  vertex 0.00684517622 -0.00249993801 0.00199997402
  endloop
 endfacet

 facet normal -0.927497625 0.150901929 -0.342018723
  outer loop
  vertex -0.00702893687 -0.00573921204 -0.0159997903
  vertex -0.00699990895 -0.00549989892 -0.0179997608
  vertex -0.00702893687 -0.00573921204 -0.0179997608
  endloop
 endfacet

 facet normal -0.902545571 0.34201929 -0.261599302
  outer loop
  vertex -0.00700718118 0 0.00812041666
  vertex -0.00706487801 -0.00249993801 0.00835448503
  vertex -0.00706487801 0 0.00835448503
  endloop
 endfacet

 facet normal 0.849036694 0.342018485 -0.402690798
  outer loop
  vertex -0.00882285833 0 0.000568057003
  vertex -0.00893485546 -0.00249993801 0.000354600983
  vertex -0.00893485546 0 0.000354599993
  endloop
 endfacet

 facet normal -0.920734406 0.342019707 0.187804773
  outer loop
  vertex 0.00893485546 0 -0.00835448503
  vertex 0.00899255183 -0.00249993801 -0.00812041666
  vertex 0.00899255183 0 -0.00812041666
  endloop
 endfacet

 facet normal 0.187801838 0.9207353 0.342018902
  outer loop
  vertex 0.00787931588 -0.00649261381 0.0159997903
  vertex 0.0076452489 -0.00643491698 0.0179997608
  vertex 0.00787931588 -0.00649261381 0.0179997608
  endloop
 endfacet

 facet normal -0.502095103 0.342019498 0.794306755
  outer loop
  vertex -0.00753515912 -0.00249993801 -0.000885443937
  vertex -0.00733673479 0 -0.000748500985
  vertex -0.00753515912 0 -0.000885444984
  endloop
 endfacet

 facet normal -0.642615676 0.703532219 -0.303459287
  outer loop
  vertex 0.00354450895 0 0.00185352506
  vertex 0.0037415619 -0.00149994995 0.00141417899
  vertex 0.00354450895 -0.00149994995 0.00185352506
  endloop
 endfacet

 facet normal 0 1.07665005e-06 1
  outer loop
  vertex 0.0034999249 -0.00199991395 0.0189997498
  vertex 0.00791496038 -0.00350171304 0.0189997498
  vertex 0.0124998 -0.00199991395 0.0189997498
  endloop
 endfacet

 facet normal -1.83749975e-07 -0.707106948 -0.707106709
  outer loop
  vertex -0.0114998203 -0.0034999249 0.0159997903
  vertex -0.0044999118 -0.00299990107 0.0154997697
  vertex -0.0044999118 -0.0034999249 0.0159997903
  endloop
 endfacet

 facet normal 1.9651101e-07 0.707106709 0.707106888
  outer loop
  vertex 0.0034999249 -0.00199991395 0.0189997498
  vertex 0.0124998 0 0.0169997793
  vertex 0.0034999249 0 0.0169997793
  endloop
 endfacet

 facet normal 0.864434838 0.368476808 -0.34201929
  outer loop
  vertex -0.00897079706 -0.00573921204 -0.0179997608
  vertex -0.008885324 -0.00596463587 -0.0159997903
  vertex -0.008885324 -0.00596463587 -0.0179997608
  endloop
 endfacet

 facet normal -0.402690083 -0.849036872 0.342019171
  outer loop
  vertex -0.0076452489 -0.00456488086 0.0159997903
  vertex -0.00743180513 -0.00467693806 0.0179997608
  vertex -0.0076452489 -0.00456488086 0.0179997608
  endloop
 endfacet

 facet normal -0.92073524 0.34201926 0.187801763
  outer loop
  vertex 0.000935004035 0 -0.00835448503
  vertex 0.000992694986 -0.00249993801 -0.00812041666
  vertex 0.000992695917 0 -0.00812041666
  endloop
 endfacet

 facet normal -0.938924193 0.342019171 -0.0380039066
  outer loop
  vertex -0.00700718118 0 0.00787931588
  vertex -0.00700718118 -0.00249993801 0.00812041666
  vertex -0.00700718118 0 0.00812041666
  endloop
 endfacet

 facet normal 0.608375847 0.712553978 0.349493384
  outer loop
  vertex -0.00354450895 -0.00149994995 -0.00185352506
  vertex -0.00329613592 0 -0.00226604892
  vertex -0.00354450895 0 -0.00185352506
  endloop
 endfacet

 facet normal 0 -2.10044027e-06 1
  outer loop
  vertex -0.00173199095 -0.00399988797 0.01099985
  vertex 0.00173199095 -0.00299990107 0.01099985
  vertex -0.00173199095 -0.00299990107 0.01099985
  endloop
 endfacet

 facet normal -1.57483009e-06 -1 2.5779201e-07
  outer loop
  vertex -0.00717687607 -0.00249993801 0.00743180513
  vertex -0.00733673479 -0.00249993801 0.00725138094
  vertex -0.00684517622 -0.00249993801 0.00599992182
  endloop
 endfacet

 facet normal -0.565640211 -0.431715041 0.702618837
  outer loop
  vertex 0.00965684559 -0.00437998679 0.0189997498
  vertex 0.00944375899 -0.00411605788 0.0179997608
  vertex 0.00965684559 -0.00437998679 0.0179997608
  endloop
 endfacet

 facet normal 0.484544903 0.521095872 -0.702620327
  outer loop
  vertex 0.00681060506 -0.00710785296 -0.0179997608
  vertex 0.00655597402 -0.00688373996 -0.0189997498
  vertex 0.00655597402 -0.00688373996 -0.0179997608
  endloop
 endfacet

 facet normal 0.564645231 0.342019439 0.751131296
  outer loop
  vertex -0.00866299774 -0.00249993801 0.00725138094
  vertex -0.00846457388 0 0.00711440993
  vertex -0.00866299774 0 0.00725138094
  endloop
 endfacet

 facet normal 0.866025686 4.62132988e-07 0.499999583
  outer loop
  vertex 0.00569051504 -0.00249993801 -0.007999897
  vertex 0.00684517622 -0.00399994804 -0.00999981072
  vertex 0.00684517622 -0.00249993801 -0.00999987125
  endloop
 endfacet

 facet normal 0.297414631 0.342018455 -0.891385317
  outer loop
  vertex 0.00776058389 -0.00249993801 -0.00702893687
  vertex 0.00753515912 0 -0.00711440993
  vertex 0.00776058389 0 -0.00702893687
  endloop
 endfacet

 facet normal 0 -5.25111034e-07 -1
  outer loop
  vertex 0.00973188784 -0.00299996091 -0.00299990107
  vertex 0.00626784516 -0.00399994804 -0.00299990107
  vertex 0.00626784516 -0.00299996091 -0.00299990107
  endloop
 endfacet

 facet normal -1 1.86267002e-07 0
  outer loop
  vertex 0.0034999249 -0.00599986315 0.0159997903
  vertex 0.0034999249 -0.00599986315 0.0189997498
  vertex 0.0034999249 -0.0034999249 0.0159997903
  endloop
 endfacet

 facet normal -0.813715875 0.34201926 0.469988614
  outer loop
  vertex 0.000822972972 -0.00249993801 0.00743180513
  vertex 0.000935004035 0 0.0076452489
  vertex 0.000822972972 0 0.00743180513
  endloop
 endfacet

 facet normal 0.651067317 0.677594841 0.342018276
  outer loop
  vertex 0.00743180513 -0.00632285979 0.0179997608
  vertex 0.00725138094 -0.00616300106 0.0159997903
  vertex 0.00725138094 -0.00616300106 0.0179997608
  endloop
 endfacet

 facet normal 0 0 -1
  outer loop
  vertex -0.00684517622 -0.00399988797 0.00999987125
  vertex -0.00915455818 -0.00249993801 0.00999987125
  vertex -0.00684517622 -0.00249993801 0.00999987125
  endloop
 endfacet

 facet normal -0.707087696 -0.0797112584 -0.702618718
  outer loop
  vertex 0.00997108221 -0.00516194105 -0.0189997498
  vertex 0.00999987125 -0.00549989892 -0.0179997608
  vertex 0.00997108221 -0.00516194105 -0.0179997608
  endloop
 endfacet

 facet normal 0.674424112 0.703532577 0.224039942
  outer loop
  vertex -0.0037415619 0 -0.00141417899
  vertex -0.003884434 -0.00149994995 -0.000954337942
  vertex -0.0037415619 -0.00149994995 -0.00141417899
  endloop
 endfacet

 facet normal 0.902546406 0.342018425 -0.261597991
  outer loop
  vertex -0.00893485546 -0.00249993801 -0.0076452489
  vertex -0.00899255183 0 -0.00787931588
  vertex -0.00893485546 0 -0.0076452489
  endloop
 endfacet

 facet normal 0 0 -1
  outer loop
  vertex 0.0114998203 -0.0034999249 0.0159997903
  vertex 0.00856792927 -0.00467693806 0.0159997903
  vertex 0.00835448503 -0.00456488086 0.0159997903
  endloop
 endfacet

 facet normal -0.936659098 0.0754515752 0.342018843
  outer loop
  vertex 0.00899988413 -0.00549989892 0.0159997903
  vertex 0.00897079706 -0.00573921204 0.0179997608
  vertex 0.00899988413 -0.00549989892 0.0179997608
  endloop
 endfacet

 facet normal 1.66657992e-06 -1 1.39368001e-06
  outer loop
  vertex -0.000239312998 -0.00249993801 0.00897079706
  vertex 0 -0.00249993801 0.00899988413
  vertex -0.00115466095 -0.00249993801 0.00999987125
  endloop
 endfacet

 facet normal -0.92073524 0.34201923 0.187801525
  outer loop
  vertex 0.000935004035 0 0.0076452489
  vertex 0.000992694986 -0.00249993801 0.00787931588
  vertex 0.000992695917 0 0.00787931588
  endloop
 endfacet

 facet normal -0.677595496 0.342019081 0.651066184
  outer loop
  vertex 0.00866299774 -0.00249993801 -0.000748499995
  vertex 0.00882285833 0 -0.000568057003
  vertex 0.00866299774 0 -0.000748500985
  endloop
 endfacet

 facet normal 0 -2.62555034e-07 -1
  outer loop
  vertex -0.00684517622 -0.00249993801 0.00199997402
  vertex -0.00915455818 -0.00399988797 0.00199997402
  vertex -0.00915455818 -0.00249993801 0.00199997402
  endloop
 endfacet

 facet normal -2.5986202e-07 -1 1.33048019e-07
  outer loop
  vertex -0.0034999249 -0.0044999118 0.00599992182
  vertex 0.00299990107 -0.0044999118 0.00499993516
  vertex 0.0034999249 -0.0044999118 0.00599992182
  endloop
 endfacet

 facet normal 0 1.81904011e-06 1
  outer loop
  vertex -0.0044999118 0 0.0159997903
  vertex -0.0044999118 -0.00199991395 0.0159997903
  vertex -0.0034999249 -0.00199991395 0.0159997903
  endloop
 endfacet

 facet normal 0 -1 3.53264994e-07
  outer loop
  vertex 0.0124998 -0.0044999118 -0.0144997798
  vertex 0.0114998203 -0.0044999118 0.0144997798
  vertex 0.0114998203 -0.0044999118 -0.0144997798
  endloop
 endfacet

 facet normal 0.0710479841 -0.708010018 0.702619374
  outer loop
  vertex -0.00808477402 -0.00350171304 0.0189997498
  vertex -0.00842124224 -0.00354480697 0.0179997608
  vertex -0.00808477402 -0.00350171304 0.0179997608
  endloop
 endfacet

 facet normal -0.187802479 0.920735002 -0.342019111
  outer loop
  vertex 0.00812041666 -0.00649261381 -0.0159997903
  vertex 0.00835448503 -0.00643491698 -0.0179997608
  vertex 0.00812041666 -0.00649261381 -0.0179997608
  endloop
 endfacet

 facet normal -0.866025388 0 -0.500000119
  outer loop
  vertex 0.00230932189 -0.00399988797 0.007999897
  vertex 0.00115466095 -0.00249993801 0.00999987125
  vertex 0.00230932189 -0.00249993801 0.007999897
  endloop
 endfacet

 facet normal 0.0754504725 0.342018753 -0.936659276
  outer loop
  vertex 0.007999897 -0.00249993801 0.00099998794
  vertex 0.00776058389 0 0.00097092893
  vertex 0.007999897 0 0.000999987009
  endloop
 endfacet

 facet normal 0.936659157 0.0754515976 0.342018694
  outer loop
  vertex 0.00702893687 -0.00573921204 0.0179997608
  vertex 0.00699984981 -0.00549989892 0.0159997903
  vertex 0.00699984981 -0.00549989892 0.0179997608
  endloop
 endfacet

 facet normal -4.48217037e-07 -1 -2.05677026e-07
  outer loop
  vertex 0.00569051504 -0.00249993801 0.007999897
  vertex 0.00717687607 -0.00249993801 0.00743180513
  vertex 0.00706487801 -0.00249993801 0.0076452489
  endloop
 endfacet

 facet normal 0.727994919 0.342018604 -0.594177246
  outer loop
  vertex 0.00733673479 0 0.000748500985
  vertex 0.00717687607 -0.00249993801 0.000568057992
  vertex 0.00717687607 0 0.000568057003
  endloop
 endfacet

 facet normal 1.46597017e-06 -1 5.07549089e-07
  outer loop
  vertex -0.00753515912 -0.00249993801 -0.000885443937
  vertex -0.00776058389 -0.00249993801 -0.000970927998
  vertex -0.00684517622 -0.00249993801 -0.00199991395
  endloop
 endfacet

 facet normal 0 -0.707106471 0.707107186
  outer loop
  vertex -0.0114998203 -0.00599992182 -0.0159997903
  vertex -0.0124998 -0.0044999118 -0.0144997798
  vertex -0.0124998 -0.00599992182 -0.0159997903
  endloop
 endfacet

 facet normal 0.794306517 -0.502095878 -0.342018962
  outer loop
  vertex 0.00725138094 -0.00483679678 0.0159997903
  vertex 0.00711440993 -0.00503516104 0.0179997608
  vertex 0.00711440993 -0.00503516104 0.0159997903
  endloop
 endfacet

 facet normal -5.49738047e-07 -1 5.07553011e-07
  outer loop
  vertex -0.00915455818 -0.00249993801 0.00199997402
  vertex -0.00846457388 -0.00249993801 0.000885444984
  vertex -0.00823920872 -0.00249993801 0.000970929977
  endloop
 endfacet

 facet normal 0.927497625 -0.150901765 0.342018634
  outer loop
  vertex 0.00699984981 -0.00549989892 0.0179997608
  vertex 0.00702893687 -0.00526058581 0.0159997903
  vertex 0.00702893687 -0.00526058581 0.0179997608
  endloop
 endfacet

 facet normal -0.866025329 -1.31277986e-07 -0.50000006
  outer loop
  vertex 0.01030921 -0.00399994804 0
  vertex 0.00915455818 -0.00249993801 0.00199997402
  vertex 0.01030921 -0.00249993801 0
  endloop
 endfacet

 facet normal 0.813715696 0.342018306 -0.469989508
  outer loop
  vertex -0.00882285833 -0.00249993801 -0.00743180513
  vertex -0.00893485546 0 -0.0076452489
  vertex -0.00882285833 0 -0.00743180513
  endloop
 endfacet

 facet normal 0.297414392 0.342018515 -0.891385436
  outer loop
  vertex 0.00776058389 -0.00249993801 0.00897079706
  vertex 0.00753515912 0 0.008885324
  vertex 0.00776058389 0 0.00897079706
  endloop
 endfacet

 facet normal 0.701461017 0.703532815 -0.113991298
  outer loop
  vertex -0.00397092104 0 0.000480651972
  vertex -0.003884434 -0.00149994995 0.000954339979
  vertex -0.00397092104 -0.00149994995 0.000480652991
  endloop
 endfacet

 facet normal -0.664186954 0.255306691 0.702619553
  outer loop
  vertex 0.00982230902 -0.00632369518 0.0189997498
  vertex 0.00993531942 -0.00600385619 0.0179997608
  vertex 0.00982230902 -0.00632369518 0.0179997608
  endloop
 endfacet

 facet normal -0.502095103 0.342020065 0.794306397
  outer loop
  vertex 0.00846457388 -0.00249993801 0.00711440993
  vertex 0.00866299774 0 0.00725138094
  vertex 0.00846457388 0 0.00711440993
  endloop
 endfacet

 facet normal 0.866025567 -1.05022002e-06 -0.499999762
  outer loop
  vertex 0.0114639401 -0.00299996091 -0.007999897
  vertex 0.00973188784 -0.00399994804 -0.01099985
  vertex 0.00973188784 -0.00299996091 -0.01099985
  endloop
 endfacet

 facet normal -0.866025686 -5.25111034e-07 -0.499999493
  outer loop
  vertex -0.00569051504 -0.00399994804 -0.0079998374
  vertex -0.00684517622 -0.00249993801 -0.00599986315
  vertex -0.00569051504 -0.00249993801 -0.007999897
  endloop
 endfacet

 facet normal 1 -2.32834026e-07 -1.69765997e-07
  outer loop
  vertex 0.00249993801 -0.00299990107 0.0179997608
  vertex 0.00249993801 -0.00599986315 0.0189997498
  vertex 0.00249993801 -0.00599986315 0.0179997608
  endloop
 endfacet

 facet normal 0.938924551 0.342018515 0.0380010717
  outer loop
  vertex -0.00899255183 0 0.000120534998
  vertex -0.00899255183 -0.00249993801 -0.000120534001
  vertex -0.00899255183 0 -0.000120534998
  endloop
 endfacet

 facet normal 0 -7.51393964e-06 1
  outer loop
  vertex -0.0076452489 -0.00643491698 0.0179997608
  vertex -0.00787931588 -0.00649261381 0.0179997608
  vertex -0.00741422083 -0.00741219521 0.0179997608
  endloop
 endfacet

 facet normal -0.15089938 0.342019379 0.927497745
  outer loop
  vertex 0.007999897 0 0.00699990895
  vertex 0.00823920872 -0.00249993801 0.00702893687
  vertex 0.00823920872 0 0.00702893687
  endloop
 endfacet

 facet normal -0.938924134 0.342019111 0.0380039997
  outer loop
  vertex 0.00899255183 -0.00249993801 0.00787931588
  vertex 0.00899255183 0 0.00812041666
  vertex 0.00899255183 0 0.00787931588
  endloop
 endfacet

 facet normal 0.247158751 0.667262316 -0.702619076
  outer loop
  vertex 0.00741422083 -0.00741219521 -0.0189997498
  vertex 0.00709944917 -0.00728571415 -0.0179997608
  vertex 0.00741422083 -0.00741219521 -0.0179997608
  endloop
 endfacet

 facet normal 0 0 -1
  outer loop
  vertex 0.00973188784 -0.00299996091 0.00499993516
  vertex 0.00626784516 -0.00399994804 0.00499993516
  vertex 0.00626784516 -0.00299996091 0.00499993516
  endloop
 endfacet

 facet normal 0.038002409 0.938923955 -0.342019886
  outer loop
  vertex 0.00787931588 -0.00649261381 -0.0159997903
  vertex 0.00812041666 -0.00649261381 -0.0179997608
  vertex 0.00787931588 -0.00649261381 -0.0179997608
  endloop
 endfacet

 facet normal -5.25111034e-07 -1 3.88056009e-07
  outer loop
  vertex -0.00453579379 -0.00399988797 0
  vertex -0.00684517622 -0.00399988797 -0.00199991395
  vertex -0.00626784516 -0.00399994804 -0.00299990107
  endloop
 endfacet

 facet normal 0 2.10044027e-06 1
  outer loop
  vertex 0.00684517622 -0.00399994804 -0.00999981072
  vertex 0.00915455818 -0.00249993801 -0.00999987125
  vertex 0.00684517622 -0.00249993801 -0.00999987125
  endloop
 endfacet

 facet normal -0.710077167 0.703531623 0.0288742352
  outer loop
  vertex 0.00399994804 0 0
  vertex 0.00397092104 -0.00149994995 -0.000480651972
  vertex 0.00399994804 -0.00149994995 0
  endloop
 endfacet

 facet normal -0.866025388 1.05022013e-06 -0.5
  outer loop
  vertex -0.00173199095 -0.00399994804 -0.01099985
  vertex -0.00346404291 -0.00299996091 -0.007999897
  vertex -0.00173199095 -0.00299996091 -0.01099985
  endloop
 endfacet

 facet normal 0.81371671 0.342018902 0.469987214
  outer loop
  vertex 0.00706487801 0 -0.000354599993
  vertex 0.00717687607 -0.00249993801 -0.000568057003
  vertex 0.00717687607 0 -0.000568057003
  endloop
 endfacet

 facet normal 0.150898948 0.342019469 0.927497745
  outer loop
  vertex -0.00823920872 -0.00249993801 -0.00897079706
  vertex -0.007999897 0 -0.00899988413
  vertex -0.00823920872 0 -0.00897079706
  endloop
 endfacet

 facet normal 0.866025329 0 -0.500000179
  outer loop
  vertex -0.00915455818 -0.00399988797 0.00999987125
  vertex -0.01030921 -0.00249993801 0.007999897
  vertex -0.00915455818 -0.00249993801 0.00999987125
  endloop
 endfacet

 facet normal 0.849036276 0.342018813 0.402691543
  outer loop
  vertex -0.00893485546 -0.00249993801 -0.000354599004
  vertex -0.00882285833 0 -0.000568057003
  vertex -0.00893485546 0 -0.000354599993
  endloop
 endfacet

 facet normal 1 -5.32190995e-07 3.46483006e-07
  outer loop
  vertex 0.0124998 -0.00199991395 0.0189997498
  vertex 0.0124998 -0.00599986315 0.0159997903
  vertex 0.0124998 -0.0044999118 0.0144997798
  endloop
 endfacet

 facet normal 0.130835384 -0.699435055 -0.70261848
  outer loop
  vertex 0.00741422083 -0.0035876031 -0.0179997608
  vertex 0.00774586201 -0.0035161369 -0.0189997498
  vertex 0.00774586201 -0.0035161369 -0.0179997608
  endloop
 endfacet

 facet normal -0.502094924 0.342019171 -0.794306934
  outer loop
  vertex -0.00733673479 0 0.0087483516
  vertex -0.00753515912 -0.00249993801 0.008885324
  vertex -0.00753515912 0 0.008885324
  endloop
 endfacet

 facet normal 0.316225588 0.948684096 -6.11177029e-07
  outer loop
  vertex 0.001764655 -0.00275486708 -0.0175585691
  vertex 0.00199991395 -0.00283324695 -0.0174997393
  vertex 0.00149994995 -0.0026665919 -0.0179997608
  endloop
 endfacet

 facet normal -0.150899142 0.342019439 0.927497864
  outer loop
  vertex 0 0 0.00699990895
  vertex 0.000239311994 -0.00249993801 0.00702893687
  vertex 0.000239312998 0 0.00702893687
  endloop
 endfacet

 facet normal -0.0390971787 0.0180449989 0.999072433
  outer loop
  vertex 0.00150436105 -0.00633174088 -0.0179333594
  vertex 0.00149994995 -0.0026665919 -0.0179997608
  vertex -0.00049999496 -0.00699990895 -0.0179997608
  endloop
 endfacet

 facet normal 1.24178001e-07 4.85075986e-07 1
  outer loop
  vertex -0.00049999397 -0.00199997402 -0.0179997608
  vertex -0.0034999249 -0.00599992182 -0.0179997608
  vertex -0.00049999496 -0.00699990895 -0.0179997608
  endloop
 endfacet

 facet normal -0.5749439 -0.641084492 0.508380055
  outer loop
  vertex 0.00159996701 -0.006299912 -0.0176997092
  vertex 0.001516997 -0.00477766898 -0.0178702995
  vertex 0.00150436105 -0.00633174088 -0.0179333594
  endloop
 endfacet

 facet normal 0.83958894 0.388613075 0.379565716
  outer loop
  vertex 0.00247990992 -0.00299328496 -0.0178597495
  vertex 0.00239992095 -0.00296658208 -0.0176997092
  vertex 0.00243294192 -0.00477766898 -0.0177497193
  endloop
 endfacet

 facet normal 0.919492245 0.193730086 -0.342056364
  outer loop
  vertex 0.00248289108 -0.00477766898 0.0178703591
  vertex 0.00243294192 -0.00477766898 0.0177497193
  vertex 0.00246482994 -0.00298821903 0.0178156998
  endloop
 endfacet

 facet normal 0.721419394 -0.403336436 0.562915564
  outer loop
  vertex 0.00239992095 -0.00603324082 -0.0176997092
  vertex 0.00235348893 -0.00477766898 -0.0176461898
  vertex 0.00232869294 -0.00605696393 -0.0176229998
  endloop
 endfacet

 facet normal 0.534368575 -0.506733537 0.67651403
  outer loop
  vertex 0.00248289108 -0.00477766898 -0.0178702995
  vertex 0.00239992095 -0.00603324082 -0.0176997092
  vertex 0.00247990992 -0.00600653794 -0.0178597495
  endloop
 endfacet

 facet normal 0.692030907 -0.0184893142 0.72163111
  outer loop
  vertex 0.00247990992 -0.00600653794 -0.0178597495
  vertex 0.00247990992 -0.00299328496 -0.0178597495
  vertex 0.00248289108 -0.00477766898 -0.0178702995
  endloop
 endfacet

 facet normal 0.720986366 0.403832823 0.563114345
  outer loop
  vertex 0.00239992095 -0.00296658208 -0.0176997092
  vertex 0.00232869294 -0.00294285989 -0.0176229998
  vertex 0.00235348893 -0.00477766898 -0.0176461898
  endloop
 endfacet

 facet normal 0.195888668 0.225208148 -0.954415441
  outer loop
  vertex 0.002129375 -0.00477766898 0.01751679
  vertex 0.00199991395 -0.00477766898 0.0174997393
  vertex 0.00209093001 -0.00286358502 0.0175080802
  endloop
 endfacet

 facet normal 0.574305117 -0.419049293 0.703257561
  outer loop
  vertex 0.00232869294 -0.00605696393 -0.0176229998
  vertex 0.0022499559 -0.00477766898 -0.0175667405
  vertex 0.00223523309 -0.00608813716 -0.0175585691
  endloop
 endfacet

 facet normal 0.574340403 0.419118166 0.703187764
  outer loop
  vertex 0.00232869294 -0.00294285989 -0.0176229998
  vertex 0.00223523309 -0.00291168597 -0.0175585691
  vertex 0.0022499559 -0.00477766898 -0.0175667405
  endloop
 endfacet

 facet normal 0.478242248 0.000105302104 0.878228009
  outer loop
  vertex 0.0022499559 -0.00477766898 -0.0175667405
  vertex 0.002122998 -0.00287431409 -0.0175151192
  vertex 0.002122998 -0.00612556888 -0.0175151192
  endloop
 endfacet

 facet normal 0.386135072 -0.270374179 0.881928325
  outer loop
  vertex 0.002122998 -0.00287431409 -0.0175151192
  vertex 0.00199991395 -0.00616657687 -0.0174997393
  vertex 0.002122998 -0.00612556888 -0.0175151192
  endloop
 endfacet

 facet normal 0.61703521 0.233871296 0.751379907
  outer loop
  vertex 0.00243294192 -0.00477766898 -0.0177497193
  vertex 0.00248289108 -0.00477766898 -0.0178702995
  vertex 0.00247990992 -0.00299328496 -0.0178597495
  endloop
 endfacet

 facet normal -0.226629049 0.503736556 0.833599865
  outer loop
  vertex 0.00187688996 -0.00279223896 -0.0175151192
  vertex 0.001764655 -0.00275486708 -0.0175585691
  vertex 0.00174993195 -0.00477766898 -0.0175667405
  endloop
 endfacet

 facet normal -0.34082827 0.521334767 0.782333732
  outer loop
  vertex 0.00174993195 -0.00477766898 -0.0175667405
  vertex 0.001764655 -0.00275486708 -0.0175585691
  vertex 0.00167119503 -0.00272369292 -0.0176229998
  endloop
 endfacet

 facet normal -0.52339685 0.542753637 0.656866968
  outer loop
  vertex 0.00164639903 -0.00477766898 -0.0176461898
  vertex 0.00167119503 -0.00272369292 -0.0176229998
  vertex 0.00159996701 -0.00269997097 -0.0176997092
  endloop
 endfacet

 facet normal -0.730973721 0.565002501 0.382687241
  outer loop
  vertex 0.001516997 -0.00477766898 -0.0178702995
  vertex 0.00159996701 -0.00269997097 -0.0176997092
  vertex 0.00151997805 -0.00267326809 -0.0178597495
  endloop
 endfacet

 facet normal -0.818071127 -0.0427033603 0.573529422
  outer loop
  vertex 0.00151997805 -0.00267326809 -0.0178597495
  vertex 0.00150436105 -0.00633174088 -0.0179333594
  vertex 0.001516997 -0.00477766898 -0.0178702995
  endloop
 endfacet

 facet normal -0.385553956 0.518379986 0.763302267
  outer loop
  vertex 0.00151997805 -0.00267326809 -0.0178597495
  vertex 0.00149994995 -0.0026665919 -0.0179997608
  vertex 0.00150436105 -0.00633174088 -0.0179333594
  endloop
 endfacet

 facet normal 0.104005016 0.281111866 0.954022527
  outer loop
  vertex 0.00187688996 -0.00620758487 -0.0175151192
  vertex 0.00199991395 -0.00283324695 -0.0174997393
  vertex 0.00187688996 -0.00279223896 -0.0175151192
  endloop
 endfacet

 facet normal -0.340744555 -0.521295726 0.782396376
  outer loop
  vertex 0.001764655 -0.00624501705 -0.0175585691
  vertex 0.00174993195 -0.00477766898 -0.0175667405
  vertex 0.00167119503 -0.00627613021 -0.0176229998
  endloop
 endfacet

 facet normal -0.532928467 -0.542897463 0.649037421
  outer loop
  vertex 0.00167119503 -0.00627613021 -0.0176229998
  vertex 0.00164639903 -0.00477766898 -0.0176461898
  vertex 0.00159996701 -0.006299912 -0.0176997092
  endloop
 endfacet

 facet normal -0.298911333 0.252652556 -0.920227468
  outer loop
  vertex 0.00187051203 -0.00477766898 0.01751679
  vertex 0.00174993195 -0.00477766898 0.0175667405
  vertex 0.00181591499 -0.00277191401 0.0175348502
  endloop
 endfacet

 facet normal -3.16726016e-07 0 -1
  outer loop
  vertex 0.00932121184 -0.00399857713 -0.0189997498
  vertex 0.00904846098 -0.00379687501 -0.0189997498
  vertex 0.0124998 -0.00199997402 -0.0189997498
  endloop
 endfacet

 facet normal -0.866025388 0 -0.5
  outer loop
  vertex 0.00626784516 -0.00399994804 0.00499993516
  vertex 0.00453579379 -0.00299990107 0.007999897
  vertex 0.00626784516 -0.00299996091 0.00499993516
  endloop
 endfacet

 facet normal 0.594176531 0.727995217 -0.342019051
  outer loop
  vertex -0.0087483516 -0.00616300106 -0.0179997608
  vertex -0.00856792927 -0.00632285979 -0.0159997903
  vertex -0.00856792927 -0.00632285979 -0.0179997608
  endloop
 endfacet

 facet normal -0.849035978 0.342018932 -0.402692199
  outer loop
  vertex -0.00706487801 -0.00249993801 0.000354600983
  vertex -0.00717687607 0 0.000568057003
  vertex -0.00706487801 0 0.000354599993
  endloop
 endfacet

 facet normal 0.150899813 0.342019379 0.927497685
  outer loop
  vertex -0.000239312998 -0.00249993801 0.00702893687
  vertex 0 0 0.00699990895
  vertex -0.000239312998 0 0.00702893687
  endloop
 endfacet

 facet normal -0.751129985 0.564647853 -0.342018396
  outer loop
  vertex 0.0087483516 -0.00616300106 -0.0159997903
  vertex 0.008885324 -0.00596463587 -0.0179997608
  vertex 0.0087483516 -0.00616300106 -0.0179997608
  endloop
 endfacet

 facet normal 0.849036872 0.342018694 -0.40269047
  outer loop
  vertex 0.00717687607 0 -0.00743180513
  vertex 0.00706487801 -0.00249993801 -0.0076452489
  vertex 0.00706487801 0 -0.0076452489
  endloop
 endfacet

 facet normal -0.65617162 0.275254637 -0.702619314
  outer loop
  vertex 0.00988560915 -0.00616616011 -0.0189997498
  vertex 0.00974589493 -0.00647526886 -0.0179997608
  vertex 0.00988560915 -0.00616616011 -0.0179997608
  endloop
 endfacet

 facet normal -0.927497089 -0.150904208 0.342018962
  outer loop
  vertex -0.00702893687 -0.00526058581 -0.0179997608
  vertex -0.00699990895 -0.00549989892 -0.0159997903
  vertex -0.00702893687 -0.00526058581 -0.0159997903
  endloop
 endfacet

 facet normal 0 -1 3.10444989e-07
  outer loop
  vertex 0.00649988605 -0.00899988413 -0.0159997903
  vertex 0.00949984696 -0.00899988413 -0.0189997498
  vertex 0.00949984696 -0.00899988413 -0.0159997903
  endloop
 endfacet

 facet normal -0.407319248 -0.583453 -0.702619135
  outer loop
  vertex -0.00695127202 -0.00379687501 -0.0189997498
  vertex -0.00667852117 -0.00399857713 -0.0179997608
  vertex -0.00695127202 -0.00379687501 -0.0179997608
  endloop
 endfacet

 facet normal -0.866025686 1.31278e-07 -0.499999493
  outer loop
  vertex -0.00569051504 -0.00399988797 0
  vertex -0.00684517622 -0.00249993801 0.00199997402
  vertex -0.00569051504 -0.00249993801 0
  endloop
 endfacet

 facet normal -0.927497745 -0.150900185 0.342019141
  outer loop
  vertex 0.00897079706 -0.00526058581 -0.0179997608
  vertex 0.00899988413 -0.00549989892 -0.0159997903
  vertex 0.00897079706 -0.00526058581 -0.0159997903
  endloop
 endfacet

 facet normal 0 0 -1
  outer loop
  vertex -0.00743180513 -0.00632285979 -0.0179997608
  vertex -0.00725138094 -0.00616300106 -0.0179997608
  vertex -0.00667852117 -0.00700122118 -0.0179997608
  endloop
 endfacet

 facet normal 0 0 -1
  outer loop
  vertex 0.00702893687 -0.00526058581 -0.0179997608
  vertex 0.00699984981 -0.00549989892 -0.0179997608
  vertex 0.00600707484 -0.00533032417 -0.0179997608
  endloop
 endfacet

 facet normal 0 -5.39558005e-06 -1
  outer loop
  vertex -0.0087483516 -0.00483679678 -0.0179997608
  vertex -0.00965684559 -0.00437998679 -0.0179997608
  vertex -0.00944375899 -0.00411605788 -0.0179997608
  endloop
 endfacet

 facet normal -0.81371516 0.342019409 0.469989657
  outer loop
  vertex -0.00717687607 -0.00249993801 0.00743180513
  vertex -0.00706487801 0 0.0076452489
  vertex -0.00717687607 0 0.00743180513
  endloop
 endfacet

 facet normal 0.927497804 0.150899127 -0.342019469
  outer loop
  vertex -0.00899988413 -0.00549989892 -0.0179997608
  vertex -0.00897079706 -0.00573921204 -0.0159997903
  vertex -0.00897079706 -0.00573921204 -0.0179997608
  endloop
 endfacet

 facet normal -0.891385198 -0.297414243 -0.342019171
  outer loop
  vertex 0.00897079706 -0.00526058581 -0.0159997903
  vertex 0.008885324 -0.00503516104 -0.0179997608
  vertex 0.00897079706 -0.00526058581 -0.0179997608
  endloop
 endfacet

 facet normal 0.849037528 0.342018753 0.402689219
  outer loop
  vertex 0.00706487801 -0.00249993801 0.0076452489
  vertex 0.00717687607 0 0.00743180513
  vertex 0.00706487801 0 0.0076452489
  endloop
 endfacet

 facet normal 0.316229314 0.948682904 -3.59520016e-07
  outer loop
  vertex 0.00149994995 -0.0026665919 0.0179997608
  vertex -0.00049999397 -0.00199991395 0.0189997498
  vertex 0.00249993801 -0.00299990107 0.0189997498
  endloop
 endfacet

 facet normal 0.130835697 0.699435055 -0.70261848
  outer loop
  vertex -0.00825393107 -0.00748366117 -0.0189997498
  vertex -0.00858551171 -0.00741219521 -0.0179997608
  vertex -0.00825393107 -0.00748366117 -0.0179997608
  endloop
 endfacet

 facet normal -0.938924432 0.342018872 0.0380001739
  outer loop
  vertex 0.00899255183 -0.00249993801 -0.000120534001
  vertex 0.00899255183 0 0.000120534998
  vertex 0.00899255183 0 -0.000120534998
  endloop
 endfacet

 facet normal -0.9207353 0.34201926 -0.187801048
  outer loop
  vertex -0.00700718118 -0.00249993801 -0.00787931588
  vertex -0.00706487801 0 -0.0076452489
  vertex -0.00700718118 0 -0.00787931588
  endloop
 endfacet

 facet normal -0.226889014 0.674423695 -0.702619433
  outer loop
  vertex -0.00725418283 -0.00735562993 -0.0189997498
  vertex -0.00757849216 -0.00745499087 -0.0179997608
  vertex -0.00725418283 -0.00735562993 -0.0179997608
  endloop
 endfacet

 facet normal 0.247158885 -0.667262554 -0.702618837
  outer loop
  vertex -0.00890028384 -0.00371408393 -0.0179997608
  vertex -0.00858551171 -0.0035876031 -0.0189997498
  vertex -0.00858551171 -0.0035876031 -0.0179997608
  endloop
 endfacet

 facet normal 0 0 1
  outer loop
  vertex -0.00973188784 -0.00399994804 -0.00499987602
  vertex -0.00626784516 -0.00299996091 -0.00499987602
  vertex -0.00973188784 -0.00299996091 -0.00499987602
  endloop
 endfacet

 facet normal 0.150899634 0.342019379 0.927497685
  outer loop
  vertex 0.00776058389 -0.00249993801 0.00702893687
  vertex 0.007999897 0 0.00699990895
  vertex 0.00776058389 0 0.00702893687
  endloop
 endfacet

 facet normal 0.938924491 0.342018604 0.0380015038
  outer loop
  vertex 0.00700718118 0 0.000120534998
  vertex 0.00700718118 -0.00249993801 -0.000120534001
  vertex 0.00700718118 0 -0.000120534998
  endloop
 endfacet

 facet normal -0.727994561 0.342019171 -0.594177425
  outer loop
  vertex 0.00882285833 -0.00249993801 0.000568057992
  vertex 0.00866299774 0 0.000748500985
  vertex 0.00882285833 0 0.000568057003
  endloop
 endfacet

 facet normal 0 2.62555034e-07 1
  outer loop
  vertex 0.00684517622 -0.00399994804 -0.00199991395
  vertex 0.00915455818 -0.00249993801 -0.00199991395
  vertex 0.00684517622 -0.00249993801 -0.00199991395
  endloop
 endfacet

 facet normal 0.564644873 0.34201926 0.751131713
  outer loop
  vertex 0.00733673479 -0.00249993801 -0.000748499995
  vertex 0.00753515912 0 -0.000885444984
  vertex 0.00733673479 0 -0.000748500985
  endloop
 endfacet

 facet normal 0.813715816 0.342018902 0.469988853
  outer loop
  vertex -0.000935004035 0 -0.00835448503
  vertex -0.00082297402 -0.00249993801 -0.00856792927
  vertex -0.000822972972 0 -0.00856792927
  endloop
 endfacet

 facet normal -0.920734763 0.342018813 -0.187804788
  outer loop
  vertex 0.00899255183 -0.00249993801 0.000120535988
  vertex 0.00893485546 0 0.000354599993
  vertex 0.00899255183 0 0.000120534998
  endloop
 endfacet

 facet normal -0.866025329 1.05022013e-06 0.500000179
  outer loop
  vertex 0.00453579379 -0.00399988797 0.007999897
  vertex 0.00626784516 -0.00299990107 0.01099985
  vertex 0.00453579379 -0.00299990107 0.007999897
  endloop
 endfacet

 facet normal -0.866025329 -1.05022013e-06 -0.500000179
  outer loop
  vertex 0.01030921 -0.00399994804 0.007999897
  vertex 0.00915455818 -0.00249993801 0.00999987125
  vertex 0.01030921 -0.00249993801 0.007999897
  endloop
 endfacet

 facet normal 0.038002599 -0.938924134 0.342019498
  outer loop
  vertex -0.00812041666 -0.00450718403 0.0159997903
  vertex -0.00787931588 -0.00450718403 0.0179997608
  vertex -0.00812041666 -0.00450718403 0.0179997608
  endloop
 endfacet

 facet normal -0.500064015 -0.506223977 -0.702618957
  outer loop
  vertex -0.00667852117 -0.00399857713 -0.0189997498
  vertex -0.00644379808 -0.00424349308 -0.0179997608
  vertex -0.00667852117 -0.00399857713 -0.0179997608
  endloop
 endfacet

 facet normal 0.794308782 0.502091348 0.342020303
  outer loop
  vertex -0.0087483516 -0.00616300106 0.0179997608
  vertex -0.008885324 -0.00596463587 0.0159997903
  vertex -0.008885324 -0.00596463587 0.0179997608
  endloop
 endfacet

 facet normal -4.65867004e-07 1 -3.39899032e-07
  outer loop
  vertex -0.00299996091 -0.00149994995 0.0026456709
  vertex -0.00329613592 -0.00149994995 -0.00226604892
  vertex -0.0037415619 -0.00149994995 -0.00141417899
  endloop
 endfacet

 facet normal 0 -1 9.8527903e-07
  outer loop
  vertex 0 -0.00249993801 -0.00899988413
  vertex -0.000239312998 -0.00249993801 -0.00897079706
  vertex -0.00115466095 -0.00249993801 -0.00999987125
  endloop
 endfacet

 facet normal 0.902546525 0.342018783 -0.261596859
  outer loop
  vertex 0.00706487801 -0.00249993801 0.000354600983
  vertex 0.00700718118 0 0.000120534998
  vertex 0.00706487801 0 0.000354599993
  endloop
 endfacet

 facet normal 0.564644396 0.342018694 -0.751132369
  outer loop
  vertex -0.000464716984 0 0.008885324
  vertex -0.000663115003 -0.00249993801 0.0087483516
  vertex -0.000663113955 0 0.0087483516
  endloop
 endfacet

 facet normal 0.316227883 -0.948683262 0
  outer loop
  vertex 0.00150436105 -0.00633174088 -0.0179333594
  vertex -0.00049999496 -0.00699990895 -0.0189997498
  vertex 0.00249993801 -0.00599992182 -0.0189997498
  endloop
 endfacet

 facet normal -0.677151263 -0.218614921 0.702619314
  outer loop
  vertex -0.00606441405 -0.00499594212 0.0189997498
  vertex -0.00617742492 -0.00467610313 0.0179997608
  vertex -0.00606441405 -0.00499594212 0.0179997608
  endloop
 endfacet

 facet normal 0.402688771 0.849037647 -0.342018932
  outer loop
  vertex -0.00856792927 -0.00632285979 -0.0179997608
  vertex -0.00835448503 -0.00643491698 -0.0159997903
  vertex -0.00835448503 -0.00643491698 -0.0179997608
  endloop
 endfacet

 facet normal 0.29741466 0.342018515 -0.891385436
  outer loop
  vertex -0.000239312998 -0.00249993801 0.00897079706
  vertex -0.000464716984 0 0.008885324
  vertex -0.000239312998 0 0.00897079706
  endloop
 endfacet

 facet normal -0.302856505 -0.64389807 -0.702618897
  outer loop
  vertex 0.00874555111 -0.00364416791 -0.0189997498
  vertex 0.00904846098 -0.00379687501 -0.0179997608
  vertex 0.00874555111 -0.00364416791 -0.0179997608
  endloop
 endfacet

 facet normal -0.656171501 0.275255114 -0.702619076
  outer loop
  vertex -0.00611412479 -0.00616616011 -0.0189997498
  vertex -0.00625383807 -0.00647526886 -0.0179997608
  vertex -0.00611412479 -0.00616616011 -0.0179997608
  endloop
 endfacet

 facet normal -0.297414005 -0.342018276 0.891385615
  outer loop
  vertex -0.00753515912 -0.00249993801 -0.008885324
  vertex -0.00776058389 0 -0.00897079706
  vertex -0.00776058389 -0.00249993801 -0.00897079706
  endloop
 endfacet

 facet normal 0 -1.87150999e-06 1
  outer loop
  vertex -0.0114998203 -0.0034999249 -0.0159997903
  vertex -0.008885324 -0.00503516104 -0.0159997903
  vertex -0.0087483516 -0.00483679678 -0.0159997903
  endloop
 endfacet

 facet normal 0.455331534 -0.546809077 -0.702618718
  outer loop
  vertex 0.00655597402 -0.00411605788 -0.0179997608
  vertex 0.00681060506 -0.00389194395 -0.0189997498
  vertex 0.00681060506 -0.00389194395 -0.0179997608
  endloop
 endfacet

 facet normal -0.150898993 0.342019558 0.927497804
  outer loop
  vertex 0 0 -0.00899988413
  vertex 0.000239311994 -0.00249993801 -0.00897079706
  vertex 0.000239312998 0 -0.00897079706
  endloop
 endfacet

 facet normal 0 -1 3.10444989e-07
  outer loop
  vertex 0.00949984696 -0.00899982359 0.0159997903
  vertex 0.00649988605 -0.00899982359 0.0189997498
  vertex 0.00649988605 -0.00899982359 0.0159997903
  endloop
 endfacet

 facet normal 1 -1.55222011e-07 0
  outer loop
  vertex -0.0034999249 -0.00299996091 -0.00599986315
  vertex -0.0034999249 -0.0044999118 -0.00599986315
  vertex -0.0034999249 -0.0044999118 -0.0144997798
  endloop
 endfacet

 facet normal 3.93832011e-07 -1 3.49251053e-07
  outer loop
  vertex 0.01030921 -0.00399994804 0.007999897
  vertex 0.00915455818 -0.00399994804 0.00599992182
  vertex 0.00973188784 -0.00399994804 0.00499993516
  endloop
 endfacet

 facet normal 0.920735776 0.342018932 0.187799841
  outer loop
  vertex -0.00899255183 -0.00249993801 -0.000120534001
  vertex -0.00893485546 0 -0.000354599993
  vertex -0.00899255183 0 -0.000120534998
  endloop
 endfacet

 facet normal -0.664186895 0.255308241 0.702619076
  outer loop
  vertex -0.00617742492 -0.00632369518 0.0189997498
  vertex -0.00606441405 -0.00600385619 0.0179997608
  vertex -0.00617742492 -0.00632369518 0.0179997608
  endloop
 endfacet

 facet normal 0.654005885 0.703533292 -0.278059542
  outer loop
  vertex -0.0037415619 0 0.00141417899
  vertex -0.00354450895 -0.00149994995 0.00185352506
  vertex -0.0037415619 -0.00149994995 0.00141417899
  endloop
 endfacet

 facet normal 0.697727621 0.0387702957 0.715313315
  outer loop
  vertex -0.00997108221 -0.00583791686 0.0189997498
  vertex -0.00999987125 -0.00549989892 0.0179997608
  vertex -0.00999987125 -0.00549989892 0.0189997498
  endloop
 endfacet

 facet normal 0.594177186 -0.727994263 0.342020273
  outer loop
  vertex 0.00725138094 -0.00483679678 0.0179997608
  vertex 0.00743180513 -0.00467693806 0.0159997903
  vertex 0.00743180513 -0.00467693806 0.0179997608
  endloop
 endfacet

 facet normal -0.938924313 0.342019141 0.0380017944
  outer loop
  vertex -0.00700718118 -0.00249993801 -0.000120534001
  vertex -0.00700718118 0 0.000120534998
  vertex -0.00700718118 0 -0.000120534998
  endloop
 endfacet

 facet normal -0.469989717 -0.8137151 -0.342019737
  outer loop
  vertex -0.00743180513 -0.00467693806 -0.0159997903
  vertex -0.0076452489 -0.00456488086 -0.0179997608
  vertex -0.00743180513 -0.00467693806 -0.0179997608
  endloop
 endfacet

 facet normal 0.866025686 -4.87323064e-07 0.499999493
  outer loop
  vertex 0.00569051504 -0.00249993801 0.007999897
  vertex 0.00684517622 -0.00399988797 0.00599992182
  vertex 0.00684517622 -0.00249993801 0.00599992182
  endloop
 endfacet

 facet normal 0 -1 3.53264994e-07
  outer loop
  vertex -0.0124998 -0.0044999118 0.0144997798
  vertex -0.0114998203 -0.0044999118 -0.0144997798
  vertex -0.0114998203 -0.0044999118 0.0144997798
  endloop
 endfacet

 facet normal 0 -1 3.88056009e-07
  outer loop
  vertex 0.01030921 -0.00399994804 0
  vertex 0.00973188784 -0.00399994804 -0.00299990107
  vertex 0.0114639401 -0.00399994804 0
  endloop
 endfacet

 facet normal -0.261597008 0.902546525 0.342018843
  outer loop
  vertex 0.00835448503 -0.00643491698 0.0159997903
  vertex 0.00812041666 -0.00649261381 0.0179997608
  vertex 0.00835448503 -0.00643491698 0.0179997608
  endloop
 endfacet

 facet normal -0.701461434 0.703532517 0.113991097
  outer loop
  vertex 0.00397092104 0 -0.000480651972
  vertex 0.0038843751 -0.00149994995 -0.000954337942
  vertex 0.00397092104 -0.00149994995 -0.000480651972
  endloop
 endfacet

 facet normal 0.611485779 -0.363884807 -0.702618659
  outer loop
  vertex -0.00982230902 -0.00467610313 -0.0179997608
  vertex -0.00965684559 -0.00437998679 -0.0189997498
  vertex -0.00965684559 -0.00437998679 -0.0179997608
  endloop
 endfacet

 facet normal -1 0 0
  outer loop
  vertex -0.0044999118 -0.0034999249 0.0159997903
  vertex -0.0044999118 -0.00299990107 0.0154997697
  vertex -0.0044999118 -0.0044999118 0.0144997798
  endloop
 endfacet

 facet normal 0.866025627 1.31277986e-07 0.499999642
  outer loop
  vertex 0.00973188784 -0.00399994804 0.00299996091
  vertex 0.0114639401 -0.00299996091 0
  vertex 0.00973188784 -0.00299996091 0.00299996091
  endloop
 endfacet

 facet normal 0.150899872 0.342019528 0.927497566
  outer loop
  vertex -0.000239312998 -0.00249993801 -0.00897079706
  vertex 0 0 -0.00899988413
  vertex -0.000239312998 0 -0.00897079706
  endloop
 endfacet

 facet normal 0.92073524 0.342019022 0.187802047
  outer loop
  vertex -0.000992696965 -0.00249993801 -0.00812041666
  vertex -0.000935004035 0 -0.00835448503
  vertex -0.000992695917 0 -0.00812041666
  endloop
 endfacet

 facet normal 0.677594662 0.342018872 0.651067317
  outer loop
  vertex -0.00882285833 0 -0.000568057003
  vertex -0.00866299774 -0.00249993801 -0.000748499995
  vertex -0.00866299774 0 -0.000748500985
  endloop
 endfacet

 facet normal 0.794307053 0.502094746 0.342019141
  outer loop
  vertex 0.00725138094 -0.00616300106 0.0179997608
  vertex 0.00711440993 -0.00596463587 0.0159997903
  vertex 0.00711440993 -0.00596463587 0.0179997608
  endloop
 endfacet

 facet normal -0.302856266 -0.643898308 -0.702618837
  outer loop
  vertex -0.00725418283 -0.00364416791 -0.0189997498
  vertex -0.00695127202 -0.00379687501 -0.0179997608
  vertex -0.00725418283 -0.00364416791 -0.0179997608
  endloop
 endfacet

 facet normal 0.86602515 0 0.500000417
  outer loop
  vertex -0.01030921 -0.00399988797 0.007999897
  vertex -0.00915455818 -0.00249993801 0.00599992182
  vertex -0.01030921 -0.00249993801 0.007999897
  endloop
 endfacet

 facet normal 0.938924372 0.342018783 0.0380021371
  outer loop
  vertex -0.000992695917 0 0.00812041666
  vertex -0.000992696965 -0.00249993801 0.00787931588
  vertex -0.000992695917 0 0.00787931588
  endloop
 endfacet

 facet normal 0 -1 3.49217032e-07
  outer loop
  vertex -0.0114998203 -0.00299996091 -0.0154997697
  vertex -0.0114639401 -0.00299996091 -0.007999897
  vertex -0.0114639401 -0.00299990107 0
  endloop
 endfacet

 facet normal 0.564644694 0.342018664 -0.751132131
  outer loop
  vertex 0.00753515912 0 0.000885444984
  vertex 0.00733673479 -0.00249993801 0.000748501974
  vertex 0.00733673479 0 0.000748500985
  endloop
 endfacet

 facet normal -0.707106948 -0.707106709 0
  outer loop
  vertex -0.00949984696 -0.00899982359 0.0159997903
  vertex -0.0124998 -0.00599986315 0.0189997498
  vertex -0.0124998 -0.00599986315 0.0159997903
  endloop
 endfacet

 facet normal 0.0754500628 0.342018604 -0.936659217
  outer loop
  vertex 0.007999897 -0.00249993801 0.00899988413
  vertex 0.00776058389 0 0.00897079706
  vertex 0.007999897 0 0.00899988413
  endloop
 endfacet

 facet normal 0.578423321 0.414431572 0.702618659
  outer loop
  vertex 0.00625383807 -0.00647526886 0.0179997608
  vertex 0.00644379808 -0.00675630523 0.0189997498
  vertex 0.00644379808 -0.00675630523 0.0179997608
  endloop
 endfacet

 facet normal 0 -1 3.10444989e-07
  outer loop
  vertex -0.00949984696 -0.00899988413 -0.0159997903
  vertex -0.00649988605 -0.00899988413 -0.0189997498
  vertex -0.00649988605 -0.00899988413 -0.0159997903
  endloop
 endfacet

 facet normal 0.866025448 -5.25110977e-07 0.499999881
  outer loop
  vertex -0.00230932189 -0.00399988797 0.007999897
  vertex -0.00115466095 -0.00249993801 0.00599992182
  vertex -0.00230932189 -0.00249993801 0.007999897
  endloop
 endfacet

 facet normal -0.849036396 0.342018992 -0.402691126
  outer loop
  vertex -0.00706487801 -0.00249993801 -0.0076452489
  vertex -0.00717687607 0 -0.00743180513
  vertex -0.00706487801 0 -0.0076452489
  endloop
 endfacet

 facet normal -0.283267409 -0.652752221 0.702619433
  outer loop
  vertex -0.00709944917 -0.00371408393 0.0189997498
  vertex -0.00741422083 -0.0035876031 0.0179997608
  vertex -0.00709944917 -0.00371408393 0.0179997608
  endloop
 endfacet

 facet normal -0.502095163 0.342019439 0.794306636
  outer loop
  vertex -0.00753515912 -0.00249993801 0.00711440993
  vertex -0.00733673479 0 0.00725138094
  vertex -0.00753515912 0 0.00711440993
  endloop
 endfacet

 facet normal -3.58169018e-07 -1 0
  outer loop
  vertex 0.01030921 -0.00249993801 0
  vertex 0.00899255183 -0.00249993801 0.000120535988
  vertex 0.00899255183 -0.00249993801 -0.000120534001
  endloop
 endfacet

 facet normal -0.69778043 0.139387205 0.702619195
  outer loop
  vertex 0.00993531942 -0.00600385619 0.0189997498
  vertex 0.00999265909 -0.00566953421 0.0179997608
  vertex 0.00993531942 -0.00600385619 0.0179997608
  endloop
 endfacet

 facet normal 0 0 1
  outer loop
  vertex -0.00915455818 -0.00399988797 0.00599992182
  vertex -0.00684517622 -0.00249993801 0.00599992182
  vertex -0.00915455818 -0.00249993801 0.00599992182
  endloop
 endfacet

 facet normal -0.866025329 -1.31278e-07 -0.500000298
  outer loop
  vertex 0.00626784516 -0.00299996091 -0.00299990107
  vertex 0.00453579379 -0.00399994804 0
  vertex 0.00453579379 -0.00299996091 0
  endloop
 endfacet

 facet normal -0.849035203 0.342018366 0.402694404
  outer loop
  vertex 0.00882285833 0 0.00743180513
  vertex 0.00893485546 -0.00249993801 0.0076452489
  vertex 0.00893485546 0 0.0076452489
  endloop
 endfacet

 facet normal 0 5.62110972e-06 1
  outer loop
  vertex -0.00988560915 -0.0048336382 0.0179997608
  vertex -0.00897079706 -0.00526058581 0.0179997608
  vertex -0.008885324 -0.00503516104 0.0179997608
  endloop
 endfacet

 facet normal -0.502094269 0.342018992 -0.79430753
  outer loop
  vertex 0.000663113955 0 0.0087483516
  vertex 0.000464716984 -0.00249993801 0.008885324
  vertex 0.000464716984 0 0.008885324
  endloop
 endfacet

 facet normal -0.794304609 0.502098262 0.342019528
  outer loop
  vertex 0.008885324 -0.00596463587 0.0159997903
  vertex 0.0087483516 -0.00616300106 0.0179997608
  vertex 0.008885324 -0.00596463587 0.0179997608
  endloop
 endfacet

 facet normal 0.727995217 0.342018932 0.594176769
  outer loop
  vertex -0.00082297402 -0.00249993801 -0.00856792927
  vertex -0.000663113955 0 -0.0087483516
  vertex -0.000822972972 0 -0.00856792927
  endloop
 endfacet

 facet normal 0.500063956 0.506225288 0.702618003
  outer loop
  vertex -0.00955593493 -0.00675630523 0.0179997608
  vertex -0.00932121184 -0.00700122118 0.0189997498
  vertex -0.00932121184 -0.00700122118 0.0179997608
  endloop
 endfacet

 facet normal -0.707107246 -0.707106352 2.02376981e-07
  outer loop
  vertex 0.00649988605 -0.00899982359 0.0159997903
  vertex 0.0034999249 -0.00599986315 0.0189997498
  vertex 0.0034999249 -0.00599986315 0.0159997903
  endloop
 endfacet

 facet normal -0.502094328 0.342019469 0.794307172
  outer loop
  vertex 0.000464716984 -0.00249993801 -0.008885324
  vertex 0.000663113955 0 -0.0087483516
  vertex 0.000464716984 0 -0.008885324
  endloop
 endfacet

 facet normal 0.866024971 1.31277986e-07 0.500000715
  outer loop
  vertex -0.01030921 -0.00399988797 0
  vertex -0.00915455818 -0.00249993801 -0.00199991395
  vertex -0.01030921 -0.00249993801 0
  endloop
 endfacet

 facet normal -0.402688444 0.849037647 -0.342018902
  outer loop
  vertex -0.0076452489 -0.00643491698 -0.0159997903
  vertex -0.00743180513 -0.00632285979 -0.0179997608
  vertex -0.0076452489 -0.00643491698 -0.0179997608
  endloop
 endfacet

 facet normal 1.66657992e-06 -1 9.85282213e-07
  outer loop
  vertex 0.00823920872 -0.00249993801 -0.00702893687
  vertex 0.00915455818 -0.00249993801 -0.00599986315
  vertex 0.007999897 -0.00249993801 -0.00699984981
  endloop
 endfacet

 facet normal 0.727995932 0.342019141 0.594175935
  outer loop
  vertex 0.00717687607 -0.00249993801 -0.000568057003
  vertex 0.00733673479 0 -0.000748500985
  vertex 0.00717687607 0 -0.000568057003
  endloop
 endfacet

 facet normal 0.727995396 0.342018872 -0.59417671
  outer loop
  vertex 0.00733673479 0 -0.00725138094
  vertex 0.00717687607 -0.00249993801 -0.00743180513
  vertex 0.00717687607 0 -0.00743180513
  endloop
 endfacet

 facet normal 0 -5.25110067e-07 -1
  outer loop
  vertex -0.00626784516 -0.00299996091 -0.00299990107
  vertex -0.00973188784 -0.00399988797 -0.00299990107
  vertex -0.00973188784 -0.00299990107 -0.00299990107
  endloop
 endfacet

 facet normal 0.751133382 0.564642847 -0.342019171
  outer loop
  vertex -0.008885324 -0.00596463587 -0.0179997608
  vertex -0.0087483516 -0.00616300106 -0.0159997903
  vertex -0.0087483516 -0.00616300106 -0.0179997608
  endloop
 endfacet

 facet normal 1 -2.32834026e-07 0
  outer loop
  vertex -0.0044999118 0 0.0169997793
  vertex -0.0044999118 -0.00199991395 0.0159997903
  vertex -0.0044999118 0 0.0159997903
  endloop
 endfacet

 facet normal -2.62555034e-07 -1 1.55222011e-07
  outer loop
  vertex -0.00173199095 -0.00399994804 -0.01099985
  vertex 0.00173199095 -0.00399994804 -0.01099985
  vertex -0.00115466095 -0.00399994804 -0.00999987125
  endloop
 endfacet

 facet normal 0.564644575 0.342018634 -0.751132309
  outer loop
  vertex 0.00753515912 0 -0.00711440993
  vertex 0.00733673479 -0.00249993801 -0.00725138094
  vertex 0.00733673479 0 -0.00725138094
  endloop
 endfacet

 facet normal 0 -2.49958987e-07 -1
  outer loop
  vertex 0.00915455818 -0.00249993801 0.00199997402
  vertex 0.00684517622 -0.00399994804 0.00199997402
  vertex 0.00684517622 -0.00249993801 0.00199997402
  endloop
 endfacet

 facet normal 1.19786e-06 -1 1.39369001e-06
  outer loop
  vertex 0.00115466095 -0.00249993801 0.00599992182
  vertex 0.000239311994 -0.00249993801 0.00702893687
  vertex 0 -0.00249993801 0.00699990895
  endloop
 endfacet

 facet normal -0.389507949 -0.595491707 0.702618897
  outer loop
  vertex 0.00918912794 -0.00389194395 0.0189997498
  vertex 0.00890028384 -0.00371408393 0.0179997608
  vertex 0.00918912794 -0.00389194395 0.0179997608
  endloop
 endfacet

 facet normal -0.611485779 0.363884687 0.702618837
  outer loop
  vertex 0.00965684559 -0.00661981106 0.0189997498
  vertex 0.00982230902 -0.00632369518 0.0179997608
  vertex 0.00965684559 -0.00661981106 0.0179997608
  endloop
 endfacet

 facet normal -1.66658992e-06 -1 9.85285965e-07
  outer loop
  vertex 0 -0.00249993801 -0.00699984981
  vertex 0.000239311994 -0.00249993801 -0.00702893687
  vertex 0.00115466095 -0.00249993801 -0.00599986315
  endloop
 endfacet

 facet normal 0 5.13074065e-06 1
  outer loop
  vertex -0.00649988605 -0.00899982359 0.0189997498
  vertex -0.00774586201 -0.00748366117 0.0189997498
  vertex -0.00808477402 -0.00749808503 0.0189997498
  endloop
 endfacet

 facet normal -0.0380014405 -0.938924313 -0.342019141
  outer loop
  vertex -0.00787931588 -0.00450718403 -0.0159997903
  vertex -0.00812041666 -0.00450718403 -0.0179997608
  vertex -0.00787931588 -0.00450718403 -0.0179997608
  endloop
 endfacet

 facet normal -0.150899127 0.342019469 0.927497864
  outer loop
  vertex -0.007999897 0 0.00699990895
  vertex -0.00776058389 -0.00249993801 0.00702893687
  vertex -0.00776058389 0 0.00702893687
  endloop
 endfacet

 facet normal 0.969293892 0.216971293 0.115727335
  outer loop
  vertex 0.00247990992 -0.00299328496 -0.0178597495
  vertex 0.00249993801 -0.00599992182 -0.0179997608
  vertex 0.00249993801 -0.00299996091 -0.0179997608
  endloop
 endfacet

 facet normal 0.368478954 0.342018992 0.864434123
  outer loop
  vertex 0.00753515912 -0.00249993801 -0.008885324
  vertex 0.00776058389 0 -0.00897079706
  vertex 0.00753515912 0 -0.008885324
  endloop
 endfacet

 facet normal -0.226889223 0.674423695 -0.702619433
  outer loop
  vertex 0.00874555111 -0.00735569 -0.0189997498
  vertex 0.00842124224 -0.00745499087 -0.0179997608
  vertex 0.00874555111 -0.00735569 -0.0179997608
  endloop
 endfacet

 facet normal -0.936659276 0.0754495338 0.342018992
  outer loop
  vertex -0.00699990895 -0.00549989892 0.0159997903
  vertex -0.00702893687 -0.00573921204 0.0179997608
  vertex -0.00699990895 -0.00549989892 0.0179997608
  endloop
 endfacet

 facet normal 0.86602515 -1.31277986e-07 -0.500000417
  outer loop
  vertex -0.00915455818 -0.00249993801 0.00199997402
  vertex -0.01030921 -0.00399988797 0
  vertex -0.01030921 -0.00249993801 0
  endloop
 endfacet

 facet normal 0 9.09518008e-07 -1
  outer loop
  vertex -0.00049999496 -0.00699984981 0.0179997608
  vertex -0.0044999118 -0.00699984981 0.0179997608
  vertex -0.0034999249 -0.00599986315 0.0179997608
  endloop
 endfacet

 facet normal -2.62555034e-07 -1 1.55222011e-07
  outer loop
  vertex 0.00173199095 -0.00399988797 0.01099985
  vertex -0.00173199095 -0.00399988797 0.01099985
  vertex 0.00115466095 -0.00399988797 0.00999987125
  endloop
 endfacet

 facet normal -1.83750984e-07 -0.70710367 0.707109869
  outer loop
  vertex -0.0034999249 -0.0034999249 -0.0159997903
  vertex 0.0034999249 -0.00299996091 -0.0154997697
  vertex -0.0034999249 -0.00299996091 -0.0154997697
  endloop
 endfacet

 facet normal 2.38418011e-07 1 -3.57626021e-07
  outer loop
  vertex -0.00823920872 0 0.00097092893
  vertex -0.00823920872 0 0.00702893687
  vertex -0.007999897 0 0.000999987009
  endloop
 endfacet

 facet normal -0.938924372 0.3420192 -0.0379981361
  outer loop
  vertex 0.00899255183 0 -0.00812041666
  vertex 0.00899255183 -0.00249993801 -0.00787931588
  vertex 0.00899255183 0 -0.00787931588
  endloop
 endfacet

 facet normal 0.707107186 -0.707106471 5.71668011e-07
  outer loop
  vertex 0.00949984696 -0.00899982359 0.0159997903
  vertex 0.0124998 -0.00599986315 0.0189997498
  vertex 0.00949984696 -0.00899982359 0.0189997498
  endloop
 endfacet

 facet normal 0.891385078 -0.297415227 -0.342018723
  outer loop
  vertex -0.008885324 -0.00503516104 0.0159997903
  vertex -0.00897079706 -0.00526058581 0.0179997608
  vertex -0.00897079706 -0.00526058581 0.0159997903
  endloop
 endfacet

 facet normal 0.247158781 0.667262316 -0.702619076
  outer loop
  vertex -0.00858551171 -0.00741219521 -0.0189997498
  vertex -0.00890028384 -0.00728571415 -0.0179997608
  vertex -0.00858551171 -0.00741219521 -0.0179997608
  endloop
 endfacet

 facet normal -0.677151382 -0.218614206 0.702619374
  outer loop
  vertex 0.00993531942 -0.00499594212 0.0189997498
  vertex 0.00982230902 -0.00467610313 0.0179997608
  vertex 0.00993531942 -0.00499594212 0.0179997608
  endloop
 endfacet

 facet normal 0.402691275 -0.84903574 0.34202075
  outer loop
  vertex -0.00856792927 -0.00467693806 0.0179997608
  vertex -0.00835448503 -0.00456488086 0.0159997903
  vertex -0.00835448503 -0.00456488086 0.0179997608
  endloop
 endfacet

 facet normal -0.68344599 -0.198062047 -0.702618718
  outer loop
  vertex -0.00611412479 -0.0048336382 -0.0189997498
  vertex -0.00602865219 -0.00516188098 -0.0179997608
  vertex -0.00611412479 -0.0048336382 -0.0179997608
  endloop
 endfacet

 facet normal -0.502094626 0.342019469 0.794307053
  outer loop
  vertex -0.00753515912 -0.00249993801 -0.008885324
  vertex -0.00733673479 0 -0.0087483516
  vertex -0.00753515912 0 -0.008885324
  endloop
 endfacet

 facet normal -0.455330968 0.54681015 0.702618182
  outer loop
  vertex -0.00681060506 -0.00710785296 0.0189997498
  vertex -0.00655597402 -0.00688373996 0.0179997608
  vertex -0.00681060506 -0.00710785296 0.0179997608
  endloop
 endfacet

 facet normal 0.866025448 -5.75493004e-07 -0.49999997
  outer loop
  vertex -0.00115466095 -0.00249993801 -0.00599986315
  vertex -0.00230932189 -0.00399994804 -0.0079998374
  vertex -0.00230932189 -0.00249993801 -0.007999897
  endloop
 endfacet

 facet normal 0.697780132 -0.139390215 -0.702618897
  outer loop
  vertex -0.00999265909 -0.0053302641 -0.0179997608
  vertex -0.00993531942 -0.00499594212 -0.0189997498
  vertex -0.00993531942 -0.00499594212 -0.0179997608
  endloop
 endfacet

 facet normal -0.727994859 0.342019379 0.594176888
  outer loop
  vertex 0.000663113955 0 0.00725138094
  vertex 0.000822972972 -0.00249993801 0.00743180513
  vertex 0.000822972972 0 0.00743180513
  endloop
 endfacet

 facet normal -0.751132131 0.564644694 -0.342018932
  outer loop
  vertex -0.00725138094 -0.00616300106 -0.0159997903
  vertex -0.00711440993 -0.00596463587 -0.0179997608
  vertex -0.00725138094 -0.00616300106 -0.0179997608
  endloop
 endfacet

 facet normal -0.866025567 3.93832977e-07 0.499999762
  outer loop
  vertex -0.00684517622 -0.00249993801 -0.00199991395
  vertex -0.00684517622 -0.00399988797 -0.00199991395
  vertex -0.00569051504 -0.00399988797 0
  endloop
 endfacet

 facet normal 0.398838252 -0.573806107 0.715314388
  outer loop
  vertex -0.00904846098 -0.00379687501 0.0179997608
  vertex -0.00904846098 -0.00379687501 0.0189997498
  vertex -0.00932121184 -0.00399857713 0.0189997498
  endloop
 endfacet

 facet normal -0.651066482 0.677595556 0.342018574
  outer loop
  vertex 0.00856792927 -0.00632285979 -0.0159997903
  vertex 0.0087483516 -0.00616300106 -0.0159997903
  vertex 0.0087483516 -0.00616300106 -0.0179997608
  endloop
 endfacet

 facet normal 0.866025388 -1.31278e-07 0.5
  outer loop
  vertex 0.00569051504 -0.00249993801 0
  vertex 0.00569051504 -0.00399994804 0
  vertex 0.00684517622 -0.00399994804 -0.00199991395
  endloop
 endfacet

 facet normal 0 0 -1
  outer loop
  vertex 0.00973188784 -0.00299996091 -0.01099985
  vertex 0.00973188784 -0.00399994804 -0.01099985
  vertex 0.00626784516 -0.00399994804 -0.01099985
  endloop
 endfacet

 facet normal 0.751131535 -0.564645827 0.342018336
  outer loop
  vertex -0.0087483516 -0.00483679678 -0.0179997608
  vertex -0.0087483516 -0.00483679678 -0.0159997903
  vertex -0.008885324 -0.00503516104 -0.0159997903
  endloop
 endfacet

 facet normal 0 0 1
  outer loop
  vertex -0.00973188784 -0.00399988797 0.01099985
  vertex -0.00626784516 -0.00399988797 0.01099985
  vertex -0.00626784516 -0.00299990107 0.01099985
  endloop
 endfacet

 facet normal -0.0501667149 0.6970011 0.715312958
  outer loop
  vertex 0.00791496038 -0.00749808503 0.0189997498
  vertex 0.00825387239 -0.00748366117 0.0189997498
  vertex 0.00825387239 -0.00748366117 0.0179997608
  endloop
 endfacet

 facet normal 0.567213178 -0.408160686 0.715313911
  outer loop
  vertex 0.00644379808 -0.00424349308 0.0179997608
  vertex 0.00644379808 -0.00424349308 0.0189997498
  vertex 0.00625383807 -0.00452452805 0.0189997498
  endloop
 endfacet

 facet normal -0.0754496977 -0.342018217 0.936659455
  outer loop
  vertex -0.007999897 0 -0.00899988413
  vertex -0.007999897 -0.00249993801 -0.00899988413
  vertex -0.00776058389 -0.00249993801 -0.00897079706
  endloop
 endfacet

 facet normal 0.556362331 -0.422833711 -0.715312958
  outer loop
  vertex -0.00965684559 -0.00437998679 -0.0179997608
  vertex -0.00965684559 -0.00437998679 -0.0189997498
  vertex -0.00944375899 -0.00411605788 -0.0189997498
  endloop
 endfacet

 facet normal -0.902545989 -0.342018902 0.261598498
  outer loop
  vertex 0.00893485546 0 -0.000354599993
  vertex 0.00893485546 -0.00249993801 -0.000354599004
  vertex 0.00899255183 -0.00249993801 -0.000120534001
  endloop
 endfacet

 facet normal -0.92073524 -0.342018872 -0.18780233
  outer loop
  vertex -0.00700718118 0 0.000120534998
  vertex -0.00700718118 -0.00249993801 0.000120535988
  vertex -0.00706487801 -0.00249993801 0.000354600983
  endloop
 endfacet

 facet normal -0.670787215 0.195884243 -0.715313792
  outer loop
  vertex 0.00997108221 -0.00583791686 -0.0189997498
  vertex 0.00988560915 -0.00616616011 -0.0189997498
  vertex 0.00988560915 -0.00616616011 -0.0179997608
  endloop
 endfacet

 facet normal -0.476900846 0.510777235 0.715312779
  outer loop
  vertex 0.00918912794 -0.00710785296 0.0189997498
  vertex 0.00944375899 -0.00688373996 0.0189997498
  vertex 0.00944375899 -0.00688373996 0.0179997608
  endloop
 endfacet

 facet normal -0.902545691 -0.34201929 0.261598766
  outer loop
  vertex 0.00893485546 0 0.0076452489
  vertex 0.00893485546 -0.00249993801 0.0076452489
  vertex 0.00899255183 -0.00249993801 0.00787931588
  endloop
 endfacet

 facet normal -0.368479043 0.342019588 0.864433765
  outer loop
  vertex 0.00846457388 -0.00249993801 -0.000885443937
  vertex 0.00846457388 0 -0.000885444984
  vertex 0.00823920872 0 -0.00097092893
  endloop
 endfacet

 facet normal 0.50209403 -0.342018574 0.794307828
  outer loop
  vertex 0.00733673479 -0.00249993801 -0.0087483516
  vertex 0.00753515912 -0.00249993801 -0.008885324
  vertex 0.00753515912 0 -0.008885324
  endloop
 endfacet

 facet normal 1.60781013e-07 0.707107484 0.707106113
  outer loop
  vertex -0.0124998 -0.00199991395 0.0189997498
  vertex -0.0044999118 -0.00199991395 0.0189997498
  vertex -0.0044999118 0 0.0169997793
  endloop
 endfacet

 facet normal 0.938924193 -0.34201929 0.0380020514
  outer loop
  vertex 0.00700718118 -0.00249993801 -0.00787931588
  vertex 0.00700718118 -0.00249993801 -0.00812041666
  vertex 0.00700718118 0 -0.00812041666
  endloop
 endfacet

 facet normal -0.279498756 0.640474439 0.715313256
  outer loop
  vertex 0.00858551171 -0.00741219521 0.0189997498
  vertex 0.00890028384 -0.00728571415 0.0189997498
  vertex 0.00890028384 -0.00728571415 0.0179997608
  endloop
 endfacet

 facet normal -0.864432514 0.368482828 -0.342018843
  outer loop
  vertex 0.00897079706 -0.00573921204 0.0159997903
  vertex 0.008885324 -0.00596463587 0.0159997903
  vertex 0.008885324 -0.00596463587 0.0179997608
  endloop
 endfacet

 facet normal 0.902546585 -0.342019081 0.261596322
  outer loop
  vertex 0.00700718118 -0.00249993801 -0.000120534001
  vertex 0.00706487801 -0.00249993801 -0.000354599004
  vertex 0.00706487801 0 -0.000354599993
  endloop
 endfacet

 facet normal -0.751132011 -0.564644456 0.342019379
  outer loop
  vertex 0.008885324 -0.00503516104 -0.0159997903
  vertex 0.0087483516 -0.00483679678 -0.0159997903
  vertex 0.0087483516 -0.00483679678 -0.0179997608
  endloop
 endfacet

 facet normal -0.849035323 -0.342018723 0.402693719
  outer loop
  vertex 0.00882285833 -0.00249993801 -0.000568057003
  vertex 0.00893485546 -0.00249993801 -0.000354599004
  vertex 0.00893485546 0 -0.000354599993
  endloop
 endfacet

 facet normal 0.15090014 -0.342019469 -0.927497625
  outer loop
  vertex 0 -0.00249993801 0.00899988413
  vertex -0.000239312998 -0.00249993801 0.00897079706
  vertex -0.000239312998 0 0.00897079706
  endloop
 endfacet

 facet normal -0.727995396 -0.342018604 0.59417659
  outer loop
  vertex -0.00733673479 -0.00249993801 -0.0087483516
  vertex -0.00717687607 -0.00249993801 -0.00856792927
  vertex -0.00717687607 0 -0.00856792927
  endloop
 endfacet

 facet normal 0.72799474 -0.34201932 -0.594177127
  outer loop
  vertex -0.00866299774 -0.00249993801 0.000748501974
  vertex -0.00882285833 -0.00249993801 0.000568057992
  vertex -0.00882285833 0 0.000568057003
  endloop
 endfacet

 facet normal -0.075450398 -0.342018247 0.936659336
  outer loop
  vertex 0.007999897 0 -0.00899988413
  vertex 0.007999897 -0.00249993801 -0.00899988413
  vertex 0.00823920872 -0.00249993801 -0.00897079706
  endloop
 endfacet

 facet normal 0.368478984 -0.342018485 0.864434242
  outer loop
  vertex 0.00753515912 0 -0.000885444984
  vertex 0.00753515912 -0.00249993801 -0.000885443937
  vertex 0.00776058389 -0.00249993801 -0.000970927998
  endloop
 endfacet

 facet normal -0.677595198 -0.342019022 -0.651066542
  outer loop
  vertex 0.000822972972 -0.00249993801 -0.00743180513
  vertex 0.000663113955 -0.00249993801 -0.00725138094
  vertex 0.000663113955 0 -0.00725138094
  endloop
 endfacet

 facet normal -0.701067626 0.712553144 -0.0277861524
  outer loop
  vertex 0.00397092104 0 0.000480651972
  vertex 0.00399994804 0 0
  vertex 0.00399994804 -0.00149994995 0
  endloop
 endfacet

 facet normal 0.490075141 -0.49814871 0.71531415
  outer loop
  vertex 0.00667852117 -0.00399857713 0.0179997608
  vertex 0.00667852117 -0.00399857713 0.0189997498
  vertex 0.00644379808 -0.00424349308 0.0189997498
  endloop
 endfacet

 facet normal 1.80878999e-07 0.707106829 -0.707106769
  outer loop
  vertex -0.0124998 -0.00199997402 -0.0189997498
  vertex -0.0124998 0 -0.0169997793
  vertex -0.0044999118 0 -0.0169997793
  endloop
 endfacet

 facet normal 0.866025388 -1.05022013e-06 -0.5
  outer loop
  vertex 0.0114639401 -0.00299996091 0.007999897
  vertex 0.0114639401 -0.00399994804 0.007999897
  vertex 0.00973188784 -0.00399994804 0.00499993516
  endloop
 endfacet

 facet normal 0.50209415 -0.342018932 0.794307649
  outer loop
  vertex 0.00733673479 -0.00249993801 0.00725138094
  vertex 0.00753515912 -0.00249993801 0.00711440993
  vertex 0.00753515912 0 0.00711440993
  endloop
 endfacet

 facet normal 0.599784672 0.358586162 -0.71531409
  outer loop
  vertex 0.00634288695 -0.0066198702 -0.0179997608
  vertex 0.00634288695 -0.0066198702 -0.0189997498
  vertex 0.00617742492 -0.00632369518 -0.0189997498
  endloop
 endfacet

 facet normal -0.368479162 -0.342019022 -0.864433944
  outer loop
  vertex -0.00753515912 0 0.008885324
  vertex -0.00753515912 -0.00249993801 0.008885324
  vertex -0.00776058389 -0.00249993801 0.00897079706
  endloop
 endfacet

 facet normal 0.691925526 -0.0978019685 -0.715313792
  outer loop
  vertex 0.00600707484 -0.00533032417 -0.0179997608
  vertex 0.00600707484 -0.00533032417 -0.0189997498
  vertex 0.00606441405 -0.00499594212 -0.0189997498
  endloop
 endfacet

 facet normal 0.502093613 -0.342019737 -0.79430753
  outer loop
  vertex 0.00753515912 0 0.008885324
  vertex 0.00753515912 -0.00249993801 0.008885324
  vertex 0.00733673479 -0.00249993801 0.0087483516
  endloop
 endfacet

 facet normal -0.794307411 -0.502094567 -0.342018813
  outer loop
  vertex -0.00725138094 -0.00483679678 0.0159997903
  vertex -0.00711440993 -0.00503516104 0.0159997903
  vertex -0.00711440993 -0.00503516104 0.0179997608
  endloop
 endfacet

 facet normal -0.0754494146 -0.342019409 -0.936659038
  outer loop
  vertex 0.00823920872 -0.00249993801 -0.00702893687
  vertex 0.007999897 -0.00249993801 -0.00699984981
  vertex 0.007999897 0 -0.00699990895
  endloop
 endfacet

 facet normal -0.615854144 0.703533351 0.354632914
  outer loop
  vertex 0.00329613592 -0.00149994995 -0.00226604892
  vertex 0.00354450895 -0.00149994995 -0.00185352506
  vertex 0.00354450895 0 -0.00185352506
  endloop
 endfacet

 facet normal 0.184897169 0.673898757 0.715313613
  outer loop
  vertex -0.00874555111 -0.00735562993 0.0189997498
  vertex -0.00842124224 -0.00745499087 0.0189997498
  vertex -0.00842124224 -0.00745499087 0.0179997608
  endloop
 endfacet

 facet normal 0 -1 1.06228003e-06
  outer loop
  vertex -0.00700718118 -0.00249993801 -0.00812041666
  vertex -0.00706487801 -0.00249993801 -0.00835448503
  vertex -0.00569051504 -0.00249993801 -0.007999897
  endloop
 endfacet

 facet normal 0 -1 3.65424029e-07
  outer loop
  vertex -0.00569051504 -0.00249993801 -0.007999897
  vertex -0.00684517622 -0.00249993801 -0.00599986315
  vertex -0.00717687607 -0.00249993801 -0.00743180513
  endloop
 endfacet

 facet normal -1.96916005e-07 -1 2.32834026e-07
  outer loop
  vertex -0.00684517622 -0.00249993801 -0.00599986315
  vertex -0.00915455818 -0.00249993801 -0.00599986315
  vertex -0.007999897 -0.00249993801 -0.00699984981
  endloop
 endfacet

 facet normal -1.46597017e-06 -1 1.69182997e-07
  outer loop
  vertex -0.00753515912 -0.00249993801 -0.00711440993
  vertex -0.00684517622 -0.00249993801 -0.00599986315
  vertex -0.00776058389 -0.00249993801 -0.00702893687
  endloop
 endfacet

 facet normal -1.96280013e-07 -1 2.98752013e-07
  outer loop
  vertex -0.00915455818 -0.00249993801 -0.00599986315
  vertex -0.01030921 -0.00249993801 -0.007999897
  vertex -0.00882285833 -0.00249993801 -0.00743180513
  endloop
 endfacet

 facet normal -1.96280013e-07 -1 3.65423006e-07
  outer loop
  vertex -0.01030921 -0.00249993801 -0.007999897
  vertex -0.00915455818 -0.00249993801 -0.00999987125
  vertex -0.00882285833 -0.00249993801 -0.00856792927
  endloop
 endfacet

 facet normal -3.58168052e-07 -1 0
  outer loop
  vertex -0.00899255183 -0.00249993801 -0.00787931588
  vertex -0.01030921 -0.00249993801 -0.007999897
  vertex -0.00899255183 -0.00249993801 -0.00812041666
  endloop
 endfacet

 facet normal -5.90560035e-07 -1 2.5779201e-07
  outer loop
  vertex -0.00684517622 -0.00249993801 -0.00999987125
  vertex -0.00717687607 -0.00249993801 -0.00856792927
  vertex -0.00733673479 -0.00249993801 -0.0087483516
  endloop
 endfacet

 facet normal -2.16131002e-06 -1 0
  outer loop
  vertex -0.00684517622 -0.00249993801 -0.00999987125
  vertex -0.00733673479 -0.00249993801 -0.0087483516
  vertex -0.00753515912 -0.00249993801 -0.008885324
  endloop
 endfacet

 facet normal -3.58168052e-07 -1 0
  outer loop
  vertex -0.00700718118 -0.00249993801 -0.00787931588
  vertex -0.00700718118 -0.00249993801 -0.00812041666
  vertex -0.00569051504 -0.00249993801 -0.007999897
  endloop
 endfacet

 facet normal -3.77404007e-07 -1 9.73098167e-07
  outer loop
  vertex -0.00706487801 -0.00249993801 -0.0076452489
  vertex -0.00700718118 -0.00249993801 -0.00787931588
  vertex -0.00569051504 -0.00249993801 -0.007999897
  endloop
 endfacet

 facet normal -1.96916005e-07 -1 2.32833003e-07
  outer loop
  vertex -0.00915455818 -0.00249993801 -0.00999987125
  vertex -0.00684517622 -0.00249993801 -0.00999987125
  vertex -0.007999897 -0.00249993801 -0.00899988413
  endloop
 endfacet

 facet normal 6.41364011e-07 -1 5.07549998e-07
  outer loop
  vertex -0.00684517622 -0.00249993801 -0.00999987125
  vertex -0.00753515912 -0.00249993801 -0.008885324
  vertex -0.00776058389 -0.00249993801 -0.00897079706
  endloop
 endfacet

 facet normal 5.20805997e-07 -1 1.39369001e-06
  outer loop
  vertex -0.00684517622 -0.00249993801 -0.00999987125
  vertex -0.00776058389 -0.00249993801 -0.00897079706
  vertex -0.007999897 -0.00249993801 -0.00899988413
  endloop
 endfacet

 facet normal -4.48218032e-07 -1 -2.05677026e-07
  outer loop
  vertex -0.00717687607 -0.00249993801 -0.00743180513
  vertex -0.00706487801 -0.00249993801 -0.0076452489
  vertex -0.00569051504 -0.00249993801 -0.007999897
  endloop
 endfacet

 facet normal 0 -1 2.5779201e-07
  outer loop
  vertex -0.00733673479 -0.00249993801 -0.00725138094
  vertex -0.00717687607 -0.00249993801 -0.00743180513
  vertex -0.00684517622 -0.00249993801 -0.00599986315
  endloop
 endfacet

 facet normal 1.14576994e-06 -1 9.85276074e-07
  outer loop
  vertex -0.00915455818 -0.00249993801 -0.00999987125
  vertex -0.007999897 -0.00249993801 -0.00899988413
  vertex -0.00823920872 -0.00249993801 -0.00897079706
  endloop
 endfacet

 facet normal -1.44087005e-06 -1 6.55370002e-07
  outer loop
  vertex -0.00753515912 -0.00249993801 -0.00711440993
  vertex -0.00733673479 -0.00249993801 -0.00725138094
  vertex -0.00684517622 -0.00249993801 -0.00599986315
  endloop
 endfacet

 facet normal 0 -1 9.85284032e-07
  outer loop
  vertex -0.00776058389 -0.00249993801 -0.00702893687
  vertex -0.00684517622 -0.00249993801 -0.00599986315
  vertex -0.007999897 -0.00249993801 -0.00699984981
  endloop
 endfacet

 facet normal -6.41363044e-07 -1 1.69185e-07
  outer loop
  vertex -0.00915455818 -0.00249993801 -0.00999987125
  vertex -0.00823920872 -0.00249993801 -0.00897079706
  vertex -0.00846457388 -0.00249993801 -0.008885324
  endloop
 endfacet

 facet normal -1.80108998e-06 -1 6.55370002e-07
  outer loop
  vertex -0.00915455818 -0.00249993801 -0.00999987125
  vertex -0.00846457388 -0.00249993801 -0.008885324
  vertex -0.00866299774 -0.00249993801 -0.0087483516
  endloop
 endfacet

 facet normal 1.18112007e-06 -1 2.57789992e-07
  outer loop
  vertex -0.00915455818 -0.00249993801 -0.00999987125
  vertex -0.00866299774 -0.00249993801 -0.0087483516
  vertex -0.00882285833 -0.00249993801 -0.00856792927
  endloop
 endfacet

 facet normal -8.9644908e-07 -1 -2.05679996e-07
  outer loop
  vertex -0.00882285833 -0.00249993801 -0.00856792927
  vertex -0.00893485546 -0.00249993801 -0.00835448503
  vertex -0.01030921 -0.00249993801 -0.007999897
  endloop
 endfacet

 facet normal 1.66657992e-06 -1 1.39369001e-06
  outer loop
  vertex -0.00823920872 -0.00249993801 -0.00702893687
  vertex -0.007999897 -0.00249993801 -0.00699984981
  vertex -0.00915455818 -0.00249993801 -0.00599986315
  endloop
 endfacet

 facet normal 1.46597017e-06 -1 5.07552045e-07
  outer loop
  vertex -0.00846457388 -0.00249993801 -0.00711440993
  vertex -0.00823920872 -0.00249993801 -0.00702893687
  vertex -0.00915455818 -0.00249993801 -0.00599986315
  endloop
 endfacet

 facet normal 0 -1 9.73096007e-07
  outer loop
  vertex -0.00893485546 -0.00249993801 -0.00835448503
  vertex -0.00899255183 -0.00249993801 -0.00812041666
  vertex -0.01030921 -0.00249993801 -0.007999897
  endloop
 endfacet

 facet normal -2.8817401e-06 -1 0
  outer loop
  vertex -0.00866299774 -0.00249993801 -0.00725138094
  vertex -0.00846457388 -0.00249993801 -0.00711440993
  vertex -0.00915455818 -0.00249993801 -0.00599986315
  endloop
 endfacet

 facet normal 0 -1 2.57790987e-07
  outer loop
  vertex -0.00882285833 -0.00249993801 -0.00743180513
  vertex -0.00866299774 -0.00249993801 -0.00725138094
  vertex -0.00915455818 -0.00249993801 -0.00599986315
  endloop
 endfacet

 facet normal 0 -1 1.06228003e-06
  outer loop
  vertex -0.01030921 -0.00249993801 -0.007999897
  vertex -0.00899255183 -0.00249993801 -0.00787931588
  vertex -0.00893485546 -0.00249993801 -0.0076452489
  endloop
 endfacet

 facet normal -0.564646006 -0.342018515 0.751131237
  outer loop
  vertex 0.00846457388 -0.00249993801 -0.000885443937
  vertex 0.00866299774 -0.00249993801 -0.000748499995
  vertex 0.00866299774 0 -0.000748500985
  endloop
 endfacet

 facet normal 0.150900409 -0.342019439 -0.927497506
  outer loop
  vertex 0 -0.00249993801 -0.00699984981
  vertex -0.000239312998 -0.00249993801 -0.00702893687
  vertex -0.000239312998 0 -0.00702893687
  endloop
 endfacet

 facet normal -0.398838043 0.573806226 -0.715314388
  outer loop
  vertex 0.00932121184 -0.00700122118 -0.0189997498
  vertex 0.00904846098 -0.00720292283 -0.0189997498
  vertex 0.00904846098 -0.00720292283 -0.0179997608
  endloop
 endfacet

 facet normal -0.677594841 -0.342018574 -0.651067197
  outer loop
  vertex 0.00882285833 -0.00249993801 -0.00743180513
  vertex 0.00866299774 -0.00249993801 -0.00725138094
  vertex 0.00866299774 0 -0.00725138094
  endloop
 endfacet

 facet normal -0.469988942 -0.813715994 -0.342018455
  outer loop
  vertex 0.00835448503 -0.00456488086 0.0159997903
  vertex 0.00856792927 -0.00467693806 0.0159997903
  vertex 0.00856792927 -0.00467693806 0.0179997608
  endloop
 endfacet

 facet normal 0 0 1
  outer loop
  vertex -0.00812041666 -0.00649261381 -0.0159997903
  vertex -0.00949984696 -0.00899988413 -0.0159997903
  vertex -0.00787931588 -0.00649261381 -0.0159997903
  endloop
 endfacet

 facet normal 0 -4.83665985e-07 1
  outer loop
  vertex -0.00949984696 -0.00899988413 -0.0159997903
  vertex -0.00649988605 -0.00899988413 -0.0159997903
  vertex -0.00787931588 -0.00649261381 -0.0159997903
  endloop
 endfacet

 facet normal 0 2.42537999e-06 1
  outer loop
  vertex -0.00649988605 -0.00899988413 -0.0159997903
  vertex -0.0034999249 -0.00599992182 -0.0159997903
  vertex -0.0044999118 -0.00599992182 -0.0159997903
  endloop
 endfacet

 facet normal 0 1.15081002e-06 1
  outer loop
  vertex -0.0044999118 -0.00599992182 -0.0159997903
  vertex -0.0044999118 -0.0034999249 -0.0159997903
  vertex -0.00702893687 -0.00526058581 -0.0159997903
  endloop
 endfacet

 facet normal 0 -8.20425976e-06 1
  outer loop
  vertex -0.0044999118 -0.0034999249 -0.0159997903
  vertex -0.00711440993 -0.00503516104 -0.0159997903
  vertex -0.00702893687 -0.00526058581 -0.0159997903
  endloop
 endfacet

 facet normal -1.61242014e-07 5.45877992e-06 1
  outer loop
  vertex -0.0076452489 -0.00643491698 -0.0159997903
  vertex -0.00787931588 -0.00649261381 -0.0159997903
  vertex -0.00649988605 -0.00899988413 -0.0159997903
  endloop
 endfacet

 facet normal 0 0 1
  outer loop
  vertex -0.00649988605 -0.00899988413 -0.0159997903
  vertex -0.0044999118 -0.00599992182 -0.0159997903
  vertex -0.00725138094 -0.00616300106 -0.0159997903
  endloop
 endfacet

 facet normal 0 -7.30329975e-06 1
  outer loop
  vertex -0.0044999118 -0.00599992182 -0.0159997903
  vertex -0.00702893687 -0.00526058581 -0.0159997903
  vertex -0.00699990895 -0.00549989892 -0.0159997903
  endloop
 endfacet

 facet normal 0 6.95697963e-06 1
  outer loop
  vertex -0.0044999118 -0.00599992182 -0.0159997903
  vertex -0.00699990895 -0.00549989892 -0.0159997903
  vertex -0.00702893687 -0.00573921204 -0.0159997903
  endloop
 endfacet

 facet normal -3.08767028e-07 0 1
  outer loop
  vertex -0.00743180513 -0.00632285979 -0.0159997903
  vertex -0.0076452489 -0.00643491698 -0.0159997903
  vertex -0.00649988605 -0.00899988413 -0.0159997903
  endloop
 endfacet

 facet normal -4.7112502e-07 0 1
  outer loop
  vertex -0.00725138094 -0.00616300106 -0.0159997903
  vertex -0.00743180513 -0.00632285979 -0.0159997903
  vertex -0.00649988605 -0.00899988413 -0.0159997903
  endloop
 endfacet

 facet normal 0 -2.30315027e-06 1
  outer loop
  vertex -0.0044999118 -0.00599992182 -0.0159997903
  vertex -0.00702893687 -0.00573921204 -0.0159997903
  vertex -0.00711440993 -0.00596463587 -0.0159997903
  endloop
 endfacet

 facet normal 0 -1 2.5779201e-07
  outer loop
  vertex 0.00733673479 -0.00249993801 0.00725138094
  vertex 0.00717687607 -0.00249993801 0.00743180513
  vertex 0.00684517622 -0.00249993801 0.00599992182
  endloop
 endfacet

 facet normal -1.96916005e-07 -1 2.32834026e-07
  outer loop
  vertex 0.00684517622 -0.00249993801 0.00599992182
  vertex 0.00915455818 -0.00249993801 0.00599992182
  vertex 0.007999897 -0.00249993801 0.00699990895
  endloop
 endfacet

 facet normal 0 -1 2.98752013e-07
  outer loop
  vertex 0.00915455818 -0.00249993801 0.00599992182
  vertex 0.01030921 -0.00249993801 0.007999897
  vertex 0.00882285833 -0.00249993801 0.00743180513
  endloop
 endfacet

 facet normal -2.8817401e-06 -1 0
  outer loop
  vertex 0.00846457388 -0.00249993801 0.00711440993
  vertex 0.00915455818 -0.00249993801 0.00599992182
  vertex 0.00866299774 -0.00249993801 0.00725138094
  endloop
 endfacet

 facet normal -1.96280013e-07 -1 3.65423006e-07
  outer loop
  vertex 0.01030921 -0.00249993801 0.007999897
  vertex 0.00915455818 -0.00249993801 0.00999987125
  vertex 0.00882285833 -0.00249993801 0.00856792927
  endloop
 endfacet

 facet normal -1.96916005e-07 -1 2.32834026e-07
  outer loop
  vertex 0.00915455818 -0.00249993801 0.00999987125
  vertex 0.00684517622 -0.00249993801 0.00999987125
  vertex 0.007999897 -0.00249993801 0.00899988413
  endloop
 endfacet

 facet normal 1.46597017e-06 -1 1.69184005e-07
  outer loop
  vertex 0.00846457388 -0.00249993801 0.008885324
  vertex 0.00915455818 -0.00249993801 0.00999987125
  vertex 0.00823920872 -0.00249993801 0.00897079706
  endloop
 endfacet

 facet normal -3.77405001e-07 -1 9.73099986e-07
  outer loop
  vertex 0.00569051504 -0.00249993801 0.007999897
  vertex 0.00706487801 -0.00249993801 0.0076452489
  vertex 0.00700718118 -0.00249993801 0.00787931588
  endloop
 endfacet

 facet normal -3.58166005e-07 -1 0
  outer loop
  vertex 0.00569051504 -0.00249993801 0.007999897
  vertex 0.00700718118 -0.00249993801 0.00787931588
  vertex 0.00700718118 -0.00249993801 0.00812041666
  endloop
 endfacet

 facet normal -1.44087005e-06 -1 6.55370002e-07
  outer loop
  vertex 0.00753515912 -0.00249993801 0.00711440993
  vertex 0.00733673479 -0.00249993801 0.00725138094
  vertex 0.00684517622 -0.00249993801 0.00599992182
  endloop
 endfacet

 facet normal 0 -1 1.69182997e-07
  outer loop
  vertex 0.00776058389 -0.00249993801 0.00702893687
  vertex 0.00753515912 -0.00249993801 0.00711440993
  vertex 0.00684517622 -0.00249993801 0.00599992182
  endloop
 endfacet

 facet normal 0 -1 2.98752013e-07
  outer loop
  vertex 0.00684517622 -0.00249993801 0.00999987125
  vertex 0.00569051504 -0.00249993801 0.007999897
  vertex 0.00717687607 -0.00249993801 0.00856792927
  endloop
 endfacet

 facet normal 0 -1 1.06228003e-06
  outer loop
  vertex 0.00569051504 -0.00249993801 0.007999897
  vertex 0.00700718118 -0.00249993801 0.00812041666
  vertex 0.00706487801 -0.00249993801 0.00835448503
  endloop
 endfacet

 facet normal 0 -1 0
  outer loop
  vertex 0.00569051504 -0.00249993801 0.007999897
  vertex 0.00706487801 -0.00249993801 0.00835448503
  vertex 0.00717687607 -0.00249993801 0.00856792927
  endloop
 endfacet

 facet normal 0 -1 9.85285055e-07
  outer loop
  vertex 0.007999897 -0.00249993801 0.00699990895
  vertex 0.00776058389 -0.00249993801 0.00702893687
  vertex 0.00684517622 -0.00249993801 0.00599992182
  endloop
 endfacet

 facet normal 1.66658992e-06 -1 1.39369001e-06
  outer loop
  vertex 0.00823920872 -0.00249993801 0.00702893687
  vertex 0.007999897 -0.00249993801 0.00699990895
  vertex 0.00915455818 -0.00249993801 0.00599992182
  endloop
 endfacet

 facet normal -5.90560035e-07 -1 2.5779201e-07
  outer loop
  vertex 0.00684517622 -0.00249993801 0.00999987125
  vertex 0.00717687607 -0.00249993801 0.00856792927
  vertex 0.00733673479 -0.00249993801 0.0087483516
  endloop
 endfacet

 facet normal 0 -1 5.07552045e-07
  outer loop
  vertex 0.00846457388 -0.00249993801 0.00711440993
  vertex 0.00823920872 -0.00249993801 0.00702893687
  vertex 0.00915455818 -0.00249993801 0.00599992182
  endloop
 endfacet

 facet normal 0 -1 2.57790987e-07
  outer loop
  vertex 0.00866299774 -0.00249993801 0.00725138094
  vertex 0.00915455818 -0.00249993801 0.00599992182
  vertex 0.00882285833 -0.00249993801 0.00743180513
  endloop
 endfacet

 facet normal -1.26076009e-06 -1 0
  outer loop
  vertex 0.00684517622 -0.00249993801 0.00999987125
  vertex 0.00733673479 -0.00249993801 0.0087483516
  vertex 0.00753515912 -0.00249993801 0.008885324
  endloop
 endfacet

 facet normal -8.24613039e-07 -1 5.07551022e-07
  outer loop
  vertex 0.00684517622 -0.00249993801 0.00999987125
  vertex 0.00753515912 -0.00249993801 0.008885324
  vertex 0.00776058389 -0.00249993801 0.00897079706
  endloop
 endfacet

 facet normal 1.77073014e-06 -1 1.39368001e-06
  outer loop
  vertex 0.00684517622 -0.00249993801 0.00999987125
  vertex 0.00776058389 -0.00249993801 0.00897079706
  vertex 0.007999897 -0.00249993801 0.00899988413
  endloop
 endfacet

 facet normal 0 -1 9.8527903e-07
  outer loop
  vertex 0.007999897 -0.00249993801 0.00899988413
  vertex 0.00823920872 -0.00249993801 0.00897079706
  vertex 0.00915455818 -0.00249993801 0.00999987125
  endloop
 endfacet

 facet normal 0 -1 0
  outer loop
  vertex 0.00893485546 -0.00249993801 0.0076452489
  vertex 0.00882285833 -0.00249993801 0.00743180513
  vertex 0.01030921 -0.00249993801 0.007999897
  endloop
 endfacet

 facet normal 3.77404007e-07 -1 1.06228003e-06
  outer loop
  vertex 0.00899255183 -0.00249993801 0.00787931588
  vertex 0.00893485546 -0.00249993801 0.0076452489
  vertex 0.01030921 -0.00249993801 0.007999897
  endloop
 endfacet

 facet normal -2.70165015e-06 -1 6.55371082e-07
  outer loop
  vertex 0.00915455818 -0.00249993801 0.00999987125
  vertex 0.00846457388 -0.00249993801 0.008885324
  vertex 0.00866299774 -0.00249993801 0.0087483516
  endloop
 endfacet

 facet normal -3.58168052e-07 -1 0
  outer loop
  vertex 0.00899255183 -0.00249993801 0.00812041666
  vertex 0.00899255183 -0.00249993801 0.00787931588
  vertex 0.01030921 -0.00249993801 0.007999897
  endloop
 endfacet

 facet normal 0 -1 9.73089982e-07
  outer loop
  vertex 0.00893485546 -0.00249993801 0.00835448503
  vertex 0.00899255183 -0.00249993801 0.00812041666
  vertex 0.01030921 -0.00249993801 0.007999897
  endloop
 endfacet

 facet normal 1.18112007e-06 -1 2.57789992e-07
  outer loop
  vertex 0.00915455818 -0.00249993801 0.00999987125
  vertex 0.00866299774 -0.00249993801 0.0087483516
  vertex 0.00882285833 -0.00249993801 0.00856792927
  endloop
 endfacet

 facet normal -0.866025448 -1.59618011e-07 -0.49999997
  outer loop
  vertex 0.00230932189 -0.00399994804 -0.0079998374
  vertex 0.00115466095 -0.00399994804 -0.00599986315
  vertex 0.00115466095 -0.00249993801 -0.00599986315
  endloop
 endfacet

 facet normal -0.765937507 0.543994069 -0.342651635
  outer loop
  vertex 0.00329613592 0 0.00226604892
  vertex 0.00329613592 -0.00149994995 0.00226604892
  vertex 0.00299996091 -0.00149994995 0.0026456709
  endloop
 endfacet

 facet normal 0.00912394188 -0.698744476 -0.715313256
  outer loop
  vertex -0.00825393107 -0.0035161369 -0.0189997498
  vertex -0.00791496038 -0.00350171304 -0.0189997498
  vertex -0.00791496038 -0.00350171304 -0.0179997608
  endloop
 endfacet

 facet normal -0.398837984 0.573806643 -0.71531409
  outer loop
  vertex -0.00667852117 -0.00700122118 -0.0189997498
  vertex -0.00695127202 -0.00720292283 -0.0189997498
  vertex -0.00695127202 -0.00720292283 -0.0179997608
  endloop
 endfacet

 facet normal 0.936659276 0.0754508376 0.342018753
  outer loop
  vertex 0.00699984981 -0.00549989892 -0.0179997608
  vertex 0.00699984981 -0.00549989892 -0.0159997903
  vertex 0.00702893687 -0.00573921204 -0.0159997903
  endloop
 endfacet

 facet normal -1.83750018e-07 -0.707108378 -0.707105279
  outer loop
  vertex 0.0044999118 -0.0034999249 0.0159997903
  vertex 0.0044999118 -0.00299990107 0.0154997697
  vertex 0.0114998203 -0.00299990107 0.0154997697
  endloop
 endfacet

 facet normal -0.0683487505 0.695452571 -0.71531409
  outer loop
  vertex -0.00757849216 -0.00745499087 -0.0189997498
  vertex -0.00791496038 -0.00749808503 -0.0189997498
  vertex -0.00791496038 -0.00749808503 -0.0179997608
  endloop
 endfacet

 facet normal -0.813714087 -0.342018604 -0.46999225
  outer loop
  vertex 0.00893485546 -0.00249993801 -0.0076452489
  vertex 0.00882285833 -0.00249993801 -0.00743180513
  vertex 0.00882285833 0 -0.00743180513
  endloop
 endfacet

 facet normal -0.383719206 0.584026456 0.715313077
  outer loop
  vertex 0.00890028384 -0.00728571415 0.0189997498
  vertex 0.00918912794 -0.00710785296 0.0189997498
  vertex 0.00918912794 -0.00710785296 0.0179997608
  endloop
 endfacet

 facet normal 0.599784076 0.358589053 -0.715313196
  outer loop
  vertex -0.00965684559 -0.00661981106 -0.0179997608
  vertex -0.00965684559 -0.00661981106 -0.0189997498
  vertex -0.00982230902 -0.00632369518 -0.0189997498
  endloop
 endfacet

 facet normal -0.694243014 0.0797026679 -0.715313911
  outer loop
  vertex 0.00999987125 -0.00549989892 -0.0189997498
  vertex 0.00997108221 -0.00583791686 -0.0189997498
  vertex 0.00997108221 -0.00583791686 -0.0179997608
  endloop
 endfacet

 facet normal -0.224177018 -0.66187042 -0.715312719
  outer loop
  vertex -0.00757849216 -0.00354480697 -0.0189997498
  vertex -0.00725418283 -0.00364416791 -0.0189997498
  vertex -0.00725418283 -0.00364416791 -0.0179997608
  endloop
 endfacet

 facet normal -0.109095633 -0.69023639 -0.715312362
  outer loop
  vertex -0.00791496038 -0.00350171304 -0.0189997498
  vertex -0.00757849216 -0.00354480697 -0.0189997498
  vertex -0.00757849216 -0.00354480697 -0.0179997608
  endloop
 endfacet

 facet normal -0.518500149 -0.468491375 -0.715313554
  outer loop
  vertex 0.00932121184 -0.00399857713 -0.0189997498
  vertex 0.00955593493 -0.00424349308 -0.0189997498
  vertex 0.00955593493 -0.00424349308 -0.0179997608
  endloop
 endfacet

 facet normal 0.348739862 0.605562747 -0.71531415
  outer loop
  vertex -0.00890028384 -0.00728571415 -0.0179997608
  vertex -0.00890028384 -0.00728571415 -0.0189997498
  vertex -0.00918912794 -0.00710785296 -0.0189997498
  endloop
 endfacet

 facet normal 0.727995634 -0.342019051 0.594176233
  outer loop
  vertex 0.00717687607 0 0.00743180513
  vertex 0.00717687607 -0.00249993801 0.00743180513
  vertex 0.00733673479 -0.00249993801 0.00725138094
  endloop
 endfacet

 facet normal -3.0317301e-07 -1 1.55222011e-07
  outer loop
  vertex 0.00299990107 -0.0044999118 -0.00499987602
  vertex -0.00299996091 -0.0044999118 -0.00499987602
  vertex -0.0034999249 -0.0044999118 -0.00599986315
  endloop
 endfacet

 facet normal 0 -1 3.83491027e-07
  outer loop
  vertex 0.0034999249 -0.0044999118 -0.00599986315
  vertex 0.0034999249 -0.0044999118 -0.0144997798
  vertex 0.0044999118 -0.0044999118 -0.0144997798
  endloop
 endfacet

 facet normal -2.59862986e-07 -1 -1.33048019e-07
  outer loop
  vertex 0.00299990107 -0.0044999118 -0.00499987602
  vertex -0.0034999249 -0.0044999118 -0.00599986315
  vertex 0.0034999249 -0.0044999118 -0.00599986315
  endloop
 endfacet

 facet normal 0 -1 3.83491027e-07
  outer loop
  vertex 0.0044999118 -0.0044999118 0.0144997798
  vertex 0.0034999249 -0.0044999118 0.0144997798
  vertex 0.0034999249 -0.0044999118 0.00599992182
  endloop
 endfacet

 facet normal 6.06344997e-07 -1 3.10444989e-07
  outer loop
  vertex 0.0034999249 -0.0044999118 0.00599992182
  vertex 0.00299990107 -0.0044999118 -0.00499987602
  vertex 0.0034999249 -0.0044999118 -0.00599986315
  endloop
 endfacet

 facet normal -1.00361001e-06 -1 3.53264994e-07
  outer loop
  vertex 0.0034999249 -0.0044999118 -0.00599986315
  vertex 0.0044999118 -0.0044999118 -0.0144997798
  vertex 0.0044999118 -0.0044999118 0.0144997798
  endloop
 endfacet

 facet normal -1.83750004e-07 -0.707106709 0.707106888
  outer loop
  vertex 0.0044999118 -0.0034999249 -0.0159997903
  vertex 0.0114998203 -0.0034999249 -0.0159997903
  vertex 0.0114998203 -0.00299996091 -0.0154997697
  endloop
 endfacet

 facet normal -0.502095222 -0.34201923 -0.794306815
  outer loop
  vertex 0.00866299774 -0.00249993801 -0.00725138094
  vertex 0.00846457388 -0.00249993801 -0.00711440993
  vertex 0.00846457388 0 -0.00711440993
  endloop
 endfacet

 facet normal -1.96917014e-07 -1 2.32834026e-07
  outer loop
  vertex -0.00915455818 -0.00249993801 0.00599992182
  vertex -0.00684517622 -0.00249993801 0.00599992182
  vertex -0.007999897 -0.00249993801 0.00699990895
  endloop
 endfacet

 facet normal 2.44778994e-06 -1 1.39369001e-06
  outer loop
  vertex -0.00684517622 -0.00249993801 0.00599992182
  vertex -0.00776058389 -0.00249993801 0.00702893687
  vertex -0.007999897 -0.00249993801 0.00699990895
  endloop
 endfacet

 facet normal 0 -1 2.98752013e-07
  outer loop
  vertex -0.00915455818 -0.00249993801 0.00999987125
  vertex -0.01030921 -0.00249993801 0.007999897
  vertex -0.00882285833 -0.00249993801 0.00856792927
  endloop
 endfacet

 facet normal 0 -1 3.98758033e-07
  outer loop
  vertex -0.01030921 -0.00249993801 0.007999897
  vertex -0.00915455818 -0.00249993801 0.00599992182
  vertex -0.00882285833 -0.00249993801 0.00743180513
  endloop
 endfacet

 facet normal -3.77404007e-07 -1 1.99077999e-06
  outer loop
  vertex -0.00899255183 -0.00249993801 0.00787931588
  vertex -0.01030921 -0.00249993801 0.007999897
  vertex -0.00893485546 -0.00249993801 0.0076452489
  endloop
 endfacet

 facet normal -5.8884001e-07 -1 5.14800035e-07
  outer loop
  vertex -0.00569051504 -0.00249993801 0.007999897
  vertex -0.00684517622 -0.00249993801 0.00999987125
  vertex -0.00717687607 -0.00249993801 0.00856792927
  endloop
 endfacet

 facet normal -1.96916005e-07 -1 2.32834026e-07
  outer loop
  vertex -0.00684517622 -0.00249993801 0.00999987125
  vertex -0.00915455818 -0.00249993801 0.00999987125
  vertex -0.007999897 -0.00249993801 0.00899988413
  endloop
 endfacet

 facet normal 0 -1 1.69184005e-07
  outer loop
  vertex -0.00753515912 -0.00249993801 0.008885324
  vertex -0.00684517622 -0.00249993801 0.00999987125
  vertex -0.00776058389 -0.00249993801 0.00897079706
  endloop
 endfacet

 facet normal -4.48221016e-07 -1 -2.05679015e-07
  outer loop
  vertex -0.00717687607 -0.00249993801 0.00856792927
  vertex -0.00706487801 -0.00249993801 0.00835448503
  vertex -0.00569051504 -0.00249993801 0.007999897
  endloop
 endfacet

 facet normal 1.57483009e-06 -1 3.86686992e-07
  outer loop
  vertex -0.00733673479 -0.00249993801 0.0087483516
  vertex -0.00717687607 -0.00249993801 0.00856792927
  vertex -0.00684517622 -0.00249993801 0.00999987125
  endloop
 endfacet

 facet normal -7.81213089e-07 -1 9.85285055e-07
  outer loop
  vertex -0.00915455818 -0.00249993801 0.00599992182
  vertex -0.007999897 -0.00249993801 0.00699990895
  vertex -0.00823920872 -0.00249993801 0.00702893687
  endloop
 endfacet

 facet normal 7.3298304e-07 -1 1.69184005e-07
  outer loop
  vertex -0.00915455818 -0.00249993801 0.00599992182
  vertex -0.00823920872 -0.00249993801 0.00702893687
  vertex -0.00846457388 -0.00249993801 0.00711440993
  endloop
 endfacet

 facet normal 0 -1 1.16437991e-06
  outer loop
  vertex -0.00753515912 -0.00249993801 0.008885324
  vertex -0.00733673479 -0.00249993801 0.0087483516
  vertex -0.00684517622 -0.00249993801 0.00999987125
  endloop
 endfacet

 facet normal -1.66656991e-06 -1 9.85274028e-07
  outer loop
  vertex -0.00776058389 -0.00249993801 0.00897079706
  vertex -0.00684517622 -0.00249993801 0.00999987125
  vertex -0.007999897 -0.00249993801 0.00899988413
  endloop
 endfacet

 facet normal -1.26076009e-06 -1 6.55369035e-07
  outer loop
  vertex -0.00915455818 -0.00249993801 0.00599992182
  vertex -0.00846457388 -0.00249993801 0.00711440993
  vertex -0.00866299774 -0.00249993801 0.00725138094
  endloop
 endfacet

 facet normal 3.93707012e-07 -1 2.57790987e-07
  outer loop
  vertex -0.00915455818 -0.00249993801 0.00599992182
  vertex -0.00866299774 -0.00249993801 0.00725138094
  vertex -0.00882285833 -0.00249993801 0.00743180513
  endloop
 endfacet

 facet normal -8.96436063e-07 -1 -3.08516007e-07
  outer loop
  vertex -0.00882285833 -0.00249993801 0.00743180513
  vertex -0.00893485546 -0.00249993801 0.0076452489
  vertex -0.01030921 -0.00249993801 0.007999897
  endloop
 endfacet

 facet normal 0 -1 1.39368001e-06
  outer loop
  vertex -0.00823920872 -0.00249993801 0.00897079706
  vertex -0.007999897 -0.00249993801 0.00899988413
  vertex -0.00915455818 -0.00249993801 0.00999987125
  endloop
 endfacet

 facet normal 0 -1 5.07552045e-07
  outer loop
  vertex -0.00846457388 -0.00249993801 0.008885324
  vertex -0.00823920872 -0.00249993801 0.00897079706
  vertex -0.00915455818 -0.00249993801 0.00999987125
  endloop
 endfacet

 facet normal 0 -1 0
  outer loop
  vertex -0.01030921 -0.00249993801 0.007999897
  vertex -0.00899255183 -0.00249993801 0.00787931588
  vertex -0.00899255183 -0.00249993801 0.00812041666
  endloop
 endfacet

 facet normal -3.77401022e-07 -1 1.06227003e-06
  outer loop
  vertex -0.01030921 -0.00249993801 0.007999897
  vertex -0.00899255183 -0.00249993801 0.00812041666
  vertex -0.00893485546 -0.00249993801 0.00835448503
  endloop
 endfacet

 facet normal -1.44088006e-06 -1 0
  outer loop
  vertex -0.00866299774 -0.00249993801 0.0087483516
  vertex -0.00846457388 -0.00249993801 0.008885324
  vertex -0.00915455818 -0.00249993801 0.00999987125
  endloop
 endfacet

 facet normal 0 -1 2.57789992e-07
  outer loop
  vertex -0.00882285833 -0.00249993801 0.00856792927
  vertex -0.00866299774 -0.00249993801 0.0087483516
  vertex -0.00915455818 -0.00249993801 0.00999987125
  endloop
 endfacet

 facet normal -0.665611923 0.71255368 0.221873313
  outer loop
  vertex 0.0038843751 0 -0.00095433899
  vertex 0.0037415619 0 -0.00141417899
  vertex 0.0037415619 -0.00149994995 -0.00141417899
  endloop
 endfacet

 facet normal -0.038001895 0.93892467 0.342018127
  outer loop
  vertex -0.00812041666 -0.00649261381 -0.0159997903
  vertex -0.00787931588 -0.00649261381 -0.0159997903
  vertex -0.00787931588 -0.00649261381 -0.0179997608
  endloop
 endfacet

 facet normal 0.187802956 0.920735478 0.34201768
  outer loop
  vertex 0.0076452489 -0.00643491698 -0.0159997903
  vertex 0.00787931588 -0.00649261381 -0.0159997903
  vertex 0.00787931588 -0.00649261381 -0.0179997608
  endloop
 endfacet

 facet normal -0.49007538 0.498148739 -0.715313971
  outer loop
  vertex 0.00955593493 -0.00675630523 -0.0189997498
  vertex 0.00932121184 -0.00700122118 -0.0189997498
  vertex 0.00932121184 -0.00700122118 -0.0179997608
  endloop
 endfacet

 facet normal 0.469988644 -0.813716233 -0.342018425
  outer loop
  vertex 0.00743180513 -0.00467693806 0.0179997608
  vertex 0.00743180513 -0.00467693806 0.0159997903
  vertex 0.0076452489 -0.00456488086 0.0159997903
  endloop
 endfacet

 facet normal 0.794307292 0.502094746 0.342018664
  outer loop
  vertex 0.00711440993 -0.00596463587 -0.0179997608
  vertex 0.00711440993 -0.00596463587 -0.0159997903
  vertex 0.00725138094 -0.00616300106 -0.0159997903
  endloop
 endfacet

 facet normal -0.902546465 -0.342018723 -0.261597037
  outer loop
  vertex 0.000992694986 -0.00249993801 -0.00787931588
  vertex 0.000935004035 -0.00249993801 -0.0076452489
  vertex 0.000935004035 0 -0.0076452489
  endloop
 endfacet

 facet normal 0.864433646 -0.368480206 0.342018604
  outer loop
  vertex 0.00711440993 -0.00503516104 -0.0179997608
  vertex 0.00711440993 -0.00503516104 -0.0159997903
  vertex 0.00702893687 -0.00526058581 -0.0159997903
  endloop
 endfacet

 facet normal 0.698501348 0.0205404423 -0.715313852
  outer loop
  vertex 0.00600707484 -0.00566953421 -0.0179997608
  vertex 0.00600707484 -0.00566953421 -0.0189997498
  vertex 0.00600707484 -0.00533032417 -0.0189997498
  endloop
 endfacet

 facet normal 0.902546406 -0.34201926 0.261596829
  outer loop
  vertex 0.00700718118 -0.00249993801 0.00787931588
  vertex 0.00706487801 -0.00249993801 0.0076452489
  vertex 0.00706487801 0 0.0076452489
  endloop
 endfacet

 facet normal 0.902546406 -0.342019171 0.261596859
  outer loop
  vertex 0.00700718118 -0.00249993801 -0.00812041666
  vertex 0.00706487801 -0.00249993801 -0.00835448503
  vertex 0.00706487801 0 -0.00835448503
  endloop
 endfacet

 facet normal -0.866025567 1.31277986e-07 0.499999762
  outer loop
  vertex 0.00453579379 -0.00399994804 0
  vertex 0.00626784516 -0.00399994804 0.00299996091
  vertex 0.00626784516 -0.00299996091 0.00299996091
  endloop
 endfacet

 facet normal 0.628033519 -0.306431264 0.715313852
  outer loop
  vertex -0.00974589493 -0.00452452805 0.0179997608
  vertex -0.00974589493 -0.00452452805 0.0189997498
  vertex -0.00988560915 -0.0048336382 0.0189997498
  endloop
 endfacet

 facet normal 0.431866705 0.549380243 0.715312839
  outer loop
  vertex 0.00667852117 -0.00700122118 0.0179997608
  vertex 0.00667852117 -0.00700122118 0.0189997498
  vertex 0.00695127202 -0.00720292283 0.0189997498
  endloop
 endfacet

 facet normal -0.727994621 -0.342018664 0.594177663
  outer loop
  vertex 0.00866299774 -0.00249993801 -0.0087483516
  vertex 0.00882285833 -0.00249993801 -0.00856792927
  vertex 0.00882285833 0 -0.00856792927
  endloop
 endfacet

 facet normal -0.677595556 -0.342019558 -0.651066005
  outer loop
  vertex -0.00717687607 -0.00249993801 0.00856792927
  vertex -0.00733673479 -0.00249993801 0.0087483516
  vertex -0.00733673479 0 0.0087483516
  endloop
 endfacet

 facet normal -0.127081349 -0.687149823 0.715315104
  outer loop
  vertex -0.00741422083 -0.0035876031 0.0189997498
  vertex -0.00774586201 -0.0035161369 0.0189997498
  vertex -0.00774586201 -0.0035161369 0.0179997608
  endloop
 endfacet

 facet normal 0.628033638 -0.306431353 0.715313733
  outer loop
  vertex 0.00625383807 -0.00452452805 0.0179997608
  vertex 0.00625383807 -0.00452452805 0.0189997498
  vertex 0.00611412479 -0.0048336382 0.0189997498
  endloop
 endfacet

 facet normal -0.866025329 1.10059989e-06 0.50000006
  outer loop
  vertex 0.00115466095 -0.00399988797 0.00599992182
  vertex 0.00230932189 -0.00399988797 0.007999897
  vertex 0.00230932189 -0.00249993801 0.007999897
  endloop
 endfacet

 facet normal 0.707106709 -0.707106948 0
  outer loop
  vertex -0.0044999118 -0.00699984981 0.0189997498
  vertex -0.00649988605 -0.00899982359 0.0189997498
  vertex -0.0044999118 -0.00699984981 0.0179997608
  endloop
 endfacet

 facet normal 0.707106352 -0.707107246 2.14374978e-07
  outer loop
  vertex -0.00649988605 -0.00899982359 0.0189997498
  vertex -0.00649988605 -0.00899982359 0.0159997903
  vertex -0.0044999118 -0.00699984981 0.0179997608
  endloop
 endfacet

 facet normal 0.707106769 -0.707106769 2.14376001e-07
  outer loop
  vertex -0.00649988605 -0.00899982359 0.0159997903
  vertex -0.0034999249 -0.00599986315 0.0159997903
  vertex -0.0044999118 -0.00699984981 0.0179997608
  endloop
 endfacet

 facet normal -0.902546465 -0.342018634 0.261597276
  outer loop
  vertex -0.00706487801 0 -0.00835448503
  vertex -0.00706487801 -0.00249993801 -0.00835448503
  vertex -0.00700718118 -0.00249993801 -0.00812041666
  endloop
 endfacet

 facet normal 0.665443957 0.213331565 -0.715313911
  outer loop
  vertex 0.00617742492 -0.00632369518 -0.0189997498
  vertex 0.00606441405 -0.00600385619 -0.0189997498
  vertex 0.00606441405 -0.00600385619 -0.0179997608
  endloop
 endfacet

 facet normal 0.068348445 0.695454001 0.71531266
  outer loop
  vertex -0.00842124224 -0.00745499087 0.0189997498
  vertex -0.00808477402 -0.00749808503 0.0189997498
  vertex -0.00808477402 -0.00749808503 0.0179997608
  endloop
 endfacet

 facet normal 0.89138478 0.29741624 0.342018694
  outer loop
  vertex 0.00702893687 -0.00573921204 -0.0179997608
  vertex 0.00702893687 -0.00573921204 -0.0159997903
  vertex 0.00711440993 -0.00596463587 -0.0159997903
  endloop
 endfacet

 facet normal 0.590217233 0.374125689 0.715313673
  outer loop
  vertex -0.00974589493 -0.00647526886 0.0179997608
  vertex -0.00974589493 -0.00647526886 0.0189997498
  vertex -0.00955593493 -0.00675630523 0.0189997498
  endloop
 endfacet

 facet normal -0.348739684 -0.605562329 0.715314567
  outer loop
  vertex -0.00681060506 -0.00389194395 0.0189997498
  vertex -0.00709944917 -0.00371408393 0.0189997498
  vertex -0.00709944917 -0.00371408393 0.0179997608
  endloop
 endfacet

 facet normal -0.866025448 0 -0.49999997
  outer loop
  vertex 0.00626784516 -0.00399994804 -0.01099985
  vertex 0.00453579379 -0.00399994804 -0.0079998374
  vertex 0.00453579379 -0.00299996091 -0.007999897
  endloop
 endfacet

 facet normal -0.691925585 0.0978027731 0.715313673
  outer loop
  vertex -0.00606441405 -0.00600385619 0.0189997498
  vertex -0.00600707484 -0.00566947414 0.0189997498
  vertex -0.00600707484 -0.00566947414 0.0179997608
  endloop
 endfacet

 facet normal 0.938924193 -0.342019171 -0.0380023606
  outer loop
  vertex 0.00700718118 0 0.00812041666
  vertex 0.00700718118 -0.00249993801 0.00812041666
  vertex 0.00700718118 -0.00249993801 0.00787931588
  endloop
 endfacet

 facet normal 0.751132011 -0.564644754 0.342018843
  outer loop
  vertex 0.00725138094 -0.00483679678 -0.0179997608
  vertex 0.00725138094 -0.00483679678 -0.0159997903
  vertex 0.00711440993 -0.00503516104 -0.0159997903
  endloop
 endfacet

 facet normal -0.0683487356 0.695451796 -0.715314806
  outer loop
  vertex 0.00842124224 -0.00745499087 -0.0189997498
  vertex 0.00808477402 -0.00749808503 -0.0189997498
  vertex 0.00808477402 -0.00749808503 -0.0179997608
  endloop
 endfacet

 facet normal 0.677595377 -0.342019439 -0.651066184
  outer loop
  vertex 0.00733673479 0 0.0087483516
  vertex 0.00733673479 -0.00249993801 0.0087483516
  vertex 0.00717687607 -0.00249993801 0.00856792927
  endloop
 endfacet

 facet normal -0.866025448 0 -0.499999881
  outer loop
  vertex -0.00973188784 -0.00299990107 0.00499993516
  vertex -0.00973188784 -0.00399988797 0.00499993516
  vertex -0.0114639401 -0.00399988797 0.007999897
  endloop
 endfacet

 facet normal -0.556362689 0.422833055 0.715313196
  outer loop
  vertex 0.00944375899 -0.00688373996 0.0189997498
  vertex 0.00965684559 -0.00661981106 0.0189997498
  vertex 0.00965684559 -0.00661981106 0.0179997608
  endloop
 endfacet

 facet normal 4.0328004e-07 -1.13425995e-06 -1
  outer loop
  vertex 0.00115466095 -0.00399988797 0.00999987125
  vertex -0.00115466095 -0.00399988797 0.00999987125
  vertex -0.00115466095 -0.00249993801 0.00999987125
  endloop
 endfacet

 facet normal 0.296126962 -0.632957518 0.715313733
  outer loop
  vertex 0.00725418283 -0.00364416791 0.0179997608
  vertex 0.00725418283 -0.00364416791 0.0189997498
  vertex 0.00695127202 -0.00379687501 0.0189997498
  endloop
 endfacet

 facet normal -0.261595637 0.902547061 0.342018038
  outer loop
  vertex -0.00787931588 -0.00649261381 -0.0159997903
  vertex -0.0076452489 -0.00643491698 -0.0159997903
  vertex -0.0076452489 -0.00643491698 -0.0179997608
  endloop
 endfacet

 facet normal -0.866025627 -2.62554977e-07 -0.499999642
  outer loop
  vertex -0.00973188784 -0.00299990107 -0.00299990107
  vertex -0.00973188784 -0.00399988797 -0.00299990107
  vertex -0.0114639401 -0.00399988797 0
  endloop
 endfacet

 facet normal 0.431866556 0.54938066 0.715312779
  outer loop
  vertex -0.00932121184 -0.00700122118 0.0179997608
  vertex -0.00932121184 -0.00700122118 0.0189997498
  vertex -0.00904846098 -0.00720292283 0.0189997498
  endloop
 endfacet

 facet normal -0.224177033 -0.661869347 -0.715313673
  outer loop
  vertex 0.00842124224 -0.00354480697 -0.0189997498
  vertex 0.00874555111 -0.00364416791 -0.0189997498
  vertex 0.00874555111 -0.00364416791 -0.0179997608
  endloop
 endfacet

 facet normal 0.10909576 -0.690233588 0.715315163
  outer loop
  vertex 0.00791496038 -0.00350171304 0.0189997498
  vertex 0.00757849216 -0.00354480697 0.0189997498
  vertex 0.00757849216 -0.00354480697 0.0179997608
  endloop
 endfacet

 facet normal -0.727995455 -0.342018634 0.594176471
  outer loop
  vertex -0.00733673479 -0.00249993801 0.00725138094
  vertex -0.00717687607 -0.00249993801 0.00743180513
  vertex -0.00717687607 0 0.00743180513
  endloop
 endfacet

 facet normal -0.920734942 -0.34201929 -0.187802881
  outer loop
  vertex 0.00899255183 0 -0.00787931588
  vertex 0.00899255183 -0.00249993801 -0.00787931588
  vertex 0.00893485546 -0.00249993801 -0.0076452489
  endloop
 endfacet

 facet normal -0.599784434 -0.358587474 0.715313613
  outer loop
  vertex 0.00982230902 -0.00467610313 0.0189997498
  vertex 0.00965684559 -0.00437998679 0.0189997498
  vertex 0.00965684559 -0.00437998679 0.0179997608
  endloop
 endfacet

 facet normal -0.564644933 -0.342018932 0.751131892
  outer loop
  vertex 0.00846457388 -0.00249993801 -0.008885324
  vertex 0.00866299774 -0.00249993801 -0.0087483516
  vertex 0.00866299774 0 -0.0087483516
  endloop
 endfacet

 facet normal -0.167238876 0.678497195 0.715313077
  outer loop
  vertex -0.00774586201 -0.00748366117 0.0189997498
  vertex -0.00741422083 -0.00741219521 0.0189997498
  vertex -0.00741422083 -0.00741219521 0.0179997608
  endloop
 endfacet

 facet normal -0.00912408438 -0.698743403 0.715314388
  outer loop
  vertex -0.00774586201 -0.0035161369 0.0189997498
  vertex -0.00808477402 -0.00350171304 0.0189997498
  vertex -0.00808477402 -0.00350171304 0.0179997608
  endloop
 endfacet

 facet normal 0 -1 3.10444989e-07
  outer loop
  vertex -0.00915455818 -0.00399994804 -0.00599986315
  vertex -0.00626784516 -0.00399994804 -0.00499987602
  vertex -0.00973188784 -0.00399994804 -0.00499987602
  endloop
 endfacet

 facet normal 5.25110067e-07 -1 3.10444989e-07
  outer loop
  vertex -0.00626784516 -0.00399994804 -0.01099985
  vertex -0.00453579379 -0.00399994804 -0.0079998374
  vertex -0.00684517622 -0.00399994804 -0.00999987125
  endloop
 endfacet

 facet normal 0 -1 3.49250001e-07
  outer loop
  vertex -0.00626784516 -0.00399994804 -0.01099985
  vertex -0.00684517622 -0.00399994804 -0.00999987125
  vertex -0.00915455818 -0.00399994804 -0.00999987125
  endloop
 endfacet

 facet normal 0 -1 3.49251053e-07
  outer loop
  vertex -0.00915455818 -0.00399994804 -0.00599986315
  vertex -0.00973188784 -0.00399994804 -0.00499987602
  vertex -0.01030921 -0.00399994804 -0.0079998374
  endloop
 endfacet

 facet normal 0 -1 3.88056009e-07
  outer loop
  vertex -0.00973188784 -0.00399994804 -0.00499987602
  vertex -0.0114639401 -0.00399994804 -0.0079998374
  vertex -0.01030921 -0.00399994804 -0.0079998374
  endloop
 endfacet

 facet normal -2.62555034e-07 -1 1.55223006e-07
  outer loop
  vertex -0.00973188784 -0.00399994804 -0.01099985
  vertex -0.00626784516 -0.00399994804 -0.01099985
  vertex -0.00915455818 -0.00399994804 -0.00999987125
  endloop
 endfacet

 facet normal 0 -1 2.32835006e-07
  outer loop
  vertex -0.00915455818 -0.00399994804 -0.00999987125
  vertex -0.01030921 -0.00399994804 -0.0079998374
  vertex -0.0114639401 -0.00399994804 -0.0079998374
  endloop
 endfacet

 facet normal -0.866025388 1.96915991e-07 0.500000119
  outer loop
  vertex 0.00915455818 -0.00399994804 -0.00199991395
  vertex 0.01030921 -0.00399994804 0
  vertex 0.01030921 -0.00249993801 0
  endloop
 endfacet

 facet normal -0.594177067 0.727995217 -0.342018515
  outer loop
  vertex 0.0087483516 -0.00616300106 0.0159997903
  vertex 0.00856792927 -0.00632285979 0.0159997903
  vertex 0.00856792927 -0.00632285979 0.0179997608
  endloop
 endfacet

 facet normal 0.92073524 -0.342019349 -0.187801734
  outer loop
  vertex 0.00706487801 -0.00249993801 -0.0076452489
  vertex 0.00700718118 -0.00249993801 -0.00787931588
  vertex 0.00700718118 0 -0.00787931588
  endloop
 endfacet

 facet normal 0.332808554 0.614463329 0.715313435
  outer loop
  vertex -0.00904846098 -0.00720292283 0.0179997608
  vertex -0.00904846098 -0.00720292283 0.0189997498
  vertex -0.00874555111 -0.00735562993 0.0189997498
  endloop
 endfacet

 facet normal 0.699326098 0.71255368 -0.0566591322
  outer loop
  vertex -0.00399994804 0 0
  vertex -0.00397092104 0 0.000480651972
  vertex -0.00397092104 -0.00149994995 0.000480652991
  endloop
 endfacet

 facet normal 0.398837805 -0.57380712 0.715313911
  outer loop
  vertex 0.00695127202 -0.00379687501 0.0179997608
  vertex 0.00695127202 -0.00379687501 0.0189997498
  vertex 0.00667852117 -0.00399857713 0.0189997498
  endloop
 endfacet

 facet normal -0.150899559 -0.342019409 -0.927497745
  outer loop
  vertex 0.00823920872 0 0.00897079706
  vertex 0.00823920872 -0.00249993801 0.00897079706
  vertex 0.007999897 -0.00249993801 0.00899988413
  endloop
 endfacet

 facet normal 0.866025567 0 -0.499999821
  outer loop
  vertex 0.00684517622 -0.00249993801 0.00999987125
  vertex 0.00684517622 -0.00399988797 0.00999987125
  vertex 0.00569051504 -0.00399988797 0.007999897
  endloop
 endfacet

 facet normal -0.567213655 0.408160388 -0.715313852
  outer loop
  vertex 0.00974589493 -0.00647526886 -0.0189997498
  vertex 0.00955593493 -0.00675630523 -0.0189997498
  vertex 0.00955593493 -0.00675630523 -0.0179997608
  endloop
 endfacet

 facet normal -0.684983194 -0.138291359 0.715313613
  outer loop
  vertex 0.00999265909 -0.0053302641 0.0189997498
  vertex 0.00993531942 -0.00499594212 0.0189997498
  vertex 0.00993531942 -0.00499594212 0.0179997608
  endloop
 endfacet

 facet normal -0.167238429 0.678497374 0.715312898
  outer loop
  vertex 0.00825387239 -0.00748366117 0.0189997498
  vertex 0.00858551171 -0.00741219521 0.0189997498
  vertex 0.00858551171 -0.00741219521 0.0179997608
  endloop
 endfacet

 facet normal -0.564645946 -0.342019379 -0.751130879
  outer loop
  vertex 0.00866299774 0 0.0087483516
  vertex 0.00866299774 -0.00249993801 0.0087483516
  vertex 0.00846457388 -0.00249993801 0.008885324
  endloop
 endfacet

 facet normal -0.0588740408 0.237881169 -0.96950835
  outer loop
  vertex 0.00187051203 -0.00477766898 0.01751679
  vertex 0.00190895703 -0.00280290795 0.0175080802
  vertex 0.00199991395 -0.00477766898 0.0174997393
  endloop
 endfacet

 facet normal 0.786493242 0.402650565 -0.468295664
  outer loop
  vertex 0.00235348893 -0.0029510851 0.0176461898
  vertex 0.002418458 -0.00297278096 0.0177261196
  vertex 0.00243294192 -0.00477766898 0.0177497193
  endloop
 endfacet

 facet normal 0.786533654 -0.402333409 -0.468500435
  outer loop
  vertex 0.00243294192 -0.00477766898 0.0177497193
  vertex 0.002418458 -0.00602704193 0.0177261196
  vertex 0.00235348893 -0.00604867889 0.0176461898
  endloop
 endfacet

 facet normal 0.607158482 0.417007089 -0.676360607
  outer loop
  vertex 0.0022735591 -0.00292444206 0.0175812803
  vertex 0.00235348893 -0.0029510851 0.0176461898
  vertex 0.0022499559 -0.00477766898 0.0175667405
  endloop
 endfacet

 facet normal 0.706224203 0.000209119215 -0.707988203
  outer loop
  vertex 0.00235348893 -0.0029510851 0.0176461898
  vertex 0.00235348893 -0.00604867889 0.0176461898
  vertex 0.0022499559 -0.00477766898 0.0175667405
  endloop
 endfacet

 facet normal 0.644349575 0.20718281 0.736131072
  outer loop
  vertex 0.00235348893 -0.00477766898 -0.0176461898
  vertex 0.00232869294 -0.00294285989 -0.0176229998
  vertex 0.0022499559 -0.00477766898 -0.0175667405
  endloop
 endfacet

 facet normal 0.427682787 0.218143925 -0.877211869
  outer loop
  vertex 0.002129375 -0.00477766898 0.01751679
  vertex 0.00218397309 -0.00289463904 0.0175348502
  vertex 0.0022499559 -0.00477766898 0.0175667405
  endloop
 endfacet

 facet normal -0.879845202 -0.285229743 -0.380153358
  outer loop
  vertex 0.00156694604 -0.00477766898 0.0177497193
  vertex 0.00153505802 -0.00632148888 0.0178156998
  vertex 0.001516997 -0.00477766898 0.0178703591
  endloop
 endfacet

 facet normal 0.806088269 0.197556138 0.557846963
  outer loop
  vertex 0.00243294192 -0.00477766898 -0.0177497193
  vertex 0.00239992095 -0.00296658208 -0.0176997092
  vertex 0.00235348893 -0.00477766898 -0.0176461898
  endloop
 endfacet

 facet normal -0.537762344 0.267148226 0.7996521
  outer loop
  vertex 0.00174993195 -0.00477766898 -0.0175667405
  vertex 0.00167119503 -0.00272369292 -0.0176229998
  vertex 0.00164639903 -0.00477766898 -0.0176461898
  endloop
 endfacet

 facet normal -0.380783707 0.52923584 -0.758230329
  outer loop
  vertex 0.00164639903 -0.0027154081 0.0176461898
  vertex 0.00172632898 -0.00274205208 0.0175812803
  vertex 0.00174993195 -0.00477766898 0.0175667405
  endloop
 endfacet

 facet normal -0.380952567 -0.529029846 -0.758289337
  outer loop
  vertex 0.00174993195 -0.00477766898 0.0175667405
  vertex 0.00172632898 -0.00625777198 0.0175812803
  vertex 0.00164639903 -0.00628441479 0.0176461898
  endloop
 endfacet

 facet normal -0.612722695 -0.554962695 -0.562661052
  outer loop
  vertex 0.00164639903 -0.00628441479 0.0176461898
  vertex 0.00158142997 -0.00630605221 0.0177261196
  vertex 0.00156694604 -0.00477766898 0.0177497193
  endloop
 endfacet

 facet normal -0.612675488 0.555163205 -0.562514424
  outer loop
  vertex 0.00156694604 -0.00477766898 0.0177497193
  vertex 0.00158142997 -0.00269377208 0.0177261196
  vertex 0.00164639903 -0.0027154081 0.0176461898
  endloop
 endfacet

 facet normal 0.502094388 -0.342018783 0.79430747
  outer loop
  vertex -0.000663115003 -0.00249993801 -0.0087483516
  vertex -0.000464718003 -0.00249993801 -0.008885324
  vertex -0.000464716984 0 -0.008885324
  endloop
 endfacet

 facet normal -0.813715398 -0.342019081 -0.469989628
  outer loop
  vertex 0.00893485546 -0.00249993801 0.000354600983
  vertex 0.00882285833 -0.00249993801 0.000568057992
  vertex 0.00882285833 0 0.000568057003
  endloop
 endfacet

 facet normal 3.08769984e-07 0 -1
  outer loop
  vertex -0.0076452489 -0.00643491698 0.0159997903
  vertex -0.00743180513 -0.00632285979 0.0159997903
  vertex -0.00649988605 -0.00899982359 0.0159997903
  endloop
 endfacet

 facet normal 0 -1.78558992e-06 -1
  outer loop
  vertex -0.00743180513 -0.00632285979 0.0159997903
  vertex -0.0044999118 -0.00599986315 0.0159997903
  vertex -0.00649988605 -0.00899982359 0.0159997903
  endloop
 endfacet

 facet normal 0 0 -1
  outer loop
  vertex -0.0044999118 -0.00599986315 0.0159997903
  vertex -0.0034999249 -0.00599986315 0.0159997903
  vertex -0.00649988605 -0.00899982359 0.0159997903
  endloop
 endfacet

 facet normal 0 0 -1
  outer loop
  vertex -0.00649988605 -0.00899982359 0.0159997903
  vertex -0.00949984696 -0.00899982359 0.0159997903
  vertex -0.00812041666 -0.00649261381 0.0159997903
  endloop
 endfacet

 facet normal 0 0 -1
  outer loop
  vertex -0.00949984696 -0.00899982359 0.0159997903
  vertex -0.0124998 -0.00599986315 0.0159997903
  vertex -0.0114998203 -0.00599986315 0.0159997903
  endloop
 endfacet

 facet normal -3.08768051e-07 0 -1
  outer loop
  vertex -0.00835448503 -0.00643491698 0.0159997903
  vertex -0.00949984696 -0.00899982359 0.0159997903
  vertex -0.00856792927 -0.00632285979 0.0159997903
  endloop
 endfacet

 facet normal 0 -1.78558992e-06 -1
  outer loop
  vertex -0.0114998203 -0.00599986315 0.0159997903
  vertex -0.00856792927 -0.00632285979 0.0159997903
  vertex -0.00949984696 -0.00899982359 0.0159997903
  endloop
 endfacet

 facet normal 1.61242014e-07 -5.45877992e-06 -1
  outer loop
  vertex -0.00787931588 -0.00649261381 0.0159997903
  vertex -0.0076452489 -0.00643491698 0.0159997903
  vertex -0.00649988605 -0.00899982359 0.0159997903
  endloop
 endfacet

 facet normal -1.61244017e-07 -4.77647063e-06 -1
  outer loop
  vertex -0.00949984696 -0.00899982359 0.0159997903
  vertex -0.00835448503 -0.00643491698 0.0159997903
  vertex -0.00812041666 -0.00649261381 0.0159997903
  endloop
 endfacet

 facet normal -0.368479967 0.342019469 0.864433527
  outer loop
  vertex -0.00753515912 -0.00249993801 0.00711440993
  vertex -0.00753515912 0 0.00711440993
  vertex -0.00776058389 0 0.00702893687
  endloop
 endfacet

 facet normal -0.707106888 -0.707106709 1.42916988e-07
  outer loop
  vertex 0.0034999249 -0.00599992182 -0.0159997903
  vertex 0.0034999249 -0.00599992182 -0.0189997498
  vertex 0.00649988605 -0.00899988413 -0.0189997498
  endloop
 endfacet

 facet normal 0.694243312 -0.079702042 0.715313792
  outer loop
  vertex -0.00997108221 -0.00516188098 0.0179997608
  vertex -0.00997108221 -0.00516188098 0.0189997498
  vertex -0.00999987125 -0.00549989892 0.0189997498
  endloop
 endfacet

 facet normal -0.920734644 -0.342019349 -0.187803909
  outer loop
  vertex 0.00899255183 0 0.00812041666
  vertex 0.00899255183 -0.00249993801 0.00812041666
  vertex 0.00893485546 -0.00249993801 0.00835448503
  endloop
 endfacet

 facet normal 0.469989806 0.813715041 -0.342019707
  outer loop
  vertex -0.00835448503 -0.00643491698 0.0159997903
  vertex -0.00856792927 -0.00632285979 0.0159997903
  vertex -0.00856792927 -0.00632285979 0.0179997608
  endloop
 endfacet

 facet normal -0.187801883 0.920735002 -0.342019886
  outer loop
  vertex -0.0076452489 -0.00643491698 0.0159997903
  vertex -0.00787931588 -0.00649261381 0.0159997903
  vertex -0.00787931588 -0.00649261381 0.0179997608
  endloop
 endfacet

 facet normal -2.77756016e-07 -1 3.11082999e-07
  outer loop
  vertex -0.00973188784 -0.00299996091 -0.01099985
  vertex -0.0114639401 -0.00299996091 -0.007999897
  vertex -0.0114998203 -0.00299996091 -0.0154997697
  endloop
 endfacet

 facet normal 0 -1 3.71384999e-07
  outer loop
  vertex -0.0114998203 -0.00299990107 0.0154997697
  vertex -0.0114639401 -0.00299990107 0.007999897
  vertex -0.00973188784 -0.00299990107 0.01099985
  endloop
 endfacet

 facet normal -2.33381996e-07 -1 3.60041042e-07
  outer loop
  vertex -0.0114998203 -0.00299990107 0.0154997697
  vertex -0.00973188784 -0.00299990107 0.01099985
  vertex -0.00626784516 -0.00299990107 0.01099985
  endloop
 endfacet

 facet normal -2.88736004e-07 -1 3.6324704e-07
  outer loop
  vertex -0.00973188784 -0.00299996091 -0.01099985
  vertex -0.0114998203 -0.00299996091 -0.0154997697
  vertex -0.0044999118 -0.00299996091 -0.0154997697
  endloop
 endfacet

 facet normal -2.33381996e-07 -1 3.60041042e-07
  outer loop
  vertex -0.00626784516 -0.00299996091 -0.01099985
  vertex -0.00973188784 -0.00299996091 -0.01099985
  vertex -0.0044999118 -0.00299996091 -0.0154997697
  endloop
 endfacet

 facet normal -2.88736004e-07 -1 3.6324704e-07
  outer loop
  vertex -0.0044999118 -0.00299990107 0.0154997697
  vertex -0.0114998203 -0.00299990107 0.0154997697
  vertex -0.00626784516 -0.00299990107 0.01099985
  endloop
 endfacet

 facet normal -4.16634009e-07 -1 3.4251002e-07
  outer loop
  vertex -0.0044999118 -0.00299990107 0.0154997697
  vertex -0.00626784516 -0.00299990107 0.01099985
  vertex -0.00453579379 -0.00299990107 0.007999897
  endloop
 endfacet

 facet normal -4.16634009e-07 -1 3.71384999e-07
  outer loop
  vertex -0.00453579379 -0.00299996091 -0.007999897
  vertex -0.00626784516 -0.00299996091 -0.01099985
  vertex -0.0044999118 -0.00299996091 -0.0154997697
  endloop
 endfacet

 facet normal -2.62555034e-07 -1 4.65667057e-07
  outer loop
  vertex -0.00973188784 -0.00299990107 -0.00299990107
  vertex -0.00973188784 -0.00299996091 -0.00499987602
  vertex -0.00626784516 -0.00299996091 -0.00499987602
  endloop
 endfacet

 facet normal 0 -1 3.49252986e-07
  outer loop
  vertex -0.00453579379 -0.00299996091 -0.007999897
  vertex -0.0044999118 -0.00299996091 -0.0154997697
  vertex -0.00453579379 -0.00299990107 0
  endloop
 endfacet

 facet normal -1.30766002e-05 -1 3.53003031e-07
  outer loop
  vertex -0.0044999118 -0.00299996091 -0.0154997697
  vertex -0.0044999118 -0.00299990107 0.0154997697
  vertex -0.00453579379 -0.00299990107 0
  endloop
 endfacet

 facet normal -2.62555034e-07 -1 4.65667057e-07
  outer loop
  vertex -0.00626784516 -0.00299996091 -0.00299990107
  vertex -0.00973188784 -0.00299990107 -0.00299990107
  vertex -0.00626784516 -0.00299996091 -0.00499987602
  endloop
 endfacet

 facet normal 0 -1 4.65667057e-07
  outer loop
  vertex -0.00973188784 -0.00299990107 0.00499993516
  vertex -0.0114639401 -0.00299990107 0
  vertex -0.00973188784 -0.00299990107 0.00299996091
  endloop
 endfacet

 facet normal -2.62555034e-07 -1 4.65667057e-07
  outer loop
  vertex -0.00973188784 -0.00299990107 0.00499993516
  vertex -0.00973188784 -0.00299990107 0.00299996091
  vertex -0.00626784516 -0.00299990107 0.00299996091
  endloop
 endfacet

 facet normal -3.93833005e-07 -1 4.65667057e-07
  outer loop
  vertex -0.00626784516 -0.00299990107 0.00499993516
  vertex -0.00973188784 -0.00299990107 0.00499993516
  vertex -0.00626784516 -0.00299990107 0.00299996091
  endloop
 endfacet

 facet normal 5.25110067e-07 -1 4.65667057e-07
  outer loop
  vertex -0.00453579379 -0.00299990107 0
  vertex -0.00626784516 -0.00299996091 -0.00299990107
  vertex -0.00626784516 -0.00299996091 -0.00499987602
  endloop
 endfacet

 facet normal 0 -1 4.65667057e-07
  outer loop
  vertex -0.00626784516 -0.00299990107 0.00499993516
  vertex -0.00626784516 -0.00299990107 0.00299996091
  vertex -0.00453579379 -0.00299990107 0
  endloop
 endfacet

 facet normal -3.93833005e-07 -1 3.49251053e-07
  outer loop
  vertex -0.00453579379 -0.00299990107 0.007999897
  vertex -0.00626784516 -0.00299990107 0.00499993516
  vertex -0.00453579379 -0.00299990107 0
  endloop
 endfacet

 facet normal -2.62555034e-07 -1 3.49250001e-07
  outer loop
  vertex -0.00453579379 -0.00299990107 0
  vertex -0.00626784516 -0.00299996091 -0.00499987602
  vertex -0.00453579379 -0.00299996091 -0.007999897
  endloop
 endfacet

 facet normal -0.849036157 -0.342018753 -0.402691871
  outer loop
  vertex -0.00706487801 0 0.00835448503
  vertex -0.00706487801 -0.00249993801 0.00835448503
  vertex -0.00717687607 -0.00249993801 0.00856792927
  endloop
 endfacet

 facet normal 0.297415018 -0.342019498 -0.89138484
  outer loop
  vertex -0.000239312998 0 -0.00702893687
  vertex -0.000239312998 -0.00249993801 -0.00702893687
  vertex -0.000464718003 -0.00249993801 -0.00711440993
  endloop
 endfacet

 facet normal 0.150898829 -0.342019469 -0.927497804
  outer loop
  vertex -0.007999897 -0.00249993801 0.00899988413
  vertex -0.00823920872 -0.00249993801 0.00897079706
  vertex -0.00823920872 0 0.00897079706
  endloop
 endfacet

 facet normal 0.224176794 0.661869943 0.715313196
  outer loop
  vertex 0.00725418283 -0.00735562993 0.0179997608
  vertex 0.00725418283 -0.00735562993 0.0189997498
  vertex 0.00757849216 -0.00745499087 0.0189997498
  endloop
 endfacet

 facet normal 0 -0.707106888 -0.707106709
  outer loop
  vertex 0.0044999118 -0.00599986315 0.0159997903
  vertex 0.0034999249 -0.00599986315 0.0159997903
  vertex 0.0034999249 -0.0044999118 0.0144997798
  endloop
 endfacet

 facet normal -0.727994621 -0.342018396 0.594177783
  outer loop
  vertex 0.00866299774 -0.00249993801 0.00725138094
  vertex 0.00882285833 -0.00249993801 0.00743180513
  vertex 0.00882285833 0 0.00743180513
  endloop
 endfacet

 facet normal -0.866025805 0 0.499999404
  outer loop
  vertex -0.00684517622 -0.00249993801 -0.00999987125
  vertex -0.00684517622 -0.00399994804 -0.00999987125
  vertex -0.00569051504 -0.00399994804 -0.0079998374
  endloop
 endfacet

 facet normal 0.684982955 0.138291061 -0.715313911
  outer loop
  vertex 0.00606441405 -0.00600385619 -0.0179997608
  vertex 0.00606441405 -0.00600385619 -0.0189997498
  vertex 0.00600707484 -0.00566953421 -0.0189997498
  endloop
 endfacet

 facet normal 0.849036992 -0.342018902 -0.402690172
  outer loop
  vertex 0.00717687607 -0.00249993801 0.000568057992
  vertex 0.00706487801 -0.00249993801 0.000354600983
  vertex 0.00706487801 0 0.000354599993
  endloop
 endfacet

 facet normal 2.38417016e-07 1 -3.57624998e-07
  outer loop
  vertex -0.00717687607 0 -0.00856792927
  vertex -0.00706487801 0 -0.00835448503
  vertex -0.000935004035 0 -0.00835448503
  endloop
 endfacet

 facet normal 2.38417016e-07 1 -3.57626021e-07
  outer loop
  vertex -0.000822972972 0 -0.00856792927
  vertex -0.000663113955 0 -0.0087483516
  vertex -0.00733673479 0 -0.0087483516
  endloop
 endfacet

 facet normal 2.38419005e-07 1 -3.57628039e-07
  outer loop
  vertex -0.000663113955 0 -0.0087483516
  vertex -0.0044999118 0 -0.0159997903
  vertex -0.00733673479 0 -0.0087483516
  endloop
 endfacet

 facet normal 2.3842e-07 1 -3.57629006e-07
  outer loop
  vertex -0.00717687607 0 -0.00856792927
  vertex -0.000935004035 0 -0.00835448503
  vertex -0.000822972972 0 -0.00856792927
  endloop
 endfacet

 facet normal 2.38419005e-07 1 -3.57627044e-07
  outer loop
  vertex -0.00733673479 0 -0.0087483516
  vertex -0.00717687607 0 -0.00856792927
  vertex -0.000822972972 0 -0.00856792927
  endloop
 endfacet

 facet normal 2.38418011e-07 1 -3.57627044e-07
  outer loop
  vertex -0.0044999118 0 -0.0159997903
  vertex -0.0044999118 0 -0.0169997793
  vertex -0.0124998 0 -0.0169997793
  endloop
 endfacet

 facet normal 2.38417016e-07 1 -3.57629006e-07
  outer loop
  vertex -0.00753515912 0 -0.008885324
  vertex -0.00733673479 0 -0.0087483516
  vertex -0.0044999118 0 -0.0159997903
  endloop
 endfacet

 facet normal 2.38419005e-07 1 -3.57628039e-07
  outer loop
  vertex -0.0124998 0 -0.0169997793
  vertex -0.00899255183 0 -0.000120534998
  vertex -0.00899255183 0 -0.00787931588
  endloop
 endfacet

 facet normal 2.38415026e-07 1 -3.57633041e-07
  outer loop
  vertex -0.00899255183 0 -0.000120534998
  vertex -0.00893485546 0 -0.000354599993
  vertex -0.00899255183 0 -0.00787931588
  endloop
 endfacet

 facet normal 2.38417016e-07 1 -3.57623037e-07
  outer loop
  vertex -0.00893485546 0 -0.000354599993
  vertex -0.00893485546 0 -0.0076452489
  vertex -0.00899255183 0 -0.00787931588
  endloop
 endfacet

 facet normal 2.38419005e-07 1 -3.57627044e-07
  outer loop
  vertex -0.00753515912 0 -0.008885324
  vertex -0.0044999118 0 -0.0159997903
  vertex -0.00776058389 0 -0.00897079706
  endloop
 endfacet

 facet normal 2.38419005e-07 1 -3.57628039e-07
  outer loop
  vertex -0.0044999118 0 -0.0159997903
  vertex -0.0124998 0 -0.0169997793
  vertex -0.00823920872 0 -0.00897079706
  endloop
 endfacet

 facet normal 2.38418011e-07 1 -3.57627044e-07
  outer loop
  vertex -0.00776058389 0 -0.00897079706
  vertex -0.0044999118 0 -0.0159997903
  vertex -0.007999897 0 -0.00899988413
  endloop
 endfacet

 facet normal 2.3842e-07 1 -3.57630029e-07
  outer loop
  vertex -0.007999897 0 -0.00899988413
  vertex -0.0044999118 0 -0.0159997903
  vertex -0.00823920872 0 -0.00897079706
  endloop
 endfacet

 facet normal 2.38418011e-07 1 -3.57622042e-07
  outer loop
  vertex -0.0124998 0 -0.0169997793
  vertex -0.00899255183 0 -0.00787931588
  vertex -0.00899255183 0 -0.00812041666
  endloop
 endfacet

 facet normal 2.38421023e-07 1 -3.57630029e-07
  outer loop
  vertex -0.0124998 0 -0.0169997793
  vertex -0.00899255183 0 -0.00812041666
  vertex -0.00893485546 0 -0.00835448503
  endloop
 endfacet

 facet normal 2.38416007e-07 1 -3.57626021e-07
  outer loop
  vertex -0.0124998 0 -0.0169997793
  vertex -0.00893485546 0 -0.00835448503
  vertex -0.00882285833 0 -0.00856792927
  endloop
 endfacet

 facet normal 2.38421023e-07 1 -3.57629006e-07
  outer loop
  vertex -0.0124998 0 -0.0169997793
  vertex -0.00882285833 0 -0.00856792927
  vertex -0.00866299774 0 -0.0087483516
  endloop
 endfacet

 facet normal 2.38419005e-07 1 -3.57630029e-07
  outer loop
  vertex -0.00846457388 0 -0.008885324
  vertex -0.00823920872 0 -0.00897079706
  vertex -0.0124998 0 -0.0169997793
  endloop
 endfacet

 facet normal 0 1 -4.53124017e-07
  outer loop
  vertex 0.0037415619 -0.00149994995 0.00141417899
  vertex 0.0038843751 -0.00149994995 0.000954339979
  vertex 0.00354450895 -0.00149994995 0.00185352506
  endloop
 endfacet

 facet normal 0 1 -4.66904055e-07
  outer loop
  vertex 0.0038843751 -0.00149994995 0.000954339979
  vertex 0.00397092104 -0.00149994995 0.000480652991
  vertex 0.00354450895 -0.00149994995 0.00185352506
  endloop
 endfacet

 facet normal -4.08032975e-06 1 -2.42202987e-07
  outer loop
  vertex 0.00397092104 -0.00149994995 0.000480652991
  vertex 0.00399994804 -0.00149994995 0
  vertex 0.00397092104 -0.00149994995 -0.000480651972
  endloop
 endfacet

 facet normal -5.46685033e-06 1 -2.42202987e-07
  outer loop
  vertex 0.00397092104 -0.00149994995 -0.000480651972
  vertex 0.0038843751 -0.00149994995 -0.000954337942
  vertex 0.00397092104 -0.00149994995 0.000480652991
  endloop
 endfacet

 facet normal 2.75338016e-06 1 -4.02687022e-07
  outer loop
  vertex 0.0038843751 -0.00149994995 -0.000954337942
  vertex 0.0037415619 -0.00149994995 -0.00141417899
  vertex 0.00397092104 -0.00149994995 0.000480652991
  endloop
 endfacet

 facet normal 4.08032975e-06 1 -1.25257998e-06
  outer loop
  vertex 0.0037415619 -0.00149994995 -0.00141417899
  vertex 0.00354450895 -0.00149994995 -0.00185352506
  vertex 0.00329613592 -0.00149994995 -0.00226604892
  endloop
 endfacet

 facet normal 1.16063006e-06 1 -3.52011028e-07
  outer loop
  vertex 0.00329613592 -0.00149994995 -0.00226604892
  vertex 0.00299996091 -0.00149994995 -0.0026456709
  vertex 0.00299996091 -0.00149994995 0.0026456709
  endloop
 endfacet

 facet normal 1.66815005e-06 1 -3.09029019e-07
  outer loop
  vertex 0.00299996091 -0.00149994995 0.0026456709
  vertex 0.00329613592 -0.00149994995 0.00226604892
  vertex 0.00397092104 -0.00149994995 0.000480652991
  endloop
 endfacet

 facet normal -2.75337015e-06 1 -7.50041067e-07
  outer loop
  vertex 0.00329613592 -0.00149994995 0.00226604892
  vertex 0.00354450895 -0.00149994995 0.00185352506
  vertex 0.00397092104 -0.00149994995 0.000480652991
  endloop
 endfacet

 facet normal 0 1 -3.82400998e-07
  outer loop
  vertex 0.0037415619 -0.00149994995 -0.00141417899
  vertex 0.00329613592 -0.00149994995 -0.00226604892
  vertex 0.00299996091 -0.00149994995 0.0026456709
  endloop
 endfacet

 facet normal 0 -5.25111034e-07 -1
  outer loop
  vertex 0.00915455818 -0.00249993801 -0.00599986315
  vertex 0.00915455818 -0.00399994804 -0.00599986315
  vertex 0.00684517622 -0.00399994804 -0.00599986315
  endloop
 endfacet

 facet normal 0.594176829 -0.727994978 0.342019349
  outer loop
  vertex -0.00856792927 -0.00467693806 -0.0179997608
  vertex -0.00856792927 -0.00467693806 -0.0159997903
  vertex -0.0087483516 -0.00483679678 -0.0159997903
  endloop
 endfacet

 facet normal -0.0501666926 0.697001219 0.715312958
  outer loop
  vertex -0.00808477402 -0.00749808503 0.0189997498
  vertex -0.00774586201 -0.00748366117 0.0189997498
  vertex -0.00774586201 -0.00748366117 0.0179997608
  endloop
 endfacet

 facet normal 0.864432991 -0.368481696 0.342018723
  outer loop
  vertex 0.00711440993 -0.00503516104 0.0159997903
  vertex 0.00711440993 -0.00503516104 0.0179997608
  vertex 0.00702893687 -0.00526058581 0.0179997608
  endloop
 endfacet

 facet normal 0.727994919 -0.342019439 -0.594176888
  outer loop
  vertex -0.000663115003 -0.00249993801 -0.00725138094
  vertex -0.00082297402 -0.00249993801 -0.00743180513
  vertex -0.000822972972 0 -0.00743180513
  endloop
 endfacet

 facet normal 0.297413886 -0.342018872 0.891385496
  outer loop
  vertex -0.00846457388 -0.00249993801 0.00711440993
  vertex -0.00823920872 -0.00249993801 0.00702893687
  vertex -0.00823920872 0 0.00702893687
  endloop
 endfacet

 facet normal -0.813715816 -0.342018604 0.469989181
  outer loop
  vertex -0.00717687607 0 -0.000568057003
  vertex -0.00717687607 -0.00249993801 -0.000568057003
  vertex -0.00706487801 -0.00249993801 -0.000354599004
  endloop
 endfacet

 facet normal 0.476900339 -0.510777712 -0.715312779
  outer loop
  vertex -0.00944375899 -0.00411605788 -0.0179997608
  vertex -0.00944375899 -0.00411605788 -0.0189997498
  vertex -0.00918912794 -0.00389194395 -0.0189997498
  endloop
 endfacet

 facet normal -0.684983313 -0.138290823 0.715313733
  outer loop
  vertex -0.00600707484 -0.0053302641 0.0189997498
  vertex -0.00606441405 -0.00499594212 0.0189997498
  vertex -0.00606441405 -0.00499594212 0.0179997608
  endloop
 endfacet

 facet normal -0.727995098 -0.34201929 -0.594176829
  outer loop
  vertex 0.000822972972 0 0.00856792927
  vertex 0.000822972972 -0.00249993801 0.00856792927
  vertex 0.000663113955 -0.00249993801 0.0087483516
  endloop
 endfacet

 facet normal -0.368479162 0.34201926 0.864433885
  outer loop
  vertex 0.000464716984 -0.00249993801 -0.008885324
  vertex 0.000464716984 0 -0.008885324
  vertex 0.000239312998 0 -0.00897079706
  endloop
 endfacet

 facet normal -2.62555034e-07 -1 3.49250001e-07
  outer loop
  vertex 0.0114639401 -0.00299996091 0.007999897
  vertex 0.00973188784 -0.00299996091 0.00299996091
  vertex 0.0114639401 -0.00299996091 0
  endloop
 endfacet

 facet normal -2.62555034e-07 -1 3.78354002e-07
  outer loop
  vertex 0.0114639401 -0.00299996091 0
  vertex 0.00973188784 -0.00299996091 -0.00499987602
  vertex 0.0114639401 -0.00299996091 -0.007999897
  endloop
 endfacet

 facet normal 0 -1 3.4924102e-07
  outer loop
  vertex 0.0114639401 -0.00299996091 0.007999897
  vertex 0.0114639401 -0.00299996091 0
  vertex 0.0114998203 -0.00299990107 0.0154997697
  endloop
 endfacet

 facet normal 0 -1 3.78357015e-07
  outer loop
  vertex 0.0114639401 -0.00299996091 0
  vertex 0.0114639401 -0.00299996091 -0.007999897
  vertex 0.0114998203 -0.00299996091 -0.0154997697
  endloop
 endfacet

 facet normal -1.38878008e-07 -1 3.11082999e-07
  outer loop
  vertex 0.0114998203 -0.00299990107 0.0154997697
  vertex 0.00973188784 -0.00299990107 0.01099985
  vertex 0.0114639401 -0.00299996091 0.007999897
  endloop
 endfacet

 facet normal -5.55512031e-07 -1 3.4251002e-07
  outer loop
  vertex 0.00626784516 -0.00299996091 -0.01099985
  vertex 0.00453579379 -0.00299996091 -0.007999897
  vertex 0.0044999118 -0.00299996091 -0.0154997697
  endloop
 endfacet

 facet normal -2.33382991e-07 -1 3.64331015e-07
  outer loop
  vertex 0.00973188784 -0.00299996091 -0.01099985
  vertex 0.00626784516 -0.00299996091 -0.01099985
  vertex 0.0044999118 -0.00299996091 -0.0154997697
  endloop
 endfacet

 facet normal 6.53832012e-06 -1 3.53025001e-07
  outer loop
  vertex 0.0114998203 -0.00299996091 -0.0154997697
  vertex 0.0114998203 -0.00299990107 0.0154997697
  vertex 0.0114639401 -0.00299996091 0
  endloop
 endfacet

 facet normal -2.88736004e-07 -1 3.61124023e-07
  outer loop
  vertex 0.00973188784 -0.00299996091 -0.01099985
  vertex 0.0044999118 -0.00299996091 -0.0154997697
  vertex 0.0114998203 -0.00299996091 -0.0154997697
  endloop
 endfacet

 facet normal -0.0754498094 -0.342019379 -0.936658978
  outer loop
  vertex 0.00823920872 -0.00249993801 0.000970929977
  vertex 0.007999897 -0.00249993801 0.00099998794
  vertex 0.007999897 0 0.000999987009
  endloop
 endfacet

 facet normal 0.727995217 -0.34201926 -0.594176471
  outer loop
  vertex -0.00866299774 -0.00249993801 -0.00725138094
  vertex -0.00882285833 -0.00249993801 -0.00743180513
  vertex -0.00882285833 0 -0.00743180513
  endloop
 endfacet

 facet normal -0.677595019 -0.342018932 -0.65106684
  outer loop
  vertex -0.00717687607 -0.00249993801 -0.00743180513
  vertex -0.00733673479 -0.00249993801 -0.00725138094
  vertex -0.00733673479 0 -0.00725138094
  endloop
 endfacet

 facet normal 0.866025567 -4.41065936e-07 0.499999851
  outer loop
  vertex -0.00230932189 -0.00399994804 -0.0079998374
  vertex -0.00115466095 -0.00399994804 -0.00999987125
  vertex -0.00115466095 -0.00249993801 -0.00999987125
  endloop
 endfacet

 facet normal 0.670787573 -0.195883811 0.715313613
  outer loop
  vertex -0.00988560915 -0.0048336382 0.0179997608
  vertex -0.00988560915 -0.0048336382 0.0189997498
  vertex -0.00997108221 -0.00516188098 0.0189997498
  endloop
 endfacet

 facet normal 0.920735121 -0.342019439 -0.187801719
  outer loop
  vertex -0.000935004966 -0.00249993801 0.00835448503
  vertex -0.000992696965 -0.00249993801 0.00812041666
  vertex -0.000992695917 0 0.00812041666
  endloop
 endfacet

 facet normal -0.866025448 5.25110011e-07 0.49999997
  outer loop
  vertex 0.00453579379 -0.00399994804 -0.0079998374
  vertex 0.00626784516 -0.00399994804 -0.00499987602
  vertex 0.00626784516 -0.00299996091 -0.00499987602
  endloop
 endfacet

 facet normal -0.564645112 -0.342018574 0.751132011
  outer loop
  vertex 0.000464716984 -0.00249993801 0.00711440993
  vertex 0.000663113955 -0.00249993801 0.00725138094
  vertex 0.000663113955 0 0.00725138094
  endloop
 endfacet

 facet normal -1 4.65667057e-07 -1.21244e-07
  outer loop
  vertex -0.0124998 -0.00199997402 -0.0189997498
  vertex -0.0124998 -0.00599992182 -0.0189997498
  vertex -0.0124998 -0.00599992182 -0.0159997903
  endloop
 endfacet

 facet normal -1 5.32190995e-07 -3.46483006e-07
  outer loop
  vertex -0.0124998 -0.00199997402 -0.0189997498
  vertex -0.0124998 -0.00599992182 -0.0159997903
  vertex -0.0124998 -0.0044999118 -0.0144997798
  endloop
 endfacet

 facet normal -1 2.06962994e-07 0
  outer loop
  vertex -0.0124998 0 0.0169997793
  vertex -0.0124998 0 -0.0169997793
  vertex -0.0124998 -0.0044999118 0.0144997798
  endloop
 endfacet

 facet normal -1 1.33048019e-07 5.19725006e-07
  outer loop
  vertex -0.0124998 0 -0.0169997793
  vertex -0.0124998 -0.00199997402 -0.0189997498
  vertex -0.0124998 -0.0044999118 -0.0144997798
  endloop
 endfacet

 facet normal -1 2.06962994e-07 0
  outer loop
  vertex -0.0124998 -0.0044999118 0.0144997798
  vertex -0.0124998 0 -0.0169997793
  vertex -0.0124998 -0.0044999118 -0.0144997798
  endloop
 endfacet

 facet normal -1 4.65667057e-07 0
  outer loop
  vertex -0.0124998 -0.00599986315 0.0189997498
  vertex -0.0124998 -0.00199991395 0.0189997498
  vertex -0.0124998 -0.00599986315 0.0159997903
  endloop
 endfacet

 facet normal -1 1.33048019e-07 -5.19725006e-07
  outer loop
  vertex -0.0124998 -0.00199991395 0.0189997498
  vertex -0.0124998 0 0.0169997793
  vertex -0.0124998 -0.0044999118 0.0144997798
  endloop
 endfacet

 facet normal 0.0380021669 0.938923955 -0.342019826
  outer loop
  vertex -0.00787931588 -0.00649261381 0.0159997903
  vertex -0.00812041666 -0.00649261381 0.0159997903
  vertex -0.00812041666 -0.00649261381 0.0179997608
  endloop
 endfacet

 facet normal 1 -2.32834026e-07 -3.0317301e-07
  outer loop
  vertex 0.00249993801 -0.00599992182 -0.0179997608
  vertex 0.00249993801 -0.00599992182 -0.0189997498
  vertex 0.00249993801 -0.00299996091 -0.0189997498
  endloop
 endfacet

 facet normal 0 4.79682001e-07 1
  outer loop
  vertex 0.00299996091 0 -0.00499993516
  vertex -0.00299996091 0 -0.00499993516
  vertex -0.00299996091 -0.0044999118 -0.00499987602
  endloop
 endfacet

 facet normal 0.15089938 -0.342019439 -0.927497804
  outer loop
  vertex -0.007999897 -0.00249993801 0.00099998794
  vertex -0.00823920872 -0.00249993801 0.000970929977
  vertex -0.00823920872 0 0.00097092893
  endloop
 endfacet

 facet normal -0.0754504278 -0.342019081 -0.936658978
  outer loop
  vertex -0.00776058389 -0.00249993801 0.00897079706
  vertex -0.007999897 -0.00249993801 0.00899988413
  vertex -0.007999897 0 0.00899988413
  endloop
 endfacet

 facet normal -0.297414809 -0.34201929 -0.891385078
  outer loop
  vertex 0.00846457388 -0.00249993801 -0.00711440993
  vertex 0.00823920872 -0.00249993801 -0.00702893687
  vertex 0.00823920872 0 -0.00702893687
  endloop
 endfacet

 facet normal 0.368479162 -0.342018723 0.864434063
  outer loop
  vertex -0.00846457388 0 -0.008885324
  vertex -0.00846457388 -0.00249993801 -0.008885324
  vertex -0.00823920872 -0.00249993801 -0.00897079706
  endloop
 endfacet

 facet normal 0.15089944 -0.342019469 -0.927497804
  outer loop
  vertex -0.007999897 -0.00249993801 -0.00699984981
  vertex -0.00823920872 -0.00249993801 -0.00702893687
  vertex -0.00823920872 0 -0.00702893687
  endloop
 endfacet

 facet normal 0.866025627 0 0.499999613
  outer loop
  vertex -0.01030921 -0.00399994804 -0.0079998374
  vertex -0.00915455818 -0.00399994804 -0.00999987125
  vertex -0.00915455818 -0.00249993801 -0.00999987125
  endloop
 endfacet

 facet normal 0 0 1
  outer loop
  vertex 0.00725138094 -0.00616300106 0.0179997608
  vertex 0.00711440993 -0.00596463587 0.0179997608
  vertex 0.00625383807 -0.00647526886 0.0179997608
  endloop
 endfacet

 facet normal 0 0 1
  outer loop
  vertex 0.00625383807 -0.00647526886 0.0179997608
  vertex 0.00644379808 -0.00675630523 0.0179997608
  vertex 0.00725138094 -0.00616300106 0.0179997608
  endloop
 endfacet

 facet normal 0 0 1
  outer loop
  vertex 0.00644379808 -0.00675630523 0.0179997608
  vertex 0.00667852117 -0.00700122118 0.0179997608
  vertex 0.00725138094 -0.00616300106 0.0179997608
  endloop
 endfacet

 facet normal 0 0 1
  outer loop
  vertex 0.00725138094 -0.00616300106 0.0179997608
  vertex 0.00667852117 -0.00700122118 0.0179997608
  vertex 0.00743180513 -0.00632285979 0.0179997608
  endloop
 endfacet

 facet normal 0 0 1
  outer loop
  vertex 0.00667852117 -0.00700122118 0.0179997608
  vertex 0.00695127202 -0.00720292283 0.0179997608
  vertex 0.00743180513 -0.00632285979 0.0179997608
  endloop
 endfacet

 facet normal 0 -2.68586018e-06 1
  outer loop
  vertex 0.00695127202 -0.00720292283 0.0179997608
  vertex 0.00725418283 -0.00735562993 0.0179997608
  vertex 0.0076452489 -0.00643491698 0.0179997608
  endloop
 endfacet

 facet normal 0 6.73713089e-07 1
  outer loop
  vertex 0.00725418283 -0.00735562993 0.0179997608
  vertex 0.00757849216 -0.00745499087 0.0179997608
  vertex 0.0076452489 -0.00643491698 0.0179997608
  endloop
 endfacet

 facet normal 0 1.01270996e-06 1
  outer loop
  vertex 0.00757849216 -0.00745499087 0.0179997608
  vertex 0.00791496038 -0.00749808503 0.0179997608
  vertex 0.00787931588 -0.00649261381 0.0179997608
  endloop
 endfacet

 facet normal 0 0 1
  outer loop
  vertex 0.0076452489 -0.00643491698 0.0179997608
  vertex 0.00757849216 -0.00745499087 0.0179997608
  vertex 0.00787931588 -0.00649261381 0.0179997608
  endloop
 endfacet

 facet normal 0 -1.34615993e-06 1
  outer loop
  vertex 0.00791496038 -0.00749808503 0.0179997608
  vertex 0.00825387239 -0.00748366117 0.0179997608
  vertex 0.00812041666 -0.00649261381 0.0179997608
  endloop
 endfacet

 facet normal 0 0 1
  outer loop
  vertex 0.00825387239 -0.00748366117 0.0179997608
  vertex 0.00858551171 -0.00741219521 0.0179997608
  vertex 0.00812041666 -0.00649261381 0.0179997608
  endloop
 endfacet

 facet normal 0 0 1
  outer loop
  vertex 0.00791496038 -0.00749808503 0.0179997608
  vertex 0.00812041666 -0.00649261381 0.0179997608
  vertex 0.00787931588 -0.00649261381 0.0179997608
  endloop
 endfacet

 facet normal 0 0 1
  outer loop
  vertex 0.00858551171 -0.00741219521 0.0179997608
  vertex 0.00890028384 -0.00728571415 0.0179997608
  vertex 0.00835448503 -0.00643491698 0.0179997608
  endloop
 endfacet

 facet normal 0 5.39385974e-06 1
  outer loop
  vertex 0.00890028384 -0.00728571415 0.0179997608
  vertex 0.00918912794 -0.00710785296 0.0179997608
  vertex 0.00856792927 -0.00632285979 0.0179997608
  endloop
 endfacet

 facet normal 0 -5.3597596e-06 1
  outer loop
  vertex 0.00918912794 -0.00710785296 0.0179997608
  vertex 0.00944375899 -0.00688373996 0.0179997608
  vertex 0.0087483516 -0.00616300106 0.0179997608
  endloop
 endfacet

 facet normal 0 1.0791201e-05 1
  outer loop
  vertex 0.00944375899 -0.00688373996 0.0179997608
  vertex 0.00965684559 -0.00661981106 0.0179997608
  vertex 0.0087483516 -0.00616300106 0.0179997608
  endloop
 endfacet

 facet normal 0 0 1
  outer loop
  vertex 0.00965684559 -0.00661981106 0.0179997608
  vertex 0.00982230902 -0.00632369518 0.0179997608
  vertex 0.008885324 -0.00596463587 0.0179997608
  endloop
 endfacet

 facet normal 0 0 1
  outer loop
  vertex 0.00982230902 -0.00632369518 0.0179997608
  vertex 0.00993531942 -0.00600385619 0.0179997608
  vertex 0.00897079706 -0.00573921204 0.0179997608
  endloop
 endfacet

 facet normal 0 -1.12373991e-05 1
  outer loop
  vertex 0.00965684559 -0.00661981106 0.0179997608
  vertex 0.008885324 -0.00596463587 0.0179997608
  vertex 0.0087483516 -0.00616300106 0.0179997608
  endloop
 endfacet

 facet normal 0 -1.07746e-05 1
  outer loop
  vertex 0.00993531942 -0.00600385619 0.0179997608
  vertex 0.00999265909 -0.00566953421 0.0179997608
  vertex 0.00897079706 -0.00573921204 0.0179997608
  endloop
 endfacet

 facet normal 0 0 1
  outer loop
  vertex 0.00999265909 -0.00566953421 0.0179997608
  vertex 0.00999265909 -0.0053302641 0.0179997608
  vertex 0.00899988413 -0.00549989892 0.0179997608
  endloop
 endfacet

 facet normal 0 0 1
  outer loop
  vertex 0.00897079706 -0.00573921204 0.0179997608
  vertex 0.00999265909 -0.00566953421 0.0179997608
  vertex 0.00899988413 -0.00549989892 0.0179997608
  endloop
 endfacet

 facet normal 0 0 1
  outer loop
  vertex 0.00999265909 -0.0053302641 0.0179997608
  vertex 0.00993531942 -0.00499594212 0.0179997608
  vertex 0.00897079706 -0.00526058581 0.0179997608
  endloop
 endfacet

 facet normal 0 1.07506012e-05 1
  outer loop
  vertex 0.00993531942 -0.00499594212 0.0179997608
  vertex 0.00982230902 -0.00467610313 0.0179997608
  vertex 0.00897079706 -0.00526058581 0.0179997608
  endloop
 endfacet

 facet normal 0 -1.50393998e-05 1
  outer loop
  vertex 0.00897079706 -0.00526058581 0.0179997608
  vertex 0.00982230902 -0.00467610313 0.0179997608
  vertex 0.008885324 -0.00503516104 0.0179997608
  endloop
 endfacet

 facet normal 0 5.39942039e-06 1
  outer loop
  vertex 0.00982230902 -0.00467610313 0.0179997608
  vertex 0.00965684559 -0.00437998679 0.0179997608
  vertex 0.008885324 -0.00503516104 0.0179997608
  endloop
 endfacet

 facet normal 0 -5.39556004e-06 1
  outer loop
  vertex 0.00965684559 -0.00437998679 0.0179997608
  vertex 0.00944375899 -0.00411605788 0.0179997608
  vertex 0.0087483516 -0.00483679678 0.0179997608
  endloop
 endfacet

 facet normal 0 -5.36394055e-06 1
  outer loop
  vertex 0.00944375899 -0.00411605788 0.0179997608
  vertex 0.00918912794 -0.00389194395 0.0179997608
  vertex 0.00856792927 -0.00467693806 0.0179997608
  endloop
 endfacet

 facet normal 0 -2.69693987e-06 1
  outer loop
  vertex 0.00918912794 -0.00389194395 0.0179997608
  vertex 0.00890028384 -0.00371408393 0.0179997608
  vertex 0.00856792927 -0.00467693806 0.0179997608
  endloop
 endfacet

 facet normal 0 0 1
  outer loop
  vertex 0.00890028384 -0.00371408393 0.0179997608
  vertex 0.00858551171 -0.0035876031 0.0179997608
  vertex 0.00835448503 -0.00456488086 0.0179997608
  endloop
 endfacet

 facet normal 0 0 1
  outer loop
  vertex 0.00858551171 -0.0035876031 0.0179997608
  vertex 0.00825387239 -0.0035161369 0.0179997608
  vertex 0.00812041666 -0.00450718403 0.0179997608
  endloop
 endfacet

 facet normal 0 0 1
  outer loop
  vertex 0.00890028384 -0.00371408393 0.0179997608
  vertex 0.00835448503 -0.00456488086 0.0179997608
  vertex 0.00856792927 -0.00467693806 0.0179997608
  endloop
 endfacet

 facet normal 0 -1.34615016e-06 1
  outer loop
  vertex 0.00825387239 -0.0035161369 0.0179997608
  vertex 0.00791496038 -0.00350171304 0.0179997608
  vertex 0.00812041666 -0.00450718403 0.0179997608
  endloop
 endfacet

 facet normal 0 -2.70058035e-06 1
  outer loop
  vertex 0.00791496038 -0.00350171304 0.0179997608
  vertex 0.00757849216 -0.00354480697 0.0179997608
  vertex 0.00787931588 -0.00450718403 0.0179997608
  endloop
 endfacet

 facet normal 0 0 1
  outer loop
  vertex 0.00787931588 -0.00450718403 0.0179997608
  vertex 0.00757849216 -0.00354480697 0.0179997608
  vertex 0.0076452489 -0.00456488086 0.0179997608
  endloop
 endfacet

 facet normal 0 -2.69484985e-06 1
  outer loop
  vertex 0.00757849216 -0.00354480697 0.0179997608
  vertex 0.00725418283 -0.00364416791 0.0179997608
  vertex 0.0076452489 -0.00456488086 0.0179997608
  endloop
 endfacet

 facet normal 0 0 1
  outer loop
  vertex 0.00725418283 -0.00364416791 0.0179997608
  vertex 0.00695127202 -0.00379687501 0.0179997608
  vertex 0.0076452489 -0.00456488086 0.0179997608
  endloop
 endfacet

 facet normal 0 0 1
  outer loop
  vertex 0.0076452489 -0.00456488086 0.0179997608
  vertex 0.00695127202 -0.00379687501 0.0179997608
  vertex 0.00743180513 -0.00467693806 0.0179997608
  endloop
 endfacet

 facet normal 0 0 1
  outer loop
  vertex 0.00695127202 -0.00379687501 0.0179997608
  vertex 0.00667852117 -0.00399857713 0.0179997608
  vertex 0.00743180513 -0.00467693806 0.0179997608
  endloop
 endfacet

 facet normal 0 0 1
  outer loop
  vertex 0.00667852117 -0.00399857713 0.0179997608
  vertex 0.00644379808 -0.00424349308 0.0179997608
  vertex 0.00725138094 -0.00483679678 0.0179997608
  endloop
 endfacet

 facet normal 0 7.49103037e-06 1
  outer loop
  vertex 0.00743180513 -0.00467693806 0.0179997608
  vertex 0.00667852117 -0.00399857713 0.0179997608
  vertex 0.00725138094 -0.00483679678 0.0179997608
  endloop
 endfacet

 facet normal 0 0 1
  outer loop
  vertex 0.00644379808 -0.00424349308 0.0179997608
  vertex 0.00625383807 -0.00452452805 0.0179997608
  vertex 0.00725138094 -0.00483679678 0.0179997608
  endloop
 endfacet

 facet normal 0 0 1
  outer loop
  vertex 0.00625383807 -0.00452452805 0.0179997608
  vertex 0.00611412479 -0.0048336382 0.0179997608
  vertex 0.00711440993 -0.00503516104 0.0179997608
  endloop
 endfacet

 facet normal 0 0 1
  outer loop
  vertex 0.00725138094 -0.00483679678 0.0179997608
  vertex 0.00625383807 -0.00452452805 0.0179997608
  vertex 0.00711440993 -0.00503516104 0.0179997608
  endloop
 endfacet

 facet normal 0 0 1
  outer loop
  vertex 0.00611412479 -0.0048336382 0.0179997608
  vertex 0.00602865219 -0.00516188098 0.0179997608
  vertex 0.00702893687 -0.00526058581 0.0179997608
  endloop
 endfacet

 facet normal 0 1.07635005e-05 1
  outer loop
  vertex 0.00602865219 -0.00516188098 0.0179997608
  vertex 0.00599986315 -0.00549989892 0.0179997608
  vertex 0.00699984981 -0.00549989892 0.0179997608
  endloop
 endfacet

 facet normal 0 -1.50177002e-05 1
  outer loop
  vertex 0.00702893687 -0.00526058581 0.0179997608
  vertex 0.00602865219 -0.00516188098 0.0179997608
  vertex 0.00699984981 -0.00549989892 0.0179997608
  endloop
 endfacet

 facet normal 0 -1.07635005e-05 1
  outer loop
  vertex 0.00599986315 -0.00549989892 0.0179997608
  vertex 0.00602865219 -0.00583791686 0.0179997608
  vertex 0.00699984981 -0.00549989892 0.0179997608
  endloop
 endfacet

 facet normal 0 -1.08016011e-05 1
  outer loop
  vertex 0.00602865219 -0.00583791686 0.0179997608
  vertex 0.00611412479 -0.00616616011 0.0179997608
  vertex 0.00702893687 -0.00573921204 0.0179997608
  endloop
 endfacet

 facet normal 0 1.50177002e-05 1
  outer loop
  vertex 0.00699984981 -0.00549989892 0.0179997608
  vertex 0.00602865219 -0.00583791686 0.0179997608
  vertex 0.00702893687 -0.00573921204 0.0179997608
  endloop
 endfacet

 facet normal 0 3.74586011e-06 1
  outer loop
  vertex 0.00965684559 -0.00437998679 0.0179997608
  vertex 0.0087483516 -0.00483679678 0.0179997608
  vertex 0.008885324 -0.00503516104 0.0179997608
  endloop
 endfacet

 facet normal 0 1.50816995e-05 1
  outer loop
  vertex 0.0087483516 -0.00483679678 0.0179997608
  vertex 0.00944375899 -0.00411605788 0.0179997608
  vertex 0.00856792927 -0.00467693806 0.0179997608
  endloop
 endfacet

 facet normal 0 0 1
  outer loop
  vertex 0.00890028384 -0.00728571415 0.0179997608
  vertex 0.00856792927 -0.00632285979 0.0179997608
  vertex 0.00835448503 -0.00643491698 0.0179997608
  endloop
 endfacet

 facet normal 0 3.76304024e-06 1
  outer loop
  vertex 0.00695127202 -0.00720292283 0.0179997608
  vertex 0.0076452489 -0.00643491698 0.0179997608
  vertex 0.00743180513 -0.00632285979 0.0179997608
  endloop
 endfacet

 facet normal 0 0 1
  outer loop
  vertex 0.00918912794 -0.00710785296 0.0179997608
  vertex 0.0087483516 -0.00616300106 0.0179997608
  vertex 0.00856792927 -0.00632285979 0.0179997608
  endloop
 endfacet

 facet normal 0 1.50393007e-05 1
  outer loop
  vertex 0.008885324 -0.00596463587 0.0179997608
  vertex 0.00982230902 -0.00632369518 0.0179997608
  vertex 0.00897079706 -0.00573921204 0.0179997608
  endloop
 endfacet

 facet normal 0 0 1
  outer loop
  vertex 0.00611412479 -0.0048336382 0.0179997608
  vertex 0.00702893687 -0.00526058581 0.0179997608
  vertex 0.00711440993 -0.00503516104 0.0179997608
  endloop
 endfacet

 facet normal 0 0 1
  outer loop
  vertex 0.00835448503 -0.00643491698 0.0179997608
  vertex 0.00812041666 -0.00649261381 0.0179997608
  vertex 0.00858551171 -0.00741219521 0.0179997608
  endloop
 endfacet

 facet normal 0 0 1
  outer loop
  vertex 0.00791496038 -0.00350171304 0.0179997608
  vertex 0.00787931588 -0.00450718403 0.0179997608
  vertex 0.00812041666 -0.00450718403 0.0179997608
  endloop
 endfacet

 facet normal 0 0 1
  outer loop
  vertex 0.00812041666 -0.00450718403 0.0179997608
  vertex 0.00835448503 -0.00456488086 0.0179997608
  vertex 0.00858551171 -0.0035876031 0.0179997608
  endloop
 endfacet

 facet normal 0.699326515 0.712553263 0.0566589162
  outer loop
  vertex -0.00397092104 -0.00149994995 -0.000480651972
  vertex -0.00397092104 0 -0.000480651972
  vertex -0.00399994804 0 0
  endloop
 endfacet

 facet normal -0.567213058 0.4081617 -0.715313494
  outer loop
  vertex -0.00625383807 -0.00647526886 -0.0189997498
  vertex -0.00644379808 -0.00675630523 -0.0189997498
  vertex -0.00644379808 -0.00675630523 -0.0179997608
  endloop
 endfacet

 facet normal 0.167239055 0.678495646 -0.715314388
  outer loop
  vertex 0.00774586201 -0.00748366117 -0.0189997498
  vertex 0.00741422083 -0.00741219521 -0.0189997498
  vertex 0.00741422083 -0.00741219521 -0.0179997608
  endloop
 endfacet

 facet normal 0 1.05022013e-06 1
  outer loop
  vertex 0.00626784516 -0.00399994804 -0.00499987602
  vertex 0.00973188784 -0.00399994804 -0.00499987602
  vertex 0.00973188784 -0.00299996091 -0.00499987602
  endloop
 endfacet

 facet normal 0.902546227 -0.34201929 0.261597306
  outer loop
  vertex -0.00899255183 -0.00249993801 0.00787931588
  vertex -0.00893485546 -0.00249993801 0.0076452489
  vertex -0.00893485546 0 0.0076452489
  endloop
 endfacet

 facet normal 0.727994561 -0.342019647 -0.594177008
  outer loop
  vertex -0.000663115003 -0.00249993801 0.0087483516
  vertex -0.00082297402 -0.00249993801 0.00856792927
  vertex -0.000822972972 0 0.00856792927
  endloop
 endfacet

 facet normal -0.645964622 0.71255368 0.273855746
  outer loop
  vertex 0.0037415619 -0.00149994995 -0.00141417899
  vertex 0.0037415619 0 -0.00141417899
  vertex 0.00354450895 0 -0.00185352506
  endloop
 endfacet

 facet normal 0.727995038 -0.342018902 0.594177008
  outer loop
  vertex -0.000822972972 0 0.00743180513
  vertex -0.00082297402 -0.00249993801 0.00743180513
  vertex -0.000663115003 -0.00249993801 0.00725138094
  endloop
 endfacet

 facet normal -0.902546525 -0.342018783 0.261597008
  outer loop
  vertex -0.00706487801 0 -0.000354599993
  vertex -0.00706487801 -0.00249993801 -0.000354599004
  vertex -0.00700718118 -0.00249993801 -0.000120534001
  endloop
 endfacet

 facet normal -0.794306278 -0.502096176 -0.342019171
  outer loop
  vertex 0.0087483516 -0.00483679678 0.0159997903
  vertex 0.008885324 -0.00503516104 0.0159997903
  vertex 0.008885324 -0.00503516104 0.0179997608
  endloop
 endfacet

 facet normal 0.279499561 -0.640473604 -0.715313733
  outer loop
  vertex 0.00709944917 -0.00371408393 -0.0179997608
  vertex 0.00709944917 -0.00371408393 -0.0189997498
  vertex 0.00741422083 -0.0035876031 -0.0189997498
  endloop
 endfacet

 facet normal -0.368479848 0.342019528 0.864433527
  outer loop
  vertex -0.00753515912 -0.00249993801 -0.000885443937
  vertex -0.00753515912 0 -0.000885444984
  vertex -0.00776058389 0 -0.00097092893
  endloop
 endfacet

 facet normal 0.502094507 -0.342018843 0.794307351
  outer loop
  vertex -0.000663115003 -0.00249993801 0.00725138094
  vertex -0.000464718003 -0.00249993801 0.00711440993
  vertex -0.000464716984 0 0.00711440993
  endloop
 endfacet

 facet normal 0.813715875 -0.342019409 -0.469988674
  outer loop
  vertex -0.00882285833 0 0.00856792927
  vertex -0.00882285833 -0.00249993801 0.00856792927
  vertex -0.00893485546 -0.00249993801 0.00835448503
  endloop
 endfacet

 facet normal 0.866025329 -1.57532986e-06 -0.500000298
  outer loop
  vertex 0.00346404291 -0.00299990107 0.007999897
  vertex 0.00346404291 -0.00399988797 0.007999897
  vertex 0.00230932189 -0.00399988797 0.00599992182
  endloop
 endfacet

 facet normal -0.727995992 -0.342018485 0.594175935
  outer loop
  vertex -0.00733673479 -0.00249993801 -0.000748499995
  vertex -0.00717687607 -0.00249993801 -0.000568057003
  vertex -0.00717687607 0 -0.000568057003
  endloop
 endfacet

 facet normal 0.261597365 -0.902546227 0.342018783
  outer loop
  vertex 0.00787931588 -0.00450718403 -0.0159997903
  vertex 0.0076452489 -0.00456488086 -0.0159997903
  vertex 0.0076452489 -0.00456488086 -0.0179997608
  endloop
 endfacet

 facet normal 0.684983194 0.138292059 -0.715313435
  outer loop
  vertex -0.00993531942 -0.00600385619 -0.0179997608
  vertex -0.00993531942 -0.00600385619 -0.0189997498
  vertex -0.00999265909 -0.00566953421 -0.0189997498
  endloop
 endfacet

 facet normal 0.184897453 -0.673897326 0.715314925
  outer loop
  vertex 0.00757849216 -0.00354480697 0.0179997608
  vertex 0.00757849216 -0.00354480697 0.0189997498
  vertex 0.00725418283 -0.00364416791 0.0189997498
  endloop
 endfacet

 facet normal -0.368479371 -0.342018455 0.864434183
  outer loop
  vertex 0.000239311994 -0.00249993801 0.00702893687
  vertex 0.000464716984 -0.00249993801 0.00711440993
  vertex 0.000464716984 0 0.00711440993
  endloop
 endfacet

 facet normal 0.92073524 -0.342019171 -0.187801674
  outer loop
  vertex -0.000935004966 -0.00249993801 -0.0076452489
  vertex -0.000992696965 -0.00249993801 -0.00787931588
  vertex -0.000992695917 0 -0.00787931588
  endloop
 endfacet

 facet normal 0 0 -1
  outer loop
  vertex -0.00626784516 -0.00299996091 -0.01099985
  vertex -0.00626784516 -0.00399994804 -0.01099985
  vertex -0.00973188784 -0.00399994804 -0.01099985
  endloop
 endfacet

 facet normal 0.866025627 -1.31277986e-07 -0.499999642
  outer loop
  vertex 0.0114639401 -0.00399994804 0
  vertex 0.00973188784 -0.00399994804 -0.00299990107
  vertex 0.00973188784 -0.00299996091 -0.00299990107
  endloop
 endfacet

 facet normal -0.599784017 -0.358588427 0.715313554
  outer loop
  vertex -0.00617742492 -0.00467610313 0.0189997498
  vertex -0.00634288695 -0.00437992811 0.0189997498
  vertex -0.00634288695 -0.00437992811 0.0179997608
  endloop
 endfacet

 facet normal -0.18780151 -0.920735359 0.342019111
  outer loop
  vertex -0.0076452489 -0.00456488086 -0.0159997903
  vertex -0.00787931588 -0.00450718403 -0.0159997903
  vertex -0.00787931588 -0.00450718403 -0.0179997608
  endloop
 endfacet

 facet normal -0.297415018 -0.342019141 -0.891385019
  outer loop
  vertex -0.00753515912 -0.00249993801 -0.00711440993
  vertex -0.00776058389 -0.00249993801 -0.00702893687
  vertex -0.00776058389 0 -0.00702893687
  endloop
 endfacet

 facet normal -0.697727084 -0.0387717187 -0.715313852
  outer loop
  vertex -0.00602865219 -0.00516188098 -0.0189997498
  vertex -0.00599992182 -0.00549989892 -0.0189997498
  vertex -0.00599992182 -0.00549989892 -0.0179997608
  endloop
 endfacet

 facet normal 0.681138754 0.156127676 0.71531409
  outer loop
  vertex -0.00997108221 -0.00583791686 0.0179997608
  vertex -0.00997108221 -0.00583791686 0.0189997498
  vertex -0.00988560915 -0.00616616011 0.0189997498
  endloop
 endfacet

 facet normal 0.694243312 -0.0797021687 0.715313792
  outer loop
  vertex 0.00602865219 -0.00516188098 0.0179997608
  vertex 0.00602865219 -0.00516188098 0.0189997498
  vertex 0.00599986315 -0.00549989892 0.0189997498
  endloop
 endfacet

 facet normal -0.56464541 -0.342018872 -0.751131475
  outer loop
  vertex -0.00733673479 0 -0.00725138094
  vertex -0.00733673479 -0.00249993801 -0.00725138094
  vertex -0.00753515912 -0.00249993801 -0.00711440993
  endloop
 endfacet

 facet normal 0.938924193 -0.34201926 -0.0380018912
  outer loop
  vertex -0.000992695917 0 -0.00787931588
  vertex -0.000992696965 -0.00249993801 -0.00787931588
  vertex -0.000992696965 -0.00249993801 -0.00812041666
  endloop
 endfacet

 facet normal -0.564645171 -0.342019081 -0.751131773
  outer loop
  vertex 0.000663113955 0 -0.00725138094
  vertex 0.000663113955 -0.00249993801 -0.00725138094
  vertex 0.000464716984 -0.00249993801 -0.00711440993
  endloop
 endfacet

 facet normal 0.65175885 -0.252064586 -0.715313852
  outer loop
  vertex 0.00606441405 -0.00499594212 -0.0189997498
  vertex 0.00617742492 -0.00467610313 -0.0189997498
  vertex 0.00617742492 -0.00467610313 -0.0179997608
  endloop
 endfacet

 facet normal -0.849036634 -0.342018723 0.402690977
  outer loop
  vertex 0.000822972972 -0.00249993801 -0.00856792927
  vertex 0.000935004035 -0.00249993801 -0.00835448503
  vertex 0.000935004035 0 -0.00835448503
  endloop
 endfacet

 facet normal -0.938924372 -0.342018872 -0.0380018614
  outer loop
  vertex 0.000992694986 -0.00249993801 -0.00812041666
  vertex 0.000992694986 -0.00249993801 -0.00787931588
  vertex 0.000992695917 0 -0.00787931588
  endloop
 endfacet

 facet normal 0.813716233 -0.342019171 -0.469988137
  outer loop
  vertex 0.00717687607 0 0.00856792927
  vertex 0.00717687607 -0.00249993801 0.00856792927
  vertex 0.00706487801 -0.00249993801 0.00835448503
  endloop
 endfacet

 facet normal 0.502095282 -0.342019618 -0.794306576
  outer loop
  vertex -0.00846457388 0 -0.00711440993
  vertex -0.00846457388 -0.00249993801 -0.00711440993
  vertex -0.00866299774 -0.00249993801 -0.00725138094
  endloop
 endfacet

 facet normal 0.0501665436 0.697000802 -0.715313435
  outer loop
  vertex -0.00791496038 -0.00749808503 -0.0189997498
  vertex -0.00825393107 -0.00748366117 -0.0189997498
  vertex -0.00825393107 -0.00748366117 -0.0179997608
  endloop
 endfacet

 facet normal 0.502095163 -0.342019111 0.794306874
  outer loop
  vertex -0.00866299774 -0.00249993801 -0.0087483516
  vertex -0.00846457388 -0.00249993801 -0.008885324
  vertex -0.00846457388 0 -0.008885324
  endloop
 endfacet

 facet normal 0.502095401 -0.342018902 0.794306755
  outer loop
  vertex -0.00866299774 -0.00249993801 -0.000748499995
  vertex -0.00846457388 -0.00249993801 -0.000885443937
  vertex -0.00846457388 0 -0.000885444984
  endloop
 endfacet

 facet normal 0.727995396 -0.342018574 0.59417665
  outer loop
  vertex -0.00882285833 0 -0.00856792927
  vertex -0.00882285833 -0.00249993801 -0.00856792927
  vertex -0.00866299774 -0.00249993801 -0.0087483516
  endloop
 endfacet

 facet normal 0.261595637 -0.90254879 0.342013866
  outer loop
  vertex -0.00812041666 -0.00450718403 -0.0159997903
  vertex -0.00835448503 -0.00456488086 -0.0159997903
  vertex -0.00835448503 -0.00456488086 -0.0179997608
  endloop
 endfacet

 facet normal -0.15089947 -0.342019439 -0.927497745
  outer loop
  vertex 0.000239312998 0 0.00897079706
  vertex 0.000239311994 -0.00249993801 0.00897079706
  vertex 0 -0.00249993801 0.00899988413
  endloop
 endfacet

 facet normal -0.866025448 5.25110011e-07 0.49999997
  outer loop
  vertex 0.00915455818 -0.00399994804 0.00599992182
  vertex 0.01030921 -0.00399994804 0.007999897
  vertex 0.01030921 -0.00249993801 0.007999897
  endloop
 endfacet

 facet normal -0.751132131 0.564644873 -0.342018515
  outer loop
  vertex -0.00711440993 -0.00596463587 0.0159997903
  vertex -0.00725138094 -0.00616300106 0.0159997903
  vertex -0.00725138094 -0.00616300106 0.0179997608
  endloop
 endfacet

 facet normal -0.651066959 -0.6775949 -0.342018992
  outer loop
  vertex -0.00743180513 -0.00467693806 0.0159997903
  vertex -0.00725138094 -0.00483679678 0.0159997903
  vertex -0.00725138094 -0.00483679678 0.0179997608
  endloop
 endfacet

 facet normal 1 -2.32834026e-07 0
  outer loop
  vertex -0.0044999118 0 -0.0169997793
  vertex -0.0044999118 0 -0.0159997903
  vertex -0.0044999118 -0.00199997402 -0.0159997903
  endloop
 endfacet

 facet normal -0.261597842 -0.902546346 -0.342018753
  outer loop
  vertex -0.00787931588 -0.00450718403 0.0159997903
  vertex -0.0076452489 -0.00456488086 0.0159997903
  vertex -0.0076452489 -0.00456488086 0.0179997608
  endloop
 endfacet

 facet normal -0.36847958 0.342019707 0.864433646
  outer loop
  vertex 0.00846457388 -0.00249993801 0.00711440993
  vertex 0.00846457388 0 0.00711440993
  vertex 0.00823920872 0 0.00702893687
  endloop
 endfacet

 facet normal 0.864433825 0.368479282 -0.342019051
  outer loop
  vertex 0.00711440993 -0.00596463587 0.0179997608
  vertex 0.00711440993 -0.00596463587 0.0159997903
  vertex 0.00702893687 -0.00573921204 0.0159997903
  endloop
 endfacet

 facet normal -0.651067972 -0.677594006 -0.342018515
  outer loop
  vertex 0.00856792927 -0.00467693806 0.0159997903
  vertex 0.0087483516 -0.00483679678 0.0159997903
  vertex 0.0087483516 -0.00483679678 0.0179997608
  endloop
 endfacet

 facet normal 0.866025448 0 0.49999997
  outer loop
  vertex 0.00973188784 -0.00299990107 0.01099985
  vertex 0.00973188784 -0.00399988797 0.01099985
  vertex 0.0114639401 -0.00399994804 0.007999897
  endloop
 endfacet

 facet normal 0 0 1
  outer loop
  vertex 0.0076452489 -0.00456488086 -0.0159997903
  vertex 0.00787931588 -0.00450718403 -0.0159997903
  vertex 0.0044999118 -0.0034999249 -0.0159997903
  endloop
 endfacet

 facet normal 0 0 1
  outer loop
  vertex 0.0044999118 -0.00599992182 -0.0159997903
  vertex 0.0034999249 -0.00599992182 -0.0159997903
  vertex 0.00649988605 -0.00899988413 -0.0159997903
  endloop
 endfacet

 facet normal 0 0 1
  outer loop
  vertex 0.0076452489 -0.00456488086 -0.0159997903
  vertex 0.0044999118 -0.0034999249 -0.0159997903
  vertex 0.00743180513 -0.00467693806 -0.0159997903
  endloop
 endfacet

 facet normal 0 0 1
  outer loop
  vertex 0.0044999118 -0.0034999249 -0.0159997903
  vertex 0.0044999118 -0.00599992182 -0.0159997903
  vertex 0.00702893687 -0.00526058581 -0.0159997903
  endloop
 endfacet

 facet normal 0 0 1
  outer loop
  vertex 0.00743180513 -0.00467693806 -0.0159997903
  vertex 0.0044999118 -0.0034999249 -0.0159997903
  vertex 0.00725138094 -0.00483679678 -0.0159997903
  endloop
 endfacet

 facet normal 0 0 1
  outer loop
  vertex 0.00725138094 -0.00483679678 -0.0159997903
  vertex 0.0044999118 -0.0034999249 -0.0159997903
  vertex 0.00711440993 -0.00503516104 -0.0159997903
  endloop
 endfacet

 facet normal 0 1.14719001e-06 1
  outer loop
  vertex 0.0044999118 -0.00599992182 -0.0159997903
  vertex 0.00649988605 -0.00899988413 -0.0159997903
  vertex 0.00725138094 -0.00616300106 -0.0159997903
  endloop
 endfacet

 facet normal 0 -4.83665985e-07 1
  outer loop
  vertex 0.00649988605 -0.00899988413 -0.0159997903
  vertex 0.00949984696 -0.00899988413 -0.0159997903
  vertex 0.00787931588 -0.00649261381 -0.0159997903
  endloop
 endfacet

 facet normal 3.08767028e-07 0 1
  outer loop
  vertex 0.00743180513 -0.00632285979 -0.0159997903
  vertex 0.00649988605 -0.00899988413 -0.0159997903
  vertex 0.0076452489 -0.00643491698 -0.0159997903
  endloop
 endfacet

 facet normal 0 0 1
  outer loop
  vertex 0.00949984696 -0.00899988413 -0.0159997903
  vertex 0.0124998 -0.00599992182 -0.0159997903
  vertex 0.0114998203 -0.00599992182 -0.0159997903
  endloop
 endfacet

 facet normal 0 3.58878015e-06 1
  outer loop
  vertex 0.0114998203 -0.00599992182 -0.0159997903
  vertex 0.008885324 -0.00503516104 -0.0159997903
  vertex 0.00897079706 -0.00526058581 -0.0159997903
  endloop
 endfacet

 facet normal 0 -7.88757006e-06 1
  outer loop
  vertex 0.0114998203 -0.00599992182 -0.0159997903
  vertex 0.00897079706 -0.00526058581 -0.0159997903
  vertex 0.00899988413 -0.00549989892 -0.0159997903
  endloop
 endfacet

 facet normal 0 0 1
  outer loop
  vertex 0.00711440993 -0.00503516104 -0.0159997903
  vertex 0.0044999118 -0.0034999249 -0.0159997903
  vertex 0.00702893687 -0.00526058581 -0.0159997903
  endloop
 endfacet

 facet normal 0 1.83550014e-06 1
  outer loop
  vertex 0.00949984696 -0.00899988413 -0.0159997903
  vertex 0.0114998203 -0.00599992182 -0.0159997903
  vertex 0.0087483516 -0.00616300106 -0.0159997903
  endloop
 endfacet

 facet normal 0 7.51354082e-06 1
  outer loop
  vertex 0.0114998203 -0.00599992182 -0.0159997903
  vertex 0.00899988413 -0.00549989892 -0.0159997903
  vertex 0.00897079706 -0.00573921204 -0.0159997903
  endloop
 endfacet

 facet normal 0 -3.0708602e-06 1
  outer loop
  vertex 0.0114998203 -0.00599992182 -0.0159997903
  vertex 0.00897079706 -0.00573921204 -0.0159997903
  vertex 0.008885324 -0.00596463587 -0.0159997903
  endloop
 endfacet

 facet normal 0 -1.24643002e-05 1
  outer loop
  vertex 0.00699984981 -0.00549989892 -0.0159997903
  vertex 0.00702893687 -0.00526058581 -0.0159997903
  vertex 0.0044999118 -0.00599992182 -0.0159997903
  endloop
 endfacet

 facet normal 0 -8.68597999e-06 1
  outer loop
  vertex 0.0114998203 -0.00599992182 -0.0159997903
  vertex 0.008885324 -0.00596463587 -0.0159997903
  vertex 0.0087483516 -0.00616300106 -0.0159997903
  endloop
 endfacet

 facet normal 0 1.18732005e-05 1
  outer loop
  vertex 0.00702893687 -0.00573921204 -0.0159997903
  vertex 0.00699984981 -0.00549989892 -0.0159997903
  vertex 0.0044999118 -0.00599992182 -0.0159997903
  endloop
 endfacet

 facet normal 0 0 1
  outer loop
  vertex 0.00711440993 -0.00596463587 -0.0159997903
  vertex 0.00702893687 -0.00573921204 -0.0159997903
  vertex 0.0044999118 -0.00599992182 -0.0159997903
  endloop
 endfacet

 facet normal -4.71128004e-07 1.43904003e-06 1
  outer loop
  vertex 0.00949984696 -0.00899988413 -0.0159997903
  vertex 0.0087483516 -0.00616300106 -0.0159997903
  vertex 0.00856792927 -0.00632285979 -0.0159997903
  endloop
 endfacet

 facet normal -3.08767028e-07 6.72873966e-07 1
  outer loop
  vertex 0.00949984696 -0.00899988413 -0.0159997903
  vertex 0.00856792927 -0.00632285979 -0.0159997903
  vertex 0.00835448503 -0.00643491698 -0.0159997903
  endloop
 endfacet

 facet normal 0 0 1
  outer loop
  vertex 0.00725138094 -0.00616300106 -0.0159997903
  vertex 0.00711440993 -0.00596463587 -0.0159997903
  vertex 0.0044999118 -0.00599992182 -0.0159997903
  endloop
 endfacet

 facet normal 4.71122974e-07 2.87805005e-06 1
  outer loop
  vertex 0.00743180513 -0.00632285979 -0.0159997903
  vertex 0.00725138094 -0.00616300106 -0.0159997903
  vertex 0.00649988605 -0.00899988413 -0.0159997903
  endloop
 endfacet

 facet normal -1.61244998e-07 3.41174996e-06 1
  outer loop
  vertex 0.00949984696 -0.00899988413 -0.0159997903
  vertex 0.00835448503 -0.00643491698 -0.0159997903
  vertex 0.00812041666 -0.00649261381 -0.0159997903
  endloop
 endfacet

 facet normal 0 0 1
  outer loop
  vertex 0.00949984696 -0.00899988413 -0.0159997903
  vertex 0.00812041666 -0.00649261381 -0.0159997903
  vertex 0.00787931588 -0.00649261381 -0.0159997903
  endloop
 endfacet

 facet normal 0.502094328 -0.342019498 -0.794307172
  outer loop
  vertex -0.000464716984 0 -0.00711440993
  vertex -0.000464718003 -0.00249993801 -0.00711440993
  vertex -0.000663115003 -0.00249993801 -0.00725138094
  endloop
 endfacet

 facet normal -0.86602515 0 0.500000417
  outer loop
  vertex -0.0114639401 -0.00299990107 0.007999897
  vertex -0.0114639401 -0.00399988797 0.007999897
  vertex -0.00973188784 -0.00399988797 0.01099985
  endloop
 endfacet

 facet normal -0.707106888 -0.707106709 0
  outer loop
  vertex -0.0124998 -0.00599992182 -0.0159997903
  vertex -0.0124998 -0.00599992182 -0.0189997498
  vertex -0.00949984696 -0.00899988413 -0.0189997498
  endloop
 endfacet

 facet normal 0 -1 4.65668052e-07
  outer loop
  vertex -0.00684517622 -0.00399988797 0.00199997402
  vertex -0.00569051504 -0.00399988797 0
  vertex -0.00453579379 -0.00399988797 0
  endloop
 endfacet

 facet normal -2.62555034e-07 -1 1.55223006e-07
  outer loop
  vertex -0.00973188784 -0.00399988797 -0.00299990107
  vertex -0.00626784516 -0.00399994804 -0.00299990107
  vertex -0.00915455818 -0.00399988797 -0.00199991395
  endloop
 endfacet

 facet normal 0 -1 3.49250001e-07
  outer loop
  vertex -0.00626784516 -0.00399994804 -0.00299990107
  vertex -0.00684517622 -0.00399988797 -0.00199991395
  vertex -0.00915455818 -0.00399988797 -0.00199991395
  endloop
 endfacet

 facet normal -1.05022013e-06 -1 1.55222011e-07
  outer loop
  vertex -0.00684517622 -0.00399988797 0.00199997402
  vertex -0.00453579379 -0.00399988797 0
  vertex -0.00626784516 -0.00399988797 0.00299996091
  endloop
 endfacet

 facet normal -3.93833005e-07 -1 0
  outer loop
  vertex -0.00915455818 -0.00399988797 0.00199997402
  vertex -0.00684517622 -0.00399988797 0.00199997402
  vertex -0.00626784516 -0.00399988797 0.00299996091
  endloop
 endfacet

 facet normal 0 -1 2.32833003e-07
  outer loop
  vertex -0.0114639401 -0.00399988797 0
  vertex -0.00973188784 -0.00399988797 -0.00299990107
  vertex -0.01030921 -0.00399988797 0
  endloop
 endfacet

 facet normal 0 -1 2.32835006e-07
  outer loop
  vertex -0.00973188784 -0.00399988797 -0.00299990107
  vertex -0.00915455818 -0.00399988797 -0.00199991395
  vertex -0.01030921 -0.00399988797 0
  endloop
 endfacet

 facet normal 0 -1 3.10444989e-07
  outer loop
  vertex -0.00915455818 -0.00399988797 0.00199997402
  vertex -0.00626784516 -0.00399988797 0.00299996091
  vertex -0.00973188784 -0.00399988797 0.00299996091
  endloop
 endfacet

 facet normal 0 -1 3.88056009e-07
  outer loop
  vertex -0.0114639401 -0.00399988797 0
  vertex -0.01030921 -0.00399988797 0
  vertex -0.00973188784 -0.00399988797 0.00299996091
  endloop
 endfacet

 facet normal -0.594177425 -0.727994323 0.342019737
  outer loop
  vertex 0.0087483516 -0.00483679678 -0.0159997903
  vertex 0.00856792927 -0.00467693806 -0.0159997903
  vertex 0.00856792927 -0.00467693806 -0.0179997608
  endloop
 endfacet

 facet normal 0.813715816 -0.342018932 0.469988912
  outer loop
  vertex -0.000935004966 -0.00249993801 0.0076452489
  vertex -0.00082297402 -0.00249993801 0.00743180513
  vertex -0.000822972972 0 0.00743180513
  endloop
 endfacet

 facet normal 1.30372996e-07 -1.01856017e-06 -1
  outer loop
  vertex -0.0034999249 -0.0044999118 -0.00599986315
  vertex -0.0034999249 -0.00299996091 -0.00599986315
  vertex -0.00230932189 -0.00399994804 -0.00599986315
  endloop
 endfacet

 facet normal 0 0 -1
  outer loop
  vertex -0.0034999249 -0.00299996091 -0.00599986315
  vertex -0.00230932189 -0.00299996091 -0.00599986315
  vertex -0.00230932189 -0.00399994804 -0.00599986315
  endloop
 endfacet

 facet normal 0 0 -1
  outer loop
  vertex 0.00230932189 -0.00299996091 -0.00599986315
  vertex 0.0034999249 -0.00299996091 -0.00599986315
  vertex 0.00230932189 -0.00399994804 -0.00599986315
  endloop
 endfacet

 facet normal -1.30372996e-07 -1.01856017e-06 -1
  outer loop
  vertex 0.0034999249 -0.00299996091 -0.00599986315
  vertex 0.0034999249 -0.0044999118 -0.00599986315
  vertex 0.00230932189 -0.00399994804 -0.00599986315
  endloop
 endfacet

 facet normal 0 1.03945001e-06 -1
  outer loop
  vertex 0.0034999249 -0.0044999118 -0.00599986315
  vertex -0.0034999249 -0.0044999118 -0.00599986315
  vertex -0.00115466095 -0.00399994804 -0.00599986315
  endloop
 endfacet

 facet normal 0 -1.57533009e-06 -1
  outer loop
  vertex -0.0034999249 -0.0044999118 -0.00599986315
  vertex -0.00230932189 -0.00399994804 -0.00599986315
  vertex -0.00115466095 -0.00399994804 -0.00599986315
  endloop
 endfacet

 facet normal 0 5.25111034e-07 -1
  outer loop
  vertex -0.00115466095 -0.00399994804 -0.00599986315
  vertex -0.00115466095 -0.00249993801 -0.00599986315
  vertex 0.00115466095 -0.00249993801 -0.00599986315
  endloop
 endfacet

 facet normal 0 -1.57533009e-06 -1
  outer loop
  vertex 0.00115466095 -0.00399994804 -0.00599986315
  vertex 0.00230932189 -0.00399994804 -0.00599986315
  vertex 0.0034999249 -0.0044999118 -0.00599986315
  endloop
 endfacet

 facet normal 0 -8.90603019e-07 -1
  outer loop
  vertex -0.00115466095 -0.00399994804 -0.00599986315
  vertex 0.00115466095 -0.00249993801 -0.00599986315
  vertex 0.00115466095 -0.00399994804 -0.00599986315
  endloop
 endfacet

 facet normal -0.866025686 5.25110067e-07 0.499999493
  outer loop
  vertex -0.0114639401 -0.00399994804 -0.0079998374
  vertex -0.00973188784 -0.00399994804 -0.00499987602
  vertex -0.00973188784 -0.00299996091 -0.00499987602
  endloop
 endfacet

 facet normal 0.866025329 0 0.500000179
  outer loop
  vertex 0.00173199095 -0.00299990107 0.01099985
  vertex 0.00173199095 -0.00399988797 0.01099985
  vertex 0.00346404291 -0.00399988797 0.007999897
  endloop
 endfacet

 facet normal -0.866025388 0 0.500000179
  outer loop
  vertex 0.00915455818 -0.00399994804 -0.00999981072
  vertex 0.01030921 -0.00399994804 -0.0079998374
  vertex 0.01030921 -0.00249993801 -0.007999897
  endloop
 endfacet

 facet normal 0.26159808 0.902545691 -0.342019826
  outer loop
  vertex -0.00812041666 -0.00649261381 0.0159997903
  vertex -0.00835448503 -0.00643491698 0.0159997903
  vertex -0.00835448503 -0.00643491698 0.0179997608
  endloop
 endfacet

 facet normal -0.89138484 -0.297415435 -0.342019171
  outer loop
  vertex 0.008885324 -0.00503516104 0.0159997903
  vertex 0.00897079706 -0.00526058581 0.0159997903
  vertex 0.00897079706 -0.00526058581 0.0179997608
  endloop
 endfacet

 facet normal 0.751134396 -0.564640224 0.342021227
  outer loop
  vertex -0.0087483516 -0.00483679678 0.0159997903
  vertex -0.0087483516 -0.00483679678 0.0179997608
  vertex -0.008885324 -0.00503516104 0.0179997608
  endloop
 endfacet

 facet normal 0.469988257 0.813716769 0.34201768
  outer loop
  vertex 0.00743180513 -0.00632285979 -0.0179997608
  vertex 0.00743180513 -0.00632285979 -0.0159997903
  vertex 0.0076452489 -0.00643491698 -0.0159997903
  endloop
 endfacet

 facet normal 0.368478835 -0.342019618 -0.864433885
  outer loop
  vertex -0.00823920872 -0.00249993801 0.00897079706
  vertex -0.00846457388 -0.00249993801 0.008885324
  vertex -0.00846457388 0 0.008885324
  endloop
 endfacet

 facet normal -0.40269199 0.84903568 -0.342019677
  outer loop
  vertex -0.00743180513 -0.00632285979 0.0159997903
  vertex -0.0076452489 -0.00643491698 0.0159997903
  vertex -0.0076452489 -0.00643491698 0.0179997608
  endloop
 endfacet

 facet normal -0.891385615 -0.297413498 -0.342018902
  outer loop
  vertex -0.00711440993 -0.00503516104 0.0159997903
  vertex -0.00702893687 -0.00526058581 0.0159997903
  vertex -0.00702893687 -0.00526058581 0.0179997608
  endloop
 endfacet

 facet normal -1 3.72534004e-07 0
  outer loop
  vertex 0.0114998203 -0.0044999118 0.0144997798
  vertex 0.0114998203 -0.00599986315 0.0159997903
  vertex 0.0114998203 -0.0034999249 0.0159997903
  endloop
 endfacet

 facet normal -1 0 0
  outer loop
  vertex 0.0114998203 -0.0034999249 0.0159997903
  vertex 0.0114998203 -0.00299990107 0.0154997697
  vertex 0.0114998203 -0.0044999118 0.0144997798
  endloop
 endfacet

 facet normal -1 0 0
  outer loop
  vertex 0.0114998203 -0.00299990107 0.0154997697
  vertex 0.0114998203 -0.00299996091 -0.0154997697
  vertex 0.0114998203 -0.0044999118 -0.0144997798
  endloop
 endfacet

 facet normal -1 0 0
  outer loop
  vertex 0.0114998203 -0.00299996091 -0.0154997697
  vertex 0.0114998203 -0.0034999249 -0.0159997903
  vertex 0.0114998203 -0.0044999118 -0.0144997798
  endloop
 endfacet

 facet normal -1 3.72534004e-07 0
  outer loop
  vertex 0.0114998203 -0.0034999249 -0.0159997903
  vertex 0.0114998203 -0.00599992182 -0.0159997903
  vertex 0.0114998203 -0.0044999118 -0.0144997798
  endloop
 endfacet

 facet normal -0.109095775 -0.690235078 -0.715313733
  outer loop
  vertex 0.00808477402 -0.00350171304 -0.0189997498
  vertex 0.00842124224 -0.00354480697 -0.0189997498
  vertex 0.00842124224 -0.00354480697 -0.0179997608
  endloop
 endfacet

 facet normal 0.368479937 -0.342019647 -0.864433348
  outer loop
  vertex -0.00823920872 -0.00249993801 -0.00702893687
  vertex -0.00846457388 -0.00249993801 -0.00711440993
  vertex -0.00846457388 0 -0.00711440993
  endloop
 endfacet

 facet normal 0.187801525 0.920735657 0.342018038
  outer loop
  vertex -0.00835448503 -0.00643491698 -0.0159997903
  vertex -0.00812041666 -0.00649261381 -0.0159997903
  vertex -0.00812041666 -0.00649261381 -0.0179997608
  endloop
 endfacet

 facet normal 0.469988465 0.813715577 -0.342020333
  outer loop
  vertex 0.0076452489 -0.00643491698 0.0159997903
  vertex 0.00743180513 -0.00632285979 0.0159997903
  vertex 0.00743180513 -0.00632285979 0.0179997608
  endloop
 endfacet

 facet normal -0.261596262 -0.902546644 -0.342018932
  outer loop
  vertex 0.00812041666 -0.00450718403 0.0159997903
  vertex 0.00835448503 -0.00456488086 0.0159997903
  vertex 0.00835448503 -0.00456488086 0.0179997608
  endloop
 endfacet

 facet normal -0.40269199 -0.84903568 0.342020035
  outer loop
  vertex 0.00856792927 -0.00467693806 -0.0159997903
  vertex 0.00835448503 -0.00456488086 -0.0159997903
  vertex 0.00835448503 -0.00456488086 -0.0179997608
  endloop
 endfacet

 facet normal 0.594177127 -0.72799474 0.34201926
  outer loop
  vertex 0.00743180513 -0.00467693806 -0.0179997608
  vertex 0.00743180513 -0.00467693806 -0.0159997903
  vertex 0.00725138094 -0.00483679678 -0.0159997903
  endloop
 endfacet

 facet normal 0.615855098 0.703532398 -0.354633272
  outer loop
  vertex -0.00329613592 -0.00149994995 0.00226604892
  vertex -0.00354450895 -0.00149994995 0.00185352506
  vertex -0.00354450895 0 0.00185352506
  endloop
 endfacet

 facet normal -0.866025388 -1.05022013e-06 -0.500000179
  outer loop
  vertex -0.00973188784 -0.00399994804 -0.01099985
  vertex -0.0114639401 -0.00399994804 -0.0079998374
  vertex -0.0114639401 -0.00299996091 -0.007999897
  endloop
 endfacet

 facet normal -0.594177425 0.727994442 -0.342019558
  outer loop
  vertex -0.00725138094 -0.00616300106 0.0159997903
  vertex -0.00743180513 -0.00632285979 0.0159997903
  vertex -0.00743180513 -0.00632285979 0.0179997608
  endloop
 endfacet

 facet normal -0.866025388 5.25110977e-07 -0.500000119
  outer loop
  vertex -0.00569051504 -0.00249993801 0.007999897
  vertex -0.00569051504 -0.00399988797 0.007999897
  vertex -0.00684517622 -0.00399988797 0.00999987125
  endloop
 endfacet

 facet normal -0.564646006 -0.342018992 -0.751131058
  outer loop
  vertex 0.00866299774 0 0.000748500985
  vertex 0.00866299774 -0.00249993801 0.000748501974
  vertex 0.00846457388 -0.00249993801 0.000885444984
  endloop
 endfacet

 facet normal 0.902546167 -0.342019141 0.261597395
  outer loop
  vertex -0.000992696965 -0.00249993801 0.00787931588
  vertex -0.000935004966 -0.00249993801 0.0076452489
  vertex -0.000935004035 0 0.0076452489
  endloop
 endfacet

 facet normal 0.469988197 -0.813715994 0.342019469
  outer loop
  vertex -0.00835448503 -0.00456488086 -0.0159997903
  vertex -0.00856792927 -0.00467693806 -0.0159997903
  vertex -0.00856792927 -0.00467693806 -0.0179997608
  endloop
 endfacet

 facet normal -0.297414511 -0.34201926 -0.891385078
  outer loop
  vertex 0.00846457388 -0.00249993801 0.008885324
  vertex 0.00823920872 -0.00249993801 0.00897079706
  vertex 0.00823920872 0 0.00897079706
  endloop
 endfacet

 facet normal 0 0 -1
  outer loop
  vertex -0.0044999118 -0.00199997402 -0.0159997903
  vertex -0.0044999118 0 -0.0159997903
  vertex -0.0034999249 -0.00199997402 -0.0159997903
  endloop
 endfacet

 facet normal 0 -9.09518008e-07 -1
  outer loop
  vertex -0.0044999118 0 -0.0159997903
  vertex 0.0034999249 0 -0.0159997903
  vertex -0.0034999249 -0.00199997402 -0.0159997903
  endloop
 endfacet

 facet normal 0 -5.93971095e-07 -1
  outer loop
  vertex 0.0034999249 0 -0.0159997903
  vertex 0.0034999249 -0.0034999249 -0.0159997903
  vertex -0.0034999249 -0.00199997402 -0.0159997903
  endloop
 endfacet

 facet normal -0.368478596 0.342019439 0.864434004
  outer loop
  vertex 0.00846457388 -0.00249993801 -0.008885324
  vertex 0.00846457388 0 -0.008885324
  vertex 0.00823920872 0 -0.00897079706
  endloop
 endfacet

 facet normal 0.368479401 -0.342019677 -0.864433587
  outer loop
  vertex -0.00823920872 -0.00249993801 0.000970929977
  vertex -0.00846457388 -0.00249993801 0.000885444984
  vertex -0.00846457388 0 0.000885444984
  endloop
 endfacet

 facet normal -0.187801316 -0.920736372 0.342016369
  outer loop
  vertex 0.00835448503 -0.00456488086 -0.0159997903
  vertex 0.00812041666 -0.00450718403 -0.0159997903
  vertex 0.00812041666 -0.00450718403 -0.0179997608
  endloop
 endfacet

 facet normal 0.469988346 -0.813715994 0.342019379
  outer loop
  vertex 0.0076452489 -0.00456488086 -0.0159997903
  vertex 0.00743180513 -0.00467693806 -0.0159997903
  vertex 0.00743180513 -0.00467693806 -0.0179997608
  endloop
 endfacet

 facet normal 0 0 -1
  outer loop
  vertex -0.00944375899 -0.00688373996 -0.0189997498
  vertex -0.00918912794 -0.00710785296 -0.0189997498
  vertex -0.0124998 -0.00599992182 -0.0189997498
  endloop
 endfacet

 facet normal 0 -7.27614065e-07 -1
  outer loop
  vertex -0.0044999118 -0.00199997402 -0.0189997498
  vertex -0.00049999397 -0.00199997402 -0.0189997498
  vertex -0.0044999118 -0.00699990895 -0.0189997498
  endloop
 endfacet

 facet normal 4.96712005e-07 -4.85075986e-07 -1
  outer loop
  vertex -0.00049999397 -0.00199997402 -0.0189997498
  vertex 0.00249993801 -0.00299996091 -0.0189997498
  vertex -0.00049999496 -0.00699990895 -0.0189997498
  endloop
 endfacet

 facet normal -4.54952044e-07 -9.07077037e-07 -1
  outer loop
  vertex -0.0044999118 -0.00199997402 -0.0189997498
  vertex -0.00644379808 -0.00424349308 -0.0189997498
  vertex -0.00667852117 -0.00399857713 -0.0189997498
  endloop
 endfacet

 facet normal 0 0 -1
  outer loop
  vertex 0.00249993801 -0.00299996091 -0.0189997498
  vertex 0.00249993801 -0.00599992182 -0.0189997498
  vertex -0.00049999496 -0.00699990895 -0.0189997498
  endloop
 endfacet

 facet normal 0 -3.34181004e-06 -1
  outer loop
  vertex -0.0044999118 -0.00699990895 -0.0189997498
  vertex -0.00649988605 -0.00899988413 -0.0189997498
  vertex -0.00667852117 -0.00700122118 -0.0189997498
  endloop
 endfacet

 facet normal 0 -8.07491006e-07 -1
  outer loop
  vertex -0.00649988605 -0.00899988413 -0.0189997498
  vertex -0.00949984696 -0.00899988413 -0.0189997498
  vertex -0.00791496038 -0.00749808503 -0.0189997498
  endloop
 endfacet

 facet normal 4.63882031e-07 -2.96631015e-06 -1
  outer loop
  vertex -0.00695127202 -0.00720292283 -0.0189997498
  vertex -0.00649988605 -0.00899988413 -0.0189997498
  vertex -0.00725418283 -0.00735562993 -0.0189997498
  endloop
 endfacet

 facet normal 0 -1.45523006e-06 -1
  outer loop
  vertex -0.00049999496 -0.00699990895 -0.0189997498
  vertex -0.0044999118 -0.00699990895 -0.0189997498
  vertex -0.00049999397 -0.00199997402 -0.0189997498
  endloop
 endfacet

 facet normal 0 0 -1
  outer loop
  vertex -0.00602865219 -0.00516188098 -0.0189997498
  vertex -0.0044999118 -0.00699990895 -0.0189997498
  vertex -0.00599992182 -0.00549989892 -0.0189997498
  endloop
 endfacet

 facet normal 0 -2.3994703e-06 -1
  outer loop
  vertex -0.0124998 -0.00199997402 -0.0189997498
  vertex -0.0044999118 -0.00199997402 -0.0189997498
  vertex -0.00825393107 -0.0035161369 -0.0189997498
  endloop
 endfacet

 facet normal -5.38295012e-07 0 -1
  outer loop
  vertex -0.00644379808 -0.00424349308 -0.0189997498
  vertex -0.0044999118 -0.00199997402 -0.0189997498
  vertex -0.00625383807 -0.00452452805 -0.0189997498
  endloop
 endfacet

 facet normal 0 0 -1
  outer loop
  vertex -0.00825393107 -0.0035161369 -0.0189997498
  vertex -0.0044999118 -0.00199997402 -0.0189997498
  vertex -0.00791496038 -0.00350171304 -0.0189997498
  endloop
 endfacet

 facet normal 0 1.1769399e-05 -1
  outer loop
  vertex -0.00965684559 -0.00661981106 -0.0189997498
  vertex -0.00944375899 -0.00688373996 -0.0189997498
  vertex -0.0124998 -0.00599992182 -0.0189997498
  endloop
 endfacet

 facet normal 0 0 -1
  outer loop
  vertex -0.00982230902 -0.00632369518 -0.0189997498
  vertex -0.00965684559 -0.00661981106 -0.0189997498
  vertex -0.0124998 -0.00599992182 -0.0189997498
  endloop
 endfacet

 facet normal -4.47889022e-07 -4.75948013e-07 -1
  outer loop
  vertex -0.0044999118 -0.00699990895 -0.0189997498
  vertex -0.00602865219 -0.00516188098 -0.0189997498
  vertex -0.0044999118 -0.00199997402 -0.0189997498
  endloop
 endfacet

 facet normal 6.46534033e-07 0 -1
  outer loop
  vertex -0.00649988605 -0.00899988413 -0.0189997498
  vertex -0.00695127202 -0.00720292283 -0.0189997498
  vertex -0.00667852117 -0.00700122118 -0.0189997498
  endloop
 endfacet

 facet normal -3.82841051e-07 -4.4338899e-06 -1
  outer loop
  vertex -0.00949984696 -0.00899988413 -0.0189997498
  vertex -0.00890028384 -0.00728571415 -0.0189997498
  vertex -0.00858551171 -0.00741219521 -0.0189997498
  endloop
 endfacet

 facet normal -2.24926993e-07 -1.53678002e-06 -1
  outer loop
  vertex -0.00949984696 -0.00899988413 -0.0189997498
  vertex -0.00858551171 -0.00741219521 -0.0189997498
  vertex -0.00825393107 -0.00748366117 -0.0189997498
  endloop
 endfacet

 facet normal 0 0 -1
  outer loop
  vertex -0.00982230902 -0.00632369518 -0.0189997498
  vertex -0.0124998 -0.00599992182 -0.0189997498
  vertex -0.00993531942 -0.00600385619 -0.0189997498
  endloop
 endfacet

 facet normal 2.3023e-07 -6.793681e-07 -1
  outer loop
  vertex -0.0124998 -0.00599992182 -0.0189997498
  vertex -0.0124998 -0.00199997402 -0.0189997498
  vertex -0.00982230902 -0.00467610313 -0.0189997498
  endloop
 endfacet

 facet normal 0 0 -1
  outer loop
  vertex -0.00993531942 -0.00600385619 -0.0189997498
  vertex -0.0124998 -0.00599992182 -0.0189997498
  vertex -0.00999265909 -0.00566953421 -0.0189997498
  endloop
 endfacet

 facet normal 0 0 -1
  outer loop
  vertex -0.00999265909 -0.00566953421 -0.0189997498
  vertex -0.0124998 -0.00599992182 -0.0189997498
  vertex -0.00999265909 -0.00533032417 -0.0189997498
  endloop
 endfacet

 facet normal 0 1.71024999e-06 -1
  outer loop
  vertex -0.00949984696 -0.00899988413 -0.0189997498
  vertex -0.00825393107 -0.00748366117 -0.0189997498
  vertex -0.00791496038 -0.00749808503 -0.0189997498
  endloop
 endfacet

 facet normal 1.41723007e-07 0 -1
  outer loop
  vertex -0.00791496038 -0.00749808503 -0.0189997498
  vertex -0.00757849216 -0.00745499087 -0.0189997498
  vertex -0.00649988605 -0.00899988413 -0.0189997498
  endloop
 endfacet

 facet normal 0 0 -1
  outer loop
  vertex -0.00999265909 -0.00533032417 -0.0189997498
  vertex -0.0124998 -0.00599992182 -0.0189997498
  vertex -0.00993531942 -0.00499594212 -0.0189997498
  endloop
 endfacet

 facet normal 0 0 -1
  outer loop
  vertex -0.00993531942 -0.00499594212 -0.0189997498
  vertex -0.0124998 -0.00599992182 -0.0189997498
  vertex -0.00982230902 -0.00467610313 -0.0189997498
  endloop
 endfacet

 facet normal 3.04197044e-07 -2.99068006e-06 -1
  outer loop
  vertex -0.00757849216 -0.00745499087 -0.0189997498
  vertex -0.00725418283 -0.00735562993 -0.0189997498
  vertex -0.00649988605 -0.00899988413 -0.0189997498
  endloop
 endfacet

 facet normal 0 1.02337999e-05 -1
  outer loop
  vertex -0.0044999118 -0.00699990895 -0.0189997498
  vertex -0.00667852117 -0.00700122118 -0.0189997498
  vertex -0.00644379808 -0.00675630523 -0.0189997498
  endloop
 endfacet

 facet normal 4.46409985e-07 -5.88833018e-06 -1
  outer loop
  vertex -0.00965684559 -0.00437998679 -0.0189997498
  vertex -0.00982230902 -0.00467610313 -0.0189997498
  vertex -0.0124998 -0.00199997402 -0.0189997498
  endloop
 endfacet

 facet normal 3.90928051e-07 0 -1
  outer loop
  vertex -0.00944375899 -0.00411605788 -0.0189997498
  vertex -0.00965684559 -0.00437998679 -0.0189997498
  vertex -0.0124998 -0.00199997402 -0.0189997498
  endloop
 endfacet

 facet normal 0 -3.83692986e-06 -1
  outer loop
  vertex -0.0044999118 -0.00699990895 -0.0189997498
  vertex -0.00644379808 -0.00675630523 -0.0189997498
  vertex -0.00625383807 -0.00647526886 -0.0189997498
  endloop
 endfacet

 facet normal 0 -2.21664004e-06 -1
  outer loop
  vertex -0.0044999118 -0.00699990895 -0.0189997498
  vertex -0.00625383807 -0.00647526886 -0.0189997498
  vertex -0.00611412479 -0.00616616011 -0.0189997498
  endloop
 endfacet

 facet normal 3.4111801e-07 -5.94560061e-06 -1
  outer loop
  vertex -0.00918912794 -0.00389194395 -0.0189997498
  vertex -0.00944375899 -0.00411605788 -0.0189997498
  vertex -0.0124998 -0.00199997402 -0.0189997498
  endloop
 endfacet

 facet normal 2.91793015e-07 0 -1
  outer loop
  vertex -0.00890028384 -0.00371408393 -0.0189997498
  vertex -0.00918912794 -0.00389194395 -0.0189997498
  vertex -0.0124998 -0.00199997402 -0.0189997498
  endloop
 endfacet

 facet normal 0 3.02574017e-06 -1
  outer loop
  vertex -0.0044999118 -0.00699990895 -0.0189997498
  vertex -0.00611412479 -0.00616616011 -0.0189997498
  vertex -0.00602865219 -0.00583791686 -0.0189997498
  endloop
 endfacet

 facet normal 0 -1.85986005e-06 -1
  outer loop
  vertex -0.0044999118 -0.00699990895 -0.0189997498
  vertex -0.00602865219 -0.00583791686 -0.0189997498
  vertex -0.00599992182 -0.00549989892 -0.0189997498
  endloop
 endfacet

 facet normal 2.36818025e-07 0 -1
  outer loop
  vertex -0.00858551171 -0.0035876031 -0.0189997498
  vertex -0.00890028384 -0.00371408393 -0.0189997498
  vertex -0.0124998 -0.00199997402 -0.0189997498
  endloop
 endfacet

 facet normal 1.65114017e-07 0 -1
  outer loop
  vertex -0.00825393107 -0.0035161369 -0.0189997498
  vertex -0.00858551171 -0.0035876031 -0.0189997498
  vertex -0.0124998 -0.00199997402 -0.0189997498
  endloop
 endfacet

 facet normal -1.23006004e-07 -1.11517002e-05 -1
  outer loop
  vertex -0.00791496038 -0.00350171304 -0.0189997498
  vertex -0.0044999118 -0.00199997402 -0.0189997498
  vertex -0.00757849216 -0.00354480697 -0.0189997498
  endloop
 endfacet

 facet normal -2.29303026e-07 0 -1
  outer loop
  vertex -0.00757849216 -0.00354480697 -0.0189997498
  vertex -0.0044999118 -0.00199997402 -0.0189997498
  vertex -0.00725418283 -0.00364416791 -0.0189997498
  endloop
 endfacet

 facet normal -7.91921025e-07 -9.4233601e-06 -1
  outer loop
  vertex -0.00602865219 -0.00516188098 -0.0189997498
  vertex -0.00611412479 -0.0048336382 -0.0189997498
  vertex -0.0044999118 -0.00199997402 -0.0189997498
  endloop
 endfacet

 facet normal -6.43373085e-07 0 -1
  outer loop
  vertex -0.00611412479 -0.0048336382 -0.0189997498
  vertex -0.00625383807 -0.00452452805 -0.0189997498
  vertex -0.0044999118 -0.00199997402 -0.0189997498
  endloop
 endfacet

 facet normal -3.09650034e-07 7.92029005e-06 -1
  outer loop
  vertex -0.00725418283 -0.00364416791 -0.0189997498
  vertex -0.0044999118 -0.00199997402 -0.0189997498
  vertex -0.00695127202 -0.00379687501 -0.0189997498
  endloop
 endfacet

 facet normal 0.0754495263 -0.342018515 0.936659336
  outer loop
  vertex -0.00823920872 -0.00249993801 0.00702893687
  vertex -0.007999897 -0.00249993801 0.00699990895
  vertex -0.007999897 0 0.00699990895
  endloop
 endfacet

 facet normal 0 -1.05022013e-06 -1
  outer loop
  vertex -0.00626784516 -0.00299990107 0.00499993516
  vertex -0.00626784516 -0.00399988797 0.00499993516
  vertex -0.00973188784 -0.00399988797 0.00499993516
  endloop
 endfacet

 facet normal 0.0754504278 -0.342018515 0.936659276
  outer loop
  vertex 0.00776058389 -0.00249993801 -0.000970927998
  vertex 0.007999897 -0.00249993801 -0.000999985961
  vertex 0.007999897 0 -0.000999987009
  endloop
 endfacet

 facet normal -0.751131773 -0.564645529 0.342018545
  outer loop
  vertex -0.00711440993 -0.00503516104 -0.0159997903
  vertex -0.00725138094 -0.00483679678 -0.0159997903
  vertex -0.00725138094 -0.00483679678 -0.0179997608
  endloop
 endfacet

 facet normal -0.297414839 -0.342019349 -0.891385019
  outer loop
  vertex 0.00846457388 -0.00249993801 0.000885444984
  vertex 0.00823920872 -0.00249993801 0.000970929977
  vertex 0.00823920872 0 0.00097092893
  endloop
 endfacet

 facet normal 0 0 -1
  outer loop
  vertex 0.00915455818 -0.00249993801 0.00999987125
  vertex 0.00915455818 -0.00399988797 0.00999987125
  vertex 0.00684517622 -0.00399988797 0.00999987125
  endloop
 endfacet

 facet normal -0.891384542 0.297415286 0.342020154
  outer loop
  vertex 0.008885324 -0.00596463587 -0.0159997903
  vertex 0.00897079706 -0.00573921204 -0.0159997903
  vertex 0.00897079706 -0.00573921204 -0.0179997608
  endloop
 endfacet

 facet normal -0.564644814 -0.3420192 -0.751131773
  outer loop
  vertex -0.00733673479 0 0.000748500985
  vertex -0.00733673479 -0.00249993801 0.000748501974
  vertex -0.00753515912 -0.00249993801 0.000885444984
  endloop
 endfacet

 facet normal 0 0 -1
  outer loop
  vertex 0.00897079706 -0.00526058581 -0.0179997608
  vertex 0.008885324 -0.00503516104 -0.0179997608
  vertex 0.00988560915 -0.0048336382 -0.0179997608
  endloop
 endfacet

 facet normal 0 0 -1
  outer loop
  vertex 0.00988560915 -0.0048336382 -0.0179997608
  vertex 0.00997108221 -0.00516194105 -0.0179997608
  vertex 0.00897079706 -0.00526058581 -0.0179997608
  endloop
 endfacet

 facet normal 0 0 -1
  outer loop
  vertex 0.00997108221 -0.00516194105 -0.0179997608
  vertex 0.00999987125 -0.00549989892 -0.0179997608
  vertex 0.00899988413 -0.00549989892 -0.0179997608
  endloop
 endfacet

 facet normal 0 0 -1
  outer loop
  vertex 0.00897079706 -0.00526058581 -0.0179997608
  vertex 0.00997108221 -0.00516194105 -0.0179997608
  vertex 0.00899988413 -0.00549989892 -0.0179997608
  endloop
 endfacet

 facet normal 0 0 -1
  outer loop
  vertex 0.00999987125 -0.00549989892 -0.0179997608
  vertex 0.00997108221 -0.00583791686 -0.0179997608
  vertex 0.00899988413 -0.00549989892 -0.0179997608
  endloop
 endfacet

 facet normal 0 -1.08016011e-05 -1
  outer loop
  vertex 0.00997108221 -0.00583791686 -0.0179997608
  vertex 0.00988560915 -0.00616616011 -0.0179997608
  vertex 0.00897079706 -0.00573921204 -0.0179997608
  endloop
 endfacet

 facet normal 0 1.49897005e-05 -1
  outer loop
  vertex 0.00897079706 -0.00573921204 -0.0179997608
  vertex 0.00988560915 -0.00616616011 -0.0179997608
  vertex 0.008885324 -0.00596463587 -0.0179997608
  endloop
 endfacet

 facet normal 0 0 -1
  outer loop
  vertex 0.00988560915 -0.00616616011 -0.0179997608
  vertex 0.00974589493 -0.00647526886 -0.0179997608
  vertex 0.008885324 -0.00596463587 -0.0179997608
  endloop
 endfacet

 facet normal 0 -5.35530035e-06 -1
  outer loop
  vertex 0.00974589493 -0.00647526886 -0.0179997608
  vertex 0.00955593493 -0.00675630523 -0.0179997608
  vertex 0.0087483516 -0.00616300106 -0.0179997608
  endloop
 endfacet

 facet normal 0 5.39708981e-06 -1
  outer loop
  vertex 0.00955593493 -0.00675630523 -0.0179997608
  vertex 0.00932121184 -0.00700122118 -0.0179997608
  vertex 0.0087483516 -0.00616300106 -0.0179997608
  endloop
 endfacet

 facet normal 0 0 -1
  outer loop
  vertex 0.00932121184 -0.00700122118 -0.0179997608
  vertex 0.00904846098 -0.00720292283 -0.0179997608
  vertex 0.00856792927 -0.00632285979 -0.0179997608
  endloop
 endfacet

 facet normal 0 0 -1
  outer loop
  vertex 0.00904846098 -0.00720292283 -0.0179997608
  vertex 0.00874555111 -0.00735569 -0.0179997608
  vertex 0.00835448503 -0.00643491698 -0.0179997608
  endloop
 endfacet

 facet normal 0 0 -1
  outer loop
  vertex 0.00874555111 -0.00735569 -0.0179997608
  vertex 0.00842124224 -0.00745499087 -0.0179997608
  vertex 0.00835448503 -0.00643491698 -0.0179997608
  endloop
 endfacet

 facet normal 0 3.76306025e-06 -1
  outer loop
  vertex 0.00904846098 -0.00720292283 -0.0179997608
  vertex 0.00835448503 -0.00643491698 -0.0179997608
  vertex 0.00856792927 -0.00632285979 -0.0179997608
  endloop
 endfacet

 facet normal 0 2.02542992e-06 -1
  outer loop
  vertex 0.00842124224 -0.00745499087 -0.0179997608
  vertex 0.00808477402 -0.00749808503 -0.0179997608
  vertex 0.00812041666 -0.00649261381 -0.0179997608
  endloop
 endfacet

 facet normal 0 0 -1
  outer loop
  vertex 0.00808477402 -0.00749808503 -0.0179997608
  vertex 0.00787931588 -0.00649261381 -0.0179997608
  vertex 0.00812041666 -0.00649261381 -0.0179997608
  endloop
 endfacet

 facet normal 0 -1.87276009e-06 -1
  outer loop
  vertex 0.00932121184 -0.00700122118 -0.0179997608
  vertex 0.00856792927 -0.00632285979 -0.0179997608
  vertex 0.0087483516 -0.00616300106 -0.0179997608
  endloop
 endfacet

 facet normal 0 1.88954004e-06 -1
  outer loop
  vertex 0.00974589493 -0.00647526886 -0.0179997608
  vertex 0.0087483516 -0.00616300106 -0.0179997608
  vertex 0.008885324 -0.00596463587 -0.0179997608
  endloop
 endfacet

 facet normal 0 -3.74874026e-06 -1
  outer loop
  vertex 0.00842124224 -0.00745499087 -0.0179997608
  vertex 0.00812041666 -0.00649261381 -0.0179997608
  vertex 0.00835448503 -0.00643491698 -0.0179997608
  endloop
 endfacet

 facet normal 2.68853e-07 1.98285011e-06 -1
  outer loop
  vertex 0.00173199095 -0.00399994804 -0.01099985
  vertex -0.00173199095 -0.00399994804 -0.01099985
  vertex -0.00173199095 -0.00299996091 -0.01099985
  endloop
 endfacet

 facet normal 0 5.12515044e-07 1
  outer loop
  vertex -0.00915455818 -0.00399988797 -0.00199991395
  vertex -0.00684517622 -0.00399988797 -0.00199991395
  vertex -0.00684517622 -0.00249993801 -0.00199991395
  endloop
 endfacet

 facet normal 0.446063638 0.537915587 -0.715314031
  outer loop
  vertex -0.00918912794 -0.00710785296 -0.0179997608
  vertex -0.00918912794 -0.00710785296 -0.0189997498
  vertex -0.00944375899 -0.00688373996 -0.0189997498
  endloop
 endfacet

 facet normal -0.866025388 -5.25111034e-07 -0.500000179
  outer loop
  vertex 0.01030921 -0.00399994804 -0.0079998374
  vertex 0.00915455818 -0.00399994804 -0.00599986315
  vertex 0.00915455818 -0.00249993801 -0.00599986315
  endloop
 endfacet

 facet normal -0.446064085 -0.537914813 0.715314329
  outer loop
  vertex -0.00655597402 -0.00411605788 0.0189997498
  vertex -0.00681060506 -0.00389194395 0.0189997498
  vertex -0.00681060506 -0.00389194395 0.0179997608
  endloop
 endfacet

 facet normal 0.36847946 -0.342018634 0.864433944
  outer loop
  vertex -0.000464716984 0 0.00711440993
  vertex -0.000464718003 -0.00249993801 0.00711440993
  vertex -0.000239312998 -0.00249993801 0.00702893687
  endloop
 endfacet

 facet normal -0.297414392 -0.34201923 -0.891385078
  outer loop
  vertex -0.00753515912 -0.00249993801 0.000885444984
  vertex -0.00776058389 -0.00249993801 0.000970929977
  vertex -0.00776058389 0 0.00097092893
  endloop
 endfacet

 facet normal 0.383719414 -0.584025741 -0.715313435
  outer loop
  vertex -0.00918912794 -0.00389194395 -0.0179997608
  vertex -0.00918912794 -0.00389194395 -0.0189997498
  vertex -0.00890028384 -0.00371408393 -0.0189997498
  endloop
 endfacet

 facet normal 0 -1 3.10444989e-07
  outer loop
  vertex -0.00649988605 -0.00899982359 0.0159997903
  vertex -0.00649988605 -0.00899982359 0.0189997498
  vertex -0.00949984696 -0.00899982359 0.0189997498
  endloop
 endfacet

 facet normal -0.590217471 -0.374125451 -0.715313613
  outer loop
  vertex 0.00955593493 -0.00424349308 -0.0189997498
  vertex 0.00974589493 -0.00452452805 -0.0189997498
  vertex 0.00974589493 -0.00452452805 -0.0179997608
  endloop
 endfacet

 facet normal -0.813713849 -0.342018843 -0.469992578
  outer loop
  vertex 0.00893485546 -0.00249993801 0.00835448503
  vertex 0.00882285833 -0.00249993801 0.00856792927
  vertex 0.00882285833 0 0.00856792927
  endloop
 endfacet

 facet normal 0.65175879 -0.252065688 -0.715313613
  outer loop
  vertex -0.00993531942 -0.00499594212 -0.0189997498
  vertex -0.00982230902 -0.00467610313 -0.0189997498
  vertex -0.00982230902 -0.00467610313 -0.0179997608
  endloop
 endfacet

 facet normal 3.33316984e-06 -1 1.39369001e-06
  outer loop
  vertex 0.00776058389 -0.00249993801 0.000970929977
  vertex 0.007999897 -0.00249993801 0.00099998794
  vertex 0.00684517622 -0.00249993801 0.00199997402
  endloop
 endfacet

 facet normal -1.96917014e-07 -1 2.32834026e-07
  outer loop
  vertex 0.007999897 -0.00249993801 0.00099998794
  vertex 0.00915455818 -0.00249993801 0.00199997402
  vertex 0.00684517622 -0.00249993801 0.00199997402
  endloop
 endfacet

 facet normal -3.92560025e-07 -1 2.98752013e-07
  outer loop
  vertex 0.00684517622 -0.00249993801 0.00199997402
  vertex 0.00569051504 -0.00249993801 0
  vertex 0.00717687607 -0.00249993801 0.000568057992
  endloop
 endfacet

 facet normal -2.8817401e-06 -1 0
  outer loop
  vertex 0.00753515912 -0.00249993801 0.000885444984
  vertex 0.00684517622 -0.00249993801 0.00199997402
  vertex 0.00733673479 -0.00249993801 0.000748501974
  endloop
 endfacet

 facet normal -8.24610083e-07 -1 1.69184005e-07
  outer loop
  vertex 0.00684517622 -0.00249993801 -0.00199991395
  vertex 0.00776058389 -0.00249993801 -0.000970927998
  vertex 0.00753515912 -0.00249993801 -0.000885443937
  endloop
 endfacet

 facet normal -1.80108998e-07 -1 6.55369035e-07
  outer loop
  vertex 0.00684517622 -0.00249993801 -0.00199991395
  vertex 0.00753515912 -0.00249993801 -0.000885443937
  vertex 0.00733673479 -0.00249993801 -0.000748499995
  endloop
 endfacet

 facet normal -1.46597017e-06 -1 5.07549089e-07
  outer loop
  vertex 0.00753515912 -0.00249993801 0.000885444984
  vertex 0.00776058389 -0.00249993801 0.000970929977
  vertex 0.00684517622 -0.00249993801 0.00199997402
  endloop
 endfacet

 facet normal 1.57483009e-06 -1 2.5779201e-07
  outer loop
  vertex 0.00733673479 -0.00249993801 0.000748501974
  vertex 0.00684517622 -0.00249993801 0.00199997402
  vertex 0.00717687607 -0.00249993801 0.000568057992
  endloop
 endfacet

 facet normal -3.92560025e-07 -1 3.65423006e-07
  outer loop
  vertex 0.00569051504 -0.00249993801 0
  vertex 0.00684517622 -0.00249993801 -0.00199991395
  vertex 0.00717687607 -0.00249993801 -0.000568057003
  endloop
 endfacet

 facet normal 1.18112007e-06 -1 2.5779201e-07
  outer loop
  vertex 0.00684517622 -0.00249993801 -0.00199991395
  vertex 0.00733673479 -0.00249993801 -0.000748499995
  vertex 0.00717687607 -0.00249993801 -0.000568057003
  endloop
 endfacet

 facet normal -8.96434983e-07 -1 -2.05677026e-07
  outer loop
  vertex 0.00569051504 -0.00249993801 0
  vertex 0.00717687607 -0.00249993801 -0.000568057003
  vertex 0.00706487801 -0.00249993801 -0.000354599004
  endloop
 endfacet

 facet normal 0 -1 9.73097031e-07
  outer loop
  vertex 0.00569051504 -0.00249993801 0
  vertex 0.00706487801 -0.00249993801 -0.000354599004
  vertex 0.00700718118 -0.00249993801 -0.000120534001
  endloop
 endfacet

 facet normal 0 -1 0
  outer loop
  vertex 0.00706487801 -0.00249993801 0.000354600983
  vertex 0.00717687607 -0.00249993801 0.000568057992
  vertex 0.00569051504 -0.00249993801 0
  endloop
 endfacet

 facet normal 0 -1 0
  outer loop
  vertex 0.00569051504 -0.00249993801 0
  vertex 0.00700718118 -0.00249993801 -0.000120534001
  vertex 0.00700718118 -0.00249993801 0.000120535988
  endloop
 endfacet

 facet normal 0.813714862 -0.3420192 0.469990611
  outer loop
  vertex -0.00893485546 -0.00249993801 0.0076452489
  vertex -0.00882285833 -0.00249993801 0.00743180513
  vertex -0.00882285833 0 0.00743180513
  endloop
 endfacet

 facet normal 0 -0.707106352 0.707107246
  outer loop
  vertex 0.0124998 -0.00599992182 -0.0159997903
  vertex 0.0124998 -0.0044999118 -0.0144997798
  vertex 0.0114998203 -0.0044999118 -0.0144997798
  endloop
 endfacet

 facet normal 0 -0.707107306 -0.707106292
  outer loop
  vertex -0.0034999249 -0.00599986315 0.0159997903
  vertex -0.0044999118 -0.00599986315 0.0159997903
  vertex -0.0044999118 -0.0044999118 0.0144997798
  endloop
 endfacet

 facet normal -3.93832011e-07 -1 0
  outer loop
  vertex -0.00915455818 -0.00399988797 0.00999987125
  vertex -0.00684517622 -0.00399988797 0.00999987125
  vertex -0.00626784516 -0.00399988797 0.01099985
  endloop
 endfacet

 facet normal -2.62555034e-07 -1 1.55223006e-07
  outer loop
  vertex -0.00973188784 -0.00399988797 0.00499993516
  vertex -0.00626784516 -0.00399988797 0.00499993516
  vertex -0.00915455818 -0.00399988797 0.00599992182
  endloop
 endfacet

 facet normal 0 -1 2.32835006e-07
  outer loop
  vertex -0.00973188784 -0.00399988797 0.00499993516
  vertex -0.00915455818 -0.00399988797 0.00599992182
  vertex -0.01030921 -0.00399988797 0.007999897
  endloop
 endfacet

 facet normal 0 -1 3.10444989e-07
  outer loop
  vertex -0.00915455818 -0.00399988797 0.00999987125
  vertex -0.00626784516 -0.00399988797 0.01099985
  vertex -0.00973188784 -0.00399988797 0.01099985
  endloop
 endfacet

 facet normal 0 -1 2.32833003e-07
  outer loop
  vertex -0.0114639401 -0.00399988797 0.007999897
  vertex -0.00973188784 -0.00399988797 0.00499993516
  vertex -0.01030921 -0.00399988797 0.007999897
  endloop
 endfacet

 facet normal 0 -1 3.49251053e-07
  outer loop
  vertex -0.01030921 -0.00399988797 0.007999897
  vertex -0.00915455818 -0.00399988797 0.00999987125
  vertex -0.00973188784 -0.00399988797 0.01099985
  endloop
 endfacet

 facet normal -0.813715994 -0.342018694 -0.469988734
  outer loop
  vertex 0.000935004035 -0.00249993801 -0.0076452489
  vertex 0.000822972972 -0.00249993801 -0.00743180513
  vertex 0.000822972972 0 -0.00743180513
  endloop
 endfacet

 facet normal -0.0754500255 -0.342019469 -0.936658978
  outer loop
  vertex 0.000239311994 -0.00249993801 -0.00702893687
  vertex 0 -0.00249993801 -0.00699984981
  vertex 0 0 -0.00699990895
  endloop
 endfacet

 facet normal 0.674192011 0.712553263 -0.194249436
  outer loop
  vertex -0.003884434 -0.00149994995 0.000954339979
  vertex -0.0038843751 0 0.00095433899
  vertex -0.0037415619 0 0.00141417899
  endloop
 endfacet

 facet normal -0.594178021 -0.727994144 0.342019111
  outer loop
  vertex -0.00725138094 -0.00483679678 -0.0159997903
  vertex -0.00743180513 -0.00467693806 -0.0159997903
  vertex -0.00743180513 -0.00467693806 -0.0179997608
  endloop
 endfacet

 facet normal 0.866025209 -1.05021991e-06 -0.500000358
  outer loop
  vertex -0.00453579379 -0.00299996091 -0.007999897
  vertex -0.00453579379 -0.00399994804 -0.0079998374
  vertex -0.00626784516 -0.00399994804 -0.01099985
  endloop
 endfacet

 facet normal -4.0328004e-07 -1.05022013e-06 1
  outer loop
  vertex -0.00115466095 -0.00249993801 -0.00999987125
  vertex -0.00115466095 -0.00399994804 -0.00999987125
  vertex 0.00115466095 -0.00399994804 -0.00999981072
  endloop
 endfacet

 facet normal 0 0 1
  outer loop
  vertex 0.00611412479 -0.00616616011 0.0179997608
  vertex 0.00625383807 -0.00647526886 0.0179997608
  vertex 0.00711440993 -0.00596463587 0.0179997608
  endloop
 endfacet

 facet normal 0.866025329 -4.74728012e-07 -0.500000179
  outer loop
  vertex -0.00115466095 -0.00399988797 0.00999987125
  vertex -0.00230932189 -0.00399988797 0.007999897
  vertex -0.00230932189 -0.00249993801 0.007999897
  endloop
 endfacet

 facet normal 0 -6.43405087e-07 -1
  outer loop
  vertex 0.0034999249 -0.00599992182 -0.0189997498
  vertex 0.00617742492 -0.00467610313 -0.0189997498
  vertex 0.00606441405 -0.00499594212 -0.0189997498
  endloop
 endfacet

 facet normal 0 8.52799985e-06 -1
  outer loop
  vertex 0.0034999249 -0.00599992182 -0.0189997498
  vertex 0.00606441405 -0.00499594212 -0.0189997498
  vertex 0.00600707484 -0.00533032417 -0.0189997498
  endloop
 endfacet

 facet normal 0 0 -1
  outer loop
  vertex 0.00949984696 -0.00899988413 -0.0189997498
  vertex 0.00649988605 -0.00899988413 -0.0189997498
  vertex 0.00808477402 -0.00749808503 -0.0189997498
  endloop
 endfacet

 facet normal -1.73151008e-07 -1.09102007e-06 -1
  outer loop
  vertex 0.00649988605 -0.00899988413 -0.0189997498
  vertex 0.0034999249 -0.00599992182 -0.0189997498
  vertex 0.00634288695 -0.0066198702 -0.0189997498
  endloop
 endfacet

 facet normal -3.82841989e-07 -2.95593009e-06 -1
  outer loop
  vertex 0.00741422083 -0.00741219521 -0.0189997498
  vertex 0.00649988605 -0.00899988413 -0.0189997498
  vertex 0.00709944917 -0.00728571415 -0.0189997498
  endloop
 endfacet

 facet normal 3.04197044e-07 -2.99068006e-06 -1
  outer loop
  vertex 0.00842124224 -0.00745499087 -0.0189997498
  vertex 0.00874555111 -0.00735569 -0.0189997498
  vertex 0.00949984696 -0.00899988413 -0.0189997498
  endloop
 endfacet

 facet normal 1.41723007e-07 -6.42434088e-06 -1
  outer loop
  vertex 0.00808477402 -0.00749808503 -0.0189997498
  vertex 0.00842124224 -0.00745499087 -0.0189997498
  vertex 0.00949984696 -0.00899988413 -0.0189997498
  endloop
 endfacet

 facet normal 0 0 -1
  outer loop
  vertex 0.0034999249 -0.00599992182 -0.0189997498
  vertex 0.00600707484 -0.00533032417 -0.0189997498
  vertex 0.00600707484 -0.00566953421 -0.0189997498
  endloop
 endfacet

 facet normal 0 -4.24409063e-06 -1
  outer loop
  vertex 0.0034999249 -0.00599992182 -0.0189997498
  vertex 0.00600707484 -0.00566953421 -0.0189997498
  vertex 0.00606441405 -0.00600385619 -0.0189997498
  endloop
 endfacet

 facet normal 0 -6.8409804e-06 -1
  outer loop
  vertex 0.00774586201 -0.00748366117 -0.0189997498
  vertex 0.00808477402 -0.00749808503 -0.0189997498
  vertex 0.00649988605 -0.00899988413 -0.0189997498
  endloop
 endfacet

 facet normal -2.24926993e-07 0 -1
  outer loop
  vertex 0.00741422083 -0.00741219521 -0.0189997498
  vertex 0.00774586201 -0.00748366117 -0.0189997498
  vertex 0.00649988605 -0.00899988413 -0.0189997498
  endloop
 endfacet

 facet normal 0 5.5471304e-07 -1
  outer loop
  vertex 0.0034999249 -0.00599992182 -0.0189997498
  vertex 0.00606441405 -0.00600385619 -0.0189997498
  vertex 0.00617742492 -0.00632369518 -0.0189997498
  endloop
 endfacet

 facet normal 0 -4.30539967e-06 -1
  outer loop
  vertex 0.0034999249 -0.00599992182 -0.0189997498
  vertex 0.00617742492 -0.00632369518 -0.0189997498
  vertex 0.00634288695 -0.0066198702 -0.0189997498
  endloop
 endfacet

 facet normal -5.50506002e-07 -3.02271019e-06 -1
  outer loop
  vertex 0.00709944917 -0.00728571415 -0.0189997498
  vertex 0.00649988605 -0.00899988413 -0.0189997498
  vertex 0.00681060506 -0.00710785296 -0.0189997498
  endloop
 endfacet

 facet normal -7.57040084e-07 -2.0617299e-06 -1
  outer loop
  vertex 0.00681060506 -0.00710785296 -0.0189997498
  vertex 0.00649988605 -0.00899988413 -0.0189997498
  vertex 0.00655597402 -0.00688373996 -0.0189997498
  endloop
 endfacet

 facet normal 0.0501666814 0.696999431 -0.715314806
  outer loop
  vertex 0.00808477402 -0.00749808503 -0.0189997498
  vertex 0.00774586201 -0.00748366117 -0.0189997498
  vertex 0.00774586201 -0.00748366117 -0.0179997608
  endloop
 endfacet

 facet normal -0.866025567 5.25111034e-07 0.499999821
  outer loop
  vertex -0.00684517622 -0.00249993801 0.00599992182
  vertex -0.00684517622 -0.00399988797 0.00599992182
  vertex -0.00569051504 -0.00399988797 0.007999897
  endloop
 endfacet

 facet normal 0.665443897 0.213333011 -0.715313435
  outer loop
  vertex -0.00982230902 -0.00632369518 -0.0189997498
  vertex -0.00993531942 -0.00600385619 -0.0189997498
  vertex -0.00993531942 -0.00600385619 -0.0179997608
  endloop
 endfacet

 facet normal 0 -1 3.49250001e-07
  outer loop
  vertex -0.00684517622 -0.00399988797 0.00599992182
  vertex -0.00915455818 -0.00399988797 0.00599992182
  vertex -0.00626784516 -0.00399988797 0.00499993516
  endloop
 endfacet

 facet normal -2.62555034e-07 -1 1.55222011e-07
  outer loop
  vertex -0.00453579379 -0.00399988797 0.007999897
  vertex -0.00626784516 -0.00399988797 0.01099985
  vertex -0.00684517622 -0.00399988797 0.00999987125
  endloop
 endfacet

 facet normal 0 -1 2.32834026e-07
  outer loop
  vertex -0.00569051504 -0.00399988797 0.007999897
  vertex -0.00684517622 -0.00399988797 0.00599992182
  vertex -0.00453579379 -0.00399988797 0.007999897
  endloop
 endfacet

 facet normal 0 -1 3.88056009e-07
  outer loop
  vertex -0.00684517622 -0.00399988797 0.00599992182
  vertex -0.00626784516 -0.00399988797 0.00499993516
  vertex -0.00453579379 -0.00399988797 0.007999897
  endloop
 endfacet

 facet normal 0 -1 2.32834026e-07
  outer loop
  vertex 0.01030921 -0.00399994804 -0.0079998374
  vertex 0.0114639401 -0.00399994804 -0.0079998374
  vertex 0.00973188784 -0.00399994804 -0.00499987602
  endloop
 endfacet

 facet normal -5.25111034e-07 -1 6.20889978e-07
  outer loop
  vertex 0.00973188784 -0.00399994804 -0.00499987602
  vertex 0.00626784516 -0.00399994804 -0.00499987602
  vertex 0.00915455818 -0.00399994804 -0.00599986315
  endloop
 endfacet

 facet normal 0 -1 2.32833003e-07
  outer loop
  vertex 0.00626784516 -0.00399994804 -0.00499987602
  vertex 0.00684517622 -0.00399994804 -0.00599986315
  vertex 0.00915455818 -0.00399994804 -0.00599986315
  endloop
 endfacet

 facet normal 0.866025388 0 0.500000119
  outer loop
  vertex 0.00346404291 -0.00399994804 -0.0079998374
  vertex 0.00346404291 -0.00299996091 -0.007999897
  vertex 0.00230932189 -0.00299996091 -0.00599986315
  endloop
 endfacet

 facet normal -1 3.10444989e-07 0
  outer loop
  vertex 0.00299996091 -0.00149994995 -0.0026456709
  vertex 0.00299996091 0 -0.0026456709
  vertex 0.00299996091 0 -0.00499993516
  endloop
 endfacet

 facet normal -1 2.06962994e-07 0
  outer loop
  vertex 0.00299990107 -0.0044999118 0.00499993516
  vertex 0.00299996091 0 0.00499993516
  vertex 0.00299996091 -0.00149994995 0.0026456709
  endloop
 endfacet

 facet normal -1 3.10444989e-07 -2.57554007e-07
  outer loop
  vertex 0.00299996091 0 0.00499993516
  vertex 0.00299996091 0 0.0026456709
  vertex 0.00299996091 -0.00149994995 0.0026456709
  endloop
 endfacet

 facet normal -1 2.06962994e-07 -3.43405048e-07
  outer loop
  vertex 0.00299996091 -0.00149994995 -0.0026456709
  vertex 0.00299996091 0 -0.00499993516
  vertex 0.00299990107 -0.0044999118 -0.00499987602
  endloop
 endfacet

 facet normal -1 1.55222011e-07 0
  outer loop
  vertex 0.00299990107 -0.0044999118 0.00499993516
  vertex 0.00299996091 -0.00149994995 0.0026456709
  vertex 0.00299990107 -0.0044999118 -0.00499987602
  endloop
 endfacet

 facet normal -0.677595556 -0.342018813 -0.651066482
  outer loop
  vertex 0.00882285833 -0.00249993801 0.00856792927
  vertex 0.00866299774 -0.00249993801 0.0087483516
  vertex 0.00866299774 0 0.0087483516
  endloop
 endfacet

 facet normal 0.866025388 -1.31278e-07 -0.5
  outer loop
  vertex -0.00453579379 -0.00299990107 0
  vertex -0.00453579379 -0.00399988797 0
  vertex -0.00626784516 -0.00399994804 -0.00299990107
  endloop
 endfacet

 facet normal -0.694243371 0.07970047 -0.715313852
  outer loop
  vertex -0.00599992182 -0.00549989892 -0.0189997498
  vertex -0.00602865219 -0.00583791686 -0.0189997498
  vertex -0.00602865219 -0.00583791686 -0.0179997608
  endloop
 endfacet

 facet normal 0.866025448 -1.05022002e-06 -0.49999997
  outer loop
  vertex 0.00684517622 -0.00249993801 -0.00599986315
  vertex 0.00684517622 -0.00399994804 -0.00599986315
  vertex 0.00569051504 -0.00399994804 -0.0079998374
  endloop
 endfacet

 facet normal 0 1.05022013e-06 1
  outer loop
  vertex 0.00684517622 -0.00399988797 0.00599992182
  vertex 0.00915455818 -0.00399994804 0.00599992182
  vertex 0.00915455818 -0.00249993801 0.00599992182
  endloop
 endfacet

 facet normal -0.075449042 -0.342018545 0.936659336
  outer loop
  vertex -0.007999897 0 -0.000999987009
  vertex -0.007999897 -0.00249993801 -0.000999985961
  vertex -0.00776058389 -0.00249993801 -0.000970927998
  endloop
 endfacet

 facet normal -0.150899589 -0.34201929 -0.927497745
  outer loop
  vertex -0.00776058389 0 0.00097092893
  vertex -0.00776058389 -0.00249993801 0.000970929977
  vertex -0.007999897 -0.00249993801 0.00099998794
  endloop
 endfacet

 facet normal -1 2.32834026e-07 -1.51586022e-07
  outer loop
  vertex 0.0034999249 -0.00199997402 -0.0189997498
  vertex 0.0034999249 -0.00599992182 -0.0189997498
  vertex 0.0034999249 -0.0034999249 -0.0159997903
  endloop
 endfacet

 facet normal -1 1.86267002e-07 0
  outer loop
  vertex 0.0034999249 -0.00599992182 -0.0189997498
  vertex 0.0034999249 -0.00599992182 -0.0159997903
  vertex 0.0034999249 -0.0034999249 -0.0159997903
  endloop
 endfacet

 facet normal -1 1.55222011e-07 0
  outer loop
  vertex 0.0034999249 -0.0044999118 -0.0144997798
  vertex 0.0034999249 -0.0044999118 -0.00599986315
  vertex 0.0034999249 -0.00299996091 -0.00599986315
  endloop
 endfacet

 facet normal -1 1.86267002e-07 2.42537993e-07
  outer loop
  vertex 0.0034999249 -0.00599992182 -0.0159997903
  vertex 0.0034999249 -0.0044999118 -0.0144997798
  vertex 0.0034999249 -0.0034999249 -0.0159997903
  endloop
 endfacet

 facet normal -1 2.66096038e-07 5.19725006e-07
  outer loop
  vertex 0.0034999249 0 -0.0159997903
  vertex 0.0034999249 0 -0.0169997793
  vertex 0.0034999249 -0.0034999249 -0.0159997903
  endloop
 endfacet

 facet normal -1 2.58704006e-07 0
  outer loop
  vertex 0.0034999249 0 -0.0169997793
  vertex 0.0034999249 -0.00199997402 -0.0189997498
  vertex 0.0034999249 -0.0034999249 -0.0159997903
  endloop
 endfacet

 facet normal -1 1.55222011e-07 0
  outer loop
  vertex 0.0034999249 -0.00299996091 -0.00599986315
  vertex 0.0034999249 -0.00299996091 -0.0154997697
  vertex 0.0034999249 -0.0044999118 -0.0144997798
  endloop
 endfacet

 facet normal -0.936659217 -0.0754486173 -0.342018992
  outer loop
  vertex -0.00702893687 -0.00526058581 0.0159997903
  vertex -0.00699990895 -0.00549989892 0.0159997903
  vertex -0.00699990895 -0.00549989892 0.0179997608
  endloop
 endfacet

 facet normal -0.765937507 0.543994248 0.342651367
  outer loop
  vertex 0.00299996091 -0.00149994995 -0.0026456709
  vertex 0.00329613592 -0.00149994995 -0.00226604892
  vertex 0.00329613592 0 -0.00226604892
  endloop
 endfacet

 facet normal -0.530555606 -0.454793721 0.715313435
  outer loop
  vertex -0.00634288695 -0.00437992811 0.0189997498
  vertex -0.00655597402 -0.00411605788 0.0189997498
  vertex -0.00655597402 -0.00411605788 0.0179997608
  endloop
 endfacet

 facet normal -0.469989061 0.813716173 0.342017978
  outer loop
  vertex 0.00835448503 -0.00643491698 -0.0159997903
  vertex 0.00856792927 -0.00632285979 -0.0159997903
  vertex 0.00856792927 -0.00632285979 -0.0179997608
  endloop
 endfacet

 facet normal 0.348739356 0.605562866 -0.715314329
  outer loop
  vertex 0.00709944917 -0.00728571415 -0.0179997608
  vertex 0.00709944917 -0.00728571415 -0.0189997498
  vertex 0.00681060506 -0.00710785296 -0.0189997498
  endloop
 endfacet

 facet normal 2.38417016e-07 1 -3.57628039e-07
  outer loop
  vertex 0.00846457388 0 -0.000885444984
  vertex 0.00866299774 0 -0.000748500985
  vertex 0.00866299774 0 -0.00725138094
  endloop
 endfacet

 facet normal 2.38421023e-07 1 -3.57627044e-07
  outer loop
  vertex 0.00846457388 0 -0.000885444984
  vertex 0.00866299774 0 -0.00725138094
  vertex 0.00846457388 0 -0.00711440993
  endloop
 endfacet

 facet normal 2.3842e-07 1 -3.57624003e-07
  outer loop
  vertex 0.00823920872 0 -0.00097092893
  vertex 0.00846457388 0 -0.000885444984
  vertex 0.00846457388 0 -0.00711440993
  endloop
 endfacet

 facet normal 2.38416007e-07 1 -3.57630029e-07
  outer loop
  vertex 0.00823920872 0 -0.00097092893
  vertex 0.00846457388 0 -0.00711440993
  vertex 0.00823920872 0 -0.00702893687
  endloop
 endfacet

 facet normal 2.38418011e-07 1 -3.57626021e-07
  outer loop
  vertex 0.007999897 0 -0.000999987009
  vertex 0.00823920872 0 -0.00097092893
  vertex 0.00823920872 0 -0.00702893687
  endloop
 endfacet

 facet normal 2.38418011e-07 1 -3.57629006e-07
  outer loop
  vertex 0.007999897 0 -0.000999987009
  vertex 0.00823920872 0 -0.00702893687
  vertex 0.007999897 0 -0.00699990895
  endloop
 endfacet

 facet normal 2.38418011e-07 1 -3.57628039e-07
  outer loop
  vertex 0.00776058389 0 -0.00097092893
  vertex 0.007999897 0 -0.000999987009
  vertex 0.007999897 0 -0.00699990895
  endloop
 endfacet

 facet normal 2.38418011e-07 1 -3.57628039e-07
  outer loop
  vertex 0.00776058389 0 -0.00097092893
  vertex 0.007999897 0 -0.00699990895
  vertex 0.00776058389 0 -0.00702893687
  endloop
 endfacet

 facet normal 2.38419005e-07 1 -3.57629006e-07
  outer loop
  vertex 0.00753515912 0 -0.000885444984
  vertex 0.00776058389 0 -0.00097092893
  vertex 0.00776058389 0 -0.00702893687
  endloop
 endfacet

 facet normal 2.3842e-07 1 -3.57627044e-07
  outer loop
  vertex 0.00753515912 0 -0.000885444984
  vertex 0.00776058389 0 -0.00702893687
  vertex 0.00753515912 0 -0.00711440993
  endloop
 endfacet

 facet normal 2.38419005e-07 1 -3.57627044e-07
  outer loop
  vertex 0.00733673479 0 -0.000748500985
  vertex 0.00753515912 0 -0.000885444984
  vertex 0.00354450895 0 -0.00185352506
  endloop
 endfacet

 facet normal 2.38419005e-07 1 -3.57628039e-07
  outer loop
  vertex 0.00753515912 0 -0.000885444984
  vertex 0.00753515912 0 -0.00711440993
  vertex 0.00299996091 0 -0.00499993516
  endloop
 endfacet

 facet normal 2.38418011e-07 1 -3.57628039e-07
  outer loop
  vertex 0.00733673479 0 -0.000748500985
  vertex 0.00354450895 0 -0.00185352506
  vertex 0.0037415619 0 -0.00141417899
  endloop
 endfacet

 facet normal 2.38418011e-07 1 -3.57630029e-07
  outer loop
  vertex 0.00753515912 0 -0.00711440993
  vertex 0.00733673479 0 -0.00725138094
  vertex 0.00299996091 0 -0.00499993516
  endloop
 endfacet

 facet normal 2.38418011e-07 1 -3.57628039e-07
  outer loop
  vertex 0.00717687607 0 -0.000568057003
  vertex 0.00733673479 0 -0.000748500985
  vertex 0.0037415619 0 -0.00141417899
  endloop
 endfacet

 facet normal 2.38418011e-07 1 -3.57628039e-07
  outer loop
  vertex 0.00354450895 0 -0.00185352506
  vertex 0.00753515912 0 -0.000885444984
  vertex 0.00329613592 0 -0.00226604892
  endloop
 endfacet

 facet normal 2.38419005e-07 1 -3.57628039e-07
  outer loop
  vertex 0.00733673479 0 -0.00725138094
  vertex 0.00717687607 0 -0.00743180513
  vertex 0.00299996091 0 -0.00499993516
  endloop
 endfacet

 facet normal 2.38419005e-07 1 -3.57628039e-07
  outer loop
  vertex 0.00329613592 0 -0.00226604892
  vertex 0.00753515912 0 -0.000885444984
  vertex 0.00299996091 0 -0.00499993516
  endloop
 endfacet

 facet normal 2.38419005e-07 1 -3.57628039e-07
  outer loop
  vertex 0.00399994804 0 0
  vertex 0.00700718118 0 -0.000120534998
  vertex 0.00397092104 0 -0.000480651972
  endloop
 endfacet

 facet normal 2.38419005e-07 1 -3.57627044e-07
  outer loop
  vertex 0.00700718118 0 -0.000120534998
  vertex 0.00706487801 0 -0.000354599993
  vertex 0.00397092104 0 -0.000480651972
  endloop
 endfacet

 facet normal 2.38419005e-07 1 -3.57628039e-07
  outer loop
  vertex 0.00706487801 0 -0.000354599993
  vertex 0.00717687607 0 -0.000568057003
  vertex 0.0038843751 0 -0.00095433899
  endloop
 endfacet

 facet normal 2.38419005e-07 1 -3.57628039e-07
  outer loop
  vertex 0.00717687607 0 -0.000568057003
  vertex 0.0037415619 0 -0.00141417899
  vertex 0.0038843751 0 -0.00095433899
  endloop
 endfacet

 facet normal 2.38419005e-07 1 -3.57628039e-07
  outer loop
  vertex 0.00717687607 0 -0.00743180513
  vertex 0.00706487801 0 -0.0076452489
  vertex 0.00299996091 0 -0.00499993516
  endloop
 endfacet

 facet normal 2.38418011e-07 1 -3.57628039e-07
  outer loop
  vertex 0.0038843751 0 -0.00095433899
  vertex 0.00397092104 0 -0.000480651972
  vertex 0.00706487801 0 -0.000354599993
  endloop
 endfacet

 facet normal 2.38419005e-07 1 -3.57627044e-07
  outer loop
  vertex 0.00706487801 0 -0.0076452489
  vertex 0.00700718118 0 -0.00787931588
  vertex 0.00299996091 0 -0.00499993516
  endloop
 endfacet

 facet normal 2.38418011e-07 1 -3.57627044e-07
  outer loop
  vertex 0.00700718118 0 -0.00787931588
  vertex 0.00700718118 0 -0.00812041666
  vertex 0.000992695917 0 -0.00787931588
  endloop
 endfacet

 facet normal 2.38417016e-07 1 -3.57624998e-07
  outer loop
  vertex 0.00706487801 0 -0.00835448503
  vertex 0.00717687607 0 -0.00856792927
  vertex 0.000822972972 0 -0.00856792927
  endloop
 endfacet

 facet normal 2.38419005e-07 1 -3.57628039e-07
  outer loop
  vertex 0.00717687607 0 -0.00856792927
  vertex 0.0034999249 0 -0.0159997903
  vertex 0.000663113955 0 -0.0087483516
  endloop
 endfacet

 facet normal 2.3842e-07 1 -3.57630995e-07
  outer loop
  vertex 0.00700718118 0 -0.00812041666
  vertex 0.00706487801 0 -0.00835448503
  vertex 0.000992695917 0 -0.00812041666
  endloop
 endfacet

 facet normal 2.38419005e-07 1 -3.57628039e-07
  outer loop
  vertex 0.00299996091 0 -0.00499993516
  vertex 0.00299996091 0 -0.0026456709
  vertex 0.00329613592 0 -0.00226604892
  endloop
 endfacet

 facet normal 2.38419005e-07 1 -3.57628039e-07
  outer loop
  vertex 0.00299996091 0 -0.00499993516
  vertex 0.00700718118 0 -0.00787931588
  vertex 0.000992695917 0 -0.00787931588
  endloop
 endfacet

 facet normal 2.38419005e-07 1 -3.57628039e-07
  outer loop
  vertex 0.00717687607 0 -0.00856792927
  vertex 0.000663113955 0 -0.0087483516
  vertex 0.000822972972 0 -0.00856792927
  endloop
 endfacet

 facet normal 2.38419005e-07 1 -3.57628039e-07
  outer loop
  vertex 0.0034999249 0 -0.0159997903
  vertex -0.0044999118 0 -0.0159997903
  vertex 0 0 -0.00899988413
  endloop
 endfacet

 facet normal 2.3842e-07 1 -3.57627044e-07
  outer loop
  vertex 0.000239312998 0 -0.00897079706
  vertex 0.0034999249 0 -0.0159997903
  vertex 0 0 -0.00899988413
  endloop
 endfacet

 facet normal 2.38416007e-07 1 -3.57627044e-07
  outer loop
  vertex -0.0044999118 0 -0.0159997903
  vertex -0.000663113955 0 -0.0087483516
  vertex -0.000464716984 0 -0.008885324
  endloop
 endfacet

 facet normal 2.38421023e-07 1 -3.57628039e-07
  outer loop
  vertex -0.0044999118 0 -0.0159997903
  vertex -0.000464716984 0 -0.008885324
  vertex -0.000239312998 0 -0.00897079706
  endloop
 endfacet

 facet normal 2.38418011e-07 1 -3.57627044e-07
  outer loop
  vertex 0.000992695917 0 -0.00787931588
  vertex 0.00700718118 0 -0.00812041666
  vertex 0.000992695917 0 -0.00812041666
  endloop
 endfacet

 facet normal 2.38419005e-07 1 -3.57628039e-07
  outer loop
  vertex -0.00329613592 0 -0.00226604892
  vertex -0.00299996091 0 -0.0026456709
  vertex -0.00299996091 0 -0.00499993516
  endloop
 endfacet

 facet normal 2.38419005e-07 1 -3.57628039e-07
  outer loop
  vertex -0.00299996091 0 -0.00499993516
  vertex 0.00299996091 0 -0.00499993516
  vertex 0 0 -0.00699990895
  endloop
 endfacet

 facet normal 2.3842e-07 1 -3.57628039e-07
  outer loop
  vertex 0.000239312998 0 -0.00702893687
  vertex 0.00299996091 0 -0.00499993516
  vertex 0.000464716984 0 -0.00711440993
  endloop
 endfacet

 facet normal 2.38417016e-07 1 -3.57628039e-07
  outer loop
  vertex -0.0044999118 0 -0.0159997903
  vertex -0.000239312998 0 -0.00897079706
  vertex 0 0 -0.00899988413
  endloop
 endfacet

 facet normal 2.38418011e-07 1 -3.57627044e-07
  outer loop
  vertex -0.00354450895 0 -0.00185352506
  vertex -0.00329613592 0 -0.00226604892
  vertex -0.00753515912 0 -0.000885444984
  endloop
 endfacet

 facet normal 2.38419005e-07 1 -3.57628039e-07
  outer loop
  vertex -0.00329613592 0 -0.00226604892
  vertex -0.00299996091 0 -0.00499993516
  vertex -0.00753515912 0 -0.000885444984
  endloop
 endfacet

 facet normal 2.38419005e-07 1 -3.57628039e-07
  outer loop
  vertex -0.00753515912 0 -0.00711440993
  vertex -0.00299996091 0 -0.00499993516
  vertex -0.00733673479 0 -0.00725138094
  endloop
 endfacet

 facet normal 2.38419005e-07 1 -3.57628039e-07
  outer loop
  vertex -0.0037415619 0 -0.00141417899
  vertex -0.00354450895 0 -0.00185352506
  vertex -0.00733673479 0 -0.000748500985
  endloop
 endfacet

 facet normal 2.38419005e-07 1 -3.57628039e-07
  outer loop
  vertex -0.00299996091 0 -0.00499993516
  vertex -0.00753515912 0 -0.00711440993
  vertex -0.00753515912 0 -0.000885444984
  endloop
 endfacet

 facet normal 2.38419005e-07 1 -3.57627044e-07
  outer loop
  vertex -0.00717687607 0 -0.00743180513
  vertex -0.00299996091 0 -0.00499993516
  vertex -0.00706487801 0 -0.0076452489
  endloop
 endfacet

 facet normal 2.38417016e-07 1 -3.57628039e-07
  outer loop
  vertex 0.0034999249 0 -0.0159997903
  vertex 0.000239312998 0 -0.00897079706
  vertex 0.000464716984 0 -0.008885324
  endloop
 endfacet

 facet normal 2.38417016e-07 1 -3.57626021e-07
  outer loop
  vertex 0.0034999249 0 -0.0159997903
  vertex 0.000464716984 0 -0.008885324
  vertex 0.000663113955 0 -0.0087483516
  endloop
 endfacet

 facet normal 2.38418011e-07 1 -3.57629006e-07
  outer loop
  vertex -0.0038843751 0 -0.00095433899
  vertex -0.0037415619 0 -0.00141417899
  vertex -0.00717687607 0 -0.000568057003
  endloop
 endfacet

 facet normal 2.38419005e-07 1 -3.57629006e-07
  outer loop
  vertex -0.00299996091 0 -0.00499993516
  vertex -0.00717687607 0 -0.00743180513
  vertex -0.00733673479 0 -0.00725138094
  endloop
 endfacet

 facet normal 2.38419005e-07 1 -3.57628039e-07
  outer loop
  vertex 0.00706487801 0 -0.00835448503
  vertex 0.000822972972 0 -0.00856792927
  vertex 0.000935004035 0 -0.00835448503
  endloop
 endfacet

 facet normal 2.38418011e-07 1 -3.57627044e-07
  outer loop
  vertex 0.00706487801 0 -0.00835448503
  vertex 0.000935004035 0 -0.00835448503
  vertex 0.000992695917 0 -0.00812041666
  endloop
 endfacet

 facet normal 2.3842e-07 1 -3.57629006e-07
  outer loop
  vertex 0.000992695917 0 -0.00787931588
  vertex 0.000935004035 0 -0.0076452489
  vertex 0.00299996091 0 -0.00499993516
  endloop
 endfacet

 facet normal 2.3842e-07 1 -3.57628039e-07
  outer loop
  vertex 0.000935004035 0 -0.0076452489
  vertex 0.000822972972 0 -0.00743180513
  vertex 0.00299996091 0 -0.00499993516
  endloop
 endfacet

 facet normal 2.38417016e-07 1 -3.57627044e-07
  outer loop
  vertex 0.000822972972 0 -0.00743180513
  vertex 0.000663113955 0 -0.00725138094
  vertex 0.00299996091 0 -0.00499993516
  endloop
 endfacet

 facet normal 2.38417016e-07 1 -3.57626021e-07
  outer loop
  vertex 0.000663113955 0 -0.00725138094
  vertex 0.000464716984 0 -0.00711440993
  vertex 0.00299996091 0 -0.00499993516
  endloop
 endfacet

 facet normal 2.38418011e-07 1 -3.57629006e-07
  outer loop
  vertex 0.00299996091 0 -0.00499993516
  vertex 0.000239312998 0 -0.00702893687
  vertex 0 0 -0.00699990895
  endloop
 endfacet

 facet normal 2.3842e-07 1 -3.57628039e-07
  outer loop
  vertex -0.00299996091 0 -0.00499993516
  vertex 0 0 -0.00699990895
  vertex -0.000239312998 0 -0.00702893687
  endloop
 endfacet

 facet normal 2.38418011e-07 1 -3.57628039e-07
  outer loop
  vertex -0.00299996091 0 -0.00499993516
  vertex -0.000239312998 0 -0.00702893687
  vertex -0.000464716984 0 -0.00711440993
  endloop
 endfacet

 facet normal 2.38418011e-07 1 -3.57628039e-07
  outer loop
  vertex -0.00299996091 0 -0.00499993516
  vertex -0.000464716984 0 -0.00711440993
  vertex -0.000663113955 0 -0.00725138094
  endloop
 endfacet

 facet normal 2.38418011e-07 1 -3.57627044e-07
  outer loop
  vertex -0.00299996091 0 -0.00499993516
  vertex -0.000663113955 0 -0.00725138094
  vertex -0.000822972972 0 -0.00743180513
  endloop
 endfacet

 facet normal 2.38419005e-07 1 -3.57627044e-07
  outer loop
  vertex -0.00299996091 0 -0.00499993516
  vertex -0.000822972972 0 -0.00743180513
  vertex -0.000935004035 0 -0.0076452489
  endloop
 endfacet

 facet normal 2.38418011e-07 1 -3.57629006e-07
  outer loop
  vertex -0.00299996091 0 -0.00499993516
  vertex -0.000935004035 0 -0.0076452489
  vertex -0.000992695917 0 -0.00787931588
  endloop
 endfacet

 facet normal 2.38419005e-07 1 -3.57628039e-07
  outer loop
  vertex -0.00299996091 0 -0.00499993516
  vertex -0.000992695917 0 -0.00787931588
  vertex -0.00700718118 0 -0.00787931588
  endloop
 endfacet

 facet normal 2.38418011e-07 1 -3.57627044e-07
  outer loop
  vertex -0.000992695917 0 -0.00787931588
  vertex -0.000992695917 0 -0.00812041666
  vertex -0.00700718118 0 -0.00812041666
  endloop
 endfacet

 facet normal 2.38419005e-07 1 -3.57628039e-07
  outer loop
  vertex -0.000992695917 0 -0.00812041666
  vertex -0.000935004035 0 -0.00835448503
  vertex -0.00706487801 0 -0.00835448503
  endloop
 endfacet

 facet normal 2.3842e-07 1 -3.57630995e-07
  outer loop
  vertex -0.000992695917 0 -0.00812041666
  vertex -0.00706487801 0 -0.00835448503
  vertex -0.00700718118 0 -0.00812041666
  endloop
 endfacet

 facet normal 2.38418011e-07 1 -3.57627044e-07
  outer loop
  vertex -0.000992695917 0 -0.00787931588
  vertex -0.00700718118 0 -0.00812041666
  vertex -0.00700718118 0 -0.00787931588
  endloop
 endfacet

 facet normal 2.38418011e-07 1 -3.57627044e-07
  outer loop
  vertex -0.00299996091 0 -0.00499993516
  vertex -0.00700718118 0 -0.00787931588
  vertex -0.00706487801 0 -0.0076452489
  endloop
 endfacet

 facet normal 2.38419005e-07 1 -3.57628039e-07
  outer loop
  vertex -0.00397092104 0 -0.000480651972
  vertex -0.0038843751 0 -0.00095433899
  vertex -0.00706487801 0 -0.000354599993
  endloop
 endfacet

 facet normal 2.38418011e-07 1 -3.57629006e-07
  outer loop
  vertex -0.00733673479 0 -0.000748500985
  vertex -0.00354450895 0 -0.00185352506
  vertex -0.00753515912 0 -0.000885444984
  endloop
 endfacet

 facet normal 2.38419005e-07 1 -3.57628039e-07
  outer loop
  vertex -0.00399994804 0 0
  vertex -0.00397092104 0 -0.000480651972
  vertex -0.00700718118 0 -0.000120534998
  endloop
 endfacet

 facet normal 2.38419005e-07 1 -3.57627044e-07
  outer loop
  vertex -0.00717687607 0 -0.000568057003
  vertex -0.0037415619 0 -0.00141417899
  vertex -0.00733673479 0 -0.000748500985
  endloop
 endfacet

 facet normal 2.38419005e-07 1 -3.57626021e-07
  outer loop
  vertex -0.0038843751 0 -0.00095433899
  vertex -0.00717687607 0 -0.000568057003
  vertex -0.00706487801 0 -0.000354599993
  endloop
 endfacet

 facet normal 2.38419005e-07 1 -3.57628039e-07
  outer loop
  vertex -0.00397092104 0 0.000480651972
  vertex -0.00399994804 0 0
  vertex -0.00700718118 0 0.000120534998
  endloop
 endfacet

 facet normal 2.38419005e-07 1 -3.57628039e-07
  outer loop
  vertex -0.00397092104 0 -0.000480651972
  vertex -0.00706487801 0 -0.000354599993
  vertex -0.00700718118 0 -0.000120534998
  endloop
 endfacet

 facet normal 2.38418011e-07 1 -3.57628039e-07
  outer loop
  vertex -0.0038843751 0 0.00095433899
  vertex -0.00397092104 0 0.000480651972
  vertex -0.00706487801 0 0.000354599993
  endloop
 endfacet

 facet normal 2.38419005e-07 1 -3.57628039e-07
  outer loop
  vertex -0.00399994804 0 0
  vertex -0.00700718118 0 -0.000120534998
  vertex -0.00700718118 0 0.000120534998
  endloop
 endfacet

 facet normal 2.3842e-07 1 -3.57630995e-07
  outer loop
  vertex -0.00753515912 0 -0.00711440993
  vertex -0.00776058389 0 -0.00702893687
  vertex -0.00753515912 0 -0.000885444984
  endloop
 endfacet

 facet normal 2.38419005e-07 1 -3.57628039e-07
  outer loop
  vertex -0.0037415619 0 0.00141417899
  vertex -0.0038843751 0 0.00095433899
  vertex -0.00717687607 0 0.000568057003
  endloop
 endfacet

 facet normal 2.38418011e-07 1 -3.57629006e-07
  outer loop
  vertex -0.00776058389 0 -0.00702893687
  vertex -0.007999897 0 -0.00699990895
  vertex -0.00776058389 0 -0.00097092893
  endloop
 endfacet

 facet normal 2.38418011e-07 1 -3.57628039e-07
  outer loop
  vertex -0.00354450895 0 0.00185352506
  vertex -0.0037415619 0 0.00141417899
  vertex -0.00733673479 0 0.000748500985
  endloop
 endfacet

 facet normal 2.38419005e-07 1 -3.57628039e-07
  outer loop
  vertex -0.00397092104 0 0.000480651972
  vertex -0.00700718118 0 0.000120534998
  vertex -0.00706487801 0 0.000354599993
  endloop
 endfacet

 facet normal 2.38419005e-07 1 -3.57628039e-07
  outer loop
  vertex -0.007999897 0 -0.00699990895
  vertex -0.00823920872 0 -0.00702893687
  vertex -0.007999897 0 -0.000999987009
  endloop
 endfacet

 facet normal 2.38419005e-07 1 -3.57628039e-07
  outer loop
  vertex -0.00299996091 0 0.00499993516
  vertex -0.00299996091 0 0.0026456709
  vertex -0.00329613592 0 0.00226604892
  endloop
 endfacet

 facet normal 2.38417016e-07 1 -3.57633041e-07
  outer loop
  vertex -0.00823920872 0 -0.00702893687
  vertex -0.00846457388 0 -0.00711440993
  vertex -0.00823920872 0 -0.00097092893
  endloop
 endfacet

 facet normal 2.38419005e-07 1 -3.57628039e-07
  outer loop
  vertex -0.00299996091 0 0.00499993516
  vertex -0.00329613592 0 0.00226604892
  vertex -0.00753515912 0 0.000885444984
  endloop
 endfacet

 facet normal 2.38418011e-07 1 -3.57628039e-07
  outer loop
  vertex -0.00329613592 0 0.00226604892
  vertex -0.00354450895 0 0.00185352506
  vertex -0.00753515912 0 0.000885444984
  endloop
 endfacet

 facet normal 2.38419005e-07 1 -3.57628039e-07
  outer loop
  vertex 0.00329613592 0 0.00226604892
  vertex 0.00299996091 0 0.0026456709
  vertex 0.00299996091 0 0.00499993516
  endloop
 endfacet

 facet normal 2.38418011e-07 1 -3.57627044e-07
  outer loop
  vertex 0.00354450895 0 0.00185352506
  vertex 0.00329613592 0 0.00226604892
  vertex 0.00753515912 0 0.000885444984
  endloop
 endfacet

 facet normal 2.38419005e-07 1 -3.57628039e-07
  outer loop
  vertex 0.00329613592 0 0.00226604892
  vertex 0.00299996091 0 0.00499993516
  vertex 0.00753515912 0 0.000885444984
  endloop
 endfacet

 facet normal 2.3842e-07 1 -3.57624998e-07
  outer loop
  vertex -0.00846457388 0 -0.00711440993
  vertex -0.00866299774 0 -0.00725138094
  vertex -0.00846457388 0 -0.000885444984
  endloop
 endfacet

 facet normal 2.38419005e-07 1 -3.57628039e-07
  outer loop
  vertex 0.0037415619 0 0.00141417899
  vertex 0.00354450895 0 0.00185352506
  vertex 0.00733673479 0 0.000748500985
  endloop
 endfacet

 facet normal 2.38418011e-07 1 -3.57629006e-07
  outer loop
  vertex 0.0037415619 0 0.00141417899
  vertex 0.00717687607 0 0.000568057003
  vertex 0.0038843751 0 0.00095433899
  endloop
 endfacet

 facet normal 2.38419005e-07 1 -3.57627044e-07
  outer loop
  vertex -0.00753515912 0 -0.000885444984
  vertex -0.00776058389 0 -0.00702893687
  vertex -0.00776058389 0 -0.00097092893
  endloop
 endfacet

 facet normal 2.38417016e-07 1 -3.57630029e-07
  outer loop
  vertex -0.00866299774 0 -0.00725138094
  vertex -0.00882285833 0 -0.00743180513
  vertex -0.00866299774 0 -0.000748500985
  endloop
 endfacet

 facet normal 2.38419005e-07 1 -3.57627044e-07
  outer loop
  vertex 0.00717687607 0 0.000568057003
  vertex 0.0037415619 0 0.00141417899
  vertex 0.00733673479 0 0.000748500985
  endloop
 endfacet

 facet normal 2.38419005e-07 1 -3.57626021e-07
  outer loop
  vertex 0.0038843751 0 0.00095433899
  vertex 0.00717687607 0 0.000568057003
  vertex 0.00706487801 0 0.000354599993
  endloop
 endfacet

 facet normal 2.38419005e-07 1 -3.57629006e-07
  outer loop
  vertex -0.00882285833 0 -0.00743180513
  vertex -0.00893485546 0 -0.0076452489
  vertex -0.00882285833 0 -0.000568057003
  endloop
 endfacet

 facet normal 2.38419005e-07 1 -3.57628039e-07
  outer loop
  vertex -0.00776058389 0 -0.00097092893
  vertex -0.007999897 0 -0.00699990895
  vertex -0.007999897 0 -0.000999987009
  endloop
 endfacet

 facet normal 2.3842e-07 1 -3.57628039e-07
  outer loop
  vertex -0.00893485546 0 -0.0076452489
  vertex -0.00893485546 0 -0.000354599993
  vertex -0.00882285833 0 -0.000568057003
  endloop
 endfacet

 facet normal 2.38418011e-07 1 -3.57627044e-07
  outer loop
  vertex -0.00882285833 0 -0.000568057003
  vertex -0.00866299774 0 -0.000748500985
  vertex -0.00882285833 0 -0.00743180513
  endloop
 endfacet

 facet normal 2.38419005e-07 1 -3.57633041e-07
  outer loop
  vertex -0.00866299774 0 -0.000748500985
  vertex -0.00846457388 0 -0.000885444984
  vertex -0.00866299774 0 -0.00725138094
  endloop
 endfacet

 facet normal 2.38418011e-07 1 -3.57624003e-07
  outer loop
  vertex -0.00846457388 0 -0.000885444984
  vertex -0.00823920872 0 -0.00097092893
  vertex -0.00846457388 0 -0.00711440993
  endloop
 endfacet

 facet normal 2.38419005e-07 1 -3.57626021e-07
  outer loop
  vertex -0.00823920872 0 -0.00097092893
  vertex -0.007999897 0 -0.000999987009
  vertex -0.00823920872 0 -0.00702893687
  endloop
 endfacet

 facet normal 2.38419005e-07 1 -3.57628039e-07
  outer loop
  vertex -0.0038843751 0 0.00095433899
  vertex -0.00706487801 0 0.000354599993
  vertex -0.00717687607 0 0.000568057003
  endloop
 endfacet

 facet normal 2.38418011e-07 1 -3.57628039e-07
  outer loop
  vertex -0.0037415619 0 0.00141417899
  vertex -0.00717687607 0 0.000568057003
  vertex -0.00733673479 0 0.000748500985
  endloop
 endfacet

 facet normal 2.38419005e-07 1 -3.57627044e-07
  outer loop
  vertex -0.00354450895 0 0.00185352506
  vertex -0.00733673479 0 0.000748500985
  vertex -0.00753515912 0 0.000885444984
  endloop
 endfacet

 facet normal 2.38418011e-07 1 -3.57628039e-07
  outer loop
  vertex -0.00776058389 0 0.00097092893
  vertex -0.007999897 0 0.000999987009
  vertex -0.007999897 0 0.00699990895
  endloop
 endfacet

 facet normal 2.38418011e-07 1 -3.57629006e-07
  outer loop
  vertex -0.007999897 0 0.000999987009
  vertex -0.00823920872 0 0.00702893687
  vertex -0.007999897 0 0.00699990895
  endloop
 endfacet

 facet normal 2.38419005e-07 1 -3.57628039e-07
  outer loop
  vertex -0.00299996091 0 0.00499993516
  vertex -0.00753515912 0 0.000885444984
  vertex -0.00753515912 0 0.00711440993
  endloop
 endfacet

 facet normal 2.38418011e-07 1 -3.57628039e-07
  outer loop
  vertex -0.00753515912 0 0.000885444984
  vertex -0.00776058389 0 0.00097092893
  vertex -0.00753515912 0 0.00711440993
  endloop
 endfacet

 facet normal 2.38418011e-07 1 -3.57628039e-07
  outer loop
  vertex -0.00776058389 0 0.00097092893
  vertex -0.007999897 0 0.00699990895
  vertex -0.00776058389 0 0.00702893687
  endloop
 endfacet

 facet normal 2.38419005e-07 1 -3.57628039e-07
  outer loop
  vertex 0.00299996091 0 0.00499993516
  vertex -0.00299996091 0 0.00499993516
  vertex 0 0 0.00699990895
  endloop
 endfacet

 facet normal 2.38421023e-07 1 -3.57628039e-07
  outer loop
  vertex -0.00776058389 0 0.00097092893
  vertex -0.00776058389 0 0.00702893687
  vertex -0.00753515912 0 0.00711440993
  endloop
 endfacet

 facet normal 2.38419005e-07 1 -3.57628039e-07
  outer loop
  vertex 0.00706487801 0 0.000354599993
  vertex 0.00397092104 0 0.000480651972
  vertex 0.0038843751 0 0.00095433899
  endloop
 endfacet

 facet normal 2.38417016e-07 1 -3.57630029e-07
  outer loop
  vertex -0.00299996091 0 0.00499993516
  vertex -0.00753515912 0 0.00711440993
  vertex -0.00733673479 0 0.00725138094
  endloop
 endfacet

 facet normal 2.38418011e-07 1 -3.57629006e-07
  outer loop
  vertex 0.00733673479 0 0.000748500985
  vertex 0.00354450895 0 0.00185352506
  vertex 0.00753515912 0 0.000885444984
  endloop
 endfacet

 facet normal 2.3842e-07 1 -3.57627044e-07
  outer loop
  vertex -0.00299996091 0 0.00499993516
  vertex -0.00733673479 0 0.00725138094
  vertex -0.00717687607 0 0.00743180513
  endloop
 endfacet

 facet normal 2.38419005e-07 1 -3.57629006e-07
  outer loop
  vertex -0.00299996091 0 0.00499993516
  vertex -0.00717687607 0 0.00743180513
  vertex -0.00706487801 0 0.0076452489
  endloop
 endfacet

 facet normal 2.38418011e-07 1 -3.57627044e-07
  outer loop
  vertex -0.00299996091 0 0.00499993516
  vertex -0.00706487801 0 0.0076452489
  vertex -0.00700718118 0 0.00787931588
  endloop
 endfacet

 facet normal 2.38419005e-07 1 -3.57628039e-07
  outer loop
  vertex -0.00299996091 0 0.00499993516
  vertex -0.00700718118 0 0.00787931588
  vertex -0.000992695917 0 0.00787931588
  endloop
 endfacet

 facet normal 2.38418011e-07 1 -3.57628039e-07
  outer loop
  vertex -0.000992695917 0 0.00787931588
  vertex -0.00700718118 0 0.00787931588
  vertex -0.00700718118 0 0.00812041666
  endloop
 endfacet

 facet normal 2.38419005e-07 1 -3.57628039e-07
  outer loop
  vertex 0.00776058389 0 0.00097092893
  vertex 0.00753515912 0 0.000885444984
  vertex 0.00753515912 0 0.00711440993
  endloop
 endfacet

 facet normal 2.38419005e-07 1 -3.57628039e-07
  outer loop
  vertex 0.00753515912 0 0.000885444984
  vertex 0.00299996091 0 0.00499993516
  vertex 0.00753515912 0 0.00711440993
  endloop
 endfacet

 facet normal 2.38419005e-07 1 -3.57629006e-07
  outer loop
  vertex 0.007999897 0 0.000999987009
  vertex 0.00776058389 0 0.00097092893
  vertex 0.00776058389 0 0.00702893687
  endloop
 endfacet

 facet normal 2.3842e-07 1 -3.57629006e-07
  outer loop
  vertex 0.00776058389 0 0.00702893687
  vertex 0.00776058389 0 0.00097092893
  vertex 0.00753515912 0 0.00711440993
  endloop
 endfacet

 facet normal 2.38418011e-07 1 -3.57627044e-07
  outer loop
  vertex -0.00299996091 0 0.00499993516
  vertex -0.000663113955 0 0.00725138094
  vertex -0.000464716984 0 0.00711440993
  endloop
 endfacet

 facet normal 2.38417016e-07 1 -3.57627044e-07
  outer loop
  vertex -0.000663113955 0 0.00725138094
  vertex -0.00299996091 0 0.00499993516
  vertex -0.000822972972 0 0.00743180513
  endloop
 endfacet

 facet normal 2.3842e-07 1 -3.57630995e-07
  outer loop
  vertex -0.00700718118 0 0.00812041666
  vertex -0.00706487801 0 0.00835448503
  vertex -0.000992695917 0 0.00812041666
  endloop
 endfacet

 facet normal 2.38419005e-07 1 -3.57628039e-07
  outer loop
  vertex 0.00823920872 0 0.00097092893
  vertex 0.007999897 0 0.000999987009
  vertex 0.007999897 0 0.00699990895
  endloop
 endfacet

 facet normal 2.38418011e-07 1 -3.57628039e-07
  outer loop
  vertex 0.007999897 0 0.00699990895
  vertex 0.007999897 0 0.000999987009
  vertex 0.00776058389 0 0.00702893687
  endloop
 endfacet

 facet normal 2.38418011e-07 1 -3.57630029e-07
  outer loop
  vertex 0.00846457388 0 0.000885444984
  vertex 0.00823920872 0 0.00097092893
  vertex 0.00823920872 0 0.00702893687
  endloop
 endfacet

 facet normal 2.38419005e-07 1 -3.57626021e-07
  outer loop
  vertex 0.00823920872 0 0.00702893687
  vertex 0.00823920872 0 0.00097092893
  vertex 0.007999897 0 0.00699990895
  endloop
 endfacet

 facet normal 2.3842e-07 1 -3.57628039e-07
  outer loop
  vertex -0.00299996091 0 0.00499993516
  vertex -0.000464716984 0 0.00711440993
  vertex -0.000239312998 0 0.00702893687
  endloop
 endfacet

 facet normal 2.38417016e-07 1 -3.57623037e-07
  outer loop
  vertex -0.00706487801 0 0.00835448503
  vertex -0.00717687607 0 0.00856792927
  vertex -0.000935004035 0 0.00835448503
  endloop
 endfacet

 facet normal 2.3842e-07 1 -3.57628039e-07
  outer loop
  vertex -0.000822972972 0 0.00743180513
  vertex -0.00299996091 0 0.00499993516
  vertex -0.000935004035 0 0.0076452489
  endloop
 endfacet

 facet normal 2.38419005e-07 1 -3.57624998e-07
  outer loop
  vertex -0.00717687607 0 0.00856792927
  vertex -0.00733673479 0 0.0087483516
  vertex -0.000822972972 0 0.00856792927
  endloop
 endfacet

 facet normal 2.3842e-07 1 -3.57624998e-07
  outer loop
  vertex 0.00866299774 0 0.000748500985
  vertex 0.00846457388 0 0.000885444984
  vertex 0.00846457388 0 0.00711440993
  endloop
 endfacet

 facet normal 2.38418011e-07 1 -3.57627044e-07
  outer loop
  vertex 0.00846457388 0 0.00711440993
  vertex 0.00846457388 0 0.000885444984
  vertex 0.00823920872 0 0.00702893687
  endloop
 endfacet

 facet normal 2.38419005e-07 1 -3.57629006e-07
  outer loop
  vertex -0.000935004035 0 0.0076452489
  vertex -0.00299996091 0 0.00499993516
  vertex -0.000992695917 0 0.00787931588
  endloop
 endfacet

 facet normal 2.3842e-07 1 -3.57628039e-07
  outer loop
  vertex -0.00733673479 0 0.0087483516
  vertex -0.00753515912 0 0.008885324
  vertex -0.0044999118 0 0.0159997903
  endloop
 endfacet

 facet normal 2.3842e-07 1 -3.57627044e-07
  outer loop
  vertex -0.00753515912 0 0.008885324
  vertex -0.00776058389 0 0.00897079706
  vertex -0.0044999118 0 0.0159997903
  endloop
 endfacet

 facet normal 2.38418011e-07 1 -3.57627044e-07
  outer loop
  vertex -0.000992695917 0 0.00787931588
  vertex -0.00700718118 0 0.00812041666
  vertex -0.000992695917 0 0.00812041666
  endloop
 endfacet

 facet normal 2.38422984e-07 1 -3.57624998e-07
  outer loop
  vertex -0.00866299774 0 0.00725138094
  vertex -0.00846457388 0 0.00711440993
  vertex -0.00846457388 0 0.000885444984
  endloop
 endfacet

 facet normal 2.3842e-07 1 -3.57624998e-07
  outer loop
  vertex -0.00846457388 0 0.00711440993
  vertex -0.00823920872 0 0.00097092893
  vertex -0.00846457388 0 0.000885444984
  endloop
 endfacet

 facet normal 2.38419005e-07 1 -3.57633041e-07
  outer loop
  vertex -0.00882285833 0 0.00743180513
  vertex -0.00866299774 0 0.00725138094
  vertex -0.00866299774 0 0.000748500985
  endloop
 endfacet

 facet normal 2.38418011e-07 1 -3.57629006e-07
  outer loop
  vertex -0.00866299774 0 0.00725138094
  vertex -0.00846457388 0 0.000885444984
  vertex -0.00866299774 0 0.000748500985
  endloop
 endfacet

 facet normal 2.38425002e-07 1 -3.57633041e-07
  outer loop
  vertex -0.00893485546 0 0.0076452489
  vertex -0.00882285833 0 0.00743180513
  vertex -0.00882285833 0 0.000568057003
  endloop
 endfacet

 facet normal 2.38417016e-07 1 -3.57624998e-07
  outer loop
  vertex -0.00882285833 0 0.00743180513
  vertex -0.00866299774 0 0.000748500985
  vertex -0.00882285833 0 0.000568057003
  endloop
 endfacet

 facet normal 2.38424008e-07 1 -3.57624003e-07
  outer loop
  vertex -0.00899255183 0 0.00787931588
  vertex -0.00893485546 0 0.0076452489
  vertex -0.00893485546 0 0.000354599993
  endloop
 endfacet

 facet normal 2.38418011e-07 1 -3.57624998e-07
  outer loop
  vertex -0.00893485546 0 0.0076452489
  vertex -0.00882285833 0 0.000568057003
  vertex -0.00893485546 0 0.000354599993
  endloop
 endfacet

 facet normal 2.38412014e-07 1 -3.57629006e-07
  outer loop
  vertex -0.00899255183 0 0.00787931588
  vertex -0.00893485546 0 0.000354599993
  vertex -0.00899255183 0 0.000120534998
  endloop
 endfacet

 facet normal 2.38419005e-07 1 -3.57632018e-07
  outer loop
  vertex -0.00899255183 0 0.000120534998
  vertex -0.00899255183 0 -0.000120534998
  vertex -0.0124998 0 -0.0169997793
  endloop
 endfacet

 facet normal 2.38418011e-07 1 -3.57628039e-07
  outer loop
  vertex -0.0124998 0 0.0169997793
  vertex -0.0044999118 0 0.0169997793
  vertex -0.0044999118 0 0.0159997903
  endloop
 endfacet

 facet normal 2.38419005e-07 1 -3.57628039e-07
  outer loop
  vertex -0.0044999118 0 0.0159997903
  vertex 0.0034999249 0 0.0159997903
  vertex 0 0 0.00899988413
  endloop
 endfacet

 facet normal 2.38421023e-07 1 -3.57628039e-07
  outer loop
  vertex 0.0034999249 0 0.0159997903
  vertex 0.000464716984 0 0.008885324
  vertex 0.000239312998 0 0.00897079706
  endloop
 endfacet

 facet normal 2.38417016e-07 1 -3.57628039e-07
  outer loop
  vertex 0.0034999249 0 0.0159997903
  vertex 0.000239312998 0 0.00897079706
  vertex 0 0 0.00899988413
  endloop
 endfacet

 facet normal 2.38419005e-07 1 -3.57628039e-07
  outer loop
  vertex -0.00899255183 0 0.000120534998
  vertex -0.0124998 0 -0.0169997793
  vertex -0.0124998 0 0.0169997793
  endloop
 endfacet

 facet normal 2.38426992e-07 1 -3.57632018e-07
  outer loop
  vertex -0.00899255183 0 0.00812041666
  vertex -0.00899255183 0 0.00787931588
  vertex -0.0124998 0 0.0169997793
  endloop
 endfacet

 facet normal 2.38418011e-07 1 -3.57628039e-07
  outer loop
  vertex -0.00899255183 0 0.00787931588
  vertex -0.00899255183 0 0.000120534998
  vertex -0.0124998 0 0.0169997793
  endloop
 endfacet

 facet normal 2.38419005e-07 1 -3.57628039e-07
  outer loop
  vertex -0.0124998 0 0.0169997793
  vertex -0.0044999118 0 0.0159997903
  vertex -0.00823920872 0 0.00897079706
  endloop
 endfacet

 facet normal 2.38419005e-07 1 -3.57628039e-07
  outer loop
  vertex -0.0044999118 0 0.0159997903
  vertex 0 0 0.00899988413
  vertex -0.000239312998 0 0.00897079706
  endloop
 endfacet

 facet normal 2.38419005e-07 1 -3.57628039e-07
  outer loop
  vertex -0.00893485546 0 0.00835448503
  vertex -0.00899255183 0 0.00812041666
  vertex -0.0124998 0 0.0169997793
  endloop
 endfacet

 facet normal 2.3842e-07 1 -3.57629006e-07
  outer loop
  vertex -0.0044999118 0 0.0159997903
  vertex -0.000239312998 0 0.00897079706
  vertex -0.000464716984 0 0.008885324
  endloop
 endfacet

 facet normal 2.38416007e-07 1 -3.57626021e-07
  outer loop
  vertex -0.0044999118 0 0.0159997903
  vertex -0.000464716984 0 0.008885324
  vertex -0.000663113955 0 0.0087483516
  endloop
 endfacet

 facet normal 2.38421023e-07 1 -3.57630995e-07
  outer loop
  vertex -0.00882285833 0 0.00856792927
  vertex -0.00893485546 0 0.00835448503
  vertex -0.0124998 0 0.0169997793
  endloop
 endfacet

 facet normal 2.38417016e-07 1 -3.57624998e-07
  outer loop
  vertex -0.00866299774 0 0.0087483516
  vertex -0.00882285833 0 0.00856792927
  vertex -0.0124998 0 0.0169997793
  endloop
 endfacet

 facet normal 2.38418011e-07 1 -3.57628039e-07
  outer loop
  vertex -0.0044999118 0 0.0159997903
  vertex -0.000663113955 0 0.0087483516
  vertex -0.00733673479 0 0.0087483516
  endloop
 endfacet

 facet normal 2.38418011e-07 1 -3.57627044e-07
  outer loop
  vertex -0.00733673479 0 0.0087483516
  vertex -0.000663113955 0 0.0087483516
  vertex -0.000822972972 0 0.00856792927
  endloop
 endfacet

 facet normal 2.38417016e-07 1 -3.57624998e-07
  outer loop
  vertex -0.00846457388 0 0.008885324
  vertex -0.00866299774 0 0.0087483516
  vertex -0.0124998 0 0.0169997793
  endloop
 endfacet

 facet normal 2.38417016e-07 1 -3.57630029e-07
  outer loop
  vertex -0.00823920872 0 0.00897079706
  vertex -0.00846457388 0 0.008885324
  vertex -0.0124998 0 0.0169997793
  endloop
 endfacet

 facet normal 2.38418011e-07 1 -3.57629006e-07
  outer loop
  vertex -0.0044999118 0 0.0159997903
  vertex -0.00776058389 0 0.00897079706
  vertex -0.007999897 0 0.00899988413
  endloop
 endfacet

 facet normal 2.3842e-07 1 -3.57630029e-07
  outer loop
  vertex -0.000822972972 0 0.00856792927
  vertex -0.000935004035 0 0.00835448503
  vertex -0.00717687607 0 0.00856792927
  endloop
 endfacet

 facet normal 2.38419005e-07 1 -3.57628039e-07
  outer loop
  vertex -0.000935004035 0 0.00835448503
  vertex -0.000992695917 0 0.00812041666
  vertex -0.00706487801 0 0.00835448503
  endloop
 endfacet

 facet normal 2.3842e-07 1 -3.57628039e-07
  outer loop
  vertex -0.007999897 0 0.00899988413
  vertex -0.00823920872 0 0.00897079706
  vertex -0.0044999118 0 0.0159997903
  endloop
 endfacet

 facet normal 2.38417016e-07 1 -3.57623037e-07
  outer loop
  vertex 0.00893485546 0 0.0076452489
  vertex 0.00899255183 0 0.000120534998
  vertex 0.00893485546 0 0.000354599993
  endloop
 endfacet

 facet normal 2.3842e-07 1 -3.57624003e-07
  outer loop
  vertex 0.00882285833 0 0.00743180513
  vertex 0.00893485546 0 0.0076452489
  vertex 0.00893485546 0 0.000354599993
  endloop
 endfacet

 facet normal 2.3842e-07 1 -3.57633041e-07
  outer loop
  vertex 0.00882285833 0 0.00743180513
  vertex 0.00893485546 0 0.000354599993
  vertex 0.00882285833 0 0.000568057003
  endloop
 endfacet

 facet normal 2.38416007e-07 1 -3.57627044e-07
  outer loop
  vertex 0.00866299774 0 0.00725138094
  vertex 0.00882285833 0 0.00743180513
  vertex 0.00882285833 0 0.000568057003
  endloop
 endfacet

 facet normal 2.38419005e-07 1 -3.57628039e-07
  outer loop
  vertex 0.00866299774 0 0.00725138094
  vertex 0.00882285833 0 0.000568057003
  vertex 0.00866299774 0 0.000748500985
  endloop
 endfacet

 facet normal 2.38419005e-07 1 -3.57633041e-07
  outer loop
  vertex 0.00846457388 0 0.00711440993
  vertex 0.00866299774 0 0.00725138094
  vertex 0.00866299774 0 0.000748500985
  endloop
 endfacet

 facet normal 2.38419005e-07 1 -3.57628039e-07
  outer loop
  vertex 0.00733673479 0 0.00725138094
  vertex 0.00753515912 0 0.00711440993
  vertex 0.00299996091 0 0.00499993516
  endloop
 endfacet

 facet normal 2.38418011e-07 1 -3.57629006e-07
  outer loop
  vertex -0.00299996091 0 0.00499993516
  vertex -0.000239312998 0 0.00702893687
  vertex 0 0 0.00699990895
  endloop
 endfacet

 facet normal 2.38419005e-07 1 -3.57630029e-07
  outer loop
  vertex 0.00717687607 0 0.00743180513
  vertex 0.00733673479 0 0.00725138094
  vertex 0.00299996091 0 0.00499993516
  endloop
 endfacet

 facet normal 2.38419005e-07 1 -3.57627044e-07
  outer loop
  vertex 0.00706487801 0 0.0076452489
  vertex 0.00717687607 0 0.00743180513
  vertex 0.00299996091 0 0.00499993516
  endloop
 endfacet

 facet normal 2.3842e-07 1 -3.57628039e-07
  outer loop
  vertex 0.00299996091 0 0.00499993516
  vertex 0 0 0.00699990895
  vertex 0.000239312998 0 0.00702893687
  endloop
 endfacet

 facet normal 2.38418011e-07 1 -3.57627044e-07
  outer loop
  vertex 0.00700718118 0 0.00787931588
  vertex 0.00706487801 0 0.0076452489
  vertex 0.00299996091 0 0.00499993516
  endloop
 endfacet

 facet normal 2.38418011e-07 1 -3.57627044e-07
  outer loop
  vertex 0.000935004035 0 0.00835448503
  vertex 0.00706487801 0 0.00835448503
  vertex 0.00700718118 0 0.00812041666
  endloop
 endfacet

 facet normal 2.38418011e-07 1 -3.57627044e-07
  outer loop
  vertex 0.00700718118 0 0.00812041666
  vertex 0.00700718118 0 0.00787931588
  vertex 0.000992695917 0 0.00787931588
  endloop
 endfacet

 facet normal 2.38419005e-07 1 -3.57628039e-07
  outer loop
  vertex 0.00700718118 0 0.00787931588
  vertex 0.00299996091 0 0.00499993516
  vertex 0.000992695917 0 0.00787931588
  endloop
 endfacet

 facet normal 2.38418011e-07 1 -3.57628039e-07
  outer loop
  vertex 0.00299996091 0 0.00499993516
  vertex 0.000239312998 0 0.00702893687
  vertex 0.000464716984 0 0.00711440993
  endloop
 endfacet

 facet normal 2.38418011e-07 1 -3.57628039e-07
  outer loop
  vertex 0.00299996091 0 0.00499993516
  vertex 0.000464716984 0 0.00711440993
  vertex 0.000663113955 0 0.00725138094
  endloop
 endfacet

 facet normal 2.38421023e-07 1 -3.57632018e-07
  outer loop
  vertex 0.000935004035 0 0.00835448503
  vertex 0.00700718118 0 0.00812041666
  vertex 0.000992695917 0 0.00812041666
  endloop
 endfacet

 facet normal 2.38418011e-07 1 -3.57627044e-07
  outer loop
  vertex 0.000992695917 0 0.00812041666
  vertex 0.00700718118 0 0.00812041666
  vertex 0.000992695917 0 0.00787931588
  endloop
 endfacet

 facet normal 2.38418011e-07 1 -3.57627044e-07
  outer loop
  vertex 0.00299996091 0 0.00499993516
  vertex 0.000663113955 0 0.00725138094
  vertex 0.000822972972 0 0.00743180513
  endloop
 endfacet

 facet normal 2.38419005e-07 1 -3.57627044e-07
  outer loop
  vertex 0.00299996091 0 0.00499993516
  vertex 0.000822972972 0 0.00743180513
  vertex 0.000935004035 0 0.0076452489
  endloop
 endfacet

 facet normal 0.811132371 0.509013414 -0.288044155
  outer loop
  vertex -0.00299996091 0 0.0026456709
  vertex -0.00299996091 -0.00149994995 0.0026456709
  vertex -0.00329613592 -0.00149994995 0.00226604892
  endloop
 endfacet

 facet normal 0.813715875 -0.34201926 -0.469988614
  outer loop
  vertex -0.000822972972 0 -0.00743180513
  vertex -0.00082297402 -0.00249993801 -0.00743180513
  vertex -0.000935004966 -0.00249993801 -0.0076452489
  endloop
 endfacet

 facet normal 0 -5.25111034e-07 -1
  outer loop
  vertex -0.00684517622 -0.00249993801 -0.00599986315
  vertex -0.00684517622 -0.00399994804 -0.00599986315
  vertex -0.00915455818 -0.00399994804 -0.00599986315
  endloop
 endfacet

 facet normal 0.864434183 -0.36847955 0.342018157
  outer loop
  vertex -0.008885324 -0.00503516104 -0.0179997608
  vertex -0.008885324 -0.00503516104 -0.0159997903
  vertex -0.00897079706 -0.00526058581 -0.0159997903
  endloop
 endfacet

 facet normal -0.296127439 0.632956386 -0.715314567
  outer loop
  vertex 0.00904846098 -0.00720292283 -0.0189997498
  vertex 0.00874555111 -0.00735569 -0.0189997498
  vertex 0.00874555111 -0.00735569 -0.0179997608
  endloop
 endfacet

 facet normal 0.490075201 -0.49814859 0.71531415
  outer loop
  vertex -0.00932121184 -0.00399857713 0.0179997608
  vertex -0.00932121184 -0.00399857713 0.0189997498
  vertex -0.00955593493 -0.00424349308 0.0189997498
  endloop
 endfacet

 facet normal -0.936659098 0.0754498541 0.342018872
  outer loop
  vertex 0.00897079706 -0.00573921204 -0.0159997903
  vertex 0.00899988413 -0.00549989892 -0.0159997903
  vertex 0.00899988413 -0.00549989892 -0.0179997608
  endloop
 endfacet

 facet normal 0.51850009 0.468492419 0.715312839
  outer loop
  vertex 0.00644379808 -0.00675630523 0.0179997608
  vertex 0.00644379808 -0.00675630523 0.0189997498
  vertex 0.00667852117 -0.00700122118 0.0189997498
  endloop
 endfacet

 facet normal 2.38419005e-07 1 -3.57628039e-07
  outer loop
  vertex 0.00700718118 0 -0.000120534998
  vertex 0.00399994804 0 0
  vertex 0.00700718118 0 0.000120534998
  endloop
 endfacet

 facet normal 2.38419005e-07 1 -3.57628039e-07
  outer loop
  vertex 0.00399994804 0 0
  vertex 0.00397092104 0 0.000480651972
  vertex 0.00700718118 0 0.000120534998
  endloop
 endfacet

 facet normal 0.530556321 0.454791576 -0.715314388
  outer loop
  vertex 0.00655597402 -0.00688373996 -0.0179997608
  vertex 0.00655597402 -0.00688373996 -0.0189997498
  vertex 0.00634288695 -0.0066198702 -0.0189997498
  endloop
 endfacet

 facet normal 0.0683487281 0.695453405 0.715313375
  outer loop
  vertex 0.00757849216 -0.00745499087 0.0189997498
  vertex 0.00791496038 -0.00749808503 0.0189997498
  vertex 0.00791496038 -0.00749808503 0.0179997608
  endloop
 endfacet

 facet normal 1.42917003e-07 0.707106471 -0.707107186
  outer loop
  vertex 0.0124998 0 -0.0169997793
  vertex 0.0124998 -0.00199997402 -0.0189997498
  vertex 0.0034999249 -0.00199997402 -0.0189997498
  endloop
 endfacet

 facet normal 0.55636251 -0.422833562 -0.715312898
  outer loop
  vertex 0.00634288695 -0.00437998679 -0.0179997608
  vertex 0.00634288695 -0.00437998679 -0.0189997498
  vertex 0.00655597402 -0.00411605788 -0.0189997498
  endloop
 endfacet

 facet normal 0.5941782 0.727993906 -0.342019349
  outer loop
  vertex -0.00856792927 -0.00632285979 0.0179997608
  vertex -0.00856792927 -0.00632285979 0.0159997903
  vertex -0.0087483516 -0.00616300106 0.0159997903
  endloop
 endfacet

 facet normal 0.00912404247 -0.698744476 -0.715313256
  outer loop
  vertex 0.00774586201 -0.0035161369 -0.0189997498
  vertex 0.00808477402 -0.00350171304 -0.0189997498
  vertex 0.00808477402 -0.00350171304 -0.0179997608
  endloop
 endfacet

 facet normal 0.866025329 0 -0.50000006
  outer loop
  vertex -0.00453579379 -0.00399988797 0.007999897
  vertex -0.00626784516 -0.00399988797 0.00499993516
  vertex -0.00626784516 -0.00299990107 0.00499993516
  endloop
 endfacet

 facet normal 0.296126664 -0.632958353 0.715313077
  outer loop
  vertex -0.00874555111 -0.00364410807 0.0179997608
  vertex -0.00874555111 -0.00364410807 0.0189997498
  vertex -0.00904846098 -0.00379687501 0.0189997498
  endloop
 endfacet

 facet normal 0.670786977 -0.19588469 0.715313911
  outer loop
  vertex 0.00611412479 -0.0048336382 0.0179997608
  vertex 0.00611412479 -0.0048336382 0.0189997498
  vertex 0.00602865219 -0.00516188098 0.0189997498
  endloop
 endfacet

 facet normal 0.150900066 -0.342019528 -0.927497625
  outer loop
  vertex 0.007999897 -0.00249993801 -0.00699984981
  vertex 0.00776058389 -0.00249993801 -0.00702893687
  vertex 0.00776058389 0 -0.00702893687
  endloop
 endfacet

 facet normal -0.8490358 -0.342018694 0.402692646
  outer loop
  vertex 0.00882285833 -0.00249993801 -0.00856792927
  vertex 0.00893485546 -0.00249993801 -0.00835448503
  vertex 0.00893485546 0 -0.00835448503
  endloop
 endfacet

 facet normal -0.670787454 0.195882872 -0.715313911
  outer loop
  vertex -0.00602865219 -0.00583791686 -0.0189997498
  vertex -0.00611412479 -0.00616616011 -0.0189997498
  vertex -0.00611412479 -0.00616616011 -0.0179997608
  endloop
 endfacet

 facet normal -0.383718938 0.584027231 0.71531266
  outer loop
  vertex -0.00709944917 -0.00728571415 0.0189997498
  vertex -0.00681060506 -0.00710785296 0.0189997498
  vertex -0.00681060506 -0.00710785296 0.0179997608
  endloop
 endfacet

 facet normal 0.866025448 5.25111034e-07 0.49999997
  outer loop
  vertex 0.00973188784 -0.00299996091 -0.00499987602
  vertex 0.00973188784 -0.00399994804 -0.00499987602
  vertex 0.0114639401 -0.00399994804 -0.0079998374
  endloop
 endfacet

 facet normal 0.644955277 0.268995464 0.715314031
  outer loop
  vertex -0.00988560915 -0.00616616011 0.0179997608
  vertex -0.00988560915 -0.00616616011 0.0189997498
  vertex -0.00974589493 -0.00647526886 0.0189997498
  endloop
 endfacet

 facet normal -0.241382867 -0.65578866 0.715315104
  outer loop
  vertex 0.00890028384 -0.00371408393 0.0189997498
  vertex 0.00858551171 -0.0035876031 0.0189997498
  vertex 0.00858551171 -0.0035876031 0.0179997608
  endloop
 endfacet

 facet normal -0.446063638 -0.537915707 0.715313911
  outer loop
  vertex 0.00944375899 -0.00411605788 0.0189997498
  vertex 0.00918912794 -0.00389194395 0.0189997498
  vertex 0.00918912794 -0.00389194395 0.0179997608
  endloop
 endfacet

 facet normal -0.0754499882 -0.342019469 -0.936658978
  outer loop
  vertex -0.00776058389 -0.00249993801 -0.00702893687
  vertex -0.007999897 -0.00249993801 -0.00699984981
  vertex -0.007999897 0 -0.00699990895
  endloop
 endfacet

 facet normal -0.920735419 -0.342018843 -0.18780145
  outer loop
  vertex 0.000992695917 0 0.00812041666
  vertex 0.000992694986 -0.00249993801 0.00812041666
  vertex 0.000935004035 -0.00249993801 0.00835448503
  endloop
 endfacet

 facet normal 0.866025388 -5.25110977e-07 -0.500000119
  outer loop
  vertex -0.00915455818 -0.00249993801 -0.00599986315
  vertex -0.00915455818 -0.00399994804 -0.00599986315
  vertex -0.01030921 -0.00399994804 -0.0079998374
  endloop
 endfacet

 facet normal -0.891384482 0.297416657 0.342019081
  outer loop
  vertex -0.00711440993 -0.00596463587 -0.0159997903
  vertex -0.00702893687 -0.00573921204 -0.0159997903
  vertex -0.00702893687 -0.00573921204 -0.0179997608
  endloop
 endfacet

 facet normal -0.864432931 -0.368482292 0.342018306
  outer loop
  vertex -0.00702893687 -0.00526058581 -0.0159997903
  vertex -0.00711440993 -0.00503516104 -0.0159997903
  vertex -0.00711440993 -0.00503516104 -0.0179997608
  endloop
 endfacet

 facet normal 0.866025388 0 0.5
  outer loop
  vertex -0.00626784516 -0.00399988797 0.01099985
  vertex -0.00453579379 -0.00399988797 0.007999897
  vertex -0.00453579379 -0.00299990107 0.007999897
  endloop
 endfacet

 facet normal -0.938924432 -0.342018992 -0.0380010493
  outer loop
  vertex -0.00700718118 -0.00249993801 -0.00812041666
  vertex -0.00700718118 -0.00249993801 -0.00787931588
  vertex -0.00700718118 0 -0.00787931588
  endloop
 endfacet

 facet normal 0.0380022936 -0.938925564 0.342015564
  outer loop
  vertex 0.00812041666 -0.00450718403 -0.0159997903
  vertex 0.00787931588 -0.00450718403 -0.0159997903
  vertex 0.00787931588 -0.00450718403 -0.0179997608
  endloop
 endfacet

 facet normal 0.938924313 -0.34201929 -0.0380011462
  outer loop
  vertex -0.00899255183 0 -0.00787931588
  vertex -0.00899255183 -0.00249993801 -0.00787931588
  vertex -0.00899255183 -0.00249993801 -0.00812041666
  endloop
 endfacet

 facet normal 0.727995932 -0.342018664 0.594176114
  outer loop
  vertex 0.00717687607 0 -0.00856792927
  vertex 0.00717687607 -0.00249993801 -0.00856792927
  vertex 0.00733673479 -0.00249993801 -0.0087483516
  endloop
 endfacet

 facet normal -2.2737899e-07 -1 0
  outer loop
  vertex -0.00049999496 -0.00699990895 -0.0189997498
  vertex -0.00049999496 -0.00699990895 -0.0179997608
  vertex -0.0044999118 -0.00699990895 -0.0179997608
  endloop
 endfacet

 facet normal 0.866025209 -1.05021991e-06 -0.500000358
  outer loop
  vertex 0.00346404291 -0.00299996091 -0.007999897
  vertex 0.00346404291 -0.00399994804 -0.0079998374
  vertex 0.00173199095 -0.00399994804 -0.01099985
  endloop
 endfacet

 facet normal 0 -1 1.69184005e-07
  outer loop
  vertex 0.00776058389 -0.00249993801 -0.00897079706
  vertex 0.00753515912 -0.00249993801 -0.008885324
  vertex 0.00684517622 -0.00249993801 -0.00999987125
  endloop
 endfacet

 facet normal -1.96916005e-07 -1 2.32834026e-07
  outer loop
  vertex 0.00684517622 -0.00249993801 -0.00999987125
  vertex 0.00915455818 -0.00249993801 -0.00999987125
  vertex 0.007999897 -0.00249993801 -0.00899988413
  endloop
 endfacet

 facet normal -3.64562993e-07 -1 1.39368001e-06
  outer loop
  vertex 0.00915455818 -0.00249993801 -0.00999987125
  vertex 0.00823920872 -0.00249993801 -0.00897079706
  vertex 0.007999897 -0.00249993801 -0.00899988413
  endloop
 endfacet

 facet normal 0 -0.707107008 0.70710659
  outer loop
  vertex 0.0044999118 -0.00599992182 -0.0159997903
  vertex 0.0044999118 -0.0044999118 -0.0144997798
  vertex 0.0034999249 -0.0044999118 -0.0144997798
  endloop
 endfacet

 facet normal 0.619819045 -0.322724342 -0.715313613
  outer loop
  vertex 0.00617742492 -0.00467610313 -0.0179997608
  vertex 0.00617742492 -0.00467610313 -0.0189997498
  vertex 0.00634288695 -0.00437998679 -0.0189997498
  endloop
 endfacet

 facet normal 0.16723834 -0.678497076 -0.715313375
  outer loop
  vertex -0.00858551171 -0.0035876031 -0.0179997608
  vertex -0.00858551171 -0.0035876031 -0.0189997498
  vertex -0.00825393107 -0.0035161369 -0.0189997498
  endloop
 endfacet

 facet normal -0.601494074 0.703532398 -0.378479928
  outer loop
  vertex 0.00354450895 -0.00149994995 0.00185352506
  vertex 0.00329613592 -0.00149994995 0.00226604892
  vertex 0.00329613592 0 0.00226604892
  endloop
 endfacet

 facet normal 0.530555069 0.454795182 -0.715312898
  outer loop
  vertex -0.00944375899 -0.00688373996 -0.0179997608
  vertex -0.00944375899 -0.00688373996 -0.0189997498
  vertex -0.00965684559 -0.00661981106 -0.0189997498
  endloop
 endfacet

 facet normal 0.811132431 0.509013712 0.288043797
  outer loop
  vertex -0.00329613592 -0.00149994995 -0.00226604892
  vertex -0.00299996091 -0.00149994995 -0.0026456709
  vertex -0.00299996091 0 -0.0026456709
  endloop
 endfacet

 facet normal 0 0 1
  outer loop
  vertex 0.00626784516 -0.00399994804 0.00299996091
  vertex 0.00973188784 -0.00399994804 0.00299996091
  vertex 0.00973188784 -0.00299996091 0.00299996091
  endloop
 endfacet

 facet normal 0 0 1
  outer loop
  vertex 0.0087483516 -0.00483679678 -0.0159997903
  vertex 0.008885324 -0.00503516104 -0.0159997903
  vertex 0.0114998203 -0.0034999249 -0.0159997903
  endloop
 endfacet

 facet normal 0 0 1
  outer loop
  vertex 0.008885324 -0.00503516104 -0.0159997903
  vertex 0.0114998203 -0.00599992182 -0.0159997903
  vertex 0.0114998203 -0.0034999249 -0.0159997903
  endloop
 endfacet

 facet normal 0 1.03192997e-06 1
  outer loop
  vertex 0.0114998203 -0.0034999249 -0.0159997903
  vertex 0.0044999118 -0.0034999249 -0.0159997903
  vertex 0.00787931588 -0.00450718403 -0.0159997903
  endloop
 endfacet

 facet normal 0 -1.87272999e-05 1
  outer loop
  vertex 0.0114998203 -0.0034999249 -0.0159997903
  vertex 0.00787931588 -0.00450718403 -0.0159997903
  vertex 0.00812041666 -0.00450718403 -0.0159997903
  endloop
 endfacet

 facet normal 0 0 1
  outer loop
  vertex 0.00856792927 -0.00467693806 -0.0159997903
  vertex 0.0087483516 -0.00483679678 -0.0159997903
  vertex 0.0114998203 -0.0034999249 -0.0159997903
  endloop
 endfacet

 facet normal 0 3.16724982e-06 1
  outer loop
  vertex 0.0114998203 -0.0034999249 -0.0159997903
  vertex 0.00812041666 -0.00450718403 -0.0159997903
  vertex 0.00835448503 -0.00456488086 -0.0159997903
  endloop
 endfacet

 facet normal 0.644954801 0.268998027 0.715313494
  outer loop
  vertex 0.00611412479 -0.00616616011 0.0179997608
  vertex 0.00611412479 -0.00616616011 0.0189997498
  vertex 0.00625383807 -0.00647526886 0.0189997498
  endloop
 endfacet

 facet normal -0.0754496008 -0.342018455 0.936659396
  outer loop
  vertex 0.007999897 0 -0.000999987009
  vertex 0.007999897 -0.00249993801 -0.000999985961
  vertex 0.00823920872 -0.00249993801 -0.000970927998
  endloop
 endfacet

 facet normal 0.927498043 -0.150898471 0.342019111
  outer loop
  vertex -0.00897079706 -0.00526058581 -0.0179997608
  vertex -0.00897079706 -0.00526058581 -0.0159997903
  vertex -0.00899988413 -0.00549989892 -0.0159997903
  endloop
 endfacet

 facet normal 2.38417016e-07 1 -3.57624998e-07
  outer loop
  vertex 0.00717687607 0 0.00856792927
  vertex 0.00706487801 0 0.00835448503
  vertex 0.000935004035 0 0.00835448503
  endloop
 endfacet

 facet normal 2.3842e-07 1 -3.57629006e-07
  outer loop
  vertex 0.00717687607 0 0.00856792927
  vertex 0.000935004035 0 0.00835448503
  vertex 0.000822972972 0 0.00856792927
  endloop
 endfacet

 facet normal 2.38419005e-07 1 -3.57627044e-07
  outer loop
  vertex 0.00733673479 0 0.0087483516
  vertex 0.00717687607 0 0.00856792927
  vertex 0.000822972972 0 0.00856792927
  endloop
 endfacet

 facet normal 2.38415026e-07 1 -3.57626021e-07
  outer loop
  vertex 0.000663113955 0 0.0087483516
  vertex 0.000464716984 0 0.008885324
  vertex 0.0034999249 0 0.0159997903
  endloop
 endfacet

 facet normal 2.38418011e-07 1 -3.57627044e-07
  outer loop
  vertex 0.00733673479 0 0.0087483516
  vertex 0.000822972972 0 0.00856792927
  vertex 0.000663113955 0 0.0087483516
  endloop
 endfacet

 facet normal 2.38418011e-07 1 -3.57629006e-07
  outer loop
  vertex 0.00753515912 0 0.008885324
  vertex 0.00733673479 0 0.0087483516
  vertex 0.0034999249 0 0.0159997903
  endloop
 endfacet

 facet normal 2.38419005e-07 1 -3.57628039e-07
  outer loop
  vertex 0.00733673479 0 0.0087483516
  vertex 0.000663113955 0 0.0087483516
  vertex 0.0034999249 0 0.0159997903
  endloop
 endfacet

 facet normal 2.38419005e-07 1 -3.57629006e-07
  outer loop
  vertex 0.0034999249 0 0.0159997903
  vertex 0.0034999249 0 0.0169997793
  vertex 0.0124998 0 0.0169997793
  endloop
 endfacet

 facet normal 2.38419005e-07 1 -3.57629006e-07
  outer loop
  vertex 0.00776058389 0 0.00897079706
  vertex 0.00753515912 0 0.008885324
  vertex 0.0034999249 0 0.0159997903
  endloop
 endfacet

 facet normal 2.38419005e-07 1 -3.57629006e-07
  outer loop
  vertex 0.0124998 0 -0.0169997793
  vertex 0.0034999249 0 -0.0169997793
  vertex 0.0034999249 0 -0.0159997903
  endloop
 endfacet

 facet normal 2.38415026e-07 1 -3.57627044e-07
  outer loop
  vertex 0.0034999249 0 -0.0159997903
  vertex 0.00717687607 0 -0.00856792927
  vertex 0.00733673479 0 -0.0087483516
  endloop
 endfacet

 facet normal 2.38419005e-07 1 -3.57628039e-07
  outer loop
  vertex 0.0034999249 0 -0.0159997903
  vertex 0.00733673479 0 -0.0087483516
  vertex 0.00753515912 0 -0.008885324
  endloop
 endfacet

 facet normal 2.38419005e-07 1 -3.57628039e-07
  outer loop
  vertex 0.00776058389 0 0.00897079706
  vertex 0.0034999249 0 0.0159997903
  vertex 0.007999897 0 0.00899988413
  endloop
 endfacet

 facet normal 2.38419005e-07 1 -3.57628039e-07
  outer loop
  vertex 0.0034999249 0 0.0159997903
  vertex 0.0124998 0 0.0169997793
  vertex 0.007999897 0 0.00899988413
  endloop
 endfacet

 facet normal 2.38418011e-07 1 -3.57628039e-07
  outer loop
  vertex 0.0124998 0 -0.0169997793
  vertex 0.0034999249 0 -0.0159997903
  vertex 0.007999897 0 -0.00899988413
  endloop
 endfacet

 facet normal 2.38424008e-07 1 -3.57628039e-07
  outer loop
  vertex 0.0034999249 0 -0.0159997903
  vertex 0.00753515912 0 -0.008885324
  vertex 0.00776058389 0 -0.00897079706
  endloop
 endfacet

 facet normal 2.38416007e-07 1 -3.57629006e-07
  outer loop
  vertex 0.0034999249 0 -0.0159997903
  vertex 0.00776058389 0 -0.00897079706
  vertex 0.007999897 0 -0.00899988413
  endloop
 endfacet

 facet normal 2.38419005e-07 1 -3.57628039e-07
  outer loop
  vertex 0.00823920872 0 0.00897079706
  vertex 0.007999897 0 0.00899988413
  vertex 0.0124998 0 0.0169997793
  endloop
 endfacet

 facet normal 2.38419005e-07 1 -3.57630029e-07
  outer loop
  vertex 0.00846457388 0 0.008885324
  vertex 0.00823920872 0 0.00897079706
  vertex 0.0124998 0 0.0169997793
  endloop
 endfacet

 facet normal 2.38421023e-07 1 -3.57628039e-07
  outer loop
  vertex 0.0124998 0 -0.0169997793
  vertex 0.007999897 0 -0.00899988413
  vertex 0.00823920872 0 -0.00897079706
  endloop
 endfacet

 facet normal 2.38417016e-07 1 -3.57624003e-07
  outer loop
  vertex 0.00866299774 0 0.0087483516
  vertex 0.00846457388 0 0.008885324
  vertex 0.0124998 0 0.0169997793
  endloop
 endfacet

 facet normal 2.3842e-07 1 -3.57629006e-07
  outer loop
  vertex 0.00882285833 0 0.00856792927
  vertex 0.00866299774 0 0.0087483516
  vertex 0.0124998 0 0.0169997793
  endloop
 endfacet

 facet normal 2.38418011e-07 1 -3.57632018e-07
  outer loop
  vertex 0.0124998 0 -0.0169997793
  vertex 0.00823920872 0 -0.00897079706
  vertex 0.00846457388 0 -0.008885324
  endloop
 endfacet

 facet normal 2.38418011e-07 1 -3.57624003e-07
  outer loop
  vertex 0.0124998 0 -0.0169997793
  vertex 0.00846457388 0 -0.008885324
  vertex 0.00866299774 0 -0.0087483516
  endloop
 endfacet

 facet normal 2.38417016e-07 1 -3.57627044e-07
  outer loop
  vertex 0.00893485546 0 0.00835448503
  vertex 0.00882285833 0 0.00856792927
  vertex 0.0124998 0 0.0169997793
  endloop
 endfacet

 facet normal 2.38421023e-07 1 -3.57630029e-07
  outer loop
  vertex 0.00899255183 0 0.00812041666
  vertex 0.00893485546 0 0.00835448503
  vertex 0.0124998 0 0.0169997793
  endloop
 endfacet

 facet normal 2.38415026e-07 1 -3.57626021e-07
  outer loop
  vertex 0.0124998 0 -0.0169997793
  vertex 0.00866299774 0 -0.0087483516
  vertex 0.00882285833 0 -0.00856792927
  endloop
 endfacet

 facet normal 2.38421023e-07 1 -3.57630995e-07
  outer loop
  vertex 0.0124998 0 -0.0169997793
  vertex 0.00882285833 0 -0.00856792927
  vertex 0.00893485546 0 -0.00835448503
  endloop
 endfacet

 facet normal 2.38419005e-07 1 -3.57624003e-07
  outer loop
  vertex 0.00899255183 0 0.00812041666
  vertex 0.0124998 0 0.0169997793
  vertex 0.00899255183 0 0.00787931588
  endloop
 endfacet

 facet normal 2.38419005e-07 1 -3.57628039e-07
  outer loop
  vertex 0.0124998 0 0.0169997793
  vertex 0.0124998 0 -0.0169997793
  vertex 0.00899255183 0 0.000120534998
  endloop
 endfacet

 facet normal 2.38419005e-07 1 -3.57628039e-07
  outer loop
  vertex 0.00899255183 0 0.00787931588
  vertex 0.0124998 0 0.0169997793
  vertex 0.00899255183 0 0.000120534998
  endloop
 endfacet

 facet normal 2.38416007e-07 1 -3.57630995e-07
  outer loop
  vertex 0.00899255183 0 0.000120534998
  vertex 0.00893485546 0 0.0076452489
  vertex 0.00899255183 0 0.00787931588
  endloop
 endfacet

 facet normal 2.38424008e-07 1 -3.57628039e-07
  outer loop
  vertex 0.0124998 0 -0.0169997793
  vertex 0.00893485546 0 -0.00835448503
  vertex 0.00899255183 0 -0.00812041666
  endloop
 endfacet

 facet normal 2.38422984e-07 1 -3.57628039e-07
  outer loop
  vertex 0.0124998 0 -0.0169997793
  vertex 0.00899255183 0 -0.00812041666
  vertex 0.00899255183 0 -0.00787931588
  endloop
 endfacet

 facet normal 2.38426992e-07 1 -3.57640005e-07
  outer loop
  vertex 0.00899255183 0 -0.000120534998
  vertex 0.00899255183 0 0.000120534998
  vertex 0.0124998 0 -0.0169997793
  endloop
 endfacet

 facet normal 2.38418011e-07 1 -3.57628039e-07
  outer loop
  vertex 0.0124998 0 -0.0169997793
  vertex 0.00899255183 0 -0.00787931588
  vertex 0.00899255183 0 -0.000120534998
  endloop
 endfacet

 facet normal 2.38409001e-07 1 -3.57624998e-07
  outer loop
  vertex 0.00899255183 0 -0.00787931588
  vertex 0.00893485546 0 -0.0076452489
  vertex 0.00899255183 0 -0.000120534998
  endloop
 endfacet

 facet normal 2.38419005e-07 1 -3.57633041e-07
  outer loop
  vertex 0.00882285833 0 -0.00743180513
  vertex 0.00866299774 0 -0.00725138094
  vertex 0.00866299774 0 -0.000748500985
  endloop
 endfacet

 facet normal 2.38425002e-07 1 -3.57633041e-07
  outer loop
  vertex 0.00893485546 0 -0.0076452489
  vertex 0.00882285833 0 -0.00743180513
  vertex 0.00882285833 0 -0.000568057003
  endloop
 endfacet

 facet normal 2.38417016e-07 1 -3.57624998e-07
  outer loop
  vertex 0.00882285833 0 -0.00743180513
  vertex 0.00866299774 0 -0.000748500985
  vertex 0.00882285833 0 -0.000568057003
  endloop
 endfacet

 facet normal 2.38424008e-07 1 -3.57624003e-07
  outer loop
  vertex 0.00893485546 0 -0.000354599993
  vertex 0.00899255183 0 -0.000120534998
  vertex 0.00893485546 0 -0.0076452489
  endloop
 endfacet

 facet normal -0.681138515 -0.156131566 -0.715313375
  outer loop
  vertex 0.00988560915 -0.0048336382 -0.0189997498
  vertex 0.00997108221 -0.00516194105 -0.0189997498
  vertex 0.00997108221 -0.00516194105 -0.0179997608
  endloop
 endfacet

 facet normal 0.502094924 -0.342019647 -0.794306695
  outer loop
  vertex -0.00846457388 0 0.000885444984
  vertex -0.00846457388 -0.00249993801 0.000885444984
  vertex -0.00866299774 -0.00249993801 0.000748501974
  endloop
 endfacet

 facet normal 0.502094865 -0.342019826 -0.794306755
  outer loop
  vertex -0.00846457388 0 0.008885324
  vertex -0.00846457388 -0.00249993801 0.008885324
  vertex -0.00866299774 -0.00249993801 0.0087483516
  endloop
 endfacet

 facet normal -0.296127498 0.632956564 -0.715314388
  outer loop
  vertex -0.00695127202 -0.00720292283 -0.0189997498
  vertex -0.00725418283 -0.00735562993 -0.0189997498
  vertex -0.00725418283 -0.00735562993 -0.0179997608
  endloop
 endfacet

 facet normal 0 -2.69487003e-07 -1
  outer loop
  vertex -0.00299996091 -0.0044999118 0.00499993516
  vertex -0.00299996091 0 0.00499993516
  vertex 0.00299996091 0 0.00499993516
  endloop
 endfacet

 facet normal -0.368478954 -0.34201923 -0.864434004
  outer loop
  vertex 0.000464716984 0 0.008885324
  vertex 0.000464716984 -0.00249993801 0.008885324
  vertex 0.000239311994 -0.00249993801 0.00897079706
  endloop
 endfacet

 facet normal 0.849036872 -0.342018962 0.402690291
  outer loop
  vertex -0.00893485546 0 -0.00835448503
  vertex -0.00893485546 -0.00249993801 -0.00835448503
  vertex -0.00882285833 -0.00249993801 -0.00856792927
  endloop
 endfacet

 facet normal -0.866025448 1.05022002e-06 0.499999881
  outer loop
  vertex -0.00346404291 -0.00299990107 0.007999897
  vertex -0.00346404291 -0.00399988797 0.007999897
  vertex -0.00173199095 -0.00399988797 0.01099985
  endloop
 endfacet

 facet normal 0.567213297 -0.408161074 0.715313613
  outer loop
  vertex -0.00955593493 -0.00424349308 0.0179997608
  vertex -0.00955593493 -0.00424349308 0.0189997498
  vertex -0.00974589493 -0.00452452805 0.0189997498
  endloop
 endfacet

 facet normal -4.48223034e-07 -1 0
  outer loop
  vertex -0.00569051504 -0.00249993801 -0.007999897
  vertex -0.00706487801 -0.00249993801 -0.00835448503
  vertex -0.00717687607 -0.00249993801 -0.00856792927
  endloop
 endfacet

 facet normal 0.316257685 -0.948673368 -1.24943995e-06
  outer loop
  vertex 0.002418458 -0.00602704193 0.0177261196
  vertex 0.00246482994 -0.0060116048 0.0178156998
  vertex 0.00249993801 -0.00599986315 0.0179997608
  endloop
 endfacet

 facet normal 0.316226512 -0.948683739 4.31422052e-07
  outer loop
  vertex 0.00249993801 -0.00599986315 0.0179997608
  vertex 0.00249993801 -0.00599986315 0.0189997498
  vertex 0.00149994995 -0.00633323099 0.0179997608
  endloop
 endfacet

 facet normal 0.316228479 -0.948683023 2.69639969e-07
  outer loop
  vertex 0.00249993801 -0.00599986315 0.0189997498
  vertex -0.00049999496 -0.00699984981 0.0189997498
  vertex 0.00149994995 -0.00633323099 0.0179997608
  endloop
 endfacet

 facet normal 0.316227257 -0.9486835 0
  outer loop
  vertex -0.00049999496 -0.00699984981 0.0189997498
  vertex -0.00049999496 -0.00699984981 0.0179997608
  vertex 0.00149994995 -0.00633323099 0.0179997608
  endloop
 endfacet

 facet normal 0.316221774 -0.948685288 3.12362977e-06
  outer loop
  vertex 0.00149994995 -0.00633323099 0.0179997608
  vertex 0.00153505802 -0.00632148888 0.0178156998
  vertex 0.00158142997 -0.00630605221 0.0177261196
  endloop
 endfacet

 facet normal 0.316204697 -0.94869101 -2.3960697e-06
  outer loop
  vertex 0.00158142997 -0.00630605221 0.0177261196
  vertex 0.00164639903 -0.00628441479 0.0176461898
  vertex 0.00149994995 -0.00633323099 0.0179997608
  endloop
 endfacet

 facet normal 0.316241592 -0.948678732 -1.43767022e-06
  outer loop
  vertex 0.00164639903 -0.00628441479 0.0176461898
  vertex 0.00172632898 -0.00625777198 0.0175812803
  vertex 0.00149994995 -0.00633323099 0.0179997608
  endloop
 endfacet

 facet normal 0.316223562 -0.948684692 1.40337979e-05
  outer loop
  vertex 0.00172632898 -0.00625777198 0.0175812803
  vertex 0.00181591499 -0.00622791005 0.0175348502
  vertex 0.00190895703 -0.00619685603 0.0175080802
  endloop
 endfacet

 facet normal 0.31619963 -0.948692739 -2.76839e-06
  outer loop
  vertex 0.00190895703 -0.00619685603 0.0175080802
  vertex 0.00209093001 -0.00613623811 0.0175080802
  vertex 0.00218397309 -0.00610518409 0.0175348502
  endloop
 endfacet

 facet normal 0.316218108 -0.94868654 -2.99873022e-06
  outer loop
  vertex 0.00218397309 -0.00610518409 0.0175348502
  vertex 0.0022735591 -0.00607532216 0.0175812803
  vertex 0.00249993801 -0.00599986315 0.0179997608
  endloop
 endfacet

 facet normal 0.316241592 -0.948678732 -1.43767022e-06
  outer loop
  vertex 0.0022735591 -0.00607532216 0.0175812803
  vertex 0.00235348893 -0.00604867889 0.0176461898
  vertex 0.00249993801 -0.00599986315 0.0179997608
  endloop
 endfacet

 facet normal 0.316227734 -0.948683381 -2.39609994e-06
  outer loop
  vertex 0.00235348893 -0.00604867889 0.0176461898
  vertex 0.002418458 -0.00602704193 0.0177261196
  vertex 0.00249993801 -0.00599986315 0.0179997608
  endloop
 endfacet

 facet normal 0.31622988 -0.948682547 1.80162988e-06
  outer loop
  vertex 0.00172632898 -0.00625777198 0.0175812803
  vertex 0.00190895703 -0.00619685603 0.0175080802
  vertex 0.00149994995 -0.00633323099 0.0179997608
  endloop
 endfacet

 facet normal 0.316227734 -0.948683262 1.35491985e-06
  outer loop
  vertex 0.00190895703 -0.00619685603 0.0175080802
  vertex 0.00218397309 -0.00610518409 0.0175348502
  vertex 0.00249993801 -0.00599986315 0.0179997608
  endloop
 endfacet

 facet normal 0.681138754 0.156128123 0.715313971
  outer loop
  vertex 0.00602865219 -0.00583791686 0.0179997608
  vertex 0.00602865219 -0.00583791686 0.0189997498
  vertex 0.00611412479 -0.00616616011 0.0189997498
  endloop
 endfacet

 facet normal -0.682680666 0.703532577 -0.197456256
  outer loop
  vertex 0.0038843751 0 0.00095433899
  vertex 0.0038843751 -0.00149994995 0.000954339979
  vertex 0.0037415619 -0.00149994995 0.00141417899
  endloop
 endfacet

 facet normal 1 -1.86267002e-07 0
  outer loop
  vertex 0.0044999118 -0.0044999118 -0.0144997798
  vertex 0.0044999118 -0.00599992182 -0.0159997903
  vertex 0.0044999118 -0.0034999249 -0.0159997903
  endloop
 endfacet

 facet normal 1 0 0
  outer loop
  vertex 0.0044999118 -0.0034999249 -0.0159997903
  vertex 0.0044999118 -0.00299996091 -0.0154997697
  vertex 0.0044999118 -0.0044999118 -0.0144997798
  endloop
 endfacet

 facet normal 1 0 0
  outer loop
  vertex 0.0044999118 -0.00299996091 -0.0154997697
  vertex 0.0044999118 -0.00299990107 0.0154997697
  vertex 0.0044999118 -0.0044999118 0.0144997798
  endloop
 endfacet

 facet normal 1 0 0
  outer loop
  vertex 0.0044999118 -0.00299990107 0.0154997697
  vertex 0.0044999118 -0.0034999249 0.0159997903
  vertex 0.0044999118 -0.0044999118 0.0144997798
  endloop
 endfacet

 facet normal 1 -1.86267002e-07 -2.42537993e-07
  outer loop
  vertex 0.0044999118 -0.0034999249 0.0159997903
  vertex 0.0044999118 -0.00599986315 0.0159997903
  vertex 0.0044999118 -0.0044999118 0.0144997798
  endloop
 endfacet

 facet normal 0 -0.707107425 -0.707106233
  outer loop
  vertex -0.0114998203 -0.00599986315 0.0159997903
  vertex -0.0124998 -0.00599986315 0.0159997903
  vertex -0.0124998 -0.0044999118 0.0144997798
  endloop
 endfacet

 facet normal -1.83750984e-07 -0.707105279 0.707108319
  outer loop
  vertex -0.0044999118 -0.00299996091 -0.0154997697
  vertex -0.0114998203 -0.00299996091 -0.0154997697
  vertex -0.0114998203 -0.0034999249 -0.0159997903
  endloop
 endfacet

 facet normal 0 4.62131993e-07 1
  outer loop
  vertex -0.00915455818 -0.00399994804 -0.00999987125
  vertex -0.00684517622 -0.00399994804 -0.00999987125
  vertex -0.00684517622 -0.00249993801 -0.00999987125
  endloop
 endfacet

 facet normal -0.813715935 -0.342018962 -0.469988793
  outer loop
  vertex 0.000935004035 -0.00249993801 0.00835448503
  vertex 0.000822972972 -0.00249993801 0.00856792927
  vertex 0.000822972972 0 0.00856792927
  endloop
 endfacet

 facet normal -0.902546227 -0.342018723 0.26159817
  outer loop
  vertex -0.00706487801 0 0.0076452489
  vertex -0.00706487801 -0.00249993801 0.0076452489
  vertex -0.00700718118 -0.00249993801 0.00787931588
  endloop
 endfacet

 facet normal 0.383719772 -0.584024012 -0.715314627
  outer loop
  vertex 0.00681060506 -0.00389194395 -0.0179997608
  vertex 0.00681060506 -0.00389194395 -0.0189997498
  vertex 0.00709944917 -0.00371408393 -0.0189997498
  endloop
 endfacet

 facet normal 0.866025448 1.31278e-07 0.49999997
  outer loop
  vertex -0.00626784516 -0.00399988797 0.00299996091
  vertex -0.00453579379 -0.00399988797 0
  vertex -0.00453579379 -0.00299990107 0
  endloop
 endfacet

 facet normal 1 -3.72534004e-07 -4.85075986e-07
  outer loop
  vertex -0.0114998203 -0.00599992182 -0.0159997903
  vertex -0.0114998203 -0.0034999249 -0.0159997903
  vertex -0.0114998203 -0.0044999118 -0.0144997798
  endloop
 endfacet

 facet normal 1 0 0
  outer loop
  vertex -0.0114998203 -0.0034999249 -0.0159997903
  vertex -0.0114998203 -0.00299996091 -0.0154997697
  vertex -0.0114998203 -0.0044999118 -0.0144997798
  endloop
 endfacet

 facet normal 1 0 0
  outer loop
  vertex -0.0114998203 -0.00299996091 -0.0154997697
  vertex -0.0114998203 -0.00299990107 0.0154997697
  vertex -0.0114998203 -0.0044999118 -0.0144997798
  endloop
 endfacet

 facet normal 1 0 0
  outer loop
  vertex -0.0114998203 -0.00299990107 0.0154997697
  vertex -0.0114998203 -0.0034999249 0.0159997903
  vertex -0.0114998203 -0.0044999118 0.0144997798
  endloop
 endfacet

 facet normal 1 0 0
  outer loop
  vertex -0.0114998203 -0.0044999118 -0.0144997798
  vertex -0.0114998203 -0.00299990107 0.0154997697
  vertex -0.0114998203 -0.0044999118 0.0144997798
  endloop
 endfacet

 facet normal -0.644954979 -0.268998653 -0.715313017
  outer loop
  vertex -0.00625383807 -0.00452452805 -0.0189997498
  vertex -0.00611412479 -0.0048336382 -0.0189997498
  vertex -0.00611412479 -0.0048336382 -0.0179997608
  endloop
 endfacet

 facet normal 0 0 -1
  outer loop
  vertex -0.0087483516 -0.00616300106 0.0159997903
  vertex -0.00856792927 -0.00632285979 0.0159997903
  vertex -0.0114998203 -0.00599986315 0.0159997903
  endloop
 endfacet

 facet normal 0 -2.21606001e-06 -1
  outer loop
  vertex -0.0044999118 -0.00599986315 0.0159997903
  vertex -0.00743180513 -0.00632285979 0.0159997903
  vertex -0.00725138094 -0.00616300106 0.0159997903
  endloop
 endfacet

 facet normal 0 5.21158972e-06 -1
  outer loop
  vertex -0.0044999118 -0.00599986315 0.0159997903
  vertex -0.00725138094 -0.00616300106 0.0159997903
  vertex -0.00711440993 -0.00596463587 0.0159997903
  endloop
 endfacet

 facet normal 0 0 -1
  outer loop
  vertex -0.0087483516 -0.00616300106 0.0159997903
  vertex -0.0114998203 -0.00599986315 0.0159997903
  vertex -0.008885324 -0.00596463587 0.0159997903
  endloop
 endfacet

 facet normal 0 0 -1
  outer loop
  vertex -0.0114998203 -0.00599986315 0.0159997903
  vertex -0.0114998203 -0.0034999249 0.0159997903
  vertex -0.00897079706 -0.00526058581 0.0159997903
  endloop
 endfacet

 facet normal 0 0 -1
  outer loop
  vertex -0.008885324 -0.00596463587 0.0159997903
  vertex -0.0114998203 -0.00599986315 0.0159997903
  vertex -0.00897079706 -0.00573921204 0.0159997903
  endloop
 endfacet

 facet normal 0 1.18732996e-05 -1
  outer loop
  vertex -0.00897079706 -0.00573921204 0.0159997903
  vertex -0.0114998203 -0.00599986315 0.0159997903
  vertex -0.00899988413 -0.00549989892 0.0159997903
  endloop
 endfacet

 facet normal 0 0 -1
  outer loop
  vertex -0.0044999118 -0.0034999249 0.0159997903
  vertex -0.0044999118 -0.00599986315 0.0159997903
  vertex -0.00702893687 -0.00526058581 0.0159997903
  endloop
 endfacet

 facet normal 0 -1.1515699e-06 -1
  outer loop
  vertex -0.0044999118 -0.00599986315 0.0159997903
  vertex -0.00711440993 -0.00596463587 0.0159997903
  vertex -0.00702893687 -0.00573921204 0.0159997903
  endloop
 endfacet

 facet normal 0 -4.54522979e-06 -1
  outer loop
  vertex -0.0044999118 -0.00599986315 0.0159997903
  vertex -0.00702893687 -0.00573921204 0.0159997903
  vertex -0.00699990895 -0.00549989892 0.0159997903
  endloop
 endfacet

 facet normal 0 -1.24643002e-05 -1
  outer loop
  vertex -0.00899988413 -0.00549989892 0.0159997903
  vertex -0.0114998203 -0.00599986315 0.0159997903
  vertex -0.00897079706 -0.00526058581 0.0159997903
  endloop
 endfacet

 facet normal 0 4.77148023e-06 -1
  outer loop
  vertex -0.0044999118 -0.00599986315 0.0159997903
  vertex -0.00699990895 -0.00549989892 0.0159997903
  vertex -0.00702893687 -0.00526058581 0.0159997903
  endloop
 endfacet

 facet normal 0 0 -1
  outer loop
  vertex -0.008885324 -0.00503516104 0.0159997903
  vertex -0.00897079706 -0.00526058581 0.0159997903
  vertex -0.0114998203 -0.0034999249 0.0159997903
  endloop
 endfacet

 facet normal 0 9.46648015e-07 -1
  outer loop
  vertex -0.0044999118 -0.0034999249 0.0159997903
  vertex -0.00702893687 -0.00526058581 0.0159997903
  vertex -0.00711440993 -0.00503516104 0.0159997903
  endloop
 endfacet

 facet normal 0 -3.11918006e-06 -1
  outer loop
  vertex -0.0044999118 -0.0034999249 0.0159997903
  vertex -0.00711440993 -0.00503516104 0.0159997903
  vertex -0.00725138094 -0.00483679678 0.0159997903
  endloop
 endfacet

 facet normal 0 0 -1
  outer loop
  vertex -0.0087483516 -0.00483679678 0.0159997903
  vertex -0.008885324 -0.00503516104 0.0159997903
  vertex -0.0114998203 -0.0034999249 0.0159997903
  endloop
 endfacet

 facet normal 0 0 -1
  outer loop
  vertex -0.00856792927 -0.00467693806 0.0159997903
  vertex -0.0087483516 -0.00483679678 0.0159997903
  vertex -0.0114998203 -0.0034999249 0.0159997903
  endloop
 endfacet

 facet normal 0 1.33537992e-06 -1
  outer loop
  vertex -0.0044999118 -0.0034999249 0.0159997903
  vertex -0.00725138094 -0.00483679678 0.0159997903
  vertex -0.00743180513 -0.00467693806 0.0159997903
  endloop
 endfacet

 facet normal 0 0 -1
  outer loop
  vertex -0.0044999118 -0.0034999249 0.0159997903
  vertex -0.00743180513 -0.00467693806 0.0159997903
  vertex -0.0076452489 -0.00456488086 0.0159997903
  endloop
 endfacet

 facet normal 0 0 -1
  outer loop
  vertex -0.00835448503 -0.00456488086 0.0159997903
  vertex -0.00856792927 -0.00467693806 0.0159997903
  vertex -0.0114998203 -0.0034999249 0.0159997903
  endloop
 endfacet

 facet normal 0 0 -1
  outer loop
  vertex -0.00812041666 -0.00450718403 0.0159997903
  vertex -0.00835448503 -0.00456488086 0.0159997903
  vertex -0.0114998203 -0.0034999249 0.0159997903
  endloop
 endfacet

 facet normal 0 0 -1
  outer loop
  vertex -0.0114998203 -0.0034999249 0.0159997903
  vertex -0.0044999118 -0.0034999249 0.0159997903
  vertex -0.00787931588 -0.00450718403 0.0159997903
  endloop
 endfacet

 facet normal 0 -1.05574998e-06 -1
  outer loop
  vertex -0.0044999118 -0.0034999249 0.0159997903
  vertex -0.0076452489 -0.00456488086 0.0159997903
  vertex -0.00787931588 -0.00450718403 0.0159997903
  endloop
 endfacet

 facet normal -3.81958046e-07 -1 4.58647008e-07
  outer loop
  vertex -0.00346404291 -0.00299996091 -0.007999897
  vertex -0.00230932189 -0.00299996091 -0.00599986315
  vertex -0.0034999249 -0.00299996091 -0.00599986315
  endloop
 endfacet

 facet normal -3.81958046e-07 -1 2.39854046e-07
  outer loop
  vertex 0.0034999249 -0.00299996091 -0.00599986315
  vertex 0.00230932189 -0.00299996091 -0.00599986315
  vertex 0.00346404291 -0.00299996091 -0.007999897
  endloop
 endfacet

 facet normal -5.33384991e-06 -1 3.67634016e-07
  outer loop
  vertex 0.0034999249 -0.00299996091 -0.0154997697
  vertex 0.0034999249 -0.00299996091 -0.00599986315
  vertex 0.00346404291 -0.00299996091 -0.007999897
  endloop
 endfacet

 facet normal -1.06676989e-05 -1 3.43127056e-07
  outer loop
  vertex -0.00346404291 -0.00299996091 -0.007999897
  vertex -0.0034999249 -0.00299996091 -0.00599986315
  vertex -0.0034999249 -0.00299996091 -0.0154997697
  endloop
 endfacet

 facet normal 0 -1 3.11082999e-07
  outer loop
  vertex -0.00173199095 -0.00299996091 -0.01099985
  vertex -0.00346404291 -0.00299996091 -0.007999897
  vertex -0.0034999249 -0.00299996091 -0.0154997697
  endloop
 endfacet

 facet normal -4.16634009e-07 -1 4.0217401e-07
  outer loop
  vertex 0.0034999249 -0.00299996091 -0.0154997697
  vertex 0.00346404291 -0.00299996091 -0.007999897
  vertex 0.00173199095 -0.00299996091 -0.01099985
  endloop
 endfacet

 facet normal -3.50074004e-07 -1 3.6433002e-07
  outer loop
  vertex 0.00173199095 -0.00299996091 -0.01099985
  vertex -0.00173199095 -0.00299996091 -0.01099985
  vertex -0.0034999249 -0.00299996091 -0.0154997697
  endloop
 endfacet

 facet normal 0.654006302 0.703533113 0.278059006
  outer loop
  vertex -0.0037415619 0 -0.00141417899
  vertex -0.0037415619 -0.00149994995 -0.00141417899
  vertex -0.00354450895 -0.00149994995 -0.00185352506
  endloop
 endfacet

 facet normal -0.849037111 -0.342018396 0.402690232
  outer loop
  vertex -0.00717687607 -0.00249993801 -0.00856792927
  vertex -0.00706487801 -0.00249993801 -0.00835448503
  vertex -0.00706487801 0 -0.00835448503
  endloop
 endfacet

 facet normal -0.727995217 -0.342018872 -0.59417671
  outer loop
  vertex -0.00717687607 0 0.000568057003
  vertex -0.00717687607 -0.00249993801 0.000568057992
  vertex -0.00733673479 -0.00249993801 0.000748501974
  endloop
 endfacet

 facet normal 0.92073524 -0.34201923 -0.187801957
  outer loop
  vertex 0.00706487801 -0.00249993801 0.00835448503
  vertex 0.00700718118 -0.00249993801 0.00812041666
  vertex 0.00700718118 0 0.00812041666
  endloop
 endfacet

 facet normal -0.279499054 0.640474677 0.715312958
  outer loop
  vertex -0.00741422083 -0.00741219521 0.0189997498
  vertex -0.00709944917 -0.00728571415 0.0189997498
  vertex -0.00709944917 -0.00728571415 0.0179997608
  endloop
 endfacet

 facet normal -0.490074635 0.498150021 -0.715313554
  outer loop
  vertex -0.00644379808 -0.00675630523 -0.0189997498
  vertex -0.00667852117 -0.00700122118 -0.0189997498
  vertex -0.00667852117 -0.00700122118 -0.0179997608
  endloop
 endfacet

 facet normal -0.644955218 -0.268996805 -0.715313554
  outer loop
  vertex 0.00974589493 -0.00452452805 -0.0189997498
  vertex 0.00988560915 -0.0048336382 -0.0189997498
  vertex 0.00988560915 -0.0048336382 -0.0179997608
  endloop
 endfacet

 facet normal 0 0 1
  outer loop
  vertex 0.00626784516 -0.00399988797 0.01099985
  vertex 0.00973188784 -0.00399988797 0.01099985
  vertex 0.00973188784 -0.00299990107 0.01099985
  endloop
 endfacet

 facet normal 0.692648649 0.712553442 0.111827388
  outer loop
  vertex -0.0038843751 0 -0.00095433899
  vertex -0.00397092104 0 -0.000480651972
  vertex -0.00397092104 -0.00149994995 -0.000480651972
  endloop
 endfacet

 facet normal 0.927497864 0.150900051 -0.342018962
  outer loop
  vertex -0.00897079706 -0.00573921204 0.0179997608
  vertex -0.00897079706 -0.00573921204 0.0159997903
  vertex -0.00899988413 -0.00549989892 0.0159997903
  endloop
 endfacet

 facet normal 0 -1 4.65667057e-07
  outer loop
  vertex 0.00569051504 -0.00399994804 -0.0079998374
  vertex 0.00684517622 -0.00399994804 -0.00599986315
  vertex 0.00453579379 -0.00399994804 -0.0079998374
  endloop
 endfacet

 facet normal 0 -1 3.10444989e-07
  outer loop
  vertex 0.00684517622 -0.00399994804 -0.00599986315
  vertex 0.00626784516 -0.00399994804 -0.00499987602
  vertex 0.00453579379 -0.00399994804 -0.0079998374
  endloop
 endfacet

 facet normal 0 -1 3.88056009e-07
  outer loop
  vertex 0.00973188784 -0.00399994804 -0.01099985
  vertex 0.0114639401 -0.00399994804 -0.0079998374
  vertex 0.01030921 -0.00399994804 -0.0079998374
  endloop
 endfacet

 facet normal 7.87665044e-07 -1 3.49251053e-07
  outer loop
  vertex 0.00973188784 -0.00399994804 -0.01099985
  vertex 0.01030921 -0.00399994804 -0.0079998374
  vertex 0.00915455818 -0.00399994804 -0.00999981072
  endloop
 endfacet

 facet normal 0 -1 3.10444989e-07
  outer loop
  vertex 0.00973188784 -0.00399994804 -0.01099985
  vertex 0.00915455818 -0.00399994804 -0.00999981072
  vertex 0.00626784516 -0.00399994804 -0.01099985
  endloop
 endfacet

 facet normal -7.87666011e-07 -1 6.98501026e-07
  outer loop
  vertex 0.00915455818 -0.00399994804 -0.00999981072
  vertex 0.00684517622 -0.00399994804 -0.00999981072
  vertex 0.00626784516 -0.00399994804 -0.01099985
  endloop
 endfacet

 facet normal -7.87666011e-07 -1 0
  outer loop
  vertex 0.00684517622 -0.00399994804 -0.00999981072
  vertex 0.00569051504 -0.00399994804 -0.0079998374
  vertex 0.00453579379 -0.00399994804 -0.0079998374
  endloop
 endfacet

 facet normal -0.0380020998 -0.938924432 -0.342018872
  outer loop
  vertex 0.00787931588 -0.00450718403 0.0159997903
  vertex 0.00812041666 -0.00450718403 0.0159997903
  vertex 0.00812041666 -0.00450718403 0.0179997608
  endloop
 endfacet

 facet normal -0.402691931 0.849035859 -0.342019767
  outer loop
  vertex 0.00856792927 -0.00632285979 0.0159997903
  vertex 0.00835448503 -0.00643491698 0.0159997903
  vertex 0.00835448503 -0.00643491698 0.0179997608
  endloop
 endfacet

 facet normal 0.727994919 -0.342018783 0.594177246
  outer loop
  vertex -0.00882285833 0 0.00743180513
  vertex -0.00882285833 -0.00249993801 0.00743180513
  vertex -0.00866299774 -0.00249993801 0.00725138094
  endloop
 endfacet

 facet normal 0.187801689 -0.920735419 -0.342018813
  outer loop
  vertex 0.0076452489 -0.00456488086 0.0159997903
  vertex 0.00787931588 -0.00450718403 0.0159997903
  vertex 0.00787931588 -0.00450718403 0.0179997608
  endloop
 endfacet

 facet normal -0.00912358239 -0.698744714 0.715312898
  outer loop
  vertex 0.00825387239 -0.0035161369 0.0189997498
  vertex 0.00791496038 -0.00350171304 0.0189997498
  vertex 0.00791496038 -0.00350171304 0.0179997608
  endloop
 endfacet

 facet normal -0.619818926 0.322722822 0.715314209
  outer loop
  vertex -0.00634288695 -0.00661981106 0.0189997498
  vertex -0.00617742492 -0.00632369518 0.0189997498
  vertex -0.00617742492 -0.00632369518 0.0179997608
  endloop
 endfacet

 facet normal 0.936658978 -0.0754522011 -0.342018694
  outer loop
  vertex -0.00899988413 -0.00549989892 0.0179997608
  vertex -0.00899988413 -0.00549989892 0.0159997903
  vertex -0.00897079706 -0.00526058581 0.0159997903
  endloop
 endfacet

 facet normal -0.651066661 0.677595258 0.342018843
  outer loop
  vertex -0.00743180513 -0.00632285979 -0.0159997903
  vertex -0.00725138094 -0.00616300106 -0.0159997903
  vertex -0.00725138094 -0.00616300106 -0.0179997608
  endloop
 endfacet

 facet normal -0.727995217 -0.342018664 0.594176948
  outer loop
  vertex 0.000663113955 -0.00249993801 -0.0087483516
  vertex 0.000822972972 -0.00249993801 -0.00856792927
  vertex 0.000822972972 0 -0.00856792927
  endloop
 endfacet

 facet normal 0.707106769 -0.707106769 3.24726017e-07
  outer loop
  vertex 0.0124998 -0.00599992182 -0.0159997903
  vertex 0.00949984696 -0.00899988413 -0.0159997903
  vertex 0.00949984696 -0.00899988413 -0.0189997498
  endloop
 endfacet

 facet normal 0.864434659 0.368478298 -0.342018068
  outer loop
  vertex -0.008885324 -0.00596463587 0.0179997608
  vertex -0.008885324 -0.00596463587 0.0159997903
  vertex -0.00897079706 -0.00573921204 0.0159997903
  endloop
 endfacet

 facet normal 0.0380014069 0.938924015 -0.342020005
  outer loop
  vertex 0.00812041666 -0.00649261381 0.0159997903
  vertex 0.00787931588 -0.00649261381 0.0159997903
  vertex 0.00787931588 -0.00649261381 0.0179997608
  endloop
 endfacet

 facet normal -0.938924372 -0.342018872 -0.0380016901
  outer loop
  vertex 0.000992694986 -0.00249993801 0.00787931588
  vertex 0.000992694986 -0.00249993801 0.00812041666
  vertex 0.000992695917 0 0.00812041666
  endloop
 endfacet

 facet normal -3.50074004e-07 -1 3.6433002e-07
  outer loop
  vertex 0.00626784516 -0.00299990107 0.01099985
  vertex 0.00973188784 -0.00299990107 0.01099985
  vertex 0.0114998203 -0.00299990107 0.0154997697
  endloop
 endfacet

 facet normal 0 -1 3.53006016e-07
  outer loop
  vertex 0.0044999118 -0.00299990107 0.0154997697
  vertex 0.0044999118 -0.00299996091 -0.0154997697
  vertex 0.00453579379 -0.00299996091 0
  endloop
 endfacet

 facet normal -1.26679988e-05 -1 3.49247046e-07
  outer loop
  vertex 0.0044999118 -0.00299996091 -0.0154997697
  vertex 0.00453579379 -0.00299996091 -0.007999897
  vertex 0.00453579379 -0.00299996091 0
  endloop
 endfacet

 facet normal -2.30989002e-07 -1 3.61124023e-07
  outer loop
  vertex 0.00626784516 -0.00299990107 0.01099985
  vertex 0.0114998203 -0.00299990107 0.0154997697
  vertex 0.0044999118 -0.00299990107 0.0154997697
  endloop
 endfacet

 facet normal -4.16634009e-07 -1 3.71384999e-07
  outer loop
  vertex 0.00453579379 -0.00299990107 0.007999897
  vertex 0.00626784516 -0.00299990107 0.01099985
  vertex 0.0044999118 -0.00299990107 0.0154997697
  endloop
 endfacet

 facet normal 0 -1 4.65667057e-07
  outer loop
  vertex 0.00973188784 -0.00299996091 -0.00499987602
  vertex 0.0114639401 -0.00299996091 0
  vertex 0.00973188784 -0.00299996091 -0.00299990107
  endloop
 endfacet

 facet normal -2.62555034e-07 -1 4.65667057e-07
  outer loop
  vertex 0.00973188784 -0.00299996091 -0.00499987602
  vertex 0.00973188784 -0.00299996091 -0.00299990107
  vertex 0.00626784516 -0.00299996091 -0.00299990107
  endloop
 endfacet

 facet normal -2.62555034e-07 -1 4.65667057e-07
  outer loop
  vertex 0.00626784516 -0.00299996091 -0.00499987602
  vertex 0.00973188784 -0.00299996091 -0.00499987602
  vertex 0.00626784516 -0.00299996091 -0.00299990107
  endloop
 endfacet

 facet normal 0 -1 4.65667057e-07
  outer loop
  vertex 0.00626784516 -0.00299996091 -0.00499987602
  vertex 0.00626784516 -0.00299996091 -0.00299990107
  vertex 0.00453579379 -0.00299996091 0
  endloop
 endfacet

 facet normal -5.25111034e-07 -1 4.65667057e-07
  outer loop
  vertex 0.00973188784 -0.00299996091 0.00299996091
  vertex 0.0114639401 -0.00299996091 0.007999897
  vertex 0.00973188784 -0.00299996091 0.00499993516
  endloop
 endfacet

 facet normal -2.62555034e-07 -1 4.65667057e-07
  outer loop
  vertex 0.00626784516 -0.00299996091 0.00299996091
  vertex 0.00973188784 -0.00299996091 0.00299996091
  vertex 0.00973188784 -0.00299996091 0.00499993516
  endloop
 endfacet

 facet normal -2.62555034e-07 -1 4.65667057e-07
  outer loop
  vertex 0.00626784516 -0.00299996091 0.00299996091
  vertex 0.00973188784 -0.00299996091 0.00499993516
  vertex 0.00626784516 -0.00299996091 0.00499993516
  endloop
 endfacet

 facet normal -3.93833005e-07 -1 3.49251053e-07
  outer loop
  vertex 0.00453579379 -0.00299996091 -0.007999897
  vertex 0.00626784516 -0.00299996091 -0.00499987602
  vertex 0.00453579379 -0.00299996091 0
  endloop
 endfacet

 facet normal 0 -1 4.65667057e-07
  outer loop
  vertex 0.00453579379 -0.00299996091 0
  vertex 0.00626784516 -0.00299996091 0.00299996091
  vertex 0.00626784516 -0.00299996091 0.00499993516
  endloop
 endfacet

 facet normal -1.31278e-07 -1 3.49251053e-07
  outer loop
  vertex 0.00453579379 -0.00299996091 0
  vertex 0.00626784516 -0.00299996091 0.00499993516
  vertex 0.00453579379 -0.00299990107 0.007999897
  endloop
 endfacet

 facet normal 0.368479043 -0.342019588 -0.864433825
  outer loop
  vertex 0.00776058389 -0.00249993801 0.000970929977
  vertex 0.00753515912 -0.00249993801 0.000885444984
  vertex 0.00753515912 0 0.000885444984
  endloop
 endfacet

 facet normal -3.12312011e-07 -2.2021502e-06 -1
  outer loop
  vertex -0.00949984696 -0.00899988413 -0.0189997498
  vertex -0.0124998 -0.00599992182 -0.0189997498
  vertex -0.00918912794 -0.00710785296 -0.0189997498
  endloop
 endfacet

 facet normal 0 1 -3.49251053e-07
  outer loop
  vertex -0.0034999249 -0.00199991395 0.0159997903
  vertex -0.0044999118 -0.00199991395 0.0159997903
  vertex -0.0034999249 -0.00199991395 0.0179997608
  endloop
 endfacet

 facet normal 6.06344997e-07 1 -3.88056009e-07
  outer loop
  vertex -0.0044999118 -0.00199991395 0.0159997903
  vertex -0.0044999118 -0.00199991395 0.0189997498
  vertex -0.0034999249 -0.00199991395 0.0179997608
  endloop
 endfacet

 facet normal 2.2737899e-07 1 -4.65666005e-07
  outer loop
  vertex -0.0044999118 -0.00199991395 0.0189997498
  vertex -0.00049999397 -0.00199991395 0.0189997498
  vertex -0.0034999249 -0.00199991395 0.0179997608
  endloop
 endfacet

 facet normal 0.813715577 -0.342019498 -0.469988972
  outer loop
  vertex -0.000822972972 0 0.00856792927
  vertex -0.00082297402 -0.00249993801 0.00856792927
  vertex -0.000935004966 -0.00249993801 0.00835448503
  endloop
 endfacet

 facet normal 0.707087696 0.0797077194 0.702619255
  outer loop
  vertex 0.00602865219 -0.00583791686 0.0189997498
  vertex 0.00602865219 -0.00583791686 0.0179997608
  vertex 0.00599986315 -0.00549989892 0.0179997608
  endloop
 endfacet

 facet normal 0.184897482 -0.673897445 0.715314686
  outer loop
  vertex -0.00842124224 -0.00354480697 0.0179997608
  vertex -0.00842124224 -0.00354480697 0.0189997498
  vertex -0.00874555111 -0.00364410807 0.0189997498
  endloop
 endfacet

 facet normal 0.297414213 -0.342018545 0.891385496
  outer loop
  vertex -0.000464718003 -0.00249993801 -0.008885324
  vertex -0.000239312998 -0.00249993801 -0.00897079706
  vertex -0.000239312998 0 -0.00897079706
  endloop
 endfacet

 facet normal 1.51586022e-07 1 -4.65668052e-07
  outer loop
  vertex -0.0034999249 -0.00199997402 -0.0179997608
  vertex -0.00049999397 -0.00199997402 -0.0179997608
  vertex -0.00049999397 -0.00199997402 -0.0189997498
  endloop
 endfacet

 facet normal 3.0317301e-07 1 -3.88056009e-07
  outer loop
  vertex -0.0044999118 -0.00199997402 -0.0189997498
  vertex -0.0044999118 -0.00199997402 -0.0159997903
  vertex -0.0034999249 -0.00199997402 -0.0179997608
  endloop
 endfacet

 facet normal 0 1 -5.82083999e-07
  outer loop
  vertex -0.0044999118 -0.00199997402 -0.0159997903
  vertex -0.0034999249 -0.00199997402 -0.0159997903
  vertex -0.0034999249 -0.00199997402 -0.0179997608
  endloop
 endfacet

 facet normal 3.04191985e-07 0 1
  outer loop
  vertex -0.00949984696 -0.00899982359 0.0189997498
  vertex -0.00842124224 -0.00745499087 0.0189997498
  vertex -0.00874555111 -0.00735562993 0.0189997498
  endloop
 endfacet

 facet normal 4.6388601e-07 0 1
  outer loop
  vertex -0.00949984696 -0.00899982359 0.0189997498
  vertex -0.00874555111 -0.00735562993 0.0189997498
  vertex -0.00904846098 -0.00720292283 0.0189997498
  endloop
 endfacet

 facet normal -2.07746027e-07 6.95816993e-07 1
  outer loop
  vertex -0.0124998 -0.00199991395 0.0189997498
  vertex -0.0124998 -0.00599986315 0.0189997498
  vertex -0.00988560915 -0.0048336382 0.0189997498
  endloop
 endfacet

 facet normal 2.14705011e-07 1.76707022e-06 1
  outer loop
  vertex -0.0124998 -0.00599986315 0.0189997498
  vertex -0.00949984696 -0.00899982359 0.0189997498
  vertex -0.00955593493 -0.00675630523 0.0189997498
  endloop
 endfacet

 facet normal 0 0 1
  outer loop
  vertex -0.00988560915 -0.00616616011 0.0189997498
  vertex -0.0124998 -0.00599986315 0.0189997498
  vertex -0.00974589493 -0.00647526886 0.0189997498
  endloop
 endfacet

 facet normal -4.96712005e-07 7.83923042e-07 1
  outer loop
  vertex 0.00249993801 -0.00299990107 0.0189997498
  vertex -0.00049999397 -0.00199991395 0.0189997498
  vertex -0.00049999496 -0.00699984981 0.0189997498
  endloop
 endfacet

 facet normal 0 -4.71460055e-07 1
  outer loop
  vertex -0.00049999397 -0.00199991395 0.0189997498
  vertex -0.0044999118 -0.00199991395 0.0189997498
  vertex -0.0044999118 -0.00699984981 0.0189997498
  endloop
 endfacet

 facet normal 4.94768983e-07 0 1
  outer loop
  vertex -0.00634288695 -0.00437992811 0.0189997498
  vertex -0.0044999118 -0.00199991395 0.0189997498
  vertex -0.00655597402 -0.00411605788 0.0189997498
  endloop
 endfacet

 facet normal 6.46535e-07 3.13013038e-06 1
  outer loop
  vertex -0.00949984696 -0.00899982359 0.0189997498
  vertex -0.00904846098 -0.00720292283 0.0189997498
  vertex -0.00932121184 -0.00700122118 0.0189997498
  endloop
 endfacet

 facet normal 8.89442049e-07 1.77336005e-06 1
  outer loop
  vertex -0.00949984696 -0.00899982359 0.0189997498
  vertex -0.00932121184 -0.00700122118 0.0189997498
  vertex -0.00955593493 -0.00675630523 0.0189997498
  endloop
 endfacet

 facet normal 5.87118052e-07 -2.90412004e-06 1
  outer loop
  vertex -0.0044999118 -0.00199991395 0.0189997498
  vertex -0.00634288695 -0.00437992811 0.0189997498
  vertex -0.00617742492 -0.00467610313 0.0189997498
  endloop
 endfacet

 facet normal 0 -3.63371009e-06 1
  outer loop
  vertex -0.0044999118 -0.00199991395 0.0189997498
  vertex -0.0124998 -0.00199991395 0.0189997498
  vertex -0.00808477402 -0.00350171304 0.0189997498
  endloop
 endfacet

 facet normal 0 -2.84615993e-07 1
  outer loop
  vertex -0.00049999496 -0.00699984981 0.0189997498
  vertex 0.00249993801 -0.00599986315 0.0189997498
  vertex 0.00249993801 -0.00299990107 0.0189997498
  endloop
 endfacet

 facet normal -5.50507025e-07 1.51135998e-06 1
  outer loop
  vertex -0.00709944917 -0.00728571415 0.0189997498
  vertex -0.00649988605 -0.00899982359 0.0189997498
  vertex -0.00681060506 -0.00710785296 0.0189997498
  endloop
 endfacet

 facet normal 0 3.34964989e-06 1
  outer loop
  vertex -0.00649988605 -0.00899982359 0.0189997498
  vertex -0.0044999118 -0.00699984981 0.0189997498
  vertex -0.00655597402 -0.00688373996 0.0189997498
  endloop
 endfacet

 facet normal -7.57035082e-07 4.12343013e-07 1
  outer loop
  vertex -0.00681060506 -0.00710785296 0.0189997498
  vertex -0.00649988605 -0.00899982359 0.0189997498
  vertex -0.00655597402 -0.00688373996 0.0189997498
  endloop
 endfacet

 facet normal 0 8.67286076e-07 1
  outer loop
  vertex -0.0044999118 -0.00699984981 0.0189997498
  vertex -0.00049999496 -0.00699984981 0.0189997498
  vertex -0.00049999397 -0.00199991395 0.0189997498
  endloop
 endfacet

 facet normal 0 -1.06422995e-05 1
  outer loop
  vertex -0.00955593493 -0.00675630523 0.0189997498
  vertex -0.00974589493 -0.00647526886 0.0189997498
  vertex -0.0124998 -0.00599986315 0.0189997498
  endloop
 endfacet

 facet normal 0 -1.28235006e-05 1
  outer loop
  vertex -0.00655597402 -0.00688373996 0.0189997498
  vertex -0.0044999118 -0.00699984981 0.0189997498
  vertex -0.00634288695 -0.00661981106 0.0189997498
  endloop
 endfacet

 facet normal 0 -5.38822042e-06 1
  outer loop
  vertex -0.0124998 -0.00599986315 0.0189997498
  vertex -0.00988560915 -0.00616616011 0.0189997498
  vertex -0.00997108221 -0.00583791686 0.0189997498
  endloop
 endfacet

 facet normal 0 -3.96874015e-07 1
  outer loop
  vertex -0.0124998 -0.00599986315 0.0189997498
  vertex -0.00997108221 -0.00583791686 0.0189997498
  vertex -0.00999987125 -0.00549989892 0.0189997498
  endloop
 endfacet

 facet normal 0 0 1
  outer loop
  vertex -0.00634288695 -0.00661981106 0.0189997498
  vertex -0.0044999118 -0.00699984981 0.0189997498
  vertex -0.00617742492 -0.00632369518 0.0189997498
  endloop
 endfacet

 facet normal 0 0 1
  outer loop
  vertex -0.00617742492 -0.00632369518 0.0189997498
  vertex -0.0044999118 -0.00699984981 0.0189997498
  vertex -0.00606441405 -0.00600385619 0.0189997498
  endloop
 endfacet

 facet normal 0 4.10621027e-07 1
  outer loop
  vertex -0.0124998 -0.00599986315 0.0189997498
  vertex -0.00999987125 -0.00549989892 0.0189997498
  vertex -0.00997108221 -0.00516188098 0.0189997498
  endloop
 endfacet

 facet normal 0 4.7963199e-06 1
  outer loop
  vertex -0.0124998 -0.00599986315 0.0189997498
  vertex -0.00997108221 -0.00516188098 0.0189997498
  vertex -0.00988560915 -0.0048336382 0.0189997498
  endloop
 endfacet

 facet normal 0 0 1
  outer loop
  vertex -0.00606441405 -0.00600385619 0.0189997498
  vertex -0.0044999118 -0.00699984981 0.0189997498
  vertex -0.00600707484 -0.00566947414 0.0189997498
  endloop
 endfacet

 facet normal 0 0 1
  outer loop
  vertex -0.00600707484 -0.00566947414 0.0189997498
  vertex -0.0044999118 -0.00699984981 0.0189997498
  vertex -0.00600707484 -0.0053302641 0.0189997498
  endloop
 endfacet

 facet normal -4.78201059e-07 -1.51079007e-06 1
  outer loop
  vertex -0.0124998 -0.00199991395 0.0189997498
  vertex -0.00988560915 -0.0048336382 0.0189997498
  vertex -0.00974589493 -0.00452452805 0.0189997498
  endloop
 endfacet

 facet normal 0 0 1
  outer loop
  vertex -0.00600707484 -0.0053302641 0.0189997498
  vertex -0.0044999118 -0.00699984981 0.0189997498
  vertex -0.00606441405 -0.00499594212 0.0189997498
  endloop
 endfacet

 facet normal -4.17610011e-07 2.90216985e-06 1
  outer loop
  vertex -0.0124998 -0.00199991395 0.0189997498
  vertex -0.00974589493 -0.00452452805 0.0189997498
  vertex -0.00955593493 -0.00424349308 0.0189997498
  endloop
 endfacet

 facet normal -3.65645008e-07 -2.18705986e-06 1
  outer loop
  vertex -0.0124998 -0.00199991395 0.0189997498
  vertex -0.00955593493 -0.00424349308 0.0189997498
  vertex -0.00932121184 -0.00399857713 0.0189997498
  endloop
 endfacet

 facet normal 4.77164974e-07 7.40299981e-07 1
  outer loop
  vertex -0.00606441405 -0.00499594212 0.0189997498
  vertex -0.0044999118 -0.00699984981 0.0189997498
  vertex -0.0044999118 -0.00199991395 0.0189997498
  endloop
 endfacet

 facet normal 7.10104075e-07 0 1
  outer loop
  vertex -0.00617742492 -0.00467610313 0.0189997498
  vertex -0.00606441405 -0.00499594212 0.0189997498
  vertex -0.0044999118 -0.00199991395 0.0189997498
  endloop
 endfacet

 facet normal -3.16726016e-07 6.90026991e-06 1
  outer loop
  vertex -0.0124998 -0.00199991395 0.0189997498
  vertex -0.00932121184 -0.00399857713 0.0189997498
  vertex -0.00904846098 -0.00379687501 0.0189997498
  endloop
 endfacet

 facet normal -2.65511005e-07 0 1
  outer loop
  vertex -0.0124998 -0.00199991395 0.0189997498
  vertex -0.00904846098 -0.00379687501 0.0189997498
  vertex -0.00874555111 -0.00364410807 0.0189997498
  endloop
 endfacet

 facet normal -2.04167009e-07 -1.00362004e-05 1
  outer loop
  vertex -0.0124998 -0.00199991395 0.0189997498
  vertex -0.00874555111 -0.00364410807 0.0189997498
  vertex -0.00842124224 -0.00354480697 0.0189997498
  endloop
 endfacet

 facet normal 0 2.09218997e-05 1
  outer loop
  vertex -0.0124998 -0.00199991395 0.0189997498
  vertex -0.00842124224 -0.00354480697 0.0189997498
  vertex -0.00808477402 -0.00350171304 0.0189997498
  endloop
 endfacet

 facet normal 4.17595032e-07 0 1
  outer loop
  vertex -0.00681060506 -0.00389194395 0.0189997498
  vertex -0.00655597402 -0.00411605788 0.0189997498
  vertex -0.0044999118 -0.00199991395 0.0189997498
  endloop
 endfacet

 facet normal 3.45993016e-07 7.59907016e-06 1
  outer loop
  vertex -0.00709944917 -0.00371408393 0.0189997498
  vertex -0.00681060506 -0.00389194395 0.0189997498
  vertex -0.0044999118 -0.00199991395 0.0189997498
  endloop
 endfacet

 facet normal 0 1.62240008e-06 1
  outer loop
  vertex -0.0044999118 -0.00199991395 0.0189997498
  vertex -0.00808477402 -0.00350171304 0.0189997498
  vertex -0.00774586201 -0.0035161369 0.0189997498
  endloop
 endfacet

 facet normal 1.81171998e-07 8.6648397e-06 1
  outer loop
  vertex -0.0044999118 -0.00199991395 0.0189997498
  vertex -0.00774586201 -0.0035161369 0.0189997498
  vertex -0.00741422083 -0.0035876031 0.0189997498
  endloop
 endfacet

 facet normal 0.0754489526 -0.342018455 0.936659336
  outer loop
  vertex 0.00776058389 -0.00249993801 -0.00897079706
  vertex 0.007999897 -0.00249993801 -0.00899988413
  vertex 0.007999897 0 -0.00899988413
  endloop
 endfacet

 facet normal 0 5.25111034e-07 1
  outer loop
  vertex -0.00973188784 -0.00399988797 0.00299996091
  vertex -0.00626784516 -0.00399988797 0.00299996091
  vertex -0.00626784516 -0.00299990107 0.00299996091
  endloop
 endfacet

 facet normal 0 -0.707107425 -0.707106233
  outer loop
  vertex 0.0124998 -0.00599986315 0.0159997903
  vertex 0.0114998203 -0.00599986315 0.0159997903
  vertex 0.0114998203 -0.0044999118 0.0144997798
  endloop
 endfacet

 facet normal 1 -1.55223006e-07 0
  outer loop
  vertex -0.0034999249 -0.0044999118 0.0144997798
  vertex -0.0034999249 -0.0044999118 0.00599992182
  vertex -0.0034999249 -0.00299990107 0.00599992182
  endloop
 endfacet

 facet normal 1 -1.55222011e-07 0
  outer loop
  vertex -0.0034999249 -0.00299990107 0.00599992182
  vertex -0.0034999249 -0.00299990107 0.0154997697
  vertex -0.0034999249 -0.0044999118 0.0144997798
  endloop
 endfacet

 facet normal 1 -2.79400012e-07 3.63807032e-07
  outer loop
  vertex -0.0034999249 -0.00299990107 0.0154997697
  vertex -0.0034999249 -0.0034999249 0.0159997903
  vertex -0.0034999249 -0.0044999118 0.0144997798
  endloop
 endfacet

 facet normal 1 -3.10444989e-07 1.89201018e-07
  outer loop
  vertex -0.0034999249 -0.0034999249 0.0159997903
  vertex -0.0034999249 -0.00199991395 0.0159997903
  vertex -0.0034999249 -0.00199991395 0.0179997608
  endloop
 endfacet

 facet normal 1 -2.32834026e-07 0
  outer loop
  vertex -0.0034999249 -0.00199991395 0.0179997608
  vertex -0.0034999249 -0.00599986315 0.0179997608
  vertex -0.0034999249 -0.0034999249 0.0159997903
  endloop
 endfacet

 facet normal 1 -1.86267002e-07 3.63807032e-07
  outer loop
  vertex -0.0034999249 -0.00599986315 0.0179997608
  vertex -0.0034999249 -0.00599986315 0.0159997903
  vertex -0.0034999249 -0.0034999249 0.0159997903
  endloop
 endfacet

 facet normal 0 0 -1
  outer loop
  vertex 0.0034999249 -0.00599986315 0.0159997903
  vertex 0.0044999118 -0.00599986315 0.0159997903
  vertex 0.00649988605 -0.00899982359 0.0159997903
  endloop
 endfacet

 facet normal 0 -2.06493996e-06 -1
  outer loop
  vertex 0.0044999118 -0.00599986315 0.0159997903
  vertex 0.00725138094 -0.00616300106 0.0159997903
  vertex 0.00649988605 -0.00899982359 0.0159997903
  endloop
 endfacet

 facet normal -4.71120018e-07 -2.87805005e-06 -1
  outer loop
  vertex 0.00725138094 -0.00616300106 0.0159997903
  vertex 0.00743180513 -0.00632285979 0.0159997903
  vertex 0.00649988605 -0.00899982359 0.0159997903
  endloop
 endfacet

 facet normal -1.61242014e-07 0 -1
  outer loop
  vertex 0.00787931588 -0.00649261381 0.0159997903
  vertex 0.00649988605 -0.00899982359 0.0159997903
  vertex 0.0076452489 -0.00643491698 0.0159997903
  endloop
 endfacet

 facet normal -3.81958046e-07 -1 2.39854046e-07
  outer loop
  vertex -0.0034999249 -0.00299990107 0.00599992182
  vertex -0.00230932189 -0.00299990107 0.00599992182
  vertex -0.00346404291 -0.00299990107 0.007999897
  endloop
 endfacet

 facet normal 8.00078033e-06 -1 3.6763501e-07
  outer loop
  vertex -0.0034999249 -0.00299990107 0.0154997697
  vertex -0.0034999249 -0.00299990107 0.00599992182
  vertex -0.00346404291 -0.00299990107 0.007999897
  endloop
 endfacet

 facet normal -3.81958046e-07 -1 4.58647008e-07
  outer loop
  vertex 0.00346404291 -0.00299990107 0.007999897
  vertex 0.00230932189 -0.00299990107 0.00599992182
  vertex 0.0034999249 -0.00299990107 0.00599992182
  endloop
 endfacet

 facet normal -1.06676989e-05 -1 3.43127056e-07
  outer loop
  vertex 0.00346404291 -0.00299990107 0.007999897
  vertex 0.0034999249 -0.00299990107 0.00599992182
  vertex 0.0034999249 -0.00299990107 0.0154997697
  endloop
 endfacet

 facet normal -5.55512997e-07 -1 4.0217401e-07
  outer loop
  vertex -0.0034999249 -0.00299990107 0.0154997697
  vertex -0.00346404291 -0.00299990107 0.007999897
  vertex -0.00173199095 -0.00299990107 0.01099985
  endloop
 endfacet

 facet normal 0 -1 3.11082999e-07
  outer loop
  vertex 0.00173199095 -0.00299990107 0.01099985
  vertex 0.00346404291 -0.00299990107 0.007999897
  vertex 0.0034999249 -0.00299990107 0.0154997697
  endloop
 endfacet

 facet normal -3.50074004e-07 -1 4.11781997e-07
  outer loop
  vertex -0.0034999249 -0.00299990107 0.0154997697
  vertex -0.00173199095 -0.00299990107 0.01099985
  vertex 0.00173199095 -0.00299990107 0.01099985
  endloop
 endfacet

 facet normal 0.920735657 -0.342019379 -0.187799171
  outer loop
  vertex -0.00893485546 -0.00249993801 0.00835448503
  vertex -0.00899255183 -0.00249993801 0.00812041666
  vertex -0.00899255183 0 0.00812041666
  endloop
 endfacet

 facet normal 0.187803388 -0.920735121 -0.342018664
  outer loop
  vertex -0.00835448503 -0.00456488086 0.0159997903
  vertex -0.00812041666 -0.00450718403 0.0159997903
  vertex -0.00812041666 -0.00450718403 0.0179997608
  endloop
 endfacet

 facet normal -0.866025448 3.65491985e-07 -0.499999881
  outer loop
  vertex -0.00346404291 -0.00299990107 0.007999897
  vertex -0.00230932189 -0.00299990107 0.00599992182
  vertex -0.00230932189 -0.00399988797 0.00599992182
  endloop
 endfacet

 facet normal 0.651068211 -0.677594006 -0.342018455
  outer loop
  vertex -0.0087483516 -0.00483679678 0.0179997608
  vertex -0.0087483516 -0.00483679678 0.0159997903
  vertex -0.00856792927 -0.00467693806 0.0159997903
  endloop
 endfacet

 facet normal 0.368479222 -0.342018574 0.864434063
  outer loop
  vertex 0.00753515912 0 0.00711440993
  vertex 0.00753515912 -0.00249993801 0.00711440993
  vertex 0.00776058389 -0.00249993801 0.00702893687
  endloop
 endfacet

 facet normal -0.698501647 -0.0205404516 0.715313733
  outer loop
  vertex -0.00600707484 -0.00566947414 0.0189997498
  vertex -0.00600707484 -0.0053302641 0.0189997498
  vertex -0.00600707484 -0.0053302641 0.0179997608
  endloop
 endfacet

 facet normal 0.707107186 -0.707106471 2.67569987e-07
  outer loop
  vertex -0.0044999118 -0.00699990895 -0.0179997608
  vertex -0.0034999249 -0.00599992182 -0.0179997608
  vertex -0.0034999249 -0.00599992182 -0.0159997903
  endloop
 endfacet

 facet normal 0.707106709 -0.707106888 6.43126043e-07
  outer loop
  vertex -0.0034999249 -0.00599992182 -0.0159997903
  vertex -0.00649988605 -0.00899988413 -0.0159997903
  vertex -0.0044999118 -0.00699990895 -0.0179997608
  endloop
 endfacet

 facet normal 0.707106173 -0.707107425 2.14376001e-07
  outer loop
  vertex -0.00649988605 -0.00899988413 -0.0159997903
  vertex -0.00649988605 -0.00899988413 -0.0189997498
  vertex -0.0044999118 -0.00699990895 -0.0179997608
  endloop
 endfacet

 facet normal -0.936659217 -0.0754490867 -0.342018992
  outer loop
  vertex 0.00897079706 -0.00526058581 0.0159997903
  vertex 0.00899988413 -0.00549989892 0.0159997903
  vertex 0.00899988413 -0.00549989892 0.0179997608
  endloop
 endfacet

 facet normal 0 -1 3.88056009e-07
  outer loop
  vertex 0.00626784516 -0.00399988797 0.01099985
  vertex 0.00453579379 -0.00399988797 0.007999897
  vertex 0.00569051504 -0.00399988797 0.007999897
  endloop
 endfacet

 facet normal 0.65106684 0.677595317 0.342018247
  outer loop
  vertex 0.00725138094 -0.00616300106 -0.0179997608
  vertex 0.00725138094 -0.00616300106 -0.0159997903
  vertex 0.00743180513 -0.00632285979 -0.0159997903
  endloop
 endfacet

 facet normal 0.927497804 -0.150901154 0.342018634
  outer loop
  vertex 0.00702893687 -0.00526058581 -0.0179997608
  vertex 0.00702893687 -0.00526058581 -0.0159997903
  vertex 0.00699984981 -0.00549989892 -0.0159997903
  endloop
 endfacet

 facet normal -0.68745029 0.71255368 -0.140283212
  outer loop
  vertex 0.0038843751 -0.00149994995 0.000954339979
  vertex 0.0038843751 0 0.00095433899
  vertex 0.00397092104 0 0.000480651972
  endloop
 endfacet

 facet normal -0.431866586 -0.549379468 -0.715313673
  outer loop
  vertex 0.00904846098 -0.00379687501 -0.0189997498
  vertex 0.00932121184 -0.00399857713 -0.0189997498
  vertex 0.00932121184 -0.00399857713 -0.0179997608
  endloop
 endfacet

 facet normal -0.590217173 -0.374125957 -0.715313673
  outer loop
  vertex -0.00644379808 -0.00424349308 -0.0189997498
  vertex -0.00625383807 -0.00452452805 -0.0189997498
  vertex -0.00625383807 -0.00452452805 -0.0179997608
  endloop
 endfacet

 facet normal 0 -1 4.65667057e-07
  outer loop
  vertex 0.00569051504 -0.00399994804 0
  vertex 0.00684517622 -0.00399994804 0.00199997402
  vertex 0.00453579379 -0.00399994804 0
  endloop
 endfacet

 facet normal -5.25111034e-07 -1 3.10444989e-07
  outer loop
  vertex 0.00684517622 -0.00399994804 0.00199997402
  vertex 0.00626784516 -0.00399994804 0.00299996091
  vertex 0.00453579379 -0.00399994804 0
  endloop
 endfacet

 facet normal 2.62555034e-07 -1 4.65667057e-07
  outer loop
  vertex 0.00453579379 -0.00399994804 0
  vertex 0.00626784516 -0.00399994804 -0.00299990107
  vertex 0.00684517622 -0.00399994804 -0.00199991395
  endloop
 endfacet

 facet normal 0.332808793 0.614463747 0.715312958
  outer loop
  vertex 0.00695127202 -0.00720292283 0.0179997608
  vertex 0.00695127202 -0.00720292283 0.0189997498
  vertex 0.00725418283 -0.00735562993 0.0189997498
  endloop
 endfacet

 facet normal -0.698501587 -0.0205393769 0.715313733
  outer loop
  vertex 0.00999265909 -0.00566953421 0.0189997498
  vertex 0.00999265909 -0.0053302641 0.0189997498
  vertex 0.00999265909 -0.0053302641 0.0179997608
  endloop
 endfacet

 facet normal -0.556363046 0.422830492 0.715314388
  outer loop
  vertex -0.00655597402 -0.00688373996 0.0189997498
  vertex -0.00634288695 -0.00661981106 0.0189997498
  vertex -0.00634288695 -0.00661981106 0.0179997608
  endloop
 endfacet

 facet normal 0.866025329 5.25111034e-07 0.500000179
  outer loop
  vertex -0.00626784516 -0.00299996091 -0.00499987602
  vertex -0.00626784516 -0.00399994804 -0.00499987602
  vertex -0.00453579379 -0.00399994804 -0.0079998374
  endloop
 endfacet

 facet normal -0.866025686 2.62555034e-07 0.499999493
  outer loop
  vertex -0.0114639401 -0.00399988797 0
  vertex -0.00973188784 -0.00399988797 0.00299996091
  vertex -0.00973188784 -0.00299990107 0.00299996091
  endloop
 endfacet

 facet normal 0.727994978 -0.3420192 -0.594176888
  outer loop
  vertex -0.00866299774 -0.00249993801 0.0087483516
  vertex -0.00882285833 -0.00249993801 0.00856792927
  vertex -0.00882285833 0 0.00856792927
  endloop
 endfacet

 facet normal 0.698501647 0.0205399673 -0.715313733
  outer loop
  vertex -0.00999265909 -0.00566953421 -0.0179997608
  vertex -0.00999265909 -0.00566953421 -0.0189997498
  vertex -0.00999265909 -0.00533032417 -0.0189997498
  endloop
 endfacet

 facet normal 0.813716471 -0.342018962 0.46998775
  outer loop
  vertex 0.00706487801 -0.00249993801 -0.00835448503
  vertex 0.00717687607 -0.00249993801 -0.00856792927
  vertex 0.00717687607 0 -0.00856792927
  endloop
 endfacet

 facet normal 0.902546167 -0.3420192 0.261597604
  outer loop
  vertex -0.00899255183 -0.00249993801 -0.00812041666
  vertex -0.00893485546 -0.00249993801 -0.00835448503
  vertex -0.00893485546 0 -0.00835448503
  endloop
 endfacet

 facet normal -0.127081007 -0.687151074 0.715313852
  outer loop
  vertex 0.00858551171 -0.0035876031 0.0189997498
  vertex 0.00825387239 -0.0035161369 0.0189997498
  vertex 0.00825387239 -0.0035161369 0.0179997608
  endloop
 endfacet

 facet normal -0.866025448 4.74728012e-07 0.49999997
  outer loop
  vertex 0.00115466095 -0.00399994804 -0.00999981072
  vertex 0.00230932189 -0.00399994804 -0.0079998374
  vertex 0.00230932189 -0.00249993801 -0.007999897
  endloop
 endfacet

 facet normal 0.920735657 -0.34201932 -0.187799498
  outer loop
  vertex -0.00893485546 -0.00249993801 0.000354600983
  vertex -0.00899255183 -0.00249993801 0.000120535988
  vertex -0.00899255183 0 0.000120534998
  endloop
 endfacet

 facet normal 0 -0.707107008 0.70710659
  outer loop
  vertex -0.0034999249 -0.00599992182 -0.0159997903
  vertex -0.0034999249 -0.0044999118 -0.0144997798
  vertex -0.0044999118 -0.0044999118 -0.0144997798
  endloop
 endfacet

 facet normal 1.30374005e-07 5.09278038e-07 1
  outer loop
  vertex 0.0034999249 -0.0044999118 0.00599992182
  vertex 0.0034999249 -0.00299990107 0.00599992182
  vertex 0.00230932189 -0.00399988797 0.00599992182
  endloop
 endfacet

 facet normal 0 7.08944015e-07 1
  outer loop
  vertex 0.0034999249 -0.00299990107 0.00599992182
  vertex 0.00230932189 -0.00299990107 0.00599992182
  vertex 0.00230932189 -0.00399988797 0.00599992182
  endloop
 endfacet

 facet normal 0 0 1
  outer loop
  vertex -0.00230932189 -0.00299990107 0.00599992182
  vertex -0.0034999249 -0.00299990107 0.00599992182
  vertex -0.00230932189 -0.00399988797 0.00599992182
  endloop
 endfacet

 facet normal -1.30372996e-07 1.01855017e-06 1
  outer loop
  vertex -0.0034999249 -0.00299990107 0.00599992182
  vertex -0.0034999249 -0.0044999118 0.00599992182
  vertex -0.00230932189 -0.00399988797 0.00599992182
  endloop
 endfacet

 facet normal 0 2.07890002e-06 1
  outer loop
  vertex -0.0034999249 -0.0044999118 0.00599992182
  vertex 0.0034999249 -0.0044999118 0.00599992182
  vertex 0.00115466095 -0.00399988797 0.00599992182
  endloop
 endfacet

 facet normal 0 0 1
  outer loop
  vertex 0.0034999249 -0.0044999118 0.00599992182
  vertex 0.00230932189 -0.00399988797 0.00599992182
  vertex 0.00115466095 -0.00399988797 0.00599992182
  endloop
 endfacet

 facet normal 0 -5.25111034e-07 1
  outer loop
  vertex 0.00115466095 -0.00399988797 0.00599992182
  vertex 0.00115466095 -0.00249993801 0.00599992182
  vertex -0.00115466095 -0.00249993801 0.00599992182
  endloop
 endfacet

 facet normal 0 0 1
  outer loop
  vertex -0.00115466095 -0.00399988797 0.00599992182
  vertex -0.00230932189 -0.00399988797 0.00599992182
  vertex -0.0034999249 -0.0044999118 0.00599992182
  endloop
 endfacet

 facet normal 0 1.41571013e-06 1
  outer loop
  vertex 0.00115466095 -0.00399988797 0.00599992182
  vertex -0.00115466095 -0.00249993801 0.00599992182
  vertex -0.00115466095 -0.00399988797 0.00599992182
  endloop
 endfacet

 facet normal -0.297415018 -0.342019349 -0.891385019
  outer loop
  vertex 0.000464716984 -0.00249993801 -0.00711440993
  vertex 0.000239311994 -0.00249993801 -0.00702893687
  vertex 0.000239312998 0 -0.00702893687
  endloop
 endfacet

 facet normal 1 -2.06962994e-07 0
  outer loop
  vertex -0.00299996091 -0.0044999118 -0.00499987602
  vertex -0.00299996091 0 -0.00499993516
  vertex -0.00299996091 -0.00149994995 -0.0026456709
  endloop
 endfacet

 facet normal 1 -3.10444989e-07 0
  outer loop
  vertex -0.00299996091 0 -0.00499993516
  vertex -0.00299996091 0 -0.0026456709
  vertex -0.00299996091 -0.00149994995 -0.0026456709
  endloop
 endfacet

 facet normal 1 -3.10444989e-07 0
  outer loop
  vertex -0.00299996091 0 0.0026456709
  vertex -0.00299996091 0 0.00499993516
  vertex -0.00299996091 -0.00149994995 0.0026456709
  endloop
 endfacet

 facet normal 1 -2.06962994e-07 0
  outer loop
  vertex -0.00299996091 0 0.00499993516
  vertex -0.00299996091 -0.0044999118 0.00499993516
  vertex -0.00299996091 -0.00149994995 0.0026456709
  endloop
 endfacet

 facet normal 1 -1.55222011e-07 0
  outer loop
  vertex -0.00299996091 -0.0044999118 -0.00499987602
  vertex -0.00299996091 -0.00149994995 -0.0026456709
  vertex -0.00299996091 -0.0044999118 0.00499993516
  endloop
 endfacet

 facet normal -2.04167009e-07 0 1
  outer loop
  vertex 0.00725418283 -0.00364416791 0.0189997498
  vertex 0.00757849216 -0.00354480697 0.0189997498
  vertex 0.0034999249 -0.00199991395 0.0189997498
  endloop
 endfacet

 facet normal -2.07746027e-07 1.39163001e-06 1
  outer loop
  vertex 0.0034999249 -0.00199991395 0.0189997498
  vertex 0.0034999249 -0.00599986315 0.0189997498
  vertex 0.00611412479 -0.0048336382 0.0189997498
  endloop
 endfacet

 facet normal 2.14705011e-07 1.76707022e-06 1
  outer loop
  vertex 0.0034999249 -0.00599986315 0.0189997498
  vertex 0.00649988605 -0.00899982359 0.0189997498
  vertex 0.00644379808 -0.00675630523 0.0189997498
  endloop
 endfacet

 facet normal 0 0 1
  outer loop
  vertex 0.00602865219 -0.00583791686 0.0189997498
  vertex 0.0034999249 -0.00599986315 0.0189997498
  vertex 0.00611412479 -0.00616616011 0.0189997498
  endloop
 endfacet

 facet normal 0 -8.07490039e-07 1
  outer loop
  vertex 0.00649988605 -0.00899982359 0.0189997498
  vertex 0.00949984696 -0.00899982359 0.0189997498
  vertex 0.00791496038 -0.00749808503 0.0189997498
  endloop
 endfacet

 facet normal -1.73151008e-07 1.09102007e-06 1
  outer loop
  vertex 0.00949984696 -0.00899982359 0.0189997498
  vertex 0.0124998 -0.00599986315 0.0189997498
  vertex 0.00965684559 -0.00661981106 0.0189997498
  endloop
 endfacet

 facet normal -7.57035082e-07 2.06170989e-06 1
  outer loop
  vertex 0.00918912794 -0.00710785296 0.0189997498
  vertex 0.00949984696 -0.00899982359 0.0189997498
  vertex 0.00944375899 -0.00688373996 0.0189997498
  endloop
 endfacet

 facet normal 0 -9.49069999e-06 1
  outer loop
  vertex 0.0124998 -0.00199991395 0.0189997498
  vertex 0.00791496038 -0.00350171304 0.0189997498
  vertex 0.00825387239 -0.0035161369 0.0189997498
  endloop
 endfacet

 facet normal 1.65113008e-07 7.8967405e-06 1
  outer loop
  vertex 0.0124998 -0.00199991395 0.0189997498
  vertex 0.00825387239 -0.0035161369 0.0189997498
  vertex 0.00858551171 -0.0035876031 0.0189997498
  endloop
 endfacet

 facet normal -2.65511005e-07 0 1
  outer loop
  vertex 0.00695127202 -0.00379687501 0.0189997498
  vertex 0.00725418283 -0.00364416791 0.0189997498
  vertex 0.0034999249 -0.00199991395 0.0189997498
  endloop
 endfacet

 facet normal -3.16724993e-07 0 1
  outer loop
  vertex 0.00667852117 -0.00399857713 0.0189997498
  vertex 0.00695127202 -0.00379687501 0.0189997498
  vertex 0.0034999249 -0.00199991395 0.0189997498
  endloop
 endfacet

 facet normal 2.36819005e-07 1.82848999e-06 1
  outer loop
  vertex 0.0124998 -0.00199991395 0.0189997498
  vertex 0.00858551171 -0.0035876031 0.0189997498
  vertex 0.00890028384 -0.00371408393 0.0189997498
  endloop
 endfacet

 facet normal 2.9179202e-07 4.00541012e-06 1
  outer loop
  vertex 0.0124998 -0.00199991395 0.0189997498
  vertex 0.00890028384 -0.00371408393 0.0189997498
  vertex 0.00918912794 -0.00389194395 0.0189997498
  endloop
 endfacet

 facet normal -3.65645008e-07 0 1
  outer loop
  vertex 0.00644379808 -0.00424349308 0.0189997498
  vertex 0.00667852117 -0.00399857713 0.0189997498
  vertex 0.0034999249 -0.00199991395 0.0189997498
  endloop
 endfacet

 facet normal -4.17610011e-07 5.8043297e-06 1
  outer loop
  vertex 0.00625383807 -0.00452452805 0.0189997498
  vertex 0.00644379808 -0.00424349308 0.0189997498
  vertex 0.0034999249 -0.00199991395 0.0189997498
  endloop
 endfacet

 facet normal 2.30231009e-07 1.35873995e-06 1
  outer loop
  vertex 0.0124998 -0.00599986315 0.0189997498
  vertex 0.0124998 -0.00199991395 0.0189997498
  vertex 0.00982230902 -0.00467610313 0.0189997498
  endloop
 endfacet

 facet normal 3.41120028e-07 -1.48640015e-06 1
  outer loop
  vertex 0.0124998 -0.00199991395 0.0189997498
  vertex 0.00918912794 -0.00389194395 0.0189997498
  vertex 0.00944375899 -0.00411605788 0.0189997498
  endloop
 endfacet

 facet normal 3.90927028e-07 2.16974013e-06 1
  outer loop
  vertex 0.0124998 -0.00199991395 0.0189997498
  vertex 0.00944375899 -0.00411605788 0.0189997498
  vertex 0.00965684559 -0.00437998679 0.0189997498
  endloop
 endfacet

 facet normal -4.78199013e-07 -6.04312982e-06 1
  outer loop
  vertex 0.00611412479 -0.0048336382 0.0189997498
  vertex 0.00625383807 -0.00452452805 0.0189997498
  vertex 0.0034999249 -0.00199991395 0.0189997498
  endloop
 endfacet

 facet normal 0 0 1
  outer loop
  vertex 0.00602865219 -0.00516188098 0.0189997498
  vertex 0.00611412479 -0.0048336382 0.0189997498
  vertex 0.0034999249 -0.00599986315 0.0189997498
  endloop
 endfacet

 facet normal 4.4640899e-07 -2.20812012e-06 1
  outer loop
  vertex 0.0124998 -0.00199991395 0.0189997498
  vertex 0.00965684559 -0.00437998679 0.0189997498
  vertex 0.00982230902 -0.00467610313 0.0189997498
  endloop
 endfacet

 facet normal 0 0 1
  outer loop
  vertex 0.00599986315 -0.00549989892 0.0189997498
  vertex 0.00602865219 -0.00516188098 0.0189997498
  vertex 0.0034999249 -0.00599986315 0.0189997498
  endloop
 endfacet

 facet normal 0 0 1
  outer loop
  vertex 0.00602865219 -0.00583791686 0.0189997498
  vertex 0.00599986315 -0.00549989892 0.0189997498
  vertex 0.0034999249 -0.00599986315 0.0189997498
  endloop
 endfacet

 facet normal 0 6.43404007e-07 1
  outer loop
  vertex 0.0124998 -0.00599986315 0.0189997498
  vertex 0.00982230902 -0.00467610313 0.0189997498
  vertex 0.00993531942 -0.00499594212 0.0189997498
  endloop
 endfacet

 facet normal 0 -3.97973008e-06 1
  outer loop
  vertex 0.0124998 -0.00599986315 0.0189997498
  vertex 0.00993531942 -0.00499594212 0.0189997498
  vertex 0.00999265909 -0.0053302641 0.0189997498
  endloop
 endfacet

 facet normal 0 0 1
  outer loop
  vertex 0.00611412479 -0.00616616011 0.0189997498
  vertex 0.0034999249 -0.00599986315 0.0189997498
  vertex 0.00625383807 -0.00647526886 0.0189997498
  endloop
 endfacet

 facet normal 0 1.06422995e-05 1
  outer loop
  vertex 0.00625383807 -0.00647526886 0.0189997498
  vertex 0.0034999249 -0.00599986315 0.0189997498
  vertex 0.00644379808 -0.00675630523 0.0189997498
  endloop
 endfacet

 facet normal 0 0 1
  outer loop
  vertex 0.0124998 -0.00599986315 0.0189997498
  vertex 0.00999265909 -0.0053302641 0.0189997498
  vertex 0.00999265909 -0.00566953421 0.0189997498
  endloop
 endfacet

 facet normal 0 4.7745898e-06 1
  outer loop
  vertex 0.0124998 -0.00599986315 0.0189997498
  vertex 0.00999265909 -0.00566953421 0.0189997498
  vertex 0.00993531942 -0.00600385619 0.0189997498
  endloop
 endfacet

 facet normal 0 -5.54714006e-07 1
  outer loop
  vertex 0.0124998 -0.00599986315 0.0189997498
  vertex 0.00993531942 -0.00600385619 0.0189997498
  vertex 0.00982230902 -0.00632369518 0.0189997498
  endloop
 endfacet

 facet normal 0 -6.15056979e-06 1
  outer loop
  vertex 0.0124998 -0.00599986315 0.0189997498
  vertex 0.00982230902 -0.00632369518 0.0189997498
  vertex 0.00965684559 -0.00661981106 0.0189997498
  endloop
 endfacet

 facet normal 8.89439093e-07 2.21670007e-06 1
  outer loop
  vertex 0.00667852117 -0.00700122118 0.0189997498
  vertex 0.00644379808 -0.00675630523 0.0189997498
  vertex 0.00649988605 -0.00899982359 0.0189997498
  endloop
 endfacet

 facet normal 6.46535e-07 3.13013038e-06 1
  outer loop
  vertex 0.00695127202 -0.00720292283 0.0189997498
  vertex 0.00667852117 -0.00700122118 0.0189997498
  vertex 0.00649988605 -0.00899982359 0.0189997498
  endloop
 endfacet

 facet normal -1.05549998e-06 2.44094986e-06 1
  outer loop
  vertex 0.00965684559 -0.00661981106 0.0189997498
  vertex 0.00944375899 -0.00688373996 0.0189997498
  vertex 0.00949984696 -0.00899982359 0.0189997498
  endloop
 endfacet

 facet normal 4.6388601e-07 2.96630014e-06 1
  outer loop
  vertex 0.00725418283 -0.00735562993 0.0189997498
  vertex 0.00695127202 -0.00720292283 0.0189997498
  vertex 0.00649988605 -0.00899982359 0.0189997498
  endloop
 endfacet

 facet normal 3.04197044e-07 2.99068006e-06 1
  outer loop
  vertex 0.00757849216 -0.00745499087 0.0189997498
  vertex 0.00725418283 -0.00735562993 0.0189997498
  vertex 0.00649988605 -0.00899982359 0.0189997498
  endloop
 endfacet

 facet normal -5.50504069e-07 3.02269996e-06 1
  outer loop
  vertex 0.00949984696 -0.00899982359 0.0189997498
  vertex 0.00918912794 -0.00710785296 0.0189997498
  vertex 0.00890028384 -0.00728571415 0.0189997498
  endloop
 endfacet

 facet normal -3.82843012e-07 0 1
  outer loop
  vertex 0.00949984696 -0.00899982359 0.0189997498
  vertex 0.00890028384 -0.00728571415 0.0189997498
  vertex 0.00858551171 -0.00741219521 0.0189997498
  endloop
 endfacet

 facet normal 1.41724001e-07 0 1
  outer loop
  vertex 0.00791496038 -0.00749808503 0.0189997498
  vertex 0.00757849216 -0.00745499087 0.0189997498
  vertex 0.00649988605 -0.00899982359 0.0189997498
  endloop
 endfacet

 facet normal 0 6.84102042e-06 1
  outer loop
  vertex 0.00825387239 -0.00748366117 0.0189997498
  vertex 0.00791496038 -0.00749808503 0.0189997498
  vertex 0.00949984696 -0.00899982359 0.0189997498
  endloop
 endfacet

 facet normal -0.866025567 1.15315993e-06 0.499999821
  outer loop
  vertex -0.00346404291 -0.00399994804 -0.0079998374
  vertex -0.00230932189 -0.00399994804 -0.00599986315
  vertex -0.00230932189 -0.00299996091 -0.00599986315
  endloop
 endfacet

 facet normal -0.864434361 0.368478328 -0.342018694
  outer loop
  vertex -0.00702893687 -0.00573921204 0.0159997903
  vertex -0.00711440993 -0.00596463587 0.0159997903
  vertex -0.00711440993 -0.00596463587 0.0179997608
  endloop
 endfacet

 facet normal 0 -1 4.65667057e-07
  outer loop
  vertex -0.00569051504 -0.00399994804 -0.0079998374
  vertex -0.00684517622 -0.00399994804 -0.00999987125
  vertex -0.00453579379 -0.00399994804 -0.0079998374
  endloop
 endfacet

 facet normal -3.93833005e-07 -1 0
  outer loop
  vertex -0.00626784516 -0.00399994804 -0.00499987602
  vertex -0.00915455818 -0.00399994804 -0.00599986315
  vertex -0.00684517622 -0.00399994804 -0.00599986315
  endloop
 endfacet

 facet normal 0 -1 2.32834026e-07
  outer loop
  vertex -0.00684517622 -0.00399994804 -0.00599986315
  vertex -0.00569051504 -0.00399994804 -0.0079998374
  vertex -0.00453579379 -0.00399994804 -0.0079998374
  endloop
 endfacet

 facet normal -2.2737899e-07 -1 0
  outer loop
  vertex -0.00049999496 -0.00699984981 0.0179997608
  vertex -0.00049999496 -0.00699984981 0.0189997498
  vertex -0.0044999118 -0.00699984981 0.0189997498
  endloop
 endfacet

 facet normal 0.0754495412 -0.342018515 0.936659336
  outer loop
  vertex -0.00823920872 -0.00249993801 -0.000970927998
  vertex -0.007999897 -0.00249993801 -0.000999985961
  vertex -0.007999897 0 -0.000999987009
  endloop
 endfacet

 facet normal 0.938924134 -0.34201926 0.0380033962
  outer loop
  vertex -0.00899255183 -0.00249993801 0.00812041666
  vertex -0.00899255183 -0.00249993801 0.00787931588
  vertex -0.00899255183 0 0.00787931588
  endloop
 endfacet

 facet normal 0.368478954 -0.342018783 0.864434063
  outer loop
  vertex -0.00846457388 0 -0.000885444984
  vertex -0.00846457388 -0.00249993801 -0.000885443937
  vertex -0.00823920872 -0.00249993801 -0.000970927998
  endloop
 endfacet

 facet normal -1.83749975e-07 -0.707108438 -0.70710516
  outer loop
  vertex 0.0034999249 -0.00299990107 0.0154997697
  vertex 0.0034999249 -0.0034999249 0.0159997903
  vertex -0.0034999249 -0.0034999249 0.0159997903
  endloop
 endfacet

 facet normal 0.866025567 -4.59470982e-07 -0.499999821
  outer loop
  vertex 0.00684517622 -0.00399994804 0.00199997402
  vertex 0.00569051504 -0.00399994804 0
  vertex 0.00569051504 -0.00249993801 0
  endloop
 endfacet

 facet normal -0.936659157 0.0754502341 0.342018962
  outer loop
  vertex -0.00702893687 -0.00573921204 -0.0159997903
  vertex -0.00699990895 -0.00549989892 -0.0159997903
  vertex -0.00699990895 -0.00549989892 -0.0179997608
  endloop
 endfacet

 facet normal -0.92073524 -0.342018932 -0.18780221
  outer loop
  vertex -0.00700718118 0 0.00812041666
  vertex -0.00700718118 -0.00249993801 0.00812041666
  vertex -0.00706487801 -0.00249993801 0.00835448503
  endloop
 endfacet

 facet normal 0.813715756 -0.342019469 -0.469988555
  outer loop
  vertex -0.00882285833 0 0.000568057003
  vertex -0.00882285833 -0.00249993801 0.000568057992
  vertex -0.00893485546 -0.00249993801 0.000354600983
  endloop
 endfacet

 facet normal -0.902546465 -0.342018843 0.261596918
  outer loop
  vertex 0.00893485546 0 -0.00835448503
  vertex 0.00893485546 -0.00249993801 -0.00835448503
  vertex 0.00899255183 -0.00249993801 -0.00812041666
  endloop
 endfacet

 facet normal 0.261596411 0.902546287 -0.342019558
  outer loop
  vertex 0.00787931588 -0.00649261381 0.0159997903
  vertex 0.0076452489 -0.00643491698 0.0159997903
  vertex 0.0076452489 -0.00643491698 0.0179997608
  endloop
 endfacet

 facet normal -0.564645946 -0.342018366 0.751131535
  outer loop
  vertex -0.00753515912 -0.00249993801 -0.000885443937
  vertex -0.00733673479 -0.00249993801 -0.000748499995
  vertex -0.00733673479 0 -0.000748500985
  endloop
 endfacet

 facet normal -0.645964563 0.712553501 -0.273856401
  outer loop
  vertex 0.00354450895 0 0.00185352506
  vertex 0.0037415619 0 0.00141417899
  vertex 0.0037415619 -0.00149994995 0.00141417899
  endloop
 endfacet

 facet normal 0 1.43837005e-05 1
  outer loop
  vertex 0.0034999249 -0.00199991395 0.0189997498
  vertex 0.00757849216 -0.00354480697 0.0189997498
  vertex 0.00791496038 -0.00350171304 0.0189997498
  endloop
 endfacet

 facet normal -1.83750018e-07 -0.707108498 -0.7071051
  outer loop
  vertex -0.0114998203 -0.0034999249 0.0159997903
  vertex -0.0114998203 -0.00299990107 0.0154997697
  vertex -0.0044999118 -0.00299990107 0.0154997697
  endloop
 endfacet

 facet normal 1.42916988e-07 0.707106709 0.707106888
  outer loop
  vertex 0.0034999249 -0.00199991395 0.0189997498
  vertex 0.0124998 -0.00199991395 0.0189997498
  vertex 0.0124998 0 0.0169997793
  endloop
 endfacet

 facet normal 0.891385436 0.297414482 0.342018217
  outer loop
  vertex -0.00897079706 -0.00573921204 -0.0179997608
  vertex -0.00897079706 -0.00573921204 -0.0159997903
  vertex -0.008885324 -0.00596463587 -0.0159997903
  endloop
 endfacet

 facet normal -0.469988585 -0.813716292 -0.342018396
  outer loop
  vertex -0.0076452489 -0.00456488086 0.0159997903
  vertex -0.00743180513 -0.00467693806 0.0159997903
  vertex -0.00743180513 -0.00467693806 0.0179997608
  endloop
 endfacet

 facet normal -0.902546346 -0.342018694 0.261597514
  outer loop
  vertex 0.000935004035 0 -0.00835448503
  vertex 0.000935004035 -0.00249993801 -0.00835448503
  vertex 0.000992694986 -0.00249993801 -0.00812041666
  endloop
 endfacet

 facet normal -0.938924372 -0.342018813 0.0380015261
  outer loop
  vertex -0.00700718118 0 0.00787931588
  vertex -0.00700718118 -0.00249993801 0.00787931588
  vertex -0.00700718118 -0.00249993801 0.00812041666
  endloop
 endfacet

 facet normal 0.601493537 0.703533113 0.378479451
  outer loop
  vertex -0.00354450895 -0.00149994995 -0.00185352506
  vertex -0.00329613592 -0.00149994995 -0.00226604892
  vertex -0.00329613592 0 -0.00226604892
  endloop
 endfacet

 facet normal -2.68853e-07 3.57912995e-06 1
  outer loop
  vertex -0.00173199095 -0.00399988797 0.01099985
  vertex 0.00173199095 -0.00399988797 0.01099985
  vertex 0.00173199095 -0.00299990107 0.01099985
  endloop
 endfacet

 facet normal -3.77403012e-07 -1 9.73096007e-07
  outer loop
  vertex -0.00569051504 -0.00249993801 0.007999897
  vertex -0.00706487801 -0.00249993801 0.00835448503
  vertex -0.00700718118 -0.00249993801 0.00812041666
  endloop
 endfacet

 facet normal -3.58166005e-07 -1 0
  outer loop
  vertex -0.00569051504 -0.00249993801 0.007999897
  vertex -0.00700718118 -0.00249993801 0.00812041666
  vertex -0.00700718118 -0.00249993801 0.00787931588
  endloop
 endfacet

 facet normal -1.46597017e-06 -1 5.07548009e-07
  outer loop
  vertex -0.00753515912 -0.00249993801 0.00711440993
  vertex -0.00776058389 -0.00249993801 0.00702893687
  vertex -0.00684517622 -0.00249993801 0.00599992182
  endloop
 endfacet

 facet normal -1.44087005e-06 -1 0
  outer loop
  vertex -0.00733673479 -0.00249993801 0.00725138094
  vertex -0.00753515912 -0.00249993801 0.00711440993
  vertex -0.00684517622 -0.00249993801 0.00599992182
  endloop
 endfacet

 facet normal 0 -1 2.98752013e-07
  outer loop
  vertex -0.00684517622 -0.00249993801 0.00599992182
  vertex -0.00569051504 -0.00249993801 0.007999897
  vertex -0.00717687607 -0.00249993801 0.00743180513
  endloop
 endfacet

 facet normal 0 -1 1.06228003e-06
  outer loop
  vertex -0.00569051504 -0.00249993801 0.007999897
  vertex -0.00700718118 -0.00249993801 0.00787931588
  vertex -0.00706487801 -0.00249993801 0.0076452489
  endloop
 endfacet

 facet normal -4.48217037e-07 -1 0
  outer loop
  vertex -0.00569051504 -0.00249993801 0.007999897
  vertex -0.00706487801 -0.00249993801 0.0076452489
  vertex -0.00717687607 -0.00249993801 0.00743180513
  endloop
 endfacet

 facet normal -0.530555546 -0.454793811 0.715313613
  outer loop
  vertex 0.00965684559 -0.00437998679 0.0189997498
  vertex 0.00944375899 -0.00411605788 0.0189997498
  vertex 0.00944375899 -0.00411605788 0.0179997608
  endloop
 endfacet

 facet normal 0.446063995 0.537914097 -0.715314806
  outer loop
  vertex 0.00681060506 -0.00710785296 -0.0179997608
  vertex 0.00681060506 -0.00710785296 -0.0189997498
  vertex 0.00655597402 -0.00688373996 -0.0189997498
  endloop
 endfacet

 facet normal 0.50209564 -0.342018962 0.794306517
  outer loop
  vertex -0.00866299774 -0.00249993801 0.00725138094
  vertex -0.00846457388 -0.00249993801 0.00711440993
  vertex -0.00846457388 0 0.00711440993
  endloop
 endfacet

 facet normal 0.866025388 -5.25110067e-07 0.5
  outer loop
  vertex 0.00569051504 -0.00249993801 -0.007999897
  vertex 0.00569051504 -0.00399994804 -0.0079998374
  vertex 0.00684517622 -0.00399994804 -0.00999981072
  endloop
 endfacet

 facet normal 0.368479252 -0.342019528 -0.864433825
  outer loop
  vertex 0.00776058389 -0.00249993801 -0.00702893687
  vertex 0.00753515912 -0.00249993801 -0.00711440993
  vertex 0.00753515912 0 -0.00711440993
  endloop
 endfacet

 facet normal 0 0 -1
  outer loop
  vertex 0.00973188784 -0.00299996091 -0.00299990107
  vertex 0.00973188784 -0.00399994804 -0.00299990107
  vertex 0.00626784516 -0.00399994804 -0.00299990107
  endloop
 endfacet

 facet normal -1 2.32834026e-07 0
  outer loop
  vertex 0.0034999249 -0.00599986315 0.0189997498
  vertex 0.0034999249 -0.00199991395 0.0189997498
  vertex 0.0034999249 -0.0034999249 0.0159997903
  endloop
 endfacet

 facet normal -1 2.58704006e-07 0
  outer loop
  vertex 0.0034999249 -0.00199991395 0.0189997498
  vertex 0.0034999249 0 0.0169997793
  vertex 0.0034999249 -0.0034999249 0.0159997903
  endloop
 endfacet

 facet normal -1 2.66096038e-07 5.19725006e-07
  outer loop
  vertex 0.0034999249 0 0.0169997793
  vertex 0.0034999249 0 0.0159997903
  vertex 0.0034999249 -0.0034999249 0.0159997903
  endloop
 endfacet

 facet normal -1 2.79400012e-07 0
  outer loop
  vertex 0.0034999249 -0.0034999249 0.0159997903
  vertex 0.0034999249 -0.00299990107 0.0154997697
  vertex 0.0034999249 -0.0044999118 0.0144997798
  endloop
 endfacet

 facet normal -1 1.55222011e-07 0
  outer loop
  vertex 0.0034999249 -0.00299990107 0.0154997697
  vertex 0.0034999249 -0.00299990107 0.00599992182
  vertex 0.0034999249 -0.0044999118 0.0144997798
  endloop
 endfacet

 facet normal -1 1.55223006e-07 0
  outer loop
  vertex 0.0034999249 -0.00299990107 0.00599992182
  vertex 0.0034999249 -0.0044999118 0.00599992182
  vertex 0.0034999249 -0.0044999118 0.0144997798
  endloop
 endfacet

 facet normal -1 1.86267002e-07 0
  outer loop
  vertex 0.0034999249 -0.0044999118 0.0144997798
  vertex 0.0034999249 -0.00599986315 0.0159997903
  vertex 0.0034999249 -0.0034999249 0.0159997903
  endloop
 endfacet

 facet normal -0.849036753 -0.342018813 0.402690798
  outer loop
  vertex 0.000822972972 -0.00249993801 0.00743180513
  vertex 0.000935004035 -0.00249993801 0.0076452489
  vertex 0.000935004035 0 0.0076452489
  endloop
 endfacet

 facet normal 0.594177425 0.727994025 -0.342020303
  outer loop
  vertex 0.00743180513 -0.00632285979 0.0179997608
  vertex 0.00743180513 -0.00632285979 0.0159997903
  vertex 0.00725138094 -0.00616300106 0.0159997903
  endloop
 endfacet

 facet normal 0 0 -1
  outer loop
  vertex -0.00684517622 -0.00399988797 0.00999987125
  vertex -0.00915455818 -0.00399988797 0.00999987125
  vertex -0.00915455818 -0.00249993801 0.00999987125
  endloop
 endfacet

 facet normal -0.697727144 -0.0387725942 -0.715313613
  outer loop
  vertex 0.00997108221 -0.00516194105 -0.0189997498
  vertex 0.00999987125 -0.00549989892 -0.0189997498
  vertex 0.00999987125 -0.00549989892 -0.0179997608
  endloop
 endfacet

 facet normal 0.674192071 0.712553382 0.19424881
  outer loop
  vertex -0.0037415619 0 -0.00141417899
  vertex -0.0038843751 0 -0.00095433899
  vertex -0.003884434 -0.00149994995 -0.000954337942
  endloop
 endfacet

 facet normal 0.920735419 -0.34201932 -0.187800676
  outer loop
  vertex -0.00893485546 -0.00249993801 -0.0076452489
  vertex -0.00899255183 -0.00249993801 -0.00787931588
  vertex -0.00899255183 0 -0.00787931588
  endloop
 endfacet

 facet normal 0 0 -1
  outer loop
  vertex 0.00711440993 -0.00596463587 0.0159997903
  vertex 0.00725138094 -0.00616300106 0.0159997903
  vertex 0.0044999118 -0.00599986315 0.0159997903
  endloop
 endfacet

 facet normal 0 0 -1
  outer loop
  vertex 0.0114998203 -0.00599986315 0.0159997903
  vertex 0.0124998 -0.00599986315 0.0159997903
  vertex 0.00949984696 -0.00899982359 0.0159997903
  endloop
 endfacet

 facet normal 0 0 -1
  outer loop
  vertex 0.00949984696 -0.00899982359 0.0159997903
  vertex 0.00649988605 -0.00899982359 0.0159997903
  vertex 0.00787931588 -0.00649261381 0.0159997903
  endloop
 endfacet

 facet normal 0 -3.00944021e-06 -1
  outer loop
  vertex 0.00949984696 -0.00899982359 0.0159997903
  vertex 0.00787931588 -0.00649261381 0.0159997903
  vertex 0.00812041666 -0.00649261381 0.0159997903
  endloop
 endfacet

 facet normal 0 0 -1
  outer loop
  vertex 0.0114998203 -0.0034999249 0.0159997903
  vertex 0.0114998203 -0.00599986315 0.0159997903
  vertex 0.00897079706 -0.00526058581 0.0159997903
  endloop
 endfacet

 facet normal 0 -2.06493996e-06 -1
  outer loop
  vertex 0.0114998203 -0.00599986315 0.0159997903
  vertex 0.00949984696 -0.00899982359 0.0159997903
  vertex 0.0087483516 -0.00616300106 0.0159997903
  endloop
 endfacet

 facet normal 0 1.38975001e-05 -1
  outer loop
  vertex 0.008885324 -0.00596463587 0.0159997903
  vertex 0.0114998203 -0.00599986315 0.0159997903
  vertex 0.0087483516 -0.00616300106 0.0159997903
  endloop
 endfacet

 facet normal 0 0 -1
  outer loop
  vertex 0.00711440993 -0.00596463587 0.0159997903
  vertex 0.0044999118 -0.00599986315 0.0159997903
  vertex 0.00702893687 -0.00573921204 0.0159997903
  endloop
 endfacet

 facet normal 0 0 -1
  outer loop
  vertex 0.0044999118 -0.00599986315 0.0159997903
  vertex 0.0044999118 -0.0034999249 0.0159997903
  vertex 0.00702893687 -0.00526058581 0.0159997903
  endloop
 endfacet

 facet normal 0 0 -1
  outer loop
  vertex 0.00702893687 -0.00573921204 0.0159997903
  vertex 0.0044999118 -0.00599986315 0.0159997903
  vertex 0.00699984981 -0.00549989892 0.0159997903
  endloop
 endfacet

 facet normal 0 0 -1
  outer loop
  vertex 0.00699984981 -0.00549989892 0.0159997903
  vertex 0.0044999118 -0.00599986315 0.0159997903
  vertex 0.00702893687 -0.00526058581 0.0159997903
  endloop
 endfacet

 facet normal 1.61244017e-07 -4.77647063e-06 -1
  outer loop
  vertex 0.00949984696 -0.00899982359 0.0159997903
  vertex 0.00812041666 -0.00649261381 0.0159997903
  vertex 0.00835448503 -0.00643491698 0.0159997903
  endloop
 endfacet

 facet normal 3.08769017e-07 0 -1
  outer loop
  vertex 0.00949984696 -0.00899982359 0.0159997903
  vertex 0.00835448503 -0.00643491698 0.0159997903
  vertex 0.00856792927 -0.00632285979 0.0159997903
  endloop
 endfacet

 facet normal 4.71124025e-07 0 -1
  outer loop
  vertex 0.00949984696 -0.00899982359 0.0159997903
  vertex 0.00856792927 -0.00632285979 0.0159997903
  vertex 0.0087483516 -0.00616300106 0.0159997903
  endloop
 endfacet

 facet normal 0 0 -1
  outer loop
  vertex 0.00711440993 -0.00503516104 0.0159997903
  vertex 0.00702893687 -0.00526058581 0.0159997903
  vertex 0.0044999118 -0.0034999249 0.0159997903
  endloop
 endfacet

 facet normal 0 0 -1
  outer loop
  vertex 0.00725138094 -0.00483679678 0.0159997903
  vertex 0.00711440993 -0.00503516104 0.0159997903
  vertex 0.0044999118 -0.0034999249 0.0159997903
  endloop
 endfacet

 facet normal 0 -1.91929007e-06 -1
  outer loop
  vertex 0.0114998203 -0.00599986315 0.0159997903
  vertex 0.008885324 -0.00596463587 0.0159997903
  vertex 0.00897079706 -0.00573921204 0.0159997903
  endloop
 endfacet

 facet normal 0 -3.98867996e-06 -1
  outer loop
  vertex 0.0114998203 -0.00599986315 0.0159997903
  vertex 0.00897079706 -0.00573921204 0.0159997903
  vertex 0.00899988413 -0.00549989892 0.0159997903
  endloop
 endfacet

 facet normal 0 0 -1
  outer loop
  vertex 0.00743180513 -0.00467693806 0.0159997903
  vertex 0.00725138094 -0.00483679678 0.0159997903
  vertex 0.0044999118 -0.0034999249 0.0159997903
  endloop
 endfacet

 facet normal 0 0 -1
  outer loop
  vertex 0.0076452489 -0.00456488086 0.0159997903
  vertex 0.00743180513 -0.00467693806 0.0159997903
  vertex 0.0044999118 -0.0034999249 0.0159997903
  endloop
 endfacet

 facet normal 0 4.18720992e-06 -1
  outer loop
  vertex 0.0114998203 -0.00599986315 0.0159997903
  vertex 0.00899988413 -0.00549989892 0.0159997903
  vertex 0.00897079706 -0.00526058581 0.0159997903
  endloop
 endfacet

 facet normal 0 0 -1
  outer loop
  vertex 0.0076452489 -0.00456488086 0.0159997903
  vertex 0.0044999118 -0.0034999249 0.0159997903
  vertex 0.00787931588 -0.00450718403 0.0159997903
  endloop
 endfacet

 facet normal 0 0 -1
  outer loop
  vertex 0.0044999118 -0.0034999249 0.0159997903
  vertex 0.0114998203 -0.0034999249 0.0159997903
  vertex 0.00787931588 -0.00450718403 0.0159997903
  endloop
 endfacet

 facet normal 0 1.57774991e-06 -1
  outer loop
  vertex 0.0114998203 -0.0034999249 0.0159997903
  vertex 0.00897079706 -0.00526058581 0.0159997903
  vertex 0.008885324 -0.00503516104 0.0159997903
  endloop
 endfacet

 facet normal 0 -3.74304e-06 -1
  outer loop
  vertex 0.0114998203 -0.0034999249 0.0159997903
  vertex 0.008885324 -0.00503516104 0.0159997903
  vertex 0.0087483516 -0.00483679678 0.0159997903
  endloop
 endfacet

 facet normal 0 0 -1
  outer loop
  vertex 0.00812041666 -0.00450718403 0.0159997903
  vertex 0.00787931588 -0.00450718403 0.0159997903
  vertex 0.0114998203 -0.0034999249 0.0159997903
  endloop
 endfacet

 facet normal 0 0 -1
  outer loop
  vertex 0.00835448503 -0.00456488086 0.0159997903
  vertex 0.00812041666 -0.00450718403 0.0159997903
  vertex 0.0114998203 -0.0034999249 0.0159997903
  endloop
 endfacet

 facet normal 0 1.33537992e-06 -1
  outer loop
  vertex 0.0114998203 -0.0034999249 0.0159997903
  vertex 0.0087483516 -0.00483679678 0.0159997903
  vertex 0.00856792927 -0.00467693806 0.0159997903
  endloop
 endfacet

 facet normal -0.927497566 0.150900483 -0.342019469
  outer loop
  vertex 0.00899988413 -0.00549989892 0.0159997903
  vertex 0.00897079706 -0.00573921204 0.0159997903
  vertex 0.00897079706 -0.00573921204 0.0179997608
  endloop
 endfacet

 facet normal 0 -1 9.8527903e-07
  outer loop
  vertex 0 -0.00249993801 0.00899988413
  vertex 0.000239311994 -0.00249993801 0.00897079706
  vertex 0.00115466095 -0.00249993801 0.00999987125
  endloop
 endfacet

 facet normal -1.96916005e-07 -1 2.32834026e-07
  outer loop
  vertex 0.00115466095 -0.00249993801 0.00999987125
  vertex -0.00115466095 -0.00249993801 0.00999987125
  vertex 0 -0.00249993801 0.00899988413
  endloop
 endfacet

 facet normal -1.28272995e-06 -1 5.07552045e-07
  outer loop
  vertex -0.00115466095 -0.00249993801 0.00999987125
  vertex -0.000464718003 -0.00249993801 0.008885324
  vertex -0.000239312998 -0.00249993801 0.00897079706
  endloop
 endfacet

 facet normal -0.902546406 -0.342018694 0.261597395
  outer loop
  vertex 0.000935004035 0 0.0076452489
  vertex 0.000935004035 -0.00249993801 0.0076452489
  vertex 0.000992694986 -0.00249993801 0.00787931588
  endloop
 endfacet

 facet normal -0.727995098 -0.342018515 0.594177067
  outer loop
  vertex 0.00866299774 -0.00249993801 -0.000748499995
  vertex 0.00882285833 -0.00249993801 -0.000568057003
  vertex 0.00882285833 0 -0.000568057003
  endloop
 endfacet

 facet normal 0 -5.25111034e-07 -1
  outer loop
  vertex -0.00684517622 -0.00249993801 0.00199997402
  vertex -0.00684517622 -0.00399988797 0.00199997402
  vertex -0.00915455818 -0.00399988797 0.00199997402
  endloop
 endfacet

 facet normal 0 -1 3.83491027e-07
  outer loop
  vertex -0.0034999249 -0.0044999118 0.00599992182
  vertex -0.0034999249 -0.0044999118 0.0144997798
  vertex -0.0044999118 -0.0044999118 0.0144997798
  endloop
 endfacet

 facet normal 5.01803015e-07 -1 3.53264994e-07
  outer loop
  vertex -0.0044999118 -0.0044999118 0.0144997798
  vertex -0.0044999118 -0.0044999118 -0.0144997798
  vertex -0.0034999249 -0.0044999118 -0.00599986315
  endloop
 endfacet

 facet normal 0 -1 3.83491027e-07
  outer loop
  vertex -0.0044999118 -0.0044999118 -0.0144997798
  vertex -0.0034999249 -0.0044999118 -0.0144997798
  vertex -0.0034999249 -0.0044999118 -0.00599986315
  endloop
 endfacet

 facet normal 0 -1 3.10444989e-07
  outer loop
  vertex -0.0034999249 -0.0044999118 -0.00599986315
  vertex -0.00299996091 -0.0044999118 -0.00499987602
  vertex -0.0034999249 -0.0044999118 0.00599992182
  endloop
 endfacet

 facet normal 0 -1 3.72534004e-07
  outer loop
  vertex -0.00299996091 -0.0044999118 -0.00499987602
  vertex -0.00299996091 -0.0044999118 0.00499993516
  vertex -0.0034999249 -0.0044999118 0.00599992182
  endloop
 endfacet

 facet normal -1.21268999e-06 -1 3.10444989e-07
  outer loop
  vertex -0.0034999249 -0.0044999118 0.00599992182
  vertex -0.0044999118 -0.0044999118 0.0144997798
  vertex -0.0034999249 -0.0044999118 -0.00599986315
  endloop
 endfacet

 facet normal -1.45523006e-06 -1 3.72534004e-07
  outer loop
  vertex 0.00299990107 -0.0044999118 0.00499993516
  vertex 0.00299990107 -0.0044999118 -0.00499987602
  vertex 0.0034999249 -0.0044999118 0.00599992182
  endloop
 endfacet

 facet normal -3.0317301e-07 -1 -1.55222011e-07
  outer loop
  vertex -0.0034999249 -0.0044999118 0.00599992182
  vertex -0.00299996091 -0.0044999118 0.00499993516
  vertex 0.00299990107 -0.0044999118 0.00499993516
  endloop
 endfacet

 facet normal 0 2.77187019e-06 1
  outer loop
  vertex -0.0034999249 -0.0034999249 0.0159997903
  vertex 0.0034999249 -0.0034999249 0.0159997903
  vertex -0.0034999249 -0.00199991395 0.0159997903
  endloop
 endfacet

 facet normal -1.52054014e-07 0 1
  outer loop
  vertex 0.0034999249 -0.0034999249 0.0159997903
  vertex 0.0034999249 0 0.0159997903
  vertex -0.0034999249 -0.00199991395 0.0159997903
  endloop
 endfacet

 facet normal 0 -1.36428002e-06 1
  outer loop
  vertex 0.0034999249 0 0.0159997903
  vertex -0.0044999118 0 0.0159997903
  vertex -0.0034999249 -0.00199991395 0.0159997903
  endloop
 endfacet

 facet normal 0 -1 3.53264994e-07
  outer loop
  vertex 0.0124998 -0.0044999118 -0.0144997798
  vertex 0.0124998 -0.0044999118 0.0144997798
  vertex 0.0114998203 -0.0044999118 0.0144997798
  endloop
 endfacet

 facet normal 0.109095804 -0.690232933 0.715315759
  outer loop
  vertex -0.00808477402 -0.00350171304 0.0189997498
  vertex -0.00842124224 -0.00354480697 0.0189997498
  vertex -0.00842124224 -0.00354480697 0.0179997608
  endloop
 endfacet

 facet normal -0.261597753 0.902546465 0.342018336
  outer loop
  vertex 0.00812041666 -0.00649261381 -0.0159997903
  vertex 0.00835448503 -0.00643491698 -0.0159997903
  vertex 0.00835448503 -0.00643491698 -0.0179997608
  endloop
 endfacet

 facet normal -0.866025388 0 -0.5
  outer loop
  vertex 0.00230932189 -0.00399988797 0.007999897
  vertex 0.00115466095 -0.00399988797 0.00999987125
  vertex 0.00115466095 -0.00249993801 0.00999987125
  endloop
 endfacet

 facet normal 0.150900632 -0.342019469 -0.927497506
  outer loop
  vertex 0.007999897 -0.00249993801 0.00099998794
  vertex 0.00776058389 -0.00249993801 0.000970929977
  vertex 0.00776058389 0 0.00097092893
  endloop
 endfacet

 facet normal 0.927497506 0.150901422 -0.342019111
  outer loop
  vertex 0.00702893687 -0.00573921204 0.0179997608
  vertex 0.00702893687 -0.00573921204 0.0159997903
  vertex 0.00699984981 -0.00549989892 0.0159997903
  endloop
 endfacet

 facet normal -1.96280013e-07 -1 3.65423006e-07
  outer loop
  vertex 0.00569051504 -0.00249993801 0.007999897
  vertex 0.00684517622 -0.00249993801 0.00599992182
  vertex 0.00717687607 -0.00249993801 0.00743180513
  endloop
 endfacet

 facet normal 0.677595556 -0.342019141 -0.651066184
  outer loop
  vertex 0.00733673479 0 0.000748500985
  vertex 0.00733673479 -0.00249993801 0.000748501974
  vertex 0.00717687607 -0.00249993801 0.000568057992
  endloop
 endfacet

 facet normal 1.57483009e-06 -1 2.57790987e-07
  outer loop
  vertex -0.00866299774 -0.00249993801 -0.000748499995
  vertex -0.00882285833 -0.00249993801 -0.000568057003
  vertex -0.00915455818 -0.00249993801 -0.00199991395
  endloop
 endfacet

 facet normal -1.96916005e-07 -1 2.32833003e-07
  outer loop
  vertex -0.00915455818 -0.00249993801 -0.00199991395
  vertex -0.00684517622 -0.00249993801 -0.00199991395
  vertex -0.007999897 -0.00249993801 -0.000999985961
  endloop
 endfacet

 facet normal 0 -1 2.98752013e-07
  outer loop
  vertex -0.00684517622 -0.00249993801 -0.00199991395
  vertex -0.00569051504 -0.00249993801 0
  vertex -0.00717687607 -0.00249993801 -0.000568057003
  endloop
 endfacet

 facet normal -4.32260003e-06 -1 0
  outer loop
  vertex -0.00753515912 -0.00249993801 -0.000885443937
  vertex -0.00684517622 -0.00249993801 -0.00199991395
  vertex -0.00733673479 -0.00249993801 -0.000748499995
  endloop
 endfacet

 facet normal 0 -1 9.73097031e-07
  outer loop
  vertex -0.00569051504 -0.00249993801 0
  vertex -0.00706487801 -0.00249993801 0.000354600983
  vertex -0.00700718118 -0.00249993801 0.000120535988
  endloop
 endfacet

 facet normal -3.58169018e-07 -1 0
  outer loop
  vertex -0.00569051504 -0.00249993801 0
  vertex -0.00700718118 -0.00249993801 0.000120535988
  vertex -0.00700718118 -0.00249993801 -0.000120534001
  endloop
 endfacet

 facet normal 0 -1 6.55368012e-07
  outer loop
  vertex -0.00846457388 -0.00249993801 -0.000885443937
  vertex -0.00866299774 -0.00249993801 -0.000748499995
  vertex -0.00915455818 -0.00249993801 -0.00199991395
  endloop
 endfacet

 facet normal -1.46597017e-06 -1 1.69185e-07
  outer loop
  vertex -0.00823920872 -0.00249993801 -0.000970927998
  vertex -0.00846457388 -0.00249993801 -0.000885443937
  vertex -0.00915455818 -0.00249993801 -0.00199991395
  endloop
 endfacet

 facet normal 0 -1 1.06228003e-06
  outer loop
  vertex -0.00569051504 -0.00249993801 0
  vertex -0.00700718118 -0.00249993801 -0.000120534001
  vertex -0.00706487801 -0.00249993801 -0.000354599004
  endloop
 endfacet

 facet normal 0 -1 0
  outer loop
  vertex -0.00569051504 -0.00249993801 0
  vertex -0.00706487801 -0.00249993801 -0.000354599004
  vertex -0.00717687607 -0.00249993801 -0.000568057003
  endloop
 endfacet

 facet normal 0 -1 9.85282213e-07
  outer loop
  vertex -0.007999897 -0.00249993801 -0.000999985961
  vertex -0.00823920872 -0.00249993801 -0.000970927998
  vertex -0.00915455818 -0.00249993801 -0.00199991395
  endloop
 endfacet

 facet normal 1.66657992e-06 -1 1.39369001e-06
  outer loop
  vertex -0.00776058389 -0.00249993801 -0.000970927998
  vertex -0.007999897 -0.00249993801 -0.000999985961
  vertex -0.00684517622 -0.00249993801 -0.00199991395
  endloop
 endfacet

 facet normal 0 -1 2.5779201e-07
  outer loop
  vertex -0.00717687607 -0.00249993801 -0.000568057003
  vertex -0.00733673479 -0.00249993801 -0.000748499995
  vertex -0.00684517622 -0.00249993801 -0.00199991395
  endloop
 endfacet

 facet normal 0 -0.707107246 0.707106352
  outer loop
  vertex -0.0114998203 -0.00599992182 -0.0159997903
  vertex -0.0114998203 -0.0044999118 -0.0144997798
  vertex -0.0124998 -0.0044999118 -0.0144997798
  endloop
 endfacet

 facet normal 0.751132011 -0.564644516 0.342019469
  outer loop
  vertex 0.00725138094 -0.00483679678 0.0159997903
  vertex 0.00725138094 -0.00483679678 0.0179997608
  vertex 0.00711440993 -0.00503516104 0.0179997608
  endloop
 endfacet

 facet normal 0 -1 3.65423006e-07
  outer loop
  vertex -0.00569051504 -0.00249993801 0
  vertex -0.00684517622 -0.00249993801 0.00199997402
  vertex -0.00717687607 -0.00249993801 0.000568057992
  endloop
 endfacet

 facet normal -1.96916005e-07 -1 2.32834026e-07
  outer loop
  vertex -0.00684517622 -0.00249993801 0.00199997402
  vertex -0.00915455818 -0.00249993801 0.00199997402
  vertex -0.007999897 -0.00249993801 0.00099998794
  endloop
 endfacet

 facet normal 0 -1 1.69184005e-07
  outer loop
  vertex -0.00753515912 -0.00249993801 0.000885444984
  vertex -0.00684517622 -0.00249993801 0.00199997402
  vertex -0.00776058389 -0.00249993801 0.000970929977
  endloop
 endfacet

 facet normal 0 -1 2.98752013e-07
  outer loop
  vertex -0.00915455818 -0.00249993801 0.00199997402
  vertex -0.01030921 -0.00249993801 0
  vertex -0.00882285833 -0.00249993801 0.000568057992
  endloop
 endfacet

 facet normal -1.96280013e-07 -1 3.65423006e-07
  outer loop
  vertex -0.01030921 -0.00249993801 0
  vertex -0.00915455818 -0.00249993801 -0.00199991395
  vertex -0.00882285833 -0.00249993801 -0.000568057003
  endloop
 endfacet

 facet normal 0 -1 9.73095098e-07
  outer loop
  vertex -0.00899255183 -0.00249993801 -0.000120534001
  vertex -0.01030921 -0.00249993801 0
  vertex -0.00893485546 -0.00249993801 -0.000354599004
  endloop
 endfacet

 facet normal -1.34465006e-06 -1 -2.05677026e-07
  outer loop
  vertex -0.00882285833 -0.00249993801 -0.000568057003
  vertex -0.00893485546 -0.00249993801 -0.000354599004
  vertex -0.01030921 -0.00249993801 0
  endloop
 endfacet

 facet normal -8.96434983e-07 -1 -2.05677026e-07
  outer loop
  vertex -0.00717687607 -0.00249993801 0.000568057992
  vertex -0.00706487801 -0.00249993801 0.000354600983
  vertex -0.00569051504 -0.00249993801 0
  endloop
 endfacet

 facet normal -1.57483009e-06 -1 2.5779201e-07
  outer loop
  vertex -0.00733673479 -0.00249993801 0.000748501974
  vertex -0.00717687607 -0.00249993801 0.000568057992
  vertex -0.00684517622 -0.00249993801 0.00199997402
  endloop
 endfacet

 facet normal -3.58169018e-07 -1 0
  outer loop
  vertex -0.01030921 -0.00249993801 0
  vertex -0.00899255183 -0.00249993801 -0.000120534001
  vertex -0.00899255183 -0.00249993801 0.000120535988
  endloop
 endfacet

 facet normal 0 -1 1.06228003e-06
  outer loop
  vertex -0.01030921 -0.00249993801 0
  vertex -0.00899255183 -0.00249993801 0.000120535988
  vertex -0.00893485546 -0.00249993801 0.000354600983
  endloop
 endfacet

 facet normal 0 -1 6.55369035e-07
  outer loop
  vertex -0.00753515912 -0.00249993801 0.000885444984
  vertex -0.00733673479 -0.00249993801 0.000748501974
  vertex -0.00684517622 -0.00249993801 0.00199997402
  endloop
 endfacet

 facet normal 0 -1 9.85282213e-07
  outer loop
  vertex -0.00776058389 -0.00249993801 0.000970929977
  vertex -0.00684517622 -0.00249993801 0.00199997402
  vertex -0.007999897 -0.00249993801 0.00099998794
  endloop
 endfacet

 facet normal 4.48218032e-07 -1 0
  outer loop
  vertex -0.01030921 -0.00249993801 0
  vertex -0.00893485546 -0.00249993801 0.000354600983
  vertex -0.00882285833 -0.00249993801 0.000568057992
  endloop
 endfacet

 facet normal 0 -1 2.57790987e-07
  outer loop
  vertex -0.00915455818 -0.00249993801 0.00199997402
  vertex -0.00882285833 -0.00249993801 0.000568057992
  vertex -0.00866299774 -0.00249993801 0.000748501974
  endloop
 endfacet

 facet normal -2.34141999e-06 -1 0
  outer loop
  vertex -0.00915455818 -0.00249993801 0.00199997402
  vertex -0.00866299774 -0.00249993801 0.000748501974
  vertex -0.00846457388 -0.00249993801 0.000885444984
  endloop
 endfacet

 facet normal 1.66657992e-06 -1 1.39369001e-06
  outer loop
  vertex -0.00823920872 -0.00249993801 0.000970929977
  vertex -0.007999897 -0.00249993801 0.00099998794
  vertex -0.00915455818 -0.00249993801 0.00199997402
  endloop
 endfacet

 facet normal 0.936659098 -0.0754498467 -0.342018872
  outer loop
  vertex 0.00699984981 -0.00549989892 0.0179997608
  vertex 0.00699984981 -0.00549989892 0.0159997903
  vertex 0.00702893687 -0.00526058581 0.0159997903
  endloop
 endfacet

 facet normal -0.866025388 -1.96916034e-07 -0.500000179
  outer loop
  vertex 0.01030921 -0.00399994804 0
  vertex 0.00915455818 -0.00399994804 0.00199997402
  vertex 0.00915455818 -0.00249993801 0.00199997402
  endloop
 endfacet

 facet normal 0.849036694 -0.34201929 -0.402690232
  outer loop
  vertex -0.00882285833 -0.00249993801 -0.00743180513
  vertex -0.00893485546 -0.00249993801 -0.0076452489
  vertex -0.00893485546 0 -0.0076452489
  endloop
 endfacet

 facet normal 0.368478596 -0.34201932 -0.864434063
  outer loop
  vertex 0.00776058389 -0.00249993801 0.00897079706
  vertex 0.00753515912 -0.00249993801 0.008885324
  vertex 0.00753515912 0 0.008885324
  endloop
 endfacet

 facet normal 0.687450647 0.712553322 -0.140282884
  outer loop
  vertex -0.00397092104 0 0.000480651972
  vertex -0.0038843751 0 0.00095433899
  vertex -0.003884434 -0.00149994995 0.000954339979
  endloop
 endfacet

 facet normal -0.665444016 0.213331327 0.715313911
  outer loop
  vertex 0.00982230902 -0.00632369518 0.0189997498
  vertex 0.00993531942 -0.00600385619 0.0189997498
  vertex 0.00993531942 -0.00600385619 0.0179997608
  endloop
 endfacet

 facet normal -0.564646363 -0.342018336 0.751131058
  outer loop
  vertex 0.00846457388 -0.00249993801 0.00711440993
  vertex 0.00866299774 -0.00249993801 0.00725138094
  vertex 0.00866299774 0 0.00725138094
  endloop
 endfacet

 facet normal 0.86602509 0 -0.500000536
  outer loop
  vertex 0.0114639401 -0.00299996091 -0.007999897
  vertex 0.0114639401 -0.00399994804 -0.0079998374
  vertex 0.00973188784 -0.00399994804 -0.01099985
  endloop
 endfacet

 facet normal -0.866025567 0 -0.499999821
  outer loop
  vertex -0.00569051504 -0.00399994804 -0.0079998374
  vertex -0.00684517622 -0.00399994804 -0.00599986315
  vertex -0.00684517622 -0.00249993801 -0.00599986315
  endloop
 endfacet

 facet normal 1 -2.32834026e-07 0
  outer loop
  vertex 0.00249993801 -0.00299990107 0.0179997608
  vertex 0.00249993801 -0.00299990107 0.0189997498
  vertex 0.00249993801 -0.00599986315 0.0189997498
  endloop
 endfacet

 facet normal 0.938924313 -0.342019141 -0.0380002633
  outer loop
  vertex -0.00899255183 0 0.000120534998
  vertex -0.00899255183 -0.00249993801 0.000120535988
  vertex -0.00899255183 -0.00249993801 -0.000120534001
  endloop
 endfacet

 facet normal 0 1.07836995e-05 1
  outer loop
  vertex -0.00988560915 -0.00616616011 0.0179997608
  vertex -0.00974589493 -0.00647526886 0.0179997608
  vertex -0.008885324 -0.00596463587 0.0179997608
  endloop
 endfacet

 facet normal 0 5.35530035e-06 1
  outer loop
  vertex -0.00974589493 -0.00647526886 0.0179997608
  vertex -0.00955593493 -0.00675630523 0.0179997608
  vertex -0.0087483516 -0.00616300106 0.0179997608
  endloop
 endfacet

 facet normal 0 5.39711982e-06 1
  outer loop
  vertex -0.00955593493 -0.00675630523 0.0179997608
  vertex -0.00932121184 -0.00700122118 0.0179997608
  vertex -0.0087483516 -0.00616300106 0.0179997608
  endloop
 endfacet

 facet normal 0 0 1
  outer loop
  vertex -0.00932121184 -0.00700122118 0.0179997608
  vertex -0.00904846098 -0.00720292283 0.0179997608
  vertex -0.00856792927 -0.00632285979 0.0179997608
  endloop
 endfacet

 facet normal 0 2.68586018e-06 1
  outer loop
  vertex -0.00904846098 -0.00720292283 0.0179997608
  vertex -0.00874555111 -0.00735562993 0.0179997608
  vertex -0.00835448503 -0.00643491698 0.0179997608
  endloop
 endfacet

 facet normal 0 -1.34743004e-06 1
  outer loop
  vertex -0.00874555111 -0.00735562993 0.0179997608
  vertex -0.00842124224 -0.00745499087 0.0179997608
  vertex -0.00835448503 -0.00643491698 0.0179997608
  endloop
 endfacet

 facet normal 0 -3.76303024e-06 1
  outer loop
  vertex -0.00904846098 -0.00720292283 0.0179997608
  vertex -0.00835448503 -0.00643491698 0.0179997608
  vertex -0.00856792927 -0.00632285979 0.0179997608
  endloop
 endfacet

 facet normal 0 -1.35029018e-06 1
  outer loop
  vertex -0.00842124224 -0.00745499087 0.0179997608
  vertex -0.00808477402 -0.00749808503 0.0179997608
  vertex -0.00812041666 -0.00649261381 0.0179997608
  endloop
 endfacet

 facet normal 0 -1.34615993e-06 1
  outer loop
  vertex -0.00808477402 -0.00749808503 0.0179997608
  vertex -0.00774586201 -0.00748366117 0.0179997608
  vertex -0.00787931588 -0.00649261381 0.0179997608
  endloop
 endfacet

 facet normal 0 0 1
  outer loop
  vertex -0.00842124224 -0.00745499087 0.0179997608
  vertex -0.00812041666 -0.00649261381 0.0179997608
  vertex -0.00835448503 -0.00643491698 0.0179997608
  endloop
 endfacet

 facet normal 0 0 1
  outer loop
  vertex -0.00774586201 -0.00748366117 0.0179997608
  vertex -0.00741422083 -0.00741219521 0.0179997608
  vertex -0.00787931588 -0.00649261381 0.0179997608
  endloop
 endfacet

 facet normal 0 0 1
  outer loop
  vertex -0.00741422083 -0.00741219521 0.0179997608
  vertex -0.00709944917 -0.00728571415 0.0179997608
  vertex -0.0076452489 -0.00643491698 0.0179997608
  endloop
 endfacet

 facet normal 0 3.74645015e-06 1
  outer loop
  vertex -0.0076452489 -0.00643491698 0.0179997608
  vertex -0.00709944917 -0.00728571415 0.0179997608
  vertex -0.00743180513 -0.00632285979 0.0179997608
  endloop
 endfacet

 facet normal 0 5.39385974e-06 1
  outer loop
  vertex -0.00709944917 -0.00728571415 0.0179997608
  vertex -0.00681060506 -0.00710785296 0.0179997608
  vertex -0.00743180513 -0.00632285979 0.0179997608
  endloop
 endfacet

 facet normal 0 5.3597596e-06 1
  outer loop
  vertex -0.00681060506 -0.00710785296 0.0179997608
  vertex -0.00655597402 -0.00688373996 0.0179997608
  vertex -0.00725138094 -0.00616300106 0.0179997608
  endloop
 endfacet

 facet normal 0 0 1
  outer loop
  vertex -0.00655597402 -0.00688373996 0.0179997608
  vertex -0.00634288695 -0.00661981106 0.0179997608
  vertex -0.00725138094 -0.00616300106 0.0179997608
  endloop
 endfacet

 facet normal 0 0 1
  outer loop
  vertex -0.00634288695 -0.00661981106 0.0179997608
  vertex -0.00617742492 -0.00632369518 0.0179997608
  vertex -0.00711440993 -0.00596463587 0.0179997608
  endloop
 endfacet

 facet normal 0 -7.49167066e-06 1
  outer loop
  vertex -0.00725138094 -0.00616300106 0.0179997608
  vertex -0.00634288695 -0.00661981106 0.0179997608
  vertex -0.00711440993 -0.00596463587 0.0179997608
  endloop
 endfacet

 facet normal 0 0 1
  outer loop
  vertex -0.00617742492 -0.00632369518 0.0179997608
  vertex -0.00606441405 -0.00600385619 0.0179997608
  vertex -0.00702893687 -0.00573921204 0.0179997608
  endloop
 endfacet

 facet normal 0 0 1
  outer loop
  vertex -0.00606441405 -0.00600385619 0.0179997608
  vertex -0.00600707484 -0.00566947414 0.0179997608
  vertex -0.00702893687 -0.00573921204 0.0179997608
  endloop
 endfacet

 facet normal 0 0 1
  outer loop
  vertex -0.00617742492 -0.00632369518 0.0179997608
  vertex -0.00702893687 -0.00573921204 0.0179997608
  vertex -0.00711440993 -0.00596463587 0.0179997608
  endloop
 endfacet

 facet normal 0 0 1
  outer loop
  vertex -0.00600707484 -0.00566947414 0.0179997608
  vertex -0.00600707484 -0.0053302641 0.0179997608
  vertex -0.00699990895 -0.00549989892 0.0179997608
  endloop
 endfacet

 facet normal 0 -1.07745e-05 1
  outer loop
  vertex -0.00600707484 -0.0053302641 0.0179997608
  vertex -0.00606441405 -0.00499594212 0.0179997608
  vertex -0.00702893687 -0.00526058581 0.0179997608
  endloop
 endfacet

 facet normal 0 1.07506012e-05 1
  outer loop
  vertex -0.00606441405 -0.00499594212 0.0179997608
  vertex -0.00617742492 -0.00467610313 0.0179997608
  vertex -0.00702893687 -0.00526058581 0.0179997608
  endloop
 endfacet

 facet normal 0 0 1
  outer loop
  vertex -0.00617742492 -0.00467610313 0.0179997608
  vertex -0.00634288695 -0.00437992811 0.0179997608
  vertex -0.00711440993 -0.00503516104 0.0179997608
  endloop
 endfacet

 facet normal 0 -5.3955896e-06 1
  outer loop
  vertex -0.00634288695 -0.00437992811 0.0179997608
  vertex -0.00655597402 -0.00411605788 0.0179997608
  vertex -0.00725138094 -0.00483679678 0.0179997608
  endloop
 endfacet

 facet normal 0 0 1
  outer loop
  vertex -0.00655597402 -0.00411605788 0.0179997608
  vertex -0.00681060506 -0.00389194395 0.0179997608
  vertex -0.00725138094 -0.00483679678 0.0179997608
  endloop
 endfacet

 facet normal 0 1.87292005e-06 1
  outer loop
  vertex -0.00634288695 -0.00437992811 0.0179997608
  vertex -0.00725138094 -0.00483679678 0.0179997608
  vertex -0.00711440993 -0.00503516104 0.0179997608
  endloop
 endfacet

 facet normal 0 0 1
  outer loop
  vertex -0.00681060506 -0.00389194395 0.0179997608
  vertex -0.00709944917 -0.00371408393 0.0179997608
  vertex -0.00743180513 -0.00467693806 0.0179997608
  endloop
 endfacet

 facet normal 0 0 1
  outer loop
  vertex -0.00709944917 -0.00371408393 0.0179997608
  vertex -0.00741422083 -0.0035876031 0.0179997608
  vertex -0.0076452489 -0.00456488086 0.0179997608
  endloop
 endfacet

 facet normal 0 0 1
  outer loop
  vertex -0.00743180513 -0.00467693806 0.0179997608
  vertex -0.00709944917 -0.00371408393 0.0179997608
  vertex -0.0076452489 -0.00456488086 0.0179997608
  endloop
 endfacet

 facet normal 0 0 1
  outer loop
  vertex -0.00741422083 -0.0035876031 0.0179997608
  vertex -0.00787931588 -0.00450718403 0.0179997608
  vertex -0.0076452489 -0.00456488086 0.0179997608
  endloop
 endfacet

 facet normal 0 1.87514001e-06 1
  outer loop
  vertex -0.00600707484 -0.0053302641 0.0179997608
  vertex -0.00702893687 -0.00526058581 0.0179997608
  vertex -0.00699990895 -0.00549989892 0.0179997608
  endloop
 endfacet

 facet normal 0 0 1
  outer loop
  vertex -0.00617742492 -0.00467610313 0.0179997608
  vertex -0.00711440993 -0.00503516104 0.0179997608
  vertex -0.00702893687 -0.00526058581 0.0179997608
  endloop
 endfacet

 facet normal 0 -3.77460015e-06 1
  outer loop
  vertex -0.00681060506 -0.00710785296 0.0179997608
  vertex -0.00725138094 -0.00616300106 0.0179997608
  vertex -0.00743180513 -0.00632285979 0.0179997608
  endloop
 endfacet

 facet normal 0 -7.55824021e-06 1
  outer loop
  vertex -0.00974589493 -0.00647526886 0.0179997608
  vertex -0.0087483516 -0.00616300106 0.0179997608
  vertex -0.008885324 -0.00596463587 0.0179997608
  endloop
 endfacet

 facet normal 0 -3.74550018e-06 1
  outer loop
  vertex -0.00932121184 -0.00700122118 0.0179997608
  vertex -0.00856792927 -0.00632285979 0.0179997608
  vertex -0.0087483516 -0.00616300106 0.0179997608
  endloop
 endfacet

 facet normal 0 0 1
  outer loop
  vertex -0.00743180513 -0.00467693806 0.0179997608
  vertex -0.00725138094 -0.00483679678 0.0179997608
  vertex -0.00681060506 -0.00389194395 0.0179997608
  endloop
 endfacet

 facet normal 0 0 1
  outer loop
  vertex -0.00812041666 -0.00649261381 0.0179997608
  vertex -0.00808477402 -0.00749808503 0.0179997608
  vertex -0.00787931588 -0.00649261381 0.0179997608
  endloop
 endfacet

 facet normal 0 -1.87514001e-06 1
  outer loop
  vertex -0.00600707484 -0.00566947414 0.0179997608
  vertex -0.00699990895 -0.00549989892 0.0179997608
  vertex -0.00702893687 -0.00573921204 0.0179997608
  endloop
 endfacet

 facet normal -0.0754496157 -0.342018515 0.936659336
  outer loop
  vertex 0.007999897 0 0.00699990895
  vertex 0.007999897 -0.00249993801 0.00699990895
  vertex 0.00823920872 -0.00249993801 0.00702893687
  endloop
 endfacet

 facet normal -0.938924372 -0.342018872 -0.0380028374
  outer loop
  vertex 0.00899255183 -0.00249993801 0.00787931588
  vertex 0.00899255183 -0.00249993801 0.00812041666
  vertex 0.00899255183 0 0.00812041666
  endloop
 endfacet

 facet normal 0.27949968 0.640472949 -0.71531409
  outer loop
  vertex 0.00741422083 -0.00741219521 -0.0189997498
  vertex 0.00709944917 -0.00728571415 -0.0189997498
  vertex 0.00709944917 -0.00728571415 -0.0179997608
  endloop
 endfacet

 facet normal 0 -1.05022013e-06 -1
  outer loop
  vertex 0.00973188784 -0.00299996091 0.00499993516
  vertex 0.00973188784 -0.00399994804 0.00499993516
  vertex 0.00626784516 -0.00399994804 0.00499993516
  endloop
 endfacet

 facet normal -0.0380026996 0.938924551 0.342018306
  outer loop
  vertex 0.00787931588 -0.00649261381 -0.0159997903
  vertex 0.00812041666 -0.00649261381 -0.0159997903
  vertex 0.00812041666 -0.00649261381 -0.0179997608
  endloop
 endfacet

 facet normal 0 -1 2.32834026e-07
  outer loop
  vertex -0.00453579379 -0.00399988797 0
  vertex -0.00569051504 -0.00399988797 0
  vertex -0.00684517622 -0.00399988797 -0.00199991395
  endloop
 endfacet

 facet normal 0 0 1
  outer loop
  vertex 0.00684517622 -0.00399994804 -0.00999981072
  vertex 0.00915455818 -0.00399994804 -0.00999981072
  vertex 0.00915455818 -0.00249993801 -0.00999987125
  endloop
 endfacet

 facet normal -0.699326694 0.712553084 0.0566585958
  outer loop
  vertex 0.00399994804 0 0
  vertex 0.00397092104 0 -0.000480651972
  vertex 0.00397092104 -0.00149994995 -0.000480651972
  endloop
 endfacet

 facet normal -0.866025567 -1.07540995e-06 -0.499999821
  outer loop
  vertex -0.00173199095 -0.00399994804 -0.01099985
  vertex -0.00346404291 -0.00399994804 -0.0079998374
  vertex -0.00346404291 -0.00299996091 -0.007999897
  endloop
 endfacet

 facet normal 0.84903717 -0.342019051 0.402689487
  outer loop
  vertex 0.00706487801 0 -0.000354599993
  vertex 0.00706487801 -0.00249993801 -0.000354599004
  vertex 0.00717687607 -0.00249993801 -0.000568057003
  endloop
 endfacet

 facet normal 0.0754497424 -0.342018276 0.936659455
  outer loop
  vertex -0.00823920872 -0.00249993801 -0.00897079706
  vertex -0.007999897 -0.00249993801 -0.00899988413
  vertex -0.007999897 0 -0.00899988413
  endloop
 endfacet

 facet normal 0.866025209 0 -0.500000358
  outer loop
  vertex -0.00915455818 -0.00399988797 0.00999987125
  vertex -0.01030921 -0.00399988797 0.007999897
  vertex -0.01030921 -0.00249993801 0.007999897
  endloop
 endfacet

 facet normal 0.813714802 -0.34201926 0.469990551
  outer loop
  vertex -0.00893485546 -0.00249993801 -0.000354599004
  vertex -0.00882285833 -0.00249993801 -0.000568057003
  vertex -0.00882285833 0 -0.000568057003
  endloop
 endfacet

 facet normal 1 -5.32190995e-07 0
  outer loop
  vertex 0.0124998 -0.0044999118 -0.0144997798
  vertex 0.0124998 -0.00599992182 -0.0159997903
  vertex 0.0124998 -0.00199997402 -0.0189997498
  endloop
 endfacet

 facet normal 1 -4.65667057e-07 0
  outer loop
  vertex 0.0124998 -0.00599992182 -0.0159997903
  vertex 0.0124998 -0.00599992182 -0.0189997498
  vertex 0.0124998 -0.00199997402 -0.0189997498
  endloop
 endfacet

 facet normal 1 -1.33048019e-07 -5.1972404e-07
  outer loop
  vertex 0.0124998 -0.00199997402 -0.0189997498
  vertex 0.0124998 0 -0.0169997793
  vertex 0.0124998 -0.0044999118 -0.0144997798
  endloop
 endfacet

 facet normal 1 -2.06962994e-07 0
  outer loop
  vertex 0.0124998 0 -0.0169997793
  vertex 0.0124998 0 0.0169997793
  vertex 0.0124998 -0.0044999118 -0.0144997798
  endloop
 endfacet

 facet normal 1 -1.33048019e-07 5.19725006e-07
  outer loop
  vertex 0.0124998 0 0.0169997793
  vertex 0.0124998 -0.00199991395 0.0189997498
  vertex 0.0124998 -0.0044999118 0.0144997798
  endloop
 endfacet

 facet normal 1 -2.06962994e-07 0
  outer loop
  vertex 0.0124998 -0.0044999118 -0.0144997798
  vertex 0.0124998 0 0.0169997793
  vertex 0.0124998 -0.0044999118 0.0144997798
  endloop
 endfacet

 facet normal 1 -4.65667057e-07 4.85101964e-07
  outer loop
  vertex 0.0124998 -0.00199991395 0.0189997498
  vertex 0.0124998 -0.00599986315 0.0189997498
  vertex 0.0124998 -0.00599986315 0.0159997903
  endloop
 endfacet

 facet normal 0.16723837 -0.678498507 -0.715312004
  outer loop
  vertex 0.00741422083 -0.0035876031 -0.0179997608
  vertex 0.00741422083 -0.0035876031 -0.0189997498
  vertex 0.00774586201 -0.0035161369 -0.0189997498
  endloop
 endfacet

 facet normal -0.564645052 -0.342019707 -0.751131475
  outer loop
  vertex -0.00733673479 0 0.0087483516
  vertex -0.00733673479 -0.00249993801 0.0087483516
  vertex -0.00753515912 -0.00249993801 0.008885324
  endloop
 endfacet

 facet normal 0.316219002 0.948686242 -2.9209798e-06
  outer loop
  vertex 0.00199991395 -0.00283324695 -0.0174997393
  vertex 0.002122998 -0.00287431409 -0.0175151192
  vertex 0.00239992095 -0.00296658208 -0.0176997092
  endloop
 endfacet

 facet normal 0.31623894 0.948679626 -3.10367022e-06
  outer loop
  vertex 0.002122998 -0.00287431409 -0.0175151192
  vertex 0.00223523309 -0.00291168597 -0.0175585691
  vertex 0.00239992095 -0.00296658208 -0.0176997092
  endloop
 endfacet

 facet normal 0.316180676 0.948698938 -1.04546989e-05
  outer loop
  vertex 0.00223523309 -0.00291168597 -0.0175585691
  vertex 0.00232869294 -0.00294285989 -0.0176229998
  vertex 0.00239992095 -0.00296658208 -0.0176997092
  endloop
 endfacet

 facet normal 0.316229761 0.948682666 -4.21297926e-07
  outer loop
  vertex 0.00239992095 -0.00296658208 -0.0176997092
  vertex 0.00247990992 -0.00299328496 -0.0178597495
  vertex 0.00249993801 -0.00299996091 -0.0179997608
  endloop
 endfacet

 facet normal 0.316228658 0.948682964 0
  outer loop
  vertex 0.00249993801 -0.00299996091 -0.0179997608
  vertex 0.00249993801 -0.00299996091 -0.0189997498
  vertex 0.00149994995 -0.0026665919 -0.0179997608
  endloop
 endfacet

 facet normal 0.3162283 0.948683143 -1.97734991e-07
  outer loop
  vertex 0.00249993801 -0.00299996091 -0.0189997498
  vertex -0.00049999397 -0.00199997402 -0.0189997498
  vertex 0.00149994995 -0.0026665919 -0.0179997608
  endloop
 endfacet

 facet normal 0.316227764 0.948683262 -4.31421967e-07
  outer loop
  vertex -0.00049999397 -0.00199997402 -0.0189997498
  vertex -0.00049999397 -0.00199997402 -0.0179997608
  vertex 0.00149994995 -0.0026665919 -0.0179997608
  endloop
 endfacet

 facet normal 0.316225797 0.948683918 8.42586019e-07
  outer loop
  vertex 0.00149994995 -0.0026665919 -0.0179997608
  vertex 0.00151997805 -0.00267326809 -0.0178597495
  vertex 0.00159996701 -0.00269997097 -0.0176997092
  endloop
 endfacet

 facet normal 0.316222996 0.94868499 1.96842007e-06
  outer loop
  vertex 0.00159996701 -0.00269997097 -0.0176997092
  vertex 0.00167119503 -0.00272369292 -0.0176229998
  vertex 0.00149994995 -0.0026665919 -0.0179997608
  endloop
 endfacet

 facet normal 0.316230476 0.948682427 0
  outer loop
  vertex 0.00167119503 -0.00272369292 -0.0176229998
  vertex 0.001764655 -0.00275486708 -0.0175585691
  vertex 0.00149994995 -0.0026665919 -0.0179997608
  endloop
 endfacet

 facet normal 0.316211492 0.948688745 -7.44794033e-06
  outer loop
  vertex 0.001764655 -0.00275486708 -0.0175585691
  vertex 0.00187688996 -0.00279223896 -0.0175151192
  vertex 0.00199991395 -0.00283324695 -0.0174997393
  endloop
 endfacet

 facet normal 0.316234171 0.948681116 -5.39287953e-07
  outer loop
  vertex 0.00239992095 -0.00296658208 -0.0176997092
  vertex 0.00249993801 -0.00299996091 -0.0179997608
  vertex 0.00199991395 -0.00283324695 -0.0174997393
  endloop
 endfacet

 facet normal 0.316226631 0.948683798 -5.39276016e-07
  outer loop
  vertex 0.00249993801 -0.00299996091 -0.0179997608
  vertex 0.00149994995 -0.0026665919 -0.0179997608
  vertex 0.00199991395 -0.00283324695 -0.0174997393
  endloop
 endfacet

 facet normal -0.0754493326 -0.342018574 0.936659336
  outer loop
  vertex 0 0 0.00699990895
  vertex 0 -0.00249993801 0.00699990895
  vertex 0.000239311994 -0.00249993801 0.00702893687
  endloop
 endfacet

 facet normal -8.07157107e-07 7.62483012e-07 1
  outer loop
  vertex 0.00149994995 -0.0026665919 -0.0179997608
  vertex -0.00049999397 -0.00199997402 -0.0179997608
  vertex -0.00049999496 -0.00699990895 -0.0179997608
  endloop
 endfacet

 facet normal 0 3.68622011e-07 1
  outer loop
  vertex -0.00049999397 -0.00199997402 -0.0179997608
  vertex -0.0034999249 -0.00199997402 -0.0179997608
  vertex -0.0034999249 -0.00599992182 -0.0179997608
  endloop
 endfacet

 facet normal 0 0 1
  outer loop
  vertex -0.0034999249 -0.00599992182 -0.0179997608
  vertex -0.0044999118 -0.00699990895 -0.0179997608
  vertex -0.00049999496 -0.00699990895 -0.0179997608
  endloop
 endfacet

 facet normal -0.836620331 0.000467894453 0.547783017
  outer loop
  vertex 0.00159996701 -0.006299912 -0.0176997092
  vertex 0.00159996701 -0.00269997097 -0.0176997092
  vertex 0.001516997 -0.00477766898 -0.0178702995
  endloop
 endfacet

 facet normal 0.919486403 -0.193602636 -0.34214431
  outer loop
  vertex 0.00248289108 -0.00477766898 0.0178703591
  vertex 0.00246482994 -0.0060116048 0.0178156998
  vertex 0.00243294192 -0.00477766898 0.0177497193
  endloop
 endfacet

 facet normal 0.196059376 -0.224903032 -0.954452336
  outer loop
  vertex 0.002129375 -0.00477766898 0.01751679
  vertex 0.00209093001 -0.00613623811 0.0175080802
  vertex 0.00199991395 -0.00477766898 0.0174997393
  endloop
 endfacet

 facet normal 0.481197298 -0.430388123 0.763685167
  outer loop
  vertex 0.002122998 -0.00612556888 -0.0175151192
  vertex 0.00223523309 -0.00608813716 -0.0175585691
  vertex 0.0022499559 -0.00477766898 -0.0175667405
  endloop
 endfacet

 facet normal 0.481205672 0.430546224 0.763590991
  outer loop
  vertex 0.0022499559 -0.00477766898 -0.0175667405
  vertex 0.00223523309 -0.00291168597 -0.0175585691
  vertex 0.002122998 -0.00287431409 -0.0175151192
  endloop
 endfacet

 facet normal 0.320288211 0.262629628 0.910187364
  outer loop
  vertex 0.002122998 -0.00287431409 -0.0175151192
  vertex 0.00199991395 -0.00283324695 -0.0174997393
  vertex 0.00199991395 -0.00616657687 -0.0174997393
  endloop
 endfacet

 facet normal 0.549927771 -0.261527717 0.793210387
  outer loop
  vertex 0.00243294192 -0.00477766898 -0.0177497193
  vertex 0.00239992095 -0.00603324082 -0.0176997092
  vertex 0.00248289108 -0.00477766898 -0.0178702995
  endloop
 endfacet

 facet normal -0.226637021 -0.503614485 0.833671451
  outer loop
  vertex 0.001764655 -0.00624501705 -0.0175585691
  vertex 0.00187688996 -0.00620758487 -0.0175151192
  vertex 0.00174993195 -0.00477766898 -0.0175667405
  endloop
 endfacet

 facet normal -0.190727651 8.67429553e-05 0.981642962
  outer loop
  vertex 0.00187688996 -0.00620758487 -0.0175151192
  vertex 0.00187688996 -0.00279223896 -0.0175151192
  vertex 0.00174993195 -0.00477766898 -0.0175667405
  endloop
 endfacet

 facet normal 0.177867413 -0.289382905 0.940542817
  outer loop
  vertex 0.00187688996 -0.00620758487 -0.0175151192
  vertex 0.00199991395 -0.00616657687 -0.0174997393
  vertex 0.00199991395 -0.00283324695 -0.0174997393
  endloop
 endfacet

 facet normal -0.298922539 -0.252327591 -0.920313001
  outer loop
  vertex 0.00187051203 -0.00477766898 0.01751679
  vertex 0.00181591499 -0.00622791005 0.0175348502
  vertex 0.00174993195 -0.00477766898 0.0175667405
  endloop
 endfacet

 facet normal 4.4640899e-07 0 -1
  outer loop
  vertex 0.00634288695 -0.00437998679 -0.0189997498
  vertex 0.00617742492 -0.00467610313 -0.0189997498
  vertex 0.0034999249 -0.00199997402 -0.0189997498
  endloop
 endfacet

 facet normal 2.3023e-07 -1.26629993e-06 -1
  outer loop
  vertex 0.00617742492 -0.00467610313 -0.0189997498
  vertex 0.0034999249 -0.00599992182 -0.0189997498
  vertex 0.0034999249 -0.00199997402 -0.0189997498
  endloop
 endfacet

 facet normal -2.07746027e-07 -6.95816993e-07 -1
  outer loop
  vertex 0.0124998 -0.00199997402 -0.0189997498
  vertex 0.0124998 -0.00599992182 -0.0189997498
  vertex 0.00988560915 -0.0048336382 -0.0189997498
  endloop
 endfacet

 facet normal 2.14705011e-07 -1.42059014e-06 -1
  outer loop
  vertex 0.0124998 -0.00599992182 -0.0189997498
  vertex 0.00949984696 -0.00899988413 -0.0189997498
  vertex 0.00955593493 -0.00675630523 -0.0189997498
  endloop
 endfacet

 facet normal 0 0 -1
  outer loop
  vertex 0.00974589493 -0.00647526886 -0.0189997498
  vertex 0.0124998 -0.00599992182 -0.0189997498
  vertex 0.00955593493 -0.00675630523 -0.0189997498
  endloop
 endfacet

 facet normal 4.63878052e-07 -1.48314007e-06 -1
  outer loop
  vertex 0.00949984696 -0.00899988413 -0.0189997498
  vertex 0.00874555111 -0.00735569 -0.0189997498
  vertex 0.00904846098 -0.00720292283 -0.0189997498
  endloop
 endfacet

 facet normal 6.46538069e-07 -1.56507008e-06 -1
  outer loop
  vertex 0.00949984696 -0.00899988413 -0.0189997498
  vertex 0.00904846098 -0.00720292283 -0.0189997498
  vertex 0.00932121184 -0.00700122118 -0.0189997498
  endloop
 endfacet

 facet normal 3.90928051e-07 -5.78597019e-06 -1
  outer loop
  vertex 0.00655597402 -0.00411605788 -0.0189997498
  vertex 0.00634288695 -0.00437998679 -0.0189997498
  vertex 0.0034999249 -0.00199997402 -0.0189997498
  endloop
 endfacet

 facet normal 8.89442049e-07 -1.77336005e-06 -1
  outer loop
  vertex 0.00949984696 -0.00899988413 -0.0189997498
  vertex 0.00932121184 -0.00700122118 -0.0189997498
  vertex 0.00955593493 -0.00675630523 -0.0189997498
  endloop
 endfacet

 facet normal 3.4111801e-07 0 -1
  outer loop
  vertex 0.00681060506 -0.00389194395 -0.0189997498
  vertex 0.00655597402 -0.00411605788 -0.0189997498
  vertex 0.0034999249 -0.00199997402 -0.0189997498
  endloop
 endfacet

 facet normal 2.91793015e-07 0 -1
  outer loop
  vertex 0.00709944917 -0.00371408393 -0.0189997498
  vertex 0.00681060506 -0.00389194395 -0.0189997498
  vertex 0.0034999249 -0.00199997402 -0.0189997498
  endloop
 endfacet

 facet normal 0 2.3176699e-06 -1
  outer loop
  vertex 0.0124998 -0.00599992182 -0.0189997498
  vertex 0.00974589493 -0.00647526886 -0.0189997498
  vertex 0.00988560915 -0.00616616011 -0.0189997498
  endloop
 endfacet

 facet normal 0 -1.07764004e-06 -1
  outer loop
  vertex 0.0124998 -0.00599992182 -0.0189997498
  vertex 0.00988560915 -0.00616616011 -0.0189997498
  vertex 0.00997108221 -0.00583791686 -0.0189997498
  endloop
 endfacet

 facet normal 2.36817002e-07 1.46279008e-05 -1
  outer loop
  vertex 0.00741422083 -0.0035876031 -0.0189997498
  vertex 0.00709944917 -0.00371408393 -0.0189997498
  vertex 0.0034999249 -0.00199997402 -0.0189997498
  endloop
 endfacet

 facet normal 1.65113008e-07 -1.80496991e-05 -1
  outer loop
  vertex 0.00774586201 -0.0035161369 -0.0189997498
  vertex 0.00741422083 -0.0035876031 -0.0189997498
  vertex 0.0034999249 -0.00199997402 -0.0189997498
  endloop
 endfacet

 facet normal 0 -1.32292001e-07 -1
  outer loop
  vertex 0.0124998 -0.00599992182 -0.0189997498
  vertex 0.00997108221 -0.00583791686 -0.0189997498
  vertex 0.00999987125 -0.00549989892 -0.0189997498
  endloop
 endfacet

 facet normal 0 1.36873012e-07 -1
  outer loop
  vertex 0.0124998 -0.00599992182 -0.0189997498
  vertex 0.00999987125 -0.00549989892 -0.0189997498
  vertex 0.00997108221 -0.00516194105 -0.0189997498
  endloop
 endfacet

 facet normal 0 0 -1
  outer loop
  vertex 0.00774586201 -0.0035161369 -0.0189997498
  vertex 0.0034999249 -0.00199997402 -0.0189997498
  vertex 0.00808477402 -0.00350171304 -0.0189997498
  endloop
 endfacet

 facet normal 0 1.07665005e-06 -1
  outer loop
  vertex 0.0034999249 -0.00199997402 -0.0189997498
  vertex 0.0124998 -0.00199997402 -0.0189997498
  vertex 0.00808477402 -0.00350171304 -0.0189997498
  endloop
 endfacet

 facet normal 0 -7.1945301e-06 -1
  outer loop
  vertex 0.0124998 -0.00599992182 -0.0189997498
  vertex 0.00997108221 -0.00516194105 -0.0189997498
  vertex 0.00988560915 -0.0048336382 -0.0189997498
  endloop
 endfacet

 facet normal 0 0 -1
  outer loop
  vertex 0.00842124224 -0.00354480697 -0.0189997498
  vertex 0.00808477402 -0.00350171304 -0.0189997498
  vertex 0.0124998 -0.00199997402 -0.0189997498
  endloop
 endfacet

 facet normal -2.04169027e-07 0 -1
  outer loop
  vertex 0.00874555111 -0.00364416791 -0.0189997498
  vertex 0.00842124224 -0.00354480697 -0.0189997498
  vertex 0.0124998 -0.00199997402 -0.0189997498
  endloop
 endfacet

 facet normal -4.78201059e-07 4.53234998e-06 -1
  outer loop
  vertex 0.0124998 -0.00199997402 -0.0189997498
  vertex 0.00988560915 -0.0048336382 -0.0189997498
  vertex 0.00974589493 -0.00452452805 -0.0189997498
  endloop
 endfacet

 facet normal -4.17608021e-07 -3.99046985e-06 -1
  outer loop
  vertex 0.0124998 -0.00199997402 -0.0189997498
  vertex 0.00974589493 -0.00452452805 -0.0189997498
  vertex 0.00955593493 -0.00424349308 -0.0189997498
  endloop
 endfacet

 facet normal -2.65511005e-07 0 -1
  outer loop
  vertex 0.00904846098 -0.00379687501 -0.0189997498
  vertex 0.00874555111 -0.00364416791 -0.0189997498
  vertex 0.0124998 -0.00199997402 -0.0189997498
  endloop
 endfacet

 facet normal -3.65645008e-07 2.18705009e-06 -1
  outer loop
  vertex 0.0124998 -0.00199997402 -0.0189997498
  vertex 0.00955593493 -0.00424349308 -0.0189997498
  vertex 0.00932121184 -0.00399857713 -0.0189997498
  endloop
 endfacet

 facet normal -0.866025627 -1.05022013e-06 -0.499999702
  outer loop
  vertex 0.00626784516 -0.00399994804 0.00499993516
  vertex 0.00453579379 -0.00399988797 0.007999897
  vertex 0.00453579379 -0.00299990107 0.007999897
  endloop
 endfacet

 facet normal 0.651067197 0.677594483 0.342019081
  outer loop
  vertex -0.0087483516 -0.00616300106 -0.0179997608
  vertex -0.0087483516 -0.00616300106 -0.0159997903
  vertex -0.00856792927 -0.00632285979 -0.0159997903
  endloop
 endfacet

 facet normal -0.813715458 -0.342018604 -0.469989806
  outer loop
  vertex -0.00706487801 -0.00249993801 0.000354600983
  vertex -0.00717687607 -0.00249993801 0.000568057992
  vertex -0.00717687607 0 0.000568057003
  endloop
 endfacet

 facet normal 0.0754500031 -0.342018574 0.936659396
  outer loop
  vertex -0.000239312998 -0.00249993801 0.00702893687
  vertex 0 -0.00249993801 0.00699990895
  vertex 0 0 0.00699990895
  endloop
 endfacet

 facet normal -0.794305503 0.502096593 0.342019826
  outer loop
  vertex 0.0087483516 -0.00616300106 -0.0159997903
  vertex 0.008885324 -0.00596463587 -0.0159997903
  vertex 0.008885324 -0.00596463587 -0.0179997608
  endloop
 endfacet

 facet normal 0.813716173 -0.342019081 -0.469988108
  outer loop
  vertex 0.00717687607 0 -0.00743180513
  vertex 0.00717687607 -0.00249993801 -0.00743180513
  vertex 0.00706487801 -0.00249993801 -0.0076452489
  endloop
 endfacet

 facet normal -0.628034115 0.306430489 -0.715313554
  outer loop
  vertex 0.00988560915 -0.00616616011 -0.0189997498
  vertex 0.00974589493 -0.00647526886 -0.0189997498
  vertex 0.00974589493 -0.00647526886 -0.0179997608
  endloop
 endfacet

 facet normal -0.936659038 -0.0754525214 -0.342018723
  outer loop
  vertex -0.00702893687 -0.00526058581 -0.0179997608
  vertex -0.00699990895 -0.00549989892 -0.0179997608
  vertex -0.00699990895 -0.00549989892 -0.0159997903
  endloop
 endfacet

 facet normal 0 -1 3.10444989e-07
  outer loop
  vertex 0.00649988605 -0.00899988413 -0.0159997903
  vertex 0.00649988605 -0.00899988413 -0.0189997498
  vertex 0.00949984696 -0.00899988413 -0.0189997498
  endloop
 endfacet

 facet normal -0.431866646 -0.549379587 -0.715313435
  outer loop
  vertex -0.00695127202 -0.00379687501 -0.0189997498
  vertex -0.00667852117 -0.00399857713 -0.0189997498
  vertex -0.00667852117 -0.00399857713 -0.0179997608
  endloop
 endfacet

 facet normal -0.866025448 0 -0.49999997
  outer loop
  vertex -0.00569051504 -0.00399988797 0
  vertex -0.00684517622 -0.00399988797 0.00199997402
  vertex -0.00684517622 -0.00249993801 0.00199997402
  endloop
 endfacet

 facet normal -0.936659098 -0.0754500404 -0.342018962
  outer loop
  vertex 0.00897079706 -0.00526058581 -0.0179997608
  vertex 0.00899988413 -0.00549989892 -0.0179997608
  vertex 0.00899988413 -0.00549989892 -0.0159997903
  endloop
 endfacet

 facet normal 0 -3.74647016e-06 -1
  outer loop
  vertex -0.00835448503 -0.00456488086 -0.0179997608
  vertex -0.00856792927 -0.00467693806 -0.0179997608
  vertex -0.00890028384 -0.00371408393 -0.0179997608
  endloop
 endfacet

 facet normal 0 0 -1
  outer loop
  vertex -0.00856792927 -0.00467693806 -0.0179997608
  vertex -0.00918912794 -0.00389194395 -0.0179997608
  vertex -0.00890028384 -0.00371408393 -0.0179997608
  endloop
 endfacet

 facet normal 0 0 -1
  outer loop
  vertex -0.00890028384 -0.00371408393 -0.0179997608
  vertex -0.00858551171 -0.0035876031 -0.0179997608
  vertex -0.00835448503 -0.00456488086 -0.0179997608
  endloop
 endfacet

 facet normal 0 -2.68931012e-06 -1
  outer loop
  vertex -0.00858551171 -0.0035876031 -0.0179997608
  vertex -0.00825393107 -0.0035161369 -0.0179997608
  vertex -0.00812041666 -0.00450718403 -0.0179997608
  endloop
 endfacet

 facet normal 0 0 -1
  outer loop
  vertex -0.00825393107 -0.0035161369 -0.0179997608
  vertex -0.00791496038 -0.00350171304 -0.0179997608
  vertex -0.00812041666 -0.00450718403 -0.0179997608
  endloop
 endfacet

 facet normal 0 0 -1
  outer loop
  vertex -0.00812041666 -0.00450718403 -0.0179997608
  vertex -0.00791496038 -0.00350171304 -0.0179997608
  vertex -0.00787931588 -0.00450718403 -0.0179997608
  endloop
 endfacet

 facet normal 0 0 -1
  outer loop
  vertex -0.00791496038 -0.00350171304 -0.0179997608
  vertex -0.00757849216 -0.00354480697 -0.0179997608
  vertex -0.00787931588 -0.00450718403 -0.0179997608
  endloop
 endfacet

 facet normal 0 0 -1
  outer loop
  vertex -0.00757849216 -0.00354480697 -0.0179997608
  vertex -0.00725418283 -0.00364416791 -0.0179997608
  vertex -0.0076452489 -0.00456488086 -0.0179997608
  endloop
 endfacet

 facet normal 0 -5.37174992e-06 -1
  outer loop
  vertex -0.00725418283 -0.00364416791 -0.0179997608
  vertex -0.00695127202 -0.00379687501 -0.0179997608
  vertex -0.0076452489 -0.00456488086 -0.0179997608
  endloop
 endfacet

 facet normal 0 0 -1
  outer loop
  vertex -0.00695127202 -0.00379687501 -0.0179997608
  vertex -0.00667852117 -0.00399857713 -0.0179997608
  vertex -0.00743180513 -0.00467693806 -0.0179997608
  endloop
 endfacet

 facet normal 0 7.52607002e-06 -1
  outer loop
  vertex -0.0076452489 -0.00456488086 -0.0179997608
  vertex -0.00695127202 -0.00379687501 -0.0179997608
  vertex -0.00743180513 -0.00467693806 -0.0179997608
  endloop
 endfacet

 facet normal 0 5.39711027e-06 -1
  outer loop
  vertex -0.00667852117 -0.00399857713 -0.0179997608
  vertex -0.00644379808 -0.00424349308 -0.0179997608
  vertex -0.00725138094 -0.00483679678 -0.0179997608
  endloop
 endfacet

 facet normal 0 0 -1
  outer loop
  vertex -0.00644379808 -0.00424349308 -0.0179997608
  vertex -0.00625383807 -0.00452452805 -0.0179997608
  vertex -0.00725138094 -0.00483679678 -0.0179997608
  endloop
 endfacet

 facet normal 0 -1.87276009e-06 -1
  outer loop
  vertex -0.00667852117 -0.00399857713 -0.0179997608
  vertex -0.00725138094 -0.00483679678 -0.0179997608
  vertex -0.00743180513 -0.00467693806 -0.0179997608
  endloop
 endfacet

 facet normal 0 0 -1
  outer loop
  vertex -0.00625383807 -0.00452452805 -0.0179997608
  vertex -0.00611412479 -0.0048336382 -0.0179997608
  vertex -0.00711440993 -0.00503516104 -0.0179997608
  endloop
 endfacet

 facet normal 0 0 -1
  outer loop
  vertex -0.00611412479 -0.0048336382 -0.0179997608
  vertex -0.00602865219 -0.00516188098 -0.0179997608
  vertex -0.00702893687 -0.00526058581 -0.0179997608
  endloop
 endfacet

 facet normal 0 1.07635005e-05 -1
  outer loop
  vertex -0.00602865219 -0.00516188098 -0.0179997608
  vertex -0.00599992182 -0.00549989892 -0.0179997608
  vertex -0.00699990895 -0.00549989892 -0.0179997608
  endloop
 endfacet

 facet normal 0 -1.07635005e-05 -1
  outer loop
  vertex -0.00599992182 -0.00549989892 -0.0179997608
  vertex -0.00602865219 -0.00583791686 -0.0179997608
  vertex -0.00699990895 -0.00549989892 -0.0179997608
  endloop
 endfacet

 facet normal 0 -1.08016011e-05 -1
  outer loop
  vertex -0.00602865219 -0.00583791686 -0.0179997608
  vertex -0.00611412479 -0.00616616011 -0.0179997608
  vertex -0.00702893687 -0.00573921204 -0.0179997608
  endloop
 endfacet

 facet normal 0 0 -1
  outer loop
  vertex -0.00611412479 -0.00616616011 -0.0179997608
  vertex -0.00625383807 -0.00647526886 -0.0179997608
  vertex -0.00711440993 -0.00596463587 -0.0179997608
  endloop
 endfacet

 facet normal 0 0 -1
  outer loop
  vertex -0.00702893687 -0.00573921204 -0.0179997608
  vertex -0.00611412479 -0.00616616011 -0.0179997608
  vertex -0.00711440993 -0.00596463587 -0.0179997608
  endloop
 endfacet

 facet normal 0 5.36797006e-06 -1
  outer loop
  vertex -0.00625383807 -0.00647526886 -0.0179997608
  vertex -0.00644379808 -0.00675630523 -0.0179997608
  vertex -0.00711440993 -0.00596463587 -0.0179997608
  endloop
 endfacet

 facet normal 0 0 -1
  outer loop
  vertex -0.00644379808 -0.00675630523 -0.0179997608
  vertex -0.00667852117 -0.00700122118 -0.0179997608
  vertex -0.00725138094 -0.00616300106 -0.0179997608
  endloop
 endfacet

 facet normal 0 0 -1
  outer loop
  vertex -0.00711440993 -0.00596463587 -0.0179997608
  vertex -0.00644379808 -0.00675630523 -0.0179997608
  vertex -0.00725138094 -0.00616300106 -0.0179997608
  endloop
 endfacet

 facet normal 0 -5.39837038e-06 -1
  outer loop
  vertex -0.00667852117 -0.00700122118 -0.0179997608
  vertex -0.00695127202 -0.00720292283 -0.0179997608
  vertex -0.00743180513 -0.00632285979 -0.0179997608
  endloop
 endfacet

 facet normal 0 2.68587019e-06 -1
  outer loop
  vertex -0.00695127202 -0.00720292283 -0.0179997608
  vertex -0.00725418283 -0.00735562993 -0.0179997608
  vertex -0.0076452489 -0.00643491698 -0.0179997608
  endloop
 endfacet

 facet normal 0 0 -1
  outer loop
  vertex -0.00725418283 -0.00735562993 -0.0179997608
  vertex -0.00757849216 -0.00745499087 -0.0179997608
  vertex -0.0076452489 -0.00643491698 -0.0179997608
  endloop
 endfacet

 facet normal 0 0 -1
  outer loop
  vertex -0.00757849216 -0.00745499087 -0.0179997608
  vertex -0.00791496038 -0.00749808503 -0.0179997608
  vertex -0.00787931588 -0.00649261381 -0.0179997608
  endloop
 endfacet

 facet normal 0 0 -1
  outer loop
  vertex -0.00791496038 -0.00749808503 -0.0179997608
  vertex -0.00825393107 -0.00748366117 -0.0179997608
  vertex -0.00812041666 -0.00649261381 -0.0179997608
  endloop
 endfacet

 facet normal 0 5.37864025e-06 -1
  outer loop
  vertex -0.00825393107 -0.00748366117 -0.0179997608
  vertex -0.00858551171 -0.00741219521 -0.0179997608
  vertex -0.00812041666 -0.00649261381 -0.0179997608
  endloop
 endfacet

 facet normal 0 -3.75700029e-06 -1
  outer loop
  vertex -0.00812041666 -0.00649261381 -0.0179997608
  vertex -0.00858551171 -0.00741219521 -0.0179997608
  vertex -0.00835448503 -0.00643491698 -0.0179997608
  endloop
 endfacet

 facet normal 0 0 -1
  outer loop
  vertex -0.00858551171 -0.00741219521 -0.0179997608
  vertex -0.00890028384 -0.00728571415 -0.0179997608
  vertex -0.00835448503 -0.00643491698 -0.0179997608
  endloop
 endfacet

 facet normal 0 0 -1
  outer loop
  vertex -0.00890028384 -0.00728571415 -0.0179997608
  vertex -0.00918912794 -0.00710785296 -0.0179997608
  vertex -0.00856792927 -0.00632285979 -0.0179997608
  endloop
 endfacet

 facet normal 0 3.74647016e-06 -1
  outer loop
  vertex -0.00835448503 -0.00643491698 -0.0179997608
  vertex -0.00890028384 -0.00728571415 -0.0179997608
  vertex -0.00856792927 -0.00632285979 -0.0179997608
  endloop
 endfacet

 facet normal 0 0 -1
  outer loop
  vertex -0.00918912794 -0.00710785296 -0.0179997608
  vertex -0.00944375899 -0.00688373996 -0.0179997608
  vertex -0.0087483516 -0.00616300106 -0.0179997608
  endloop
 endfacet

 facet normal 0 0 -1
  outer loop
  vertex -0.00944375899 -0.00688373996 -0.0179997608
  vertex -0.00965684559 -0.00661981106 -0.0179997608
  vertex -0.0087483516 -0.00616300106 -0.0179997608
  endloop
 endfacet

 facet normal 0 0 -1
  outer loop
  vertex -0.0087483516 -0.00616300106 -0.0179997608
  vertex -0.00965684559 -0.00661981106 -0.0179997608
  vertex -0.008885324 -0.00596463587 -0.0179997608
  endloop
 endfacet

 facet normal 0 0 -1
  outer loop
  vertex -0.00965684559 -0.00661981106 -0.0179997608
  vertex -0.00982230902 -0.00632369518 -0.0179997608
  vertex -0.008885324 -0.00596463587 -0.0179997608
  endloop
 endfacet

 facet normal 0 0 -1
  outer loop
  vertex -0.00982230902 -0.00632369518 -0.0179997608
  vertex -0.00993531942 -0.00600385619 -0.0179997608
  vertex -0.00897079706 -0.00573921204 -0.0179997608
  endloop
 endfacet

 facet normal 0 1.07745e-05 -1
  outer loop
  vertex -0.00993531942 -0.00600385619 -0.0179997608
  vertex -0.00999265909 -0.00566953421 -0.0179997608
  vertex -0.00897079706 -0.00573921204 -0.0179997608
  endloop
 endfacet

 facet normal 0 0 -1
  outer loop
  vertex -0.00999265909 -0.00566953421 -0.0179997608
  vertex -0.00999265909 -0.0053302641 -0.0179997608
  vertex -0.00899988413 -0.00549989892 -0.0179997608
  endloop
 endfacet

 facet normal 0 -1.07745e-05 -1
  outer loop
  vertex -0.00999265909 -0.0053302641 -0.0179997608
  vertex -0.00993531942 -0.00499594212 -0.0179997608
  vertex -0.00897079706 -0.00526058581 -0.0179997608
  endloop
 endfacet

 facet normal 0 0 -1
  outer loop
  vertex -0.00993531942 -0.00499594212 -0.0179997608
  vertex -0.00982230902 -0.00467610313 -0.0179997608
  vertex -0.00897079706 -0.00526058581 -0.0179997608
  endloop
 endfacet

 facet normal 0 1.03133007e-05 -1
  outer loop
  vertex -0.00999265909 -0.0053302641 -0.0179997608
  vertex -0.00897079706 -0.00526058581 -0.0179997608
  vertex -0.00899988413 -0.00549989892 -0.0179997608
  endloop
 endfacet

 facet normal 0 0 -1
  outer loop
  vertex -0.00982230902 -0.00467610313 -0.0179997608
  vertex -0.00965684559 -0.00437998679 -0.0179997608
  vertex -0.008885324 -0.00503516104 -0.0179997608
  endloop
 endfacet

 facet normal 0 7.49171068e-06 -1
  outer loop
  vertex -0.00965684559 -0.00437998679 -0.0179997608
  vertex -0.0087483516 -0.00483679678 -0.0179997608
  vertex -0.008885324 -0.00503516104 -0.0179997608
  endloop
 endfacet

 facet normal 0 -1.03133007e-05 -1
  outer loop
  vertex -0.00999265909 -0.00566953421 -0.0179997608
  vertex -0.00899988413 -0.00549989892 -0.0179997608
  vertex -0.00897079706 -0.00573921204 -0.0179997608
  endloop
 endfacet

 facet normal 0 -3.75983996e-06 -1
  outer loop
  vertex -0.00982230902 -0.00632369518 -0.0179997608
  vertex -0.00897079706 -0.00573921204 -0.0179997608
  vertex -0.008885324 -0.00596463587 -0.0179997608
  endloop
 endfacet

 facet normal 0 3.76304024e-06 -1
  outer loop
  vertex -0.00695127202 -0.00720292283 -0.0179997608
  vertex -0.0076452489 -0.00643491698 -0.0179997608
  vertex -0.00743180513 -0.00632285979 -0.0179997608
  endloop
 endfacet

 facet normal 0 0 -1
  outer loop
  vertex -0.00757849216 -0.00745499087 -0.0179997608
  vertex -0.00787931588 -0.00649261381 -0.0179997608
  vertex -0.0076452489 -0.00643491698 -0.0179997608
  endloop
 endfacet

 facet normal 0 0 -1
  outer loop
  vertex -0.00787931588 -0.00649261381 -0.0179997608
  vertex -0.00791496038 -0.00749808503 -0.0179997608
  vertex -0.00812041666 -0.00649261381 -0.0179997608
  endloop
 endfacet

 facet normal 0 1.40790999e-05 -1
  outer loop
  vertex -0.00602865219 -0.00583791686 -0.0179997608
  vertex -0.00702893687 -0.00573921204 -0.0179997608
  vertex -0.00699990895 -0.00549989892 -0.0179997608
  endloop
 endfacet

 facet normal 0 -2.81057032e-06 -1
  outer loop
  vertex -0.00611412479 -0.0048336382 -0.0179997608
  vertex -0.00702893687 -0.00526058581 -0.0179997608
  vertex -0.00711440993 -0.00503516104 -0.0179997608
  endloop
 endfacet

 facet normal 0 0 -1
  outer loop
  vertex -0.00757849216 -0.00354480697 -0.0179997608
  vertex -0.0076452489 -0.00456488086 -0.0179997608
  vertex -0.00787931588 -0.00450718403 -0.0179997608
  endloop
 endfacet

 facet normal 0 3.75696982e-06 -1
  outer loop
  vertex -0.00812041666 -0.00450718403 -0.0179997608
  vertex -0.00835448503 -0.00456488086 -0.0179997608
  vertex -0.00858551171 -0.0035876031 -0.0179997608
  endloop
 endfacet

 facet normal 0 -1.40790999e-05 -1
  outer loop
  vertex -0.00602865219 -0.00516188098 -0.0179997608
  vertex -0.00699990895 -0.00549989892 -0.0179997608
  vertex -0.00702893687 -0.00526058581 -0.0179997608
  endloop
 endfacet

 facet normal 0 3.75983996e-06 -1
  outer loop
  vertex -0.00982230902 -0.00467610313 -0.0179997608
  vertex -0.008885324 -0.00503516104 -0.0179997608
  vertex -0.00897079706 -0.00526058581 -0.0179997608
  endloop
 endfacet

 facet normal 0 0 -1
  outer loop
  vertex -0.00711440993 -0.00503516104 -0.0179997608
  vertex -0.00725138094 -0.00483679678 -0.0179997608
  vertex -0.00625383807 -0.00452452805 -0.0179997608
  endloop
 endfacet

 facet normal 0 1.88731008e-06 -1
  outer loop
  vertex -0.00918912794 -0.00710785296 -0.0179997608
  vertex -0.0087483516 -0.00616300106 -0.0179997608
  vertex -0.00856792927 -0.00632285979 -0.0179997608
  endloop
 endfacet

 facet normal 0 0 -1
  outer loop
  vertex 0.0076452489 -0.00643491698 -0.0179997608
  vertex 0.00787931588 -0.00649261381 -0.0179997608
  vertex 0.00741422083 -0.00741219521 -0.0179997608
  endloop
 endfacet

 facet normal 0 0 -1
  outer loop
  vertex 0.00787931588 -0.00649261381 -0.0179997608
  vertex 0.00808477402 -0.00749808503 -0.0179997608
  vertex 0.00774586201 -0.00748366117 -0.0179997608
  endloop
 endfacet

 facet normal 0 0 -1
  outer loop
  vertex 0.00774586201 -0.00748366117 -0.0179997608
  vertex 0.00741422083 -0.00741219521 -0.0179997608
  vertex 0.00787931588 -0.00649261381 -0.0179997608
  endloop
 endfacet

 facet normal 0 0 -1
  outer loop
  vertex 0.00741422083 -0.00741219521 -0.0179997608
  vertex 0.00709944917 -0.00728571415 -0.0179997608
  vertex 0.0076452489 -0.00643491698 -0.0179997608
  endloop
 endfacet

 facet normal 0 0 -1
  outer loop
  vertex 0.00709944917 -0.00728571415 -0.0179997608
  vertex 0.00681060506 -0.00710785296 -0.0179997608
  vertex 0.00743180513 -0.00632285979 -0.0179997608
  endloop
 endfacet

 facet normal 0 -1.07280011e-05 -1
  outer loop
  vertex 0.00681060506 -0.00710785296 -0.0179997608
  vertex 0.00655597402 -0.00688373996 -0.0179997608
  vertex 0.00743180513 -0.00632285979 -0.0179997608
  endloop
 endfacet

 facet normal 0 0 -1
  outer loop
  vertex 0.00655597402 -0.00688373996 -0.0179997608
  vertex 0.00634288695 -0.0066198702 -0.0179997608
  vertex 0.00725138094 -0.00616300106 -0.0179997608
  endloop
 endfacet

 facet normal 0 0 -1
  outer loop
  vertex 0.00743180513 -0.00632285979 -0.0179997608
  vertex 0.00655597402 -0.00688373996 -0.0179997608
  vertex 0.00725138094 -0.00616300106 -0.0179997608
  endloop
 endfacet

 facet normal 0 0 -1
  outer loop
  vertex 0.00634288695 -0.0066198702 -0.0179997608
  vertex 0.00617742492 -0.00632369518 -0.0179997608
  vertex 0.00711440993 -0.00596463587 -0.0179997608
  endloop
 endfacet

 facet normal 0 0 -1
  outer loop
  vertex 0.00617742492 -0.00632369518 -0.0179997608
  vertex 0.00606441405 -0.00600385619 -0.0179997608
  vertex 0.00702893687 -0.00573921204 -0.0179997608
  endloop
 endfacet

 facet normal 0 -7.49167066e-06 -1
  outer loop
  vertex 0.00634288695 -0.0066198702 -0.0179997608
  vertex 0.00711440993 -0.00596463587 -0.0179997608
  vertex 0.00725138094 -0.00616300106 -0.0179997608
  endloop
 endfacet

 facet normal 0 0 -1
  outer loop
  vertex 0.00606441405 -0.00600385619 -0.0179997608
  vertex 0.00600707484 -0.00566953421 -0.0179997608
  vertex 0.00702893687 -0.00573921204 -0.0179997608
  endloop
 endfacet

 facet normal 0 0 -1
  outer loop
  vertex 0.00600707484 -0.00566953421 -0.0179997608
  vertex 0.00600707484 -0.00533032417 -0.0179997608
  vertex 0.00699984981 -0.00549989892 -0.0179997608
  endloop
 endfacet

 facet normal 0 0 -1
  outer loop
  vertex 0.00702893687 -0.00573921204 -0.0179997608
  vertex 0.00600707484 -0.00566953421 -0.0179997608
  vertex 0.00699984981 -0.00549989892 -0.0179997608
  endloop
 endfacet

 facet normal 0 0 -1
  outer loop
  vertex 0.00600707484 -0.00533032417 -0.0179997608
  vertex 0.00606441405 -0.00499594212 -0.0179997608
  vertex 0.00702893687 -0.00526058581 -0.0179997608
  endloop
 endfacet

 facet normal 0 1.07506012e-05 -1
  outer loop
  vertex 0.00606441405 -0.00499594212 -0.0179997608
  vertex 0.00617742492 -0.00467610313 -0.0179997608
  vertex 0.00702893687 -0.00526058581 -0.0179997608
  endloop
 endfacet

 facet normal 0 0 -1
  outer loop
  vertex 0.00702893687 -0.00526058581 -0.0179997608
  vertex 0.00617742492 -0.00467610313 -0.0179997608
  vertex 0.00711440993 -0.00503516104 -0.0179997608
  endloop
 endfacet

 facet normal 0 -5.39941084e-06 -1
  outer loop
  vertex 0.00617742492 -0.00467610313 -0.0179997608
  vertex 0.00634288695 -0.00437998679 -0.0179997608
  vertex 0.00711440993 -0.00503516104 -0.0179997608
  endloop
 endfacet

 facet normal 0 -5.3955896e-06 -1
  outer loop
  vertex 0.00634288695 -0.00437998679 -0.0179997608
  vertex 0.00655597402 -0.00411605788 -0.0179997608
  vertex 0.00725138094 -0.00483679678 -0.0179997608
  endloop
 endfacet

 facet normal 0 0 -1
  outer loop
  vertex 0.00655597402 -0.00411605788 -0.0179997608
  vertex 0.00681060506 -0.00389194395 -0.0179997608
  vertex 0.00743180513 -0.00467693806 -0.0179997608
  endloop
 endfacet

 facet normal 0 0 -1
  outer loop
  vertex 0.00681060506 -0.00389194395 -0.0179997608
  vertex 0.00709944917 -0.00371408393 -0.0179997608
  vertex 0.00743180513 -0.00467693806 -0.0179997608
  endloop
 endfacet

 facet normal 0 2.70011014e-06 -1
  outer loop
  vertex 0.00709944917 -0.00371408393 -0.0179997608
  vertex 0.00741422083 -0.0035876031 -0.0179997608
  vertex 0.0076452489 -0.00456488086 -0.0179997608
  endloop
 endfacet

 facet normal 0 -2.68932013e-06 -1
  outer loop
  vertex 0.00741422083 -0.0035876031 -0.0179997608
  vertex 0.00774586201 -0.0035161369 -0.0179997608
  vertex 0.00787931588 -0.00450718403 -0.0179997608
  endloop
 endfacet

 facet normal 0 -3.74646015e-06 -1
  outer loop
  vertex 0.00709944917 -0.00371408393 -0.0179997608
  vertex 0.0076452489 -0.00456488086 -0.0179997608
  vertex 0.00743180513 -0.00467693806 -0.0179997608
  endloop
 endfacet

 facet normal 0 -1.34615016e-06 -1
  outer loop
  vertex 0.00774586201 -0.0035161369 -0.0179997608
  vertex 0.00808477402 -0.00350171304 -0.0179997608
  vertex 0.00787931588 -0.00450718403 -0.0179997608
  endloop
 endfacet

 facet normal 0 -2.70060036e-06 -1
  outer loop
  vertex 0.00808477402 -0.00350171304 -0.0179997608
  vertex 0.00842124224 -0.00354480697 -0.0179997608
  vertex 0.00812041666 -0.00450718403 -0.0179997608
  endloop
 endfacet

 facet normal 0 0 -1
  outer loop
  vertex 0.00842124224 -0.00354480697 -0.0179997608
  vertex 0.00874555111 -0.00364416791 -0.0179997608
  vertex 0.00835448503 -0.00456488086 -0.0179997608
  endloop
 endfacet

 facet normal 0 0 -1
  outer loop
  vertex 0.00874555111 -0.00364416791 -0.0179997608
  vertex 0.00904846098 -0.00379687501 -0.0179997608
  vertex 0.00835448503 -0.00456488086 -0.0179997608
  endloop
 endfacet

 facet normal 0 3.74868023e-06 -1
  outer loop
  vertex 0.00842124224 -0.00354480697 -0.0179997608
  vertex 0.00835448503 -0.00456488086 -0.0179997608
  vertex 0.00812041666 -0.00450718403 -0.0179997608
  endloop
 endfacet

 facet normal 0 0 -1
  outer loop
  vertex 0.00904846098 -0.00379687501 -0.0179997608
  vertex 0.00932121184 -0.00399857713 -0.0179997608
  vertex 0.00856792927 -0.00467693806 -0.0179997608
  endloop
 endfacet

 facet normal 0 0 -1
  outer loop
  vertex 0.00932121184 -0.00399857713 -0.0179997608
  vertex 0.00955593493 -0.00424349308 -0.0179997608
  vertex 0.0087483516 -0.00483679678 -0.0179997608
  endloop
 endfacet

 facet normal 0 0 -1
  outer loop
  vertex 0.00856792927 -0.00467693806 -0.0179997608
  vertex 0.00932121184 -0.00399857713 -0.0179997608
  vertex 0.0087483516 -0.00483679678 -0.0179997608
  endloop
 endfacet

 facet normal 0 0 -1
  outer loop
  vertex 0.00955593493 -0.00424349308 -0.0179997608
  vertex 0.00974589493 -0.00452452805 -0.0179997608
  vertex 0.0087483516 -0.00483679678 -0.0179997608
  endloop
 endfacet

 facet normal 0 0 -1
  outer loop
  vertex 0.00974589493 -0.00452452805 -0.0179997608
  vertex 0.00988560915 -0.0048336382 -0.0179997608
  vertex 0.008885324 -0.00503516104 -0.0179997608
  endloop
 endfacet

 facet normal 0 0 -1
  outer loop
  vertex 0.0087483516 -0.00483679678 -0.0179997608
  vertex 0.00974589493 -0.00452452805 -0.0179997608
  vertex 0.008885324 -0.00503516104 -0.0179997608
  endloop
 endfacet

 facet normal 0 -3.76305024e-06 -1
  outer loop
  vertex 0.00904846098 -0.00379687501 -0.0179997608
  vertex 0.00856792927 -0.00467693806 -0.0179997608
  vertex 0.00835448503 -0.00456488086 -0.0179997608
  endloop
 endfacet

 facet normal 0 0 -1
  outer loop
  vertex 0.00808477402 -0.00350171304 -0.0179997608
  vertex 0.00812041666 -0.00450718403 -0.0179997608
  vertex 0.00787931588 -0.00450718403 -0.0179997608
  endloop
 endfacet

 facet normal 0 9.36457036e-06 -1
  outer loop
  vertex 0.00634288695 -0.00437998679 -0.0179997608
  vertex 0.00725138094 -0.00483679678 -0.0179997608
  vertex 0.00711440993 -0.00503516104 -0.0179997608
  endloop
 endfacet

 facet normal 0 0 -1
  outer loop
  vertex 0.00725138094 -0.00483679678 -0.0179997608
  vertex 0.00655597402 -0.00411605788 -0.0179997608
  vertex 0.00743180513 -0.00467693806 -0.0179997608
  endloop
 endfacet

 facet normal 0 3.74647016e-06 -1
  outer loop
  vertex 0.00709944917 -0.00728571415 -0.0179997608
  vertex 0.00743180513 -0.00632285979 -0.0179997608
  vertex 0.0076452489 -0.00643491698 -0.0179997608
  endloop
 endfacet

 facet normal 0 0 -1
  outer loop
  vertex 0.00711440993 -0.00596463587 -0.0179997608
  vertex 0.00617742492 -0.00632369518 -0.0179997608
  vertex 0.00702893687 -0.00573921204 -0.0179997608
  endloop
 endfacet

 facet normal 0 3.75697982e-06 -1
  outer loop
  vertex 0.00787931588 -0.00450718403 -0.0179997608
  vertex 0.0076452489 -0.00456488086 -0.0179997608
  vertex 0.00741422083 -0.0035876031 -0.0179997608
  endloop
 endfacet

 facet normal 0 0 -1
  outer loop
  vertex -0.00918912794 -0.00389194395 -0.0179997608
  vertex -0.00856792927 -0.00467693806 -0.0179997608
  vertex -0.00944375899 -0.00411605788 -0.0179997608
  endloop
 endfacet

 facet normal 0 0 -1
  outer loop
  vertex -0.00856792927 -0.00467693806 -0.0179997608
  vertex -0.0087483516 -0.00483679678 -0.0179997608
  vertex -0.00944375899 -0.00411605788 -0.0179997608
  endloop
 endfacet

 facet normal -0.849036753 -0.342018396 0.402690947
  outer loop
  vertex -0.00717687607 -0.00249993801 0.00743180513
  vertex -0.00706487801 -0.00249993801 0.0076452489
  vertex -0.00706487801 0 0.0076452489
  endloop
 endfacet

 facet normal 0.936659098 0.0754512176 0.342018753
  outer loop
  vertex -0.00899988413 -0.00549989892 -0.0179997608
  vertex -0.00899988413 -0.00549989892 -0.0159997903
  vertex -0.00897079706 -0.00573921204 -0.0159997903
  endloop
 endfacet

 facet normal -0.864434063 -0.368478805 0.342018992
  outer loop
  vertex 0.00897079706 -0.00526058581 -0.0159997903
  vertex 0.008885324 -0.00503516104 -0.0159997903
  vertex 0.008885324 -0.00503516104 -0.0179997608
  endloop
 endfacet

 facet normal 0.813716471 -0.342019022 0.46998772
  outer loop
  vertex 0.00706487801 -0.00249993801 0.0076452489
  vertex 0.00717687607 -0.00249993801 0.00743180513
  vertex 0.00717687607 0 0.00743180513
  endloop
 endfacet

 facet normal 0.316238374 0.948679864 1.40354014e-05
  outer loop
  vertex 0.0022735591 -0.00292444206 0.0175812803
  vertex 0.00218397309 -0.00289463904 0.0175348502
  vertex 0.00209093001 -0.00286358502 0.0175080802
  endloop
 endfacet

 facet normal 0.316170484 0.948702335 2.76815945e-06
  outer loop
  vertex 0.00209093001 -0.00286358502 0.0175080802
  vertex 0.00190895703 -0.00280290795 0.0175080802
  vertex 0.00181591499 -0.00277191401 0.0175348502
  endloop
 endfacet

 facet normal 0.316162527 0.948705077 -6.39771997e-06
  outer loop
  vertex 0.00181591499 -0.00277191401 0.0175348502
  vertex 0.00172632898 -0.00274205208 0.0175812803
  vertex 0.00164639903 -0.0027154081 0.0176461898
  endloop
 endfacet

 facet normal 0.316219151 0.948686123 0
  outer loop
  vertex 0.00164639903 -0.0027154081 0.0176461898
  vertex 0.00158142997 -0.00269377208 0.0177261196
  vertex 0.00149994995 -0.0026665919 0.0179997608
  endloop
 endfacet

 facet normal 0.316239804 0.948679328 -2.4988899e-06
  outer loop
  vertex 0.00158142997 -0.00269377208 0.0177261196
  vertex 0.00153505802 -0.00267827511 0.0178156998
  vertex 0.00149994995 -0.0026665919 0.0179997608
  endloop
 endfacet

 facet normal 0.316227585 0.948683381 -4.36596991e-07
  outer loop
  vertex 0.00149994995 -0.0026665919 0.0179997608
  vertex -0.00049999397 -0.00199991395 0.0179997608
  vertex -0.00049999397 -0.00199991395 0.0189997498
  endloop
 endfacet

 facet normal 0.316227734 0.948683262 2.2581996e-07
  outer loop
  vertex 0.00209093001 -0.00286358502 0.0175080802
  vertex 0.00181591499 -0.00277191401 0.0175348502
  vertex 0.00149994995 -0.0026665919 0.0179997608
  endloop
 endfacet

 facet normal 0.316225529 0.948684096 -3.09048073e-06
  outer loop
  vertex 0.00181591499 -0.00277191401 0.0175348502
  vertex 0.00164639903 -0.0027154081 0.0176461898
  vertex 0.00149994995 -0.0026665919 0.0179997608
  endloop
 endfacet

 facet normal 0.316248238 0.948676527 -4.26625002e-06
  outer loop
  vertex 0.00235348893 -0.0029510851 0.0176461898
  vertex 0.0022735591 -0.00292444206 0.0175812803
  vertex 0.00246482994 -0.00298821903 0.0178156998
  endloop
 endfacet

 facet normal 0.316225499 0.948684096 -1.87102012e-06
  outer loop
  vertex 0.0022735591 -0.00292444206 0.0175812803
  vertex 0.00209093001 -0.00286358502 0.0175080802
  vertex 0.00246482994 -0.00298821903 0.0178156998
  endloop
 endfacet

 facet normal 0.316181719 0.948698699 3.19918013e-06
  outer loop
  vertex 0.00246482994 -0.00298821903 0.0178156998
  vertex 0.002418458 -0.00297278096 0.0177261196
  vertex 0.00235348893 -0.0029510851 0.0176461898
  endloop
 endfacet

 facet normal 0.316227973 0.948683202 -2.15710969e-07
  outer loop
  vertex 0.00249993801 -0.00299990107 0.0189997498
  vertex 0.00249993801 -0.00299990107 0.0179997608
  vertex 0.00149994995 -0.0026665919 0.0179997608
  endloop
 endfacet

 facet normal 0.316221058 0.948685586 0
  outer loop
  vertex 0.00249993801 -0.00299990107 0.0179997608
  vertex 0.00246482994 -0.00298821903 0.0178156998
  vertex 0.00209093001 -0.00286358502 0.0175080802
  endloop
 endfacet

 facet normal 0.316228718 0.948683083 -9.87182034e-07
  outer loop
  vertex 0.00149994995 -0.0026665919 0.0179997608
  vertex 0.00249993801 -0.00299990107 0.0179997608
  vertex 0.00209093001 -0.00286358502 0.0175080802
  endloop
 endfacet

 facet normal 0.167238608 0.67849654 -0.715313733
  outer loop
  vertex -0.00825393107 -0.00748366117 -0.0189997498
  vertex -0.00858551171 -0.00741219521 -0.0189997498
  vertex -0.00858551171 -0.00741219521 -0.0179997608
  endloop
 endfacet

 facet normal -0.938924372 -0.342018396 -0.0380041972
  outer loop
  vertex 0.00899255183 -0.00249993801 -0.000120534001
  vertex 0.00899255183 -0.00249993801 0.000120535988
  vertex 0.00899255183 0 0.000120534998
  endloop
 endfacet

 facet normal -0.902546227 -0.342018872 -0.261597663
  outer loop
  vertex -0.00700718118 -0.00249993801 -0.00787931588
  vertex -0.00706487801 -0.00249993801 -0.0076452489
  vertex -0.00706487801 0 -0.0076452489
  endloop
 endfacet

 facet normal -0.184897751 0.673897982 -0.715314209
  outer loop
  vertex -0.00725418283 -0.00735562993 -0.0189997498
  vertex -0.00757849216 -0.00745499087 -0.0189997498
  vertex -0.00757849216 -0.00745499087 -0.0179997608
  endloop
 endfacet

 facet normal 0.27949962 -0.640473664 -0.715313613
  outer loop
  vertex -0.00890028384 -0.00371408393 -0.0179997608
  vertex -0.00890028384 -0.00371408393 -0.0189997498
  vertex -0.00858551171 -0.0035876031 -0.0189997498
  endloop
 endfacet

 facet normal 0 1.05022013e-06 1
  outer loop
  vertex -0.00973188784 -0.00399994804 -0.00499987602
  vertex -0.00626784516 -0.00399994804 -0.00499987602
  vertex -0.00626784516 -0.00299996091 -0.00499987602
  endloop
 endfacet

 facet normal 0.0754499435 -0.342018545 0.936659336
  outer loop
  vertex 0.00776058389 -0.00249993801 0.00702893687
  vertex 0.007999897 -0.00249993801 0.00699990895
  vertex 0.007999897 0 0.00699990895
  endloop
 endfacet

 facet normal 0.938924313 -0.342019051 -0.0380014852
  outer loop
  vertex 0.00700718118 0 0.000120534998
  vertex 0.00700718118 -0.00249993801 0.000120535988
  vertex 0.00700718118 -0.00249993801 -0.000120534001
  endloop
 endfacet

 facet normal -0.677595496 -0.342018515 -0.651066661
  outer loop
  vertex 0.00882285833 -0.00249993801 0.000568057992
  vertex 0.00866299774 -0.00249993801 0.000748501974
  vertex 0.00866299774 0 0.000748500985
  endloop
 endfacet

 facet normal 0 5.25111034e-07 1
  outer loop
  vertex 0.00684517622 -0.00399994804 -0.00199991395
  vertex 0.00915455818 -0.00399994804 -0.00199991395
  vertex 0.00915455818 -0.00249993801 -0.00199991395
  endloop
 endfacet

 facet normal 0.502094388 -0.342018872 0.794307411
  outer loop
  vertex 0.00733673479 -0.00249993801 -0.000748499995
  vertex 0.00753515912 -0.00249993801 -0.000885443937
  vertex 0.00753515912 0 -0.000885444984
  endloop
 endfacet

 facet normal 0.849036634 -0.342018992 0.402690858
  outer loop
  vertex -0.000935004035 0 -0.00835448503
  vertex -0.000935004966 -0.00249993801 -0.00835448503
  vertex -0.00082297402 -0.00249993801 -0.00856792927
  endloop
 endfacet

 facet normal -0.902546346 -0.3420192 -0.261597216
  outer loop
  vertex 0.00899255183 -0.00249993801 0.000120535988
  vertex 0.00893485546 -0.00249993801 0.000354600983
  vertex 0.00893485546 0 0.000354599993
  endloop
 endfacet

 facet normal -0.866025627 0 0.499999702
  outer loop
  vertex 0.00453579379 -0.00399988797 0.007999897
  vertex 0.00626784516 -0.00399988797 0.01099985
  vertex 0.00626784516 -0.00299990107 0.01099985
  endloop
 endfacet

 facet normal -0.866025448 0 -0.499999881
  outer loop
  vertex 0.01030921 -0.00399994804 0.007999897
  vertex 0.00915455818 -0.00399988797 0.00999987125
  vertex 0.00915455818 -0.00249993801 0.00999987125
  endloop
 endfacet

 facet normal -0.0380026735 -0.938924193 -0.342019081
  outer loop
  vertex -0.00812041666 -0.00450718403 0.0159997903
  vertex -0.00787931588 -0.00450718403 0.0159997903
  vertex -0.00787931588 -0.00450718403 0.0179997608
  endloop
 endfacet

 facet normal -0.518499792 -0.468492091 -0.715313435
  outer loop
  vertex -0.00667852117 -0.00399857713 -0.0189997498
  vertex -0.00644379808 -0.00424349308 -0.0189997498
  vertex -0.00644379808 -0.00424349308 -0.0179997608
  endloop
 endfacet

 facet normal 0.751133382 0.564642906 -0.342018783
  outer loop
  vertex -0.0087483516 -0.00616300106 0.0179997608
  vertex -0.0087483516 -0.00616300106 0.0159997903
  vertex -0.008885324 -0.00596463587 0.0159997903
  endloop
 endfacet

 facet normal -4.08032975e-06 1 -1.19345998e-07
  outer loop
  vertex -0.00399994804 -0.00149994995 0
  vertex -0.00397092104 -0.00149994995 0.000480652991
  vertex -0.003884434 -0.00149994995 0.000954339979
  endloop
 endfacet

 facet normal -8.1606504e-06 1 1.19351012e-06
  outer loop
  vertex -0.003884434 -0.00149994995 0.000954339979
  vertex -0.0037415619 -0.00149994995 0.00141417899
  vertex -0.00354450895 -0.00149994995 0.00185352506
  endloop
 endfacet

 facet normal 0 1 -1.23754012e-06
  outer loop
  vertex -0.00354450895 -0.00149994995 0.00185352506
  vertex -0.00329613592 -0.00149994995 0.00226604892
  vertex -0.00299996091 -0.00149994995 0.0026456709
  endloop
 endfacet

 facet normal 4.35237979e-07 1 -3.52012052e-07
  outer loop
  vertex -0.00299996091 -0.00149994995 0.0026456709
  vertex -0.00299996091 -0.00149994995 -0.0026456709
  vertex -0.00329613592 -0.00149994995 -0.00226604892
  endloop
 endfacet

 facet normal -4.08031974e-06 1 -1.25256997e-06
  outer loop
  vertex -0.00329613592 -0.00149994995 -0.00226604892
  vertex -0.00354450895 -0.00149994995 -0.00185352506
  vertex -0.0037415619 -0.00149994995 -0.00141417899
  endloop
 endfacet

 facet normal 0 1 -4.70418001e-07
  outer loop
  vertex -0.0037415619 -0.00149994995 -0.00141417899
  vertex -0.003884434 -0.00149994995 -0.000954337942
  vertex -0.00397092104 -0.00149994995 -0.000480651972
  endloop
 endfacet

 facet normal 0 1 -1.58733002e-07
  outer loop
  vertex -0.00397092104 -0.00149994995 -0.000480651972
  vertex -0.00399994804 -0.00149994995 0
  vertex -0.0037415619 -0.00149994995 -0.00141417899
  endloop
 endfacet

 facet normal 1.10940005e-06 1 -3.84145039e-07
  outer loop
  vertex -0.00399994804 -0.00149994995 0
  vertex -0.003884434 -0.00149994995 0.000954339979
  vertex -0.0037415619 -0.00149994995 -0.00141417899
  endloop
 endfacet

 facet normal 9.74357022e-07 1 -3.74730007e-07
  outer loop
  vertex -0.003884434 -0.00149994995 0.000954339979
  vertex -0.00354450895 -0.00149994995 0.00185352506
  vertex -0.0037415619 -0.00149994995 -0.00141417899
  endloop
 endfacet

 facet normal 5.60198032e-07 1 -3.76378011e-07
  outer loop
  vertex -0.00354450895 -0.00149994995 0.00185352506
  vertex -0.00299996091 -0.00149994995 0.0026456709
  vertex -0.0037415619 -0.00149994995 -0.00141417899
  endloop
 endfacet

 facet normal -3.93833005e-07 -1 2.32834026e-07
  outer loop
  vertex -0.00115466095 -0.00249993801 -0.00999987125
  vertex 0.00115466095 -0.00249993801 -0.00999987125
  vertex 0 -0.00249993801 -0.00899988413
  endloop
 endfacet

 facet normal 2.55194004e-06 -1 1.39368001e-06
  outer loop
  vertex 0.00115466095 -0.00249993801 -0.00999987125
  vertex 0.000239311994 -0.00249993801 -0.00897079706
  vertex 0 -0.00249993801 -0.00899988413
  endloop
 endfacet

 facet normal 0 -1 1.69184005e-07
  outer loop
  vertex -0.000239312998 -0.00249993801 -0.00897079706
  vertex -0.000464718003 -0.00249993801 -0.008885324
  vertex -0.00115466095 -0.00249993801 -0.00999987125
  endloop
 endfacet

 facet normal 0.920735478 -0.34201926 -0.187800825
  outer loop
  vertex 0.00706487801 -0.00249993801 0.000354600983
  vertex 0.00700718118 -0.00249993801 0.000120535988
  vertex 0.00700718118 0 0.000120534998
  endloop
 endfacet

 facet normal 0.502093494 -0.342019796 -0.79430753
  outer loop
  vertex -0.000464716984 0 0.008885324
  vertex -0.000464718003 -0.00249993801 0.008885324
  vertex -0.000663115003 -0.00249993801 0.0087483516
  endloop
 endfacet

 facet normal 0.31618306 -0.948698223 0
  outer loop
  vertex 0.00199991395 -0.00616657687 -0.0174997393
  vertex 0.00187688996 -0.00620758487 -0.0175151192
  vertex 0.001764655 -0.00624501705 -0.0175585691
  endloop
 endfacet

 facet normal 0.316220671 -0.948685646 5.16950922e-06
  outer loop
  vertex 0.001764655 -0.00624501705 -0.0175585691
  vertex 0.00167119503 -0.00627613021 -0.0176229998
  vertex 0.00150436105 -0.00633174088 -0.0179333594
  endloop
 endfacet

 facet normal 0.316262603 -0.948671758 -9.41326016e-06
  outer loop
  vertex 0.00167119503 -0.00627613021 -0.0176229998
  vertex 0.00159996701 -0.006299912 -0.0176997092
  vertex 0.00150436105 -0.00633174088 -0.0179333594
  endloop
 endfacet

 facet normal 0.316227466 -0.948683381 0
  outer loop
  vertex 0.00150436105 -0.00633174088 -0.0179333594
  vertex -0.00049999496 -0.00699990895 -0.0179997608
  vertex -0.00049999496 -0.00699990895 -0.0189997498
  endloop
 endfacet

 facet normal 0.316221386 -0.948685408 2.65244989e-06
  outer loop
  vertex 0.002122998 -0.00612556888 -0.0175151192
  vertex 0.00199991395 -0.00616657687 -0.0174997393
  vertex 0.00150436105 -0.00633174088 -0.0179333594
  endloop
 endfacet

 facet normal 0.316236675 -0.948680341 -1.10994984e-06
  outer loop
  vertex 0.00199991395 -0.00616657687 -0.0174997393
  vertex 0.001764655 -0.00624501705 -0.0175585691
  vertex 0.00150436105 -0.00633174088 -0.0179333594
  endloop
 endfacet

 facet normal 0.316259205 -0.948672891 0
  outer loop
  vertex 0.00232869294 -0.00605696393 -0.0176229998
  vertex 0.00223523309 -0.00608813716 -0.0175585691
  vertex 0.00247990992 -0.00600653794 -0.0178597495
  endloop
 endfacet

 facet normal 0.316210985 -0.948688924 0
  outer loop
  vertex 0.00223523309 -0.00608813716 -0.0175585691
  vertex 0.002122998 -0.00612556888 -0.0175151192
  vertex 0.00247990992 -0.00600653794 -0.0178597495
  endloop
 endfacet

 facet normal 0.316212356 -0.948688447 5.12648967e-06
  outer loop
  vertex 0.00247990992 -0.00600653794 -0.0178597495
  vertex 0.00239992095 -0.00603324082 -0.0176997092
  vertex 0.00232869294 -0.00605696393 -0.0176229998
  endloop
 endfacet

 facet normal 0.316228658 -0.948682964 3.25005004e-07
  outer loop
  vertex 0.00249993801 -0.00599992182 -0.0189997498
  vertex 0.00249993801 -0.00599992182 -0.0179997608
  vertex 0.00150436105 -0.00633174088 -0.0179333594
  endloop
 endfacet

 facet normal 0.316221744 -0.948685288 -2.50380936e-06
  outer loop
  vertex 0.00249993801 -0.00599992182 -0.0179997608
  vertex 0.00247990992 -0.00600653794 -0.0178597495
  vertex 0.002122998 -0.00612556888 -0.0175151192
  endloop
 endfacet

 facet normal 0.316228867 -0.948682964 0
  outer loop
  vertex 0.00150436105 -0.00633174088 -0.0179333594
  vertex 0.00249993801 -0.00599992182 -0.0179997608
  vertex 0.002122998 -0.00612556888 -0.0175151192
  endloop
 endfacet

 facet normal -0.651758671 -0.252064377 0.71531415
  outer loop
  vertex -0.00606441405 -0.00499594212 0.0189997498
  vertex -0.00617742492 -0.00467610313 0.0189997498
  vertex -0.00617742492 -0.00467610313 0.0179997608
  endloop
 endfacet

 facet normal 0.46998775 0.81371671 0.342018545
  outer loop
  vertex -0.00856792927 -0.00632285979 -0.0179997608
  vertex -0.00856792927 -0.00632285979 -0.0159997903
  vertex -0.00835448503 -0.00643491698 -0.0159997903
  endloop
 endfacet

 facet normal 0.368478924 -0.342019439 -0.864433885
  outer loop
  vertex -0.000239312998 -0.00249993801 0.00897079706
  vertex -0.000464718003 -0.00249993801 0.008885324
  vertex -0.000464716984 0 0.008885324
  endloop
 endfacet

 facet normal -0.332808942 -0.614463091 -0.715313613
  outer loop
  vertex 0.00874555111 -0.00364416791 -0.0189997498
  vertex 0.00904846098 -0.00379687501 -0.0189997498
  vertex 0.00904846098 -0.00379687501 -0.0179997608
  endloop
 endfacet

 facet normal -0.628033936 0.306430399 -0.715313673
  outer loop
  vertex -0.00611412479 -0.00616616011 -0.0189997498
  vertex -0.00625383807 -0.00647526886 -0.0189997498
  vertex -0.00625383807 -0.00647526886 -0.0179997608
  endloop
 endfacet

 facet normal -0.368479282 0.34201926 0.864433825
  outer loop
  vertex -0.00753515912 -0.00249993801 -0.008885324
  vertex -0.00753515912 0 -0.008885324
  vertex -0.00776058389 0 -0.00897079706
  endloop
 endfacet

 facet normal 0 0 1
  outer loop
  vertex -0.0114998203 -0.00599992182 -0.0159997903
  vertex -0.0124998 -0.00599992182 -0.0159997903
  vertex -0.00949984696 -0.00899988413 -0.0159997903
  endloop
 endfacet

 facet normal 1.61244017e-07 3.41176997e-06 1
  outer loop
  vertex -0.00949984696 -0.00899988413 -0.0159997903
  vertex -0.00812041666 -0.00649261381 -0.0159997903
  vertex -0.00835448503 -0.00643491698 -0.0159997903
  endloop
 endfacet

 facet normal 3.0876501e-07 6.7287101e-07 1
  outer loop
  vertex -0.00949984696 -0.00899988413 -0.0159997903
  vertex -0.00835448503 -0.00643491698 -0.0159997903
  vertex -0.00856792927 -0.00632285979 -0.0159997903
  endloop
 endfacet

 facet normal 0 0 1
  outer loop
  vertex -0.0114998203 -0.0034999249 -0.0159997903
  vertex -0.0114998203 -0.00599992182 -0.0159997903
  vertex -0.00897079706 -0.00526058581 -0.0159997903
  endloop
 endfacet

 facet normal 0 1.37663005e-06 1
  outer loop
  vertex -0.0114998203 -0.00599992182 -0.0159997903
  vertex -0.00949984696 -0.00899988413 -0.0159997903
  vertex -0.0087483516 -0.00616300106 -0.0159997903
  endloop
 endfacet

 facet normal 0 0 1
  outer loop
  vertex -0.008885324 -0.00596463587 -0.0159997903
  vertex -0.0114998203 -0.00599992182 -0.0159997903
  vertex -0.0087483516 -0.00616300106 -0.0159997903
  endloop
 endfacet

 facet normal 0 0 1
  outer loop
  vertex -0.00725138094 -0.00483679678 -0.0159997903
  vertex -0.00711440993 -0.00503516104 -0.0159997903
  vertex -0.0044999118 -0.0034999249 -0.0159997903
  endloop
 endfacet

 facet normal 0 0 1
  outer loop
  vertex -0.00743180513 -0.00467693806 -0.0159997903
  vertex -0.00725138094 -0.00483679678 -0.0159997903
  vertex -0.0044999118 -0.0034999249 -0.0159997903
  endloop
 endfacet

 facet normal 4.71129027e-07 -7.19520074e-07 1
  outer loop
  vertex -0.00949984696 -0.00899988413 -0.0159997903
  vertex -0.00856792927 -0.00632285979 -0.0159997903
  vertex -0.0087483516 -0.00616300106 -0.0159997903
  endloop
 endfacet

 facet normal 0 0 1
  outer loop
  vertex -0.0076452489 -0.00456488086 -0.0159997903
  vertex -0.00743180513 -0.00467693806 -0.0159997903
  vertex -0.0044999118 -0.0034999249 -0.0159997903
  endloop
 endfacet

 facet normal 0 0 1
  outer loop
  vertex -0.00787931588 -0.00450718403 -0.0159997903
  vertex -0.0076452489 -0.00456488086 -0.0159997903
  vertex -0.0044999118 -0.0034999249 -0.0159997903
  endloop
 endfacet

 facet normal 0 9.21259016e-06 1
  outer loop
  vertex -0.0114998203 -0.00599992182 -0.0159997903
  vertex -0.008885324 -0.00596463587 -0.0159997903
  vertex -0.00897079706 -0.00573921204 -0.0159997903
  endloop
 endfacet

 facet normal 0 -4.35970014e-06 1
  outer loop
  vertex -0.0114998203 -0.00599992182 -0.0159997903
  vertex -0.00897079706 -0.00573921204 -0.0159997903
  vertex -0.00899988413 -0.00549989892 -0.0159997903
  endloop
 endfacet

 facet normal 0 2.06384993e-06 1
  outer loop
  vertex -0.00787931588 -0.00450718403 -0.0159997903
  vertex -0.0044999118 -0.0034999249 -0.0159997903
  vertex -0.0114998203 -0.0034999249 -0.0159997903
  endloop
 endfacet

 facet normal 0 -2.99636995e-05 1
  outer loop
  vertex -0.00812041666 -0.00450718403 -0.0159997903
  vertex -0.00787931588 -0.00450718403 -0.0159997903
  vertex -0.0114998203 -0.0034999249 -0.0159997903
  endloop
 endfacet

 facet normal 0 4.57674014e-06 1
  outer loop
  vertex -0.0114998203 -0.00599992182 -0.0159997903
  vertex -0.00899988413 -0.00549989892 -0.0159997903
  vertex -0.00897079706 -0.00526058581 -0.0159997903
  endloop
 endfacet

 facet normal 0 0 1
  outer loop
  vertex -0.00835448503 -0.00456488086 -0.0159997903
  vertex -0.00812041666 -0.00450718403 -0.0159997903
  vertex -0.0114998203 -0.0034999249 -0.0159997903
  endloop
 endfacet

 facet normal 0 0 1
  outer loop
  vertex -0.00856792927 -0.00467693806 -0.0159997903
  vertex -0.00835448503 -0.00456488086 -0.0159997903
  vertex -0.0114998203 -0.0034999249 -0.0159997903
  endloop
 endfacet

 facet normal 0 -7.57320959e-06 1
  outer loop
  vertex -0.0114998203 -0.0034999249 -0.0159997903
  vertex -0.00897079706 -0.00526058581 -0.0159997903
  vertex -0.008885324 -0.00503516104 -0.0159997903
  endloop
 endfacet

 facet normal 0 0 1
  outer loop
  vertex -0.0087483516 -0.00483679678 -0.0159997903
  vertex -0.00856792927 -0.00467693806 -0.0159997903
  vertex -0.0114998203 -0.0034999249 -0.0159997903
  endloop
 endfacet

 facet normal 0.476900846 -0.510776758 -0.715313137
  outer loop
  vertex 0.00655597402 -0.00411605788 -0.0179997608
  vertex 0.00655597402 -0.00411605788 -0.0189997498
  vertex 0.00681060506 -0.00389194395 -0.0189997498
  endloop
 endfacet

 facet normal -0.0754490793 -0.342018247 0.936659515
  outer loop
  vertex 0 0 -0.00899988413
  vertex 0 -0.00249993801 -0.00899988413
  vertex 0.000239311994 -0.00249993801 -0.00897079706
  endloop
 endfacet

 facet normal 0 -1 3.10444989e-07
  outer loop
  vertex 0.00949984696 -0.00899982359 0.0159997903
  vertex 0.00949984696 -0.00899982359 0.0189997498
  vertex 0.00649988605 -0.00899982359 0.0189997498
  endloop
 endfacet

 facet normal 1 -1.86267002e-07 0
  outer loop
  vertex -0.0034999249 -0.0044999118 -0.0144997798
  vertex -0.0034999249 -0.00599992182 -0.0159997903
  vertex -0.0034999249 -0.0034999249 -0.0159997903
  endloop
 endfacet

 facet normal 1 -1.86267002e-07 0
  outer loop
  vertex -0.0034999249 -0.00599992182 -0.0159997903
  vertex -0.0034999249 -0.00599992182 -0.0179997608
  vertex -0.0034999249 -0.0034999249 -0.0159997903
  endloop
 endfacet

 facet normal 1 -2.32834026e-07 -2.2737899e-07
  outer loop
  vertex -0.0034999249 -0.00599992182 -0.0179997608
  vertex -0.0034999249 -0.00199997402 -0.0179997608
  vertex -0.0034999249 -0.0034999249 -0.0159997903
  endloop
 endfacet

 facet normal 1 -3.10444989e-07 0
  outer loop
  vertex -0.0034999249 -0.00199997402 -0.0179997608
  vertex -0.0034999249 -0.00199997402 -0.0159997903
  vertex -0.0034999249 -0.0034999249 -0.0159997903
  endloop
 endfacet

 facet normal 1 -2.79400012e-07 0
  outer loop
  vertex -0.0034999249 -0.0034999249 -0.0159997903
  vertex -0.0034999249 -0.00299996091 -0.0154997697
  vertex -0.0034999249 -0.0044999118 -0.0144997798
  endloop
 endfacet

 facet normal 1 -1.55222011e-07 0
  outer loop
  vertex -0.0034999249 -0.00299996091 -0.0154997697
  vertex -0.0034999249 -0.00299996091 -0.00599986315
  vertex -0.0034999249 -0.0044999118 -0.0144997798
  endloop
 endfacet

 facet normal -2.62555034e-07 -1 1.55222011e-07
  outer loop
  vertex 0.00973188784 -0.00399988797 0.01099985
  vertex 0.00626784516 -0.00399988797 0.01099985
  vertex 0.00915455818 -0.00399988797 0.00999987125
  endloop
 endfacet

 facet normal -3.93834029e-07 -1 -2.32834026e-07
  outer loop
  vertex 0.00626784516 -0.00399988797 0.01099985
  vertex 0.00684517622 -0.00399988797 0.00999987125
  vertex 0.00915455818 -0.00399988797 0.00999987125
  endloop
 endfacet

 facet normal -7.87666011e-07 -1 0
  outer loop
  vertex 0.00569051504 -0.00399988797 0.007999897
  vertex 0.00453579379 -0.00399988797 0.007999897
  vertex 0.00684517622 -0.00399988797 0.00599992182
  endloop
 endfacet

 facet normal 5.25110067e-07 -1 4.65667057e-07
  outer loop
  vertex 0.00453579379 -0.00399988797 0.007999897
  vertex 0.00626784516 -0.00399994804 0.00499993516
  vertex 0.00684517622 -0.00399988797 0.00599992182
  endloop
 endfacet

 facet normal 0 -1 2.32834026e-07
  outer loop
  vertex 0.0114639401 -0.00399994804 0.007999897
  vertex 0.00973188784 -0.00399988797 0.01099985
  vertex 0.01030921 -0.00399994804 0.007999897
  endloop
 endfacet

 facet normal -1.57533009e-06 -1 2.32835006e-07
  outer loop
  vertex 0.00973188784 -0.00399988797 0.01099985
  vertex 0.00915455818 -0.00399988797 0.00999987125
  vertex 0.01030921 -0.00399994804 0.007999897
  endloop
 endfacet

 facet normal -1.18150001e-06 -1 6.98501026e-07
  outer loop
  vertex 0.00684517622 -0.00399988797 0.00599992182
  vertex 0.00626784516 -0.00399994804 0.00499993516
  vertex 0.00915455818 -0.00399994804 0.00599992182
  endloop
 endfacet

 facet normal 0 -1 3.10444989e-07
  outer loop
  vertex 0.00626784516 -0.00399994804 0.00499993516
  vertex 0.00973188784 -0.00399994804 0.00499993516
  vertex 0.00915455818 -0.00399994804 0.00599992182
  endloop
 endfacet

 facet normal 0 -1 3.88056009e-07
  outer loop
  vertex 0.0114639401 -0.00399994804 0.007999897
  vertex 0.01030921 -0.00399994804 0.007999897
  vertex 0.00973188784 -0.00399994804 0.00499993516
  endloop
 endfacet

 facet normal 0.902546167 -0.34201926 0.261597753
  outer loop
  vertex -0.00899255183 -0.00249993801 -0.000120534001
  vertex -0.00893485546 -0.00249993801 -0.000354599004
  vertex -0.00893485546 0 -0.000354599993
  endloop
 endfacet

 facet normal -0.665444076 0.213332132 0.715313733
  outer loop
  vertex -0.00617742492 -0.00632369518 0.0189997498
  vertex -0.00606441405 -0.00600385619 0.0189997498
  vertex -0.00606441405 -0.00600385619 0.0179997608
  endloop
 endfacet

 facet normal 0.634127855 0.712553382 -0.30024913
  outer loop
  vertex -0.0037415619 0 0.00141417899
  vertex -0.00354450895 0 0.00185352506
  vertex -0.00354450895 -0.00149994995 0.00185352506
  endloop
 endfacet

 facet normal 0.707087994 0.0797083154 0.702618897
  outer loop
  vertex -0.00997108221 -0.00583791686 0.0189997498
  vertex -0.00997108221 -0.00583791686 0.0179997608
  vertex -0.00999987125 -0.00549989892 0.0179997608
  endloop
 endfacet

 facet normal 0.65106672 -0.677595198 -0.342018694
  outer loop
  vertex 0.00725138094 -0.00483679678 0.0179997608
  vertex 0.00725138094 -0.00483679678 0.0159997903
  vertex 0.00743180513 -0.00467693806 0.0159997903
  endloop
 endfacet

 facet normal -0.938924432 -0.342018694 -0.0380020477
  outer loop
  vertex -0.00700718118 -0.00249993801 -0.000120534001
  vertex -0.00700718118 -0.00249993801 0.000120535988
  vertex -0.00700718118 0 0.000120534998
  endloop
 endfacet

 facet normal -0.402691841 -0.849036098 0.342018723
  outer loop
  vertex -0.00743180513 -0.00467693806 -0.0159997903
  vertex -0.0076452489 -0.00456488086 -0.0159997903
  vertex -0.0076452489 -0.00456488086 -0.0179997608
  endloop
 endfacet

 facet normal 0.866025448 5.25109897e-07 0.499999881
  outer loop
  vertex 0.00569051504 -0.00249993801 0.007999897
  vertex 0.00569051504 -0.00399988797 0.007999897
  vertex 0.00684517622 -0.00399988797 0.00599992182
  endloop
 endfacet

 facet normal 0 -1 3.53264994e-07
  outer loop
  vertex -0.0124998 -0.0044999118 0.0144997798
  vertex -0.0124998 -0.0044999118 -0.0144997798
  vertex -0.0114998203 -0.0044999118 -0.0144997798
  endloop
 endfacet

 facet normal 0 -1 2.32833003e-07
  outer loop
  vertex 0.00626784516 -0.00399994804 0.00299996091
  vertex 0.00684517622 -0.00399994804 0.00199997402
  vertex 0.00915455818 -0.00399994804 0.00199997402
  endloop
 endfacet

 facet normal -5.25111034e-07 -1 6.20889978e-07
  outer loop
  vertex 0.00973188784 -0.00399994804 0.00299996091
  vertex 0.00626784516 -0.00399994804 0.00299996091
  vertex 0.00915455818 -0.00399994804 0.00199997402
  endloop
 endfacet

 facet normal -7.87665044e-07 -1 6.98501026e-07
  outer loop
  vertex 0.00684517622 -0.00399994804 -0.00199991395
  vertex 0.00626784516 -0.00399994804 -0.00299990107
  vertex 0.00915455818 -0.00399994804 -0.00199991395
  endloop
 endfacet

 facet normal 0 -1 3.10444989e-07
  outer loop
  vertex 0.00626784516 -0.00399994804 -0.00299990107
  vertex 0.00973188784 -0.00399994804 -0.00299990107
  vertex 0.00915455818 -0.00399994804 -0.00199991395
  endloop
 endfacet

 facet normal 0 -1 2.32834026e-07
  outer loop
  vertex 0.0114639401 -0.00399994804 0
  vertex 0.00973188784 -0.00399994804 0.00299996091
  vertex 0.01030921 -0.00399994804 0
  endloop
 endfacet

 facet normal 7.87665044e-07 -1 3.49251053e-07
  outer loop
  vertex 0.00973188784 -0.00399994804 0.00299996091
  vertex 0.00915455818 -0.00399994804 0.00199997402
  vertex 0.01030921 -0.00399994804 0
  endloop
 endfacet

 facet normal 3.93832011e-07 -1 3.49251053e-07
  outer loop
  vertex 0.01030921 -0.00399994804 0
  vertex 0.00915455818 -0.00399994804 -0.00199991395
  vertex 0.00973188784 -0.00399994804 -0.00299990107
  endloop
 endfacet

 facet normal -0.187801838 0.920734763 -0.342020482
  outer loop
  vertex 0.00835448503 -0.00643491698 0.0159997903
  vertex 0.00812041666 -0.00649261381 0.0159997903
  vertex 0.00812041666 -0.00649261381 0.0179997608
  endloop
 endfacet

 facet normal -0.687449932 0.712554157 0.140282556
  outer loop
  vertex 0.00397092104 0 -0.000480651972
  vertex 0.0038843751 0 -0.00095433899
  vertex 0.0038843751 -0.00149994995 -0.000954337942
  endloop
 endfacet

 facet normal 0.619818807 -0.322725356 -0.715313375
  outer loop
  vertex -0.00982230902 -0.00467610313 -0.0179997608
  vertex -0.00982230902 -0.00467610313 -0.0189997498
  vertex -0.00965684559 -0.00437998679 -0.0189997498
  endloop
 endfacet

 facet normal -1 0 0
  outer loop
  vertex -0.0044999118 -0.00299990107 0.0154997697
  vertex -0.0044999118 -0.00299996091 -0.0154997697
  vertex -0.0044999118 -0.0044999118 0.0144997798
  endloop
 endfacet

 facet normal -1 0 -7.27615031e-07
  outer loop
  vertex -0.0044999118 -0.00299996091 -0.0154997697
  vertex -0.0044999118 -0.0034999249 -0.0159997903
  vertex -0.0044999118 -0.0044999118 -0.0144997798
  endloop
 endfacet

 facet normal -1 0 0
  outer loop
  vertex -0.0044999118 -0.0044999118 0.0144997798
  vertex -0.0044999118 -0.00299996091 -0.0154997697
  vertex -0.0044999118 -0.0044999118 -0.0144997798
  endloop
 endfacet

 facet normal -1 1.86267002e-07 2.42537993e-07
  outer loop
  vertex -0.0044999118 -0.0034999249 -0.0159997903
  vertex -0.0044999118 -0.00599992182 -0.0159997903
  vertex -0.0044999118 -0.0044999118 -0.0144997798
  endloop
 endfacet

 facet normal -1 1.86267002e-07 0
  outer loop
  vertex -0.0044999118 -0.0044999118 0.0144997798
  vertex -0.0044999118 -0.00599986315 0.0159997903
  vertex -0.0044999118 -0.0034999249 0.0159997903
  endloop
 endfacet

 facet normal 0.866025388 1.31278014e-07 0.500000179
  outer loop
  vertex 0.00973188784 -0.00399994804 0.00299996091
  vertex 0.0114639401 -0.00399994804 0
  vertex 0.0114639401 -0.00299996091 0
  endloop
 endfacet

 facet normal 0.0754501373 -0.342018187 0.936659455
  outer loop
  vertex -0.000239312998 -0.00249993801 -0.00897079706
  vertex 0 -0.00249993801 -0.00899988413
  vertex 0 0 -0.00899988413
  endloop
 endfacet

 facet normal 0.902546227 -0.342019111 0.261597514
  outer loop
  vertex -0.000992696965 -0.00249993801 -0.00812041666
  vertex -0.000935004966 -0.00249993801 -0.00835448503
  vertex -0.000935004035 0 -0.00835448503
  endloop
 endfacet

 facet normal 0.727995098 -0.342018694 0.594177127
  outer loop
  vertex -0.00882285833 0 -0.000568057003
  vertex -0.00882285833 -0.00249993801 -0.000568057003
  vertex -0.00866299774 -0.00249993801 -0.000748499995
  endloop
 endfacet

 facet normal 0.751132071 0.564644456 -0.342019379
  outer loop
  vertex 0.00725138094 -0.00616300106 0.0179997608
  vertex 0.00725138094 -0.00616300106 0.0159997903
  vertex 0.00711440993 -0.00596463587 0.0159997903
  endloop
 endfacet

 facet normal -0.332809329 -0.614462495 -0.715313911
  outer loop
  vertex -0.00725418283 -0.00364416791 -0.0189997498
  vertex -0.00695127202 -0.00379687501 -0.0189997498
  vertex -0.00695127202 -0.00379687501 -0.0179997608
  endloop
 endfacet

 facet normal 0.866025388 0 0.5
  outer loop
  vertex -0.01030921 -0.00399988797 0.007999897
  vertex -0.00915455818 -0.00399988797 0.00599992182
  vertex -0.00915455818 -0.00249993801 0.00599992182
  endloop
 endfacet

 facet normal 0.938924193 -0.342019349 -0.0380018055
  outer loop
  vertex -0.000992695917 0 0.00812041666
  vertex -0.000992696965 -0.00249993801 0.00812041666
  vertex -0.000992696965 -0.00249993801 0.00787931588
  endloop
 endfacet

 facet normal 0 -1 3.78333027e-07
  outer loop
  vertex -0.0114639401 -0.00299990107 0.007999897
  vertex -0.0114998203 -0.00299990107 0.0154997697
  vertex -0.0114639401 -0.00299990107 0
  endloop
 endfacet

 facet normal 0 -1 3.53012013e-07
  outer loop
  vertex -0.0114998203 -0.00299990107 0.0154997697
  vertex -0.0114998203 -0.00299996091 -0.0154997697
  vertex -0.0114639401 -0.00299990107 0
  endloop
 endfacet

 facet normal -5.25111034e-07 -1 4.65666005e-07
  outer loop
  vertex -0.0114639401 -0.00299996091 -0.007999897
  vertex -0.00973188784 -0.00299996091 -0.00499987602
  vertex -0.00973188784 -0.00299990107 -0.00299990107
  endloop
 endfacet

 facet normal -5.25111034e-07 -1 3.78354997e-07
  outer loop
  vertex -0.0114639401 -0.00299990107 0
  vertex -0.00973188784 -0.00299990107 0.00499993516
  vertex -0.0114639401 -0.00299990107 0.007999897
  endloop
 endfacet

 facet normal -1.31278e-07 -1 3.49251053e-07
  outer loop
  vertex -0.0114639401 -0.00299996091 -0.007999897
  vertex -0.00973188784 -0.00299990107 -0.00299990107
  vertex -0.0114639401 -0.00299990107 0
  endloop
 endfacet

 facet normal 0.502093852 -0.342019588 -0.794307351
  outer loop
  vertex 0.00753515912 0 0.000885444984
  vertex 0.00753515912 -0.00249993801 0.000885444984
  vertex 0.00733673479 -0.00249993801 0.000748501974
  endloop
 endfacet

 facet normal -0.707107186 -0.707106471 5.71668011e-07
  outer loop
  vertex -0.00949984696 -0.00899982359 0.0159997903
  vertex -0.00949984696 -0.00899982359 0.0189997498
  vertex -0.0124998 -0.00599986315 0.0189997498
  endloop
 endfacet

 facet normal 0.15090023 -0.342019528 -0.927497566
  outer loop
  vertex 0.007999897 -0.00249993801 0.00899988413
  vertex 0.00776058389 -0.00249993801 0.00897079706
  vertex 0.00776058389 0 0.00897079706
  endloop
 endfacet

 facet normal 0.590216637 0.374128163 0.715312839
  outer loop
  vertex 0.00625383807 -0.00647526886 0.0179997608
  vertex 0.00625383807 -0.00647526886 0.0189997498
  vertex 0.00644379808 -0.00675630523 0.0189997498
  endloop
 endfacet

 facet normal 0 -1 3.10444989e-07
  outer loop
  vertex -0.00949984696 -0.00899988413 -0.0159997903
  vertex -0.00949984696 -0.00899988413 -0.0189997498
  vertex -0.00649988605 -0.00899988413 -0.0189997498
  endloop
 endfacet

 facet normal 0.866025209 1.59617997e-07 0.500000298
  outer loop
  vertex -0.00230932189 -0.00399988797 0.007999897
  vertex -0.00115466095 -0.00399988797 0.00599992182
  vertex -0.00115466095 -0.00249993801 0.00599992182
  endloop
 endfacet

 facet normal -0.813715458 -0.342018783 -0.469989747
  outer loop
  vertex -0.00706487801 -0.00249993801 -0.0076452489
  vertex -0.00717687607 -0.00249993801 -0.00743180513
  vertex -0.00717687607 0 -0.00743180513
  endloop
 endfacet

 facet normal -0.241382584 -0.655788958 0.715314865
  outer loop
  vertex -0.00709944917 -0.00371408393 0.0189997498
  vertex -0.00741422083 -0.0035876031 0.0189997498
  vertex -0.00741422083 -0.0035876031 0.0179997608
  endloop
 endfacet

 facet normal -0.564645886 -0.342018574 0.751131356
  outer loop
  vertex -0.00753515912 -0.00249993801 0.00711440993
  vertex -0.00733673479 -0.00249993801 0.00725138094
  vertex -0.00733673479 0 0.00725138094
  endloop
 endfacet

 facet normal 1.66658992e-06 -1 9.85284032e-07
  outer loop
  vertex 0.007999897 -0.00249993801 -0.000999985961
  vertex 0.00776058389 -0.00249993801 -0.000970927998
  vertex 0.00684517622 -0.00249993801 -0.00199991395
  endloop
 endfacet

 facet normal -1.96916005e-07 -1 2.32834026e-07
  outer loop
  vertex 0.00684517622 -0.00249993801 -0.00199991395
  vertex 0.00915455818 -0.00249993801 -0.00199991395
  vertex 0.007999897 -0.00249993801 -0.000999985961
  endloop
 endfacet

 facet normal 0 -1 2.98752013e-07
  outer loop
  vertex 0.00915455818 -0.00249993801 -0.00199991395
  vertex 0.01030921 -0.00249993801 0
  vertex 0.00882285833 -0.00249993801 -0.000568057003
  endloop
 endfacet

 facet normal -1.44087005e-06 -1 0
  outer loop
  vertex 0.00846457388 -0.00249993801 -0.000885443937
  vertex 0.00915455818 -0.00249993801 -0.00199991395
  vertex 0.00866299774 -0.00249993801 -0.000748499995
  endloop
 endfacet

 facet normal -8.8537206e-07 -1 9.85282213e-07
  outer loop
  vertex 0.00915455818 -0.00249993801 0.00199997402
  vertex 0.007999897 -0.00249993801 0.00099998794
  vertex 0.00823920872 -0.00249993801 0.000970929977
  endloop
 endfacet

 facet normal 1.09948019e-06 -1 1.69184005e-07
  outer loop
  vertex 0.00915455818 -0.00249993801 0.00199997402
  vertex 0.00823920872 -0.00249993801 0.000970929977
  vertex 0.00846457388 -0.00249993801 0.000885444984
  endloop
 endfacet

 facet normal 0 -1 1.39369001e-06
  outer loop
  vertex 0.00823920872 -0.00249993801 -0.000970927998
  vertex 0.007999897 -0.00249993801 -0.000999985961
  vertex 0.00915455818 -0.00249993801 -0.00199991395
  endloop
 endfacet

 facet normal 1.46597017e-06 -1 5.07554091e-07
  outer loop
  vertex 0.00846457388 -0.00249993801 -0.000885443937
  vertex 0.00823920872 -0.00249993801 -0.000970927998
  vertex 0.00915455818 -0.00249993801 -0.00199991395
  endloop
 endfacet

 facet normal 0 -1 3.65423006e-07
  outer loop
  vertex 0.01030921 -0.00249993801 0
  vertex 0.00915455818 -0.00249993801 0.00199997402
  vertex 0.00882285833 -0.00249993801 0.000568057992
  endloop
 endfacet

 facet normal -1.26076009e-06 -1 6.55368012e-07
  outer loop
  vertex 0.00915455818 -0.00249993801 0.00199997402
  vertex 0.00846457388 -0.00249993801 0.000885444984
  vertex 0.00866299774 -0.00249993801 0.000748501974
  endloop
 endfacet

 facet normal -1.18112007e-06 -1 2.57790987e-07
  outer loop
  vertex 0.00915455818 -0.00249993801 0.00199997402
  vertex 0.00866299774 -0.00249993801 0.000748501974
  vertex 0.00882285833 -0.00249993801 0.000568057992
  endloop
 endfacet

 facet normal -1.57483009e-06 -1 2.57790987e-07
  outer loop
  vertex 0.00866299774 -0.00249993801 -0.000748499995
  vertex 0.00915455818 -0.00249993801 -0.00199991395
  vertex 0.00882285833 -0.00249993801 -0.000568057003
  endloop
 endfacet

 facet normal -4.48218032e-07 -1 -2.05677026e-07
  outer loop
  vertex 0.01030921 -0.00249993801 0
  vertex 0.00882285833 -0.00249993801 0.000568057992
  vertex 0.00893485546 -0.00249993801 0.000354600983
  endloop
 endfacet

 facet normal 8.96436063e-07 -1 0
  outer loop
  vertex 0.00893485546 -0.00249993801 -0.000354599004
  vertex 0.00882285833 -0.00249993801 -0.000568057003
  vertex 0.01030921 -0.00249993801 0
  endloop
 endfacet

 facet normal -3.77404007e-07 -1 9.73095098e-07
  outer loop
  vertex 0.01030921 -0.00249993801 0
  vertex 0.00893485546 -0.00249993801 0.000354600983
  vertex 0.00899255183 -0.00249993801 0.000120535988
  endloop
 endfacet

 facet normal -7.54808013e-07 -1 1.06228003e-06
  outer loop
  vertex 0.00899255183 -0.00249993801 -0.000120534001
  vertex 0.00893485546 -0.00249993801 -0.000354599004
  vertex 0.01030921 -0.00249993801 0
  endloop
 endfacet

 facet normal -0.691925406 0.0978041813 0.715313673
  outer loop
  vertex 0.00993531942 -0.00600385619 0.0189997498
  vertex 0.00999265909 -0.00566953421 0.0189997498
  vertex 0.00999265909 -0.00566953421 0.0179997608
  endloop
 endfacet

 facet normal 0 5.62898038e-07 1
  outer loop
  vertex -0.00915455818 -0.00399988797 0.00599992182
  vertex -0.00684517622 -0.00399988797 0.00599992182
  vertex -0.00684517622 -0.00249993801 0.00599992182
  endloop
 endfacet

 facet normal -0.866025627 -1.31278e-07 -0.499999702
  outer loop
  vertex 0.00626784516 -0.00299996091 -0.00299990107
  vertex 0.00626784516 -0.00399994804 -0.00299990107
  vertex 0.00453579379 -0.00399994804 0
  endloop
 endfacet

 facet normal -0.813714921 -0.342018962 0.469990462
  outer loop
  vertex 0.00882285833 0 0.00743180513
  vertex 0.00882285833 -0.00249993801 0.00743180513
  vertex 0.00893485546 -0.00249993801 0.0076452489
  endloop
 endfacet

 facet normal 0 0 1
  outer loop
  vertex -0.00955593493 -0.00424349308 0.0179997608
  vertex -0.00974589493 -0.00452452805 0.0179997608
  vertex -0.0087483516 -0.00483679678 0.0179997608
  endloop
 endfacet

 facet normal 0 -1.07838005e-05 1
  outer loop
  vertex -0.00974589493 -0.00452452805 0.0179997608
  vertex -0.00988560915 -0.0048336382 0.0179997608
  vertex -0.008885324 -0.00503516104 0.0179997608
  endloop
 endfacet

 facet normal 0 1.51164013e-05 1
  outer loop
  vertex -0.0087483516 -0.00483679678 0.0179997608
  vertex -0.00974589493 -0.00452452805 0.0179997608
  vertex -0.008885324 -0.00503516104 0.0179997608
  endloop
 endfacet

 facet normal 0 0 1
  outer loop
  vertex -0.00988560915 -0.0048336382 0.0179997608
  vertex -0.00997108221 -0.00516188098 0.0179997608
  vertex -0.00897079706 -0.00526058581 0.0179997608
  endloop
 endfacet

 facet normal 0 0 1
  outer loop
  vertex -0.00997108221 -0.00516188098 0.0179997608
  vertex -0.00999987125 -0.00549989892 0.0179997608
  vertex -0.00899988413 -0.00549989892 0.0179997608
  endloop
 endfacet

 facet normal 0 0 1
  outer loop
  vertex -0.00999987125 -0.00549989892 0.0179997608
  vertex -0.00997108221 -0.00583791686 0.0179997608
  vertex -0.00899988413 -0.00549989892 0.0179997608
  endloop
 endfacet

 facet normal 0 0 1
  outer loop
  vertex -0.00997108221 -0.00583791686 0.0179997608
  vertex -0.00988560915 -0.00616616011 0.0179997608
  vertex -0.00897079706 -0.00573921204 0.0179997608
  endloop
 endfacet

 facet normal 0 0 1
  outer loop
  vertex -0.00899988413 -0.00549989892 0.0179997608
  vertex -0.00997108221 -0.00583791686 0.0179997608
  vertex -0.00897079706 -0.00573921204 0.0179997608
  endloop
 endfacet

 facet normal 0 -5.62112018e-06 1
  outer loop
  vertex -0.00988560915 -0.00616616011 0.0179997608
  vertex -0.008885324 -0.00596463587 0.0179997608
  vertex -0.00897079706 -0.00573921204 0.0179997608
  endloop
 endfacet

 facet normal 0 -3.75443005e-06 1
  outer loop
  vertex -0.00997108221 -0.00516188098 0.0179997608
  vertex -0.00899988413 -0.00549989892 0.0179997608
  vertex -0.00897079706 -0.00526058581 0.0179997608
  endloop
 endfacet

 facet normal 0 -5.3970798e-06 1
  outer loop
  vertex -0.00932121184 -0.00399857713 0.0179997608
  vertex -0.00955593493 -0.00424349308 0.0179997608
  vertex -0.0087483516 -0.00483679678 0.0179997608
  endloop
 endfacet

 facet normal 0 -5.37176993e-06 1
  outer loop
  vertex -0.00874555111 -0.00364410807 0.0179997608
  vertex -0.00904846098 -0.00379687501 0.0179997608
  vertex -0.00835448503 -0.00456488086 0.0179997608
  endloop
 endfacet

 facet normal 0 0 1
  outer loop
  vertex -0.00904846098 -0.00379687501 0.0179997608
  vertex -0.00932121184 -0.00399857713 0.0179997608
  vertex -0.00856792927 -0.00467693806 0.0179997608
  endloop
 endfacet

 facet normal 0 7.49105993e-06 1
  outer loop
  vertex -0.00856792927 -0.00467693806 0.0179997608
  vertex -0.00932121184 -0.00399857713 0.0179997608
  vertex -0.0087483516 -0.00483679678 0.0179997608
  endloop
 endfacet

 facet normal 0 0 1
  outer loop
  vertex -0.00808477402 -0.00350171304 0.0179997608
  vertex -0.00842124224 -0.00354480697 0.0179997608
  vertex -0.00812041666 -0.00450718403 0.0179997608
  endloop
 endfacet

 facet normal 0 0 1
  outer loop
  vertex -0.00842124224 -0.00354480697 0.0179997608
  vertex -0.00874555111 -0.00364410807 0.0179997608
  vertex -0.00835448503 -0.00456488086 0.0179997608
  endloop
 endfacet

 facet normal 0 0 1
  outer loop
  vertex -0.00741422083 -0.0035876031 0.0179997608
  vertex -0.00774586201 -0.0035161369 0.0179997608
  vertex -0.00787931588 -0.00450718403 0.0179997608
  endloop
 endfacet

 facet normal 0 1.34615016e-06 1
  outer loop
  vertex -0.00774586201 -0.0035161369 0.0179997608
  vertex -0.00808477402 -0.00350171304 0.0179997608
  vertex -0.00787931588 -0.00450718403 0.0179997608
  endloop
 endfacet

 facet normal 0 0 1
  outer loop
  vertex -0.00787931588 -0.00450718403 0.0179997608
  vertex -0.00808477402 -0.00350171304 0.0179997608
  vertex -0.00812041666 -0.00450718403 0.0179997608
  endloop
 endfacet

 facet normal 0 0 1
  outer loop
  vertex -0.00835448503 -0.00456488086 0.0179997608
  vertex -0.00812041666 -0.00450718403 0.0179997608
  vertex -0.00842124224 -0.00354480697 0.0179997608
  endloop
 endfacet

 facet normal 0 7.52607002e-06 1
  outer loop
  vertex -0.00856792927 -0.00467693806 0.0179997608
  vertex -0.00835448503 -0.00456488086 0.0179997608
  vertex -0.00904846098 -0.00379687501 0.0179997608
  endloop
 endfacet

 facet normal -0.564644694 -0.342019379 -0.751131833
  outer loop
  vertex 0.000663113955 0 0.0087483516
  vertex 0.000663113955 -0.00249993801 0.0087483516
  vertex 0.000464716984 -0.00249993801 0.008885324
  endloop
 endfacet

 facet normal -0.751129746 0.564648509 -0.342017859
  outer loop
  vertex 0.008885324 -0.00596463587 0.0159997903
  vertex 0.0087483516 -0.00616300106 0.0159997903
  vertex 0.0087483516 -0.00616300106 0.0179997608
  endloop
 endfacet

 facet normal 0.677595139 -0.342018723 0.65106678
  outer loop
  vertex -0.00082297402 -0.00249993801 -0.00856792927
  vertex -0.000663115003 -0.00249993801 -0.0087483516
  vertex -0.000663113955 0 -0.0087483516
  endloop
 endfacet

 facet normal 0.518499911 0.468492657 0.715312898
  outer loop
  vertex -0.00955593493 -0.00675630523 0.0179997608
  vertex -0.00955593493 -0.00675630523 0.0189997498
  vertex -0.00932121184 -0.00700122118 0.0189997498
  endloop
 endfacet

 facet normal -0.707107008 -0.70710659 2.85834005e-07
  outer loop
  vertex 0.00649988605 -0.00899982359 0.0159997903
  vertex 0.00649988605 -0.00899982359 0.0189997498
  vertex 0.0034999249 -0.00599986315 0.0189997498
  endloop
 endfacet

 facet normal -0.564644933 -0.342018723 0.751132011
  outer loop
  vertex 0.000464716984 -0.00249993801 -0.008885324
  vertex 0.000663113955 -0.00249993801 -0.0087483516
  vertex 0.000663113955 0 -0.0087483516
  endloop
 endfacet

 facet normal 0.866025448 1.96917e-07 0.499999881
  outer loop
  vertex -0.01030921 -0.00399988797 0
  vertex -0.00915455818 -0.00399988797 -0.00199991395
  vertex -0.00915455818 -0.00249993801 -0.00199991395
  endloop
 endfacet

 facet normal -0.469987899 0.813716769 0.342018187
  outer loop
  vertex -0.0076452489 -0.00643491698 -0.0159997903
  vertex -0.00743180513 -0.00632285979 -0.0159997903
  vertex -0.00743180513 -0.00632285979 -0.0179997608
  endloop
 endfacet

 facet normal 0 -1 5.07555001e-07
  outer loop
  vertex 0.00846457388 -0.00249993801 -0.008885324
  vertex 0.00823920872 -0.00249993801 -0.00897079706
  vertex 0.00915455818 -0.00249993801 -0.00999987125
  endloop
 endfacet

 facet normal -1.96280013e-07 -1 2.98752013e-07
  outer loop
  vertex 0.00915455818 -0.00249993801 -0.00999987125
  vertex 0.01030921 -0.00249993801 -0.007999897
  vertex 0.00882285833 -0.00249993801 -0.00856792927
  endloop
 endfacet

 facet normal -1.96280013e-07 -1 3.98759028e-07
  outer loop
  vertex 0.01030921 -0.00249993801 -0.007999897
  vertex 0.00915455818 -0.00249993801 -0.00599986315
  vertex 0.00882285833 -0.00249993801 -0.00743180513
  endloop
 endfacet

 facet normal 0 -1 0
  outer loop
  vertex 0.00899255183 -0.00249993801 -0.00812041666
  vertex 0.01030921 -0.00249993801 -0.007999897
  vertex 0.00899255183 -0.00249993801 -0.00787931588
  endloop
 endfacet

 facet normal -1.96917014e-07 -1 2.32834026e-07
  outer loop
  vertex 0.00915455818 -0.00249993801 -0.00599986315
  vertex 0.00684517622 -0.00249993801 -0.00599986315
  vertex 0.007999897 -0.00249993801 -0.00699984981
  endloop
 endfacet

 facet normal 0 -1 2.98752013e-07
  outer loop
  vertex 0.00684517622 -0.00249993801 -0.00599986315
  vertex 0.00569051504 -0.00249993801 -0.007999897
  vertex 0.00717687607 -0.00249993801 -0.00743180513
  endloop
 endfacet

 facet normal -1.44087005e-06 -1 0
  outer loop
  vertex 0.00753515912 -0.00249993801 -0.00711440993
  vertex 0.00684517622 -0.00249993801 -0.00599986315
  vertex 0.00733673479 -0.00249993801 -0.00725138094
  endloop
 endfacet

 facet normal -3.92559002e-07 -1 5.14799012e-07
  outer loop
  vertex 0.00569051504 -0.00249993801 -0.007999897
  vertex 0.00684517622 -0.00249993801 -0.00999987125
  vertex 0.00717687607 -0.00249993801 -0.00856792927
  endloop
 endfacet

 facet normal 5.40326027e-07 -1 1.16437991e-06
  outer loop
  vertex 0.00684517622 -0.00249993801 -0.00999987125
  vertex 0.00753515912 -0.00249993801 -0.008885324
  vertex 0.00733673479 -0.00249993801 -0.0087483516
  endloop
 endfacet

 facet normal 1.37796997e-06 -1 3.86686992e-07
  outer loop
  vertex 0.00684517622 -0.00249993801 -0.00999987125
  vertex 0.00733673479 -0.00249993801 -0.0087483516
  vertex 0.00717687607 -0.00249993801 -0.00856792927
  endloop
 endfacet

 facet normal 0 -1 0
  outer loop
  vertex 0.00866299774 -0.00249993801 -0.0087483516
  vertex 0.00846457388 -0.00249993801 -0.008885324
  vertex 0.00915455818 -0.00249993801 -0.00999987125
  endloop
 endfacet

 facet normal 0 -1 2.57789992e-07
  outer loop
  vertex 0.00882285833 -0.00249993801 -0.00856792927
  vertex 0.00866299774 -0.00249993801 -0.0087483516
  vertex 0.00915455818 -0.00249993801 -0.00999987125
  endloop
 endfacet

 facet normal -4.48223034e-07 -1 -2.05679996e-07
  outer loop
  vertex 0.00569051504 -0.00249993801 -0.007999897
  vertex 0.00717687607 -0.00249993801 -0.00856792927
  vertex 0.00706487801 -0.00249993801 -0.00835448503
  endloop
 endfacet

 facet normal 0 -1 0
  outer loop
  vertex 0.00893485546 -0.00249993801 -0.00835448503
  vertex 0.00882285833 -0.00249993801 -0.00856792927
  vertex 0.01030921 -0.00249993801 -0.007999897
  endloop
 endfacet

 facet normal -7.54808013e-07 -1 1.06228003e-06
  outer loop
  vertex 0.00899255183 -0.00249993801 -0.00812041666
  vertex 0.00893485546 -0.00249993801 -0.00835448503
  vertex 0.01030921 -0.00249993801 -0.007999897
  endloop
 endfacet

 facet normal -3.77403012e-07 -1 9.73095098e-07
  outer loop
  vertex 0.00569051504 -0.00249993801 -0.007999897
  vertex 0.00706487801 -0.00249993801 -0.00835448503
  vertex 0.00700718118 -0.00249993801 -0.00812041666
  endloop
 endfacet

 facet normal -3.58168052e-07 -1 0
  outer loop
  vertex 0.00569051504 -0.00249993801 -0.007999897
  vertex 0.00700718118 -0.00249993801 -0.00812041666
  vertex 0.00700718118 -0.00249993801 -0.00787931588
  endloop
 endfacet

 facet normal 0 -1 1.99077999e-06
  outer loop
  vertex 0.00899255183 -0.00249993801 -0.00787931588
  vertex 0.01030921 -0.00249993801 -0.007999897
  vertex 0.00893485546 -0.00249993801 -0.0076452489
  endloop
 endfacet

 facet normal -8.96436063e-07 -1 -3.08516007e-07
  outer loop
  vertex 0.00893485546 -0.00249993801 -0.0076452489
  vertex 0.01030921 -0.00249993801 -0.007999897
  vertex 0.00882285833 -0.00249993801 -0.00743180513
  endloop
 endfacet

 facet normal -3.77403012e-07 -1 1.06228003e-06
  outer loop
  vertex 0.00569051504 -0.00249993801 -0.007999897
  vertex 0.00700718118 -0.00249993801 -0.00787931588
  vertex 0.00706487801 -0.00249993801 -0.0076452489
  endloop
 endfacet

 facet normal 4.48218032e-07 -1 0
  outer loop
  vertex 0.00569051504 -0.00249993801 -0.007999897
  vertex 0.00706487801 -0.00249993801 -0.0076452489
  vertex 0.00717687607 -0.00249993801 -0.00743180513
  endloop
 endfacet

 facet normal -1.57483009e-06 -1 2.5779201e-07
  outer loop
  vertex 0.00717687607 -0.00249993801 -0.00743180513
  vertex 0.00733673479 -0.00249993801 -0.00725138094
  vertex 0.00684517622 -0.00249993801 -0.00599986315
  endloop
 endfacet

 facet normal 0 -1 2.57790987e-07
  outer loop
  vertex 0.00866299774 -0.00249993801 -0.00725138094
  vertex 0.00882285833 -0.00249993801 -0.00743180513
  vertex 0.00915455818 -0.00249993801 -0.00599986315
  endloop
 endfacet

 facet normal -1.44087005e-06 -1 6.55368012e-07
  outer loop
  vertex 0.00846457388 -0.00249993801 -0.00711440993
  vertex 0.00866299774 -0.00249993801 -0.00725138094
  vertex 0.00915455818 -0.00249993801 -0.00599986315
  endloop
 endfacet

 facet normal 2.74870047e-07 -1 5.07549089e-07
  outer loop
  vertex 0.00684517622 -0.00249993801 -0.00599986315
  vertex 0.00753515912 -0.00249993801 -0.00711440993
  vertex 0.00776058389 -0.00249993801 -0.00702893687
  endloop
 endfacet

 facet normal 7.81213089e-07 -1 1.39369001e-06
  outer loop
  vertex 0.00684517622 -0.00249993801 -0.00599986315
  vertex 0.00776058389 -0.00249993801 -0.00702893687
  vertex 0.007999897 -0.00249993801 -0.00699984981
  endloop
 endfacet

 facet normal 0 -1 1.69184005e-07
  outer loop
  vertex 0.00823920872 -0.00249993801 -0.00702893687
  vertex 0.00846457388 -0.00249993801 -0.00711440993
  vertex 0.00915455818 -0.00249993801 -0.00599986315
  endloop
 endfacet

 facet normal 0.677595794 -0.342018753 0.651065946
  outer loop
  vertex 0.00717687607 -0.00249993801 -0.000568057003
  vertex 0.00733673479 -0.00249993801 -0.000748499995
  vertex 0.00733673479 0 -0.000748500985
  endloop
 endfacet

 facet normal 0.677595317 -0.342019469 -0.651066363
  outer loop
  vertex 0.00733673479 0 -0.00725138094
  vertex 0.00733673479 -0.00249993801 -0.00725138094
  vertex 0.00717687607 -0.00249993801 -0.00743180513
  endloop
 endfacet

 facet normal 0 -5.25111034e-07 -1
  outer loop
  vertex -0.00626784516 -0.00299996091 -0.00299990107
  vertex -0.00626784516 -0.00399994804 -0.00299990107
  vertex -0.00973188784 -0.00399988797 -0.00299990107
  endloop
 endfacet

 facet normal 0.794307947 0.502093792 0.342018783
  outer loop
  vertex -0.008885324 -0.00596463587 -0.0179997608
  vertex -0.008885324 -0.00596463587 -0.0159997903
  vertex -0.0087483516 -0.00616300106 -0.0159997903
  endloop
 endfacet

 facet normal 1 -2.32834026e-07 0
  outer loop
  vertex -0.0044999118 0 0.0169997793
  vertex -0.0044999118 -0.00199991395 0.0189997498
  vertex -0.0044999118 -0.00199991395 0.0159997903
  endloop
 endfacet

 facet normal -7.87666011e-07 -1 2.32834026e-07
  outer loop
  vertex 0.00346404291 -0.00399994804 -0.0079998374
  vertex 0.00230932189 -0.00399994804 -0.00599986315
  vertex 0.00230932189 -0.00399994804 -0.0079998374
  endloop
 endfacet

 facet normal 0 -1 2.32834026e-07
  outer loop
  vertex 0.00230932189 -0.00399994804 -0.00599986315
  vertex 0.00115466095 -0.00399994804 -0.00599986315
  vertex 0.00230932189 -0.00399994804 -0.0079998374
  endloop
 endfacet

 facet normal 0 -1 2.32834026e-07
  outer loop
  vertex -0.00115466095 -0.00399994804 -0.00599986315
  vertex -0.00230932189 -0.00399994804 -0.00599986315
  vertex -0.00230932189 -0.00399994804 -0.0079998374
  endloop
 endfacet

 facet normal 0 -1 2.32834026e-07
  outer loop
  vertex -0.00230932189 -0.00399994804 -0.00599986315
  vertex -0.00346404291 -0.00399994804 -0.0079998374
  vertex -0.00230932189 -0.00399994804 -0.0079998374
  endloop
 endfacet

 facet normal 0 -1 3.88056009e-07
  outer loop
  vertex 0.00173199095 -0.00399994804 -0.01099985
  vertex 0.00346404291 -0.00399994804 -0.0079998374
  vertex 0.00230932189 -0.00399994804 -0.0079998374
  endloop
 endfacet

 facet normal 7.87666011e-07 -1 3.49251053e-07
  outer loop
  vertex 0.00173199095 -0.00399994804 -0.01099985
  vertex 0.00230932189 -0.00399994804 -0.0079998374
  vertex 0.00115466095 -0.00399994804 -0.00999981072
  endloop
 endfacet

 facet normal 0 -1 2.32834026e-07
  outer loop
  vertex -0.00230932189 -0.00399994804 -0.0079998374
  vertex -0.00346404291 -0.00399994804 -0.0079998374
  vertex -0.00115466095 -0.00399994804 -0.00999987125
  endloop
 endfacet

 facet normal -5.25110067e-07 -1 2.32833003e-07
  outer loop
  vertex -0.00346404291 -0.00399994804 -0.0079998374
  vertex -0.00173199095 -0.00399994804 -0.01099985
  vertex -0.00115466095 -0.00399994804 -0.00999987125
  endloop
 endfacet

 facet normal 0 -1 3.49251053e-07
  outer loop
  vertex 0.00173199095 -0.00399994804 -0.01099985
  vertex 0.00115466095 -0.00399994804 -0.00999981072
  vertex -0.00115466095 -0.00399994804 -0.00999987125
  endloop
 endfacet

 facet normal 0.50209409 -0.342019618 -0.794307292
  outer loop
  vertex 0.00753515912 0 -0.00711440993
  vertex 0.00753515912 -0.00249993801 -0.00711440993
  vertex 0.00733673479 -0.00249993801 -0.00725138094
  endloop
 endfacet

 facet normal 0 -5.25111034e-07 -1
  outer loop
  vertex 0.00915455818 -0.00249993801 0.00199997402
  vertex 0.00915455818 -0.00399994804 0.00199997402
  vertex 0.00684517622 -0.00399994804 0.00199997402
  endloop
 endfacet

 facet normal 0 -1 2.98752013e-07
  outer loop
  vertex -0.00115466095 -0.00249993801 0.00999987125
  vertex -0.00230932189 -0.00249993801 0.007999897
  vertex -0.00082297402 -0.00249993801 0.00856792927
  endloop
 endfacet

 facet normal -1.96280013e-07 -1 3.65424029e-07
  outer loop
  vertex -0.00230932189 -0.00249993801 0.007999897
  vertex -0.00115466095 -0.00249993801 0.00599992182
  vertex -0.00082297402 -0.00249993801 0.00743180513
  endloop
 endfacet

 facet normal -3.58168052e-07 -1 0
  outer loop
  vertex -0.000992696965 -0.00249993801 0.00812041666
  vertex -0.00230932189 -0.00249993801 0.007999897
  vertex -0.000992696965 -0.00249993801 0.00787931588
  endloop
 endfacet

 facet normal -1.96916005e-07 -1 2.32834026e-07
  outer loop
  vertex -0.00115466095 -0.00249993801 0.00599992182
  vertex 0.00115466095 -0.00249993801 0.00599992182
  vertex 0 -0.00249993801 0.00699990895
  endloop
 endfacet

 facet normal -1.96280013e-07 -1 2.98752013e-07
  outer loop
  vertex 0.00115466095 -0.00249993801 0.00599992182
  vertex 0.00230932189 -0.00249993801 0.007999897
  vertex 0.000822972972 -0.00249993801 0.00743180513
  endloop
 endfacet

 facet normal -1.44087005e-06 -1 0
  outer loop
  vertex 0.000464716984 -0.00249993801 0.00711440993
  vertex 0.00115466095 -0.00249993801 0.00599992182
  vertex 0.000663113955 -0.00249993801 0.00725138094
  endloop
 endfacet

 facet normal 1.28272995e-06 -1 1.69184005e-07
  outer loop
  vertex 0.00115466095 -0.00249993801 0.00999987125
  vertex 0.000239311994 -0.00249993801 0.00897079706
  vertex 0.000464716984 -0.00249993801 0.008885324
  endloop
 endfacet

 facet normal -1.44087005e-06 -1 6.55372048e-07
  outer loop
  vertex 0.00115466095 -0.00249993801 0.00999987125
  vertex 0.000464716984 -0.00249993801 0.008885324
  vertex 0.000663113955 -0.00249993801 0.0087483516
  endloop
 endfacet

 facet normal -1.44087005e-06 -1 0
  outer loop
  vertex -0.000663115003 -0.00249993801 0.0087483516
  vertex -0.000464718003 -0.00249993801 0.008885324
  vertex -0.00115466095 -0.00249993801 0.00999987125
  endloop
 endfacet

 facet normal -1.57482009e-06 -1 2.5779201e-07
  outer loop
  vertex -0.00082297402 -0.00249993801 0.00856792927
  vertex -0.000663115003 -0.00249993801 0.0087483516
  vertex -0.00115466095 -0.00249993801 0.00999987125
  endloop
 endfacet

 facet normal -3.92559002e-07 -1 3.65423006e-07
  outer loop
  vertex 0.00230932189 -0.00249993801 0.007999897
  vertex 0.00115466095 -0.00249993801 0.00999987125
  vertex 0.000822972972 -0.00249993801 0.00856792927
  endloop
 endfacet

 facet normal 3.93704994e-07 -1 2.5779201e-07
  outer loop
  vertex 0.00115466095 -0.00249993801 0.00999987125
  vertex 0.000663113955 -0.00249993801 0.0087483516
  vertex 0.000822972972 -0.00249993801 0.00856792927
  endloop
 endfacet

 facet normal -8.9644908e-07 -1 0
  outer loop
  vertex -0.000935004966 -0.00249993801 0.00835448503
  vertex -0.00082297402 -0.00249993801 0.00856792927
  vertex -0.00230932189 -0.00249993801 0.007999897
  endloop
 endfacet

 facet normal 0 -1 1.06227003e-06
  outer loop
  vertex -0.000992696965 -0.00249993801 0.00812041666
  vertex -0.000935004966 -0.00249993801 0.00835448503
  vertex -0.00230932189 -0.00249993801 0.007999897
  endloop
 endfacet

 facet normal -4.48224057e-07 -1 -2.05679996e-07
  outer loop
  vertex 0.00230932189 -0.00249993801 0.007999897
  vertex 0.000822972972 -0.00249993801 0.00856792927
  vertex 0.000935004035 -0.00249993801 0.00835448503
  endloop
 endfacet

 facet normal 0 -1 9.73099986e-07
  outer loop
  vertex 0.00230932189 -0.00249993801 0.007999897
  vertex 0.000935004035 -0.00249993801 0.00835448503
  vertex 0.000992694986 -0.00249993801 0.00812041666
  endloop
 endfacet

 facet normal -3.77404007e-07 -1 9.73097031e-07
  outer loop
  vertex -0.000992696965 -0.00249993801 0.00787931588
  vertex -0.00230932189 -0.00249993801 0.007999897
  vertex -0.000935004966 -0.00249993801 0.0076452489
  endloop
 endfacet

 facet normal 0 -1 -2.05676017e-07
  outer loop
  vertex -0.000935004966 -0.00249993801 0.0076452489
  vertex -0.00230932189 -0.00249993801 0.007999897
  vertex -0.00082297402 -0.00249993801 0.00743180513
  endloop
 endfacet

 facet normal -3.58166005e-07 -1 0
  outer loop
  vertex 0.00230932189 -0.00249993801 0.007999897
  vertex 0.000992694986 -0.00249993801 0.00812041666
  vertex 0.000992694986 -0.00249993801 0.00787931588
  endloop
 endfacet

 facet normal 0 -1 1.06228003e-06
  outer loop
  vertex 0.00230932189 -0.00249993801 0.007999897
  vertex 0.000992694986 -0.00249993801 0.00787931588
  vertex 0.000935004035 -0.00249993801 0.0076452489
  endloop
 endfacet

 facet normal 0 -1 0
  outer loop
  vertex 0.00230932189 -0.00249993801 0.007999897
  vertex 0.000935004035 -0.00249993801 0.0076452489
  vertex 0.000822972972 -0.00249993801 0.00743180513
  endloop
 endfacet

 facet normal 0 -1 2.5779201e-07
  outer loop
  vertex 0.000822972972 -0.00249993801 0.00743180513
  vertex 0.000663113955 -0.00249993801 0.00725138094
  vertex 0.00115466095 -0.00249993801 0.00599992182
  endloop
 endfacet

 facet normal 0 -1 2.5779201e-07
  outer loop
  vertex -0.000663115003 -0.00249993801 0.00725138094
  vertex -0.00082297402 -0.00249993801 0.00743180513
  vertex -0.00115466095 -0.00249993801 0.00599992182
  endloop
 endfacet

 facet normal -1.44087005e-06 -1 6.55370002e-07
  outer loop
  vertex -0.000464718003 -0.00249993801 0.00711440993
  vertex -0.000663115003 -0.00249993801 0.00725138094
  vertex -0.00115466095 -0.00249993801 0.00599992182
  endloop
 endfacet

 facet normal 2.74870047e-07 -1 5.07551022e-07
  outer loop
  vertex 0.00115466095 -0.00249993801 0.00599992182
  vertex 0.000464716984 -0.00249993801 0.00711440993
  vertex 0.000239311994 -0.00249993801 0.00702893687
  endloop
 endfacet

 facet normal 0 -1 1.69182997e-07
  outer loop
  vertex -0.000239312998 -0.00249993801 0.00702893687
  vertex -0.000464718003 -0.00249993801 0.00711440993
  vertex -0.00115466095 -0.00249993801 0.00599992182
  endloop
 endfacet

 facet normal 0 -1 9.85285965e-07
  outer loop
  vertex 0 -0.00249993801 0.00699990895
  vertex -0.000239312998 -0.00249993801 0.00702893687
  vertex -0.00115466095 -0.00249993801 0.00599992182
  endloop
 endfacet

 facet normal -0.348739624 -0.605562806 0.715314209
  outer loop
  vertex 0.00918912794 -0.00389194395 0.0189997498
  vertex 0.00890028384 -0.00371408393 0.0189997498
  vertex 0.00890028384 -0.00371408393 0.0179997608
  endloop
 endfacet

 facet normal -0.619819045 0.322723329 0.71531409
  outer loop
  vertex 0.00965684559 -0.00661981106 0.0189997498
  vertex 0.00982230902 -0.00632369518 0.0189997498
  vertex 0.00982230902 -0.00632369518 0.0179997608
  endloop
 endfacet

 facet normal 0 -1 5.07552045e-07
  outer loop
  vertex 0.000464716984 -0.00249993801 -0.008885324
  vertex 0.000239311994 -0.00249993801 -0.00897079706
  vertex 0.00115466095 -0.00249993801 -0.00999987125
  endloop
 endfacet

 facet normal -3.92560025e-07 -1 2.98752013e-07
  outer loop
  vertex 0.00115466095 -0.00249993801 -0.00999987125
  vertex 0.00230932189 -0.00249993801 -0.007999897
  vertex 0.000822972972 -0.00249993801 -0.00856792927
  endloop
 endfacet

 facet normal 0 -1 3.65423006e-07
  outer loop
  vertex 0.00230932189 -0.00249993801 -0.007999897
  vertex 0.00115466095 -0.00249993801 -0.00599986315
  vertex 0.000822972972 -0.00249993801 -0.00743180513
  endloop
 endfacet

 facet normal -3.58168052e-07 -1 0
  outer loop
  vertex 0.000992694986 -0.00249993801 -0.00812041666
  vertex 0.00230932189 -0.00249993801 -0.007999897
  vertex 0.000992694986 -0.00249993801 -0.00787931588
  endloop
 endfacet

 facet normal -1.96916005e-07 -1 2.32834026e-07
  outer loop
  vertex 0.00115466095 -0.00249993801 -0.00599986315
  vertex -0.00115466095 -0.00249993801 -0.00599986315
  vertex 0 -0.00249993801 -0.00699984981
  endloop
 endfacet

 facet normal -2.94420005e-07 -1 2.98752013e-07
  outer loop
  vertex -0.00115466095 -0.00249993801 -0.00599986315
  vertex -0.00230932189 -0.00249993801 -0.007999897
  vertex -0.00082297402 -0.00249993801 -0.00743180513
  endloop
 endfacet

 facet normal -1.44087005e-06 -1 0
  outer loop
  vertex -0.000464718003 -0.00249993801 -0.00711440993
  vertex -0.00115466095 -0.00249993801 -0.00599986315
  vertex -0.000663115003 -0.00249993801 -0.00725138094
  endloop
 endfacet

 facet normal -5.88839043e-07 -1 3.65423006e-07
  outer loop
  vertex -0.00230932189 -0.00249993801 -0.007999897
  vertex -0.00115466095 -0.00249993801 -0.00999987125
  vertex -0.00082297402 -0.00249993801 -0.00856792927
  endloop
 endfacet

 facet normal -5.40327051e-07 -1 6.55371082e-07
  outer loop
  vertex -0.00115466095 -0.00249993801 -0.00999987125
  vertex -0.000464718003 -0.00249993801 -0.008885324
  vertex -0.000663115003 -0.00249993801 -0.0087483516
  endloop
 endfacet

 facet normal 5.90557988e-07 -1 2.57790987e-07
  outer loop
  vertex -0.00115466095 -0.00249993801 -0.00999987125
  vertex -0.000663115003 -0.00249993801 -0.0087483516
  vertex -0.00082297402 -0.00249993801 -0.00856792927
  endloop
 endfacet

 facet normal -1.44088006e-06 -1 0
  outer loop
  vertex 0.000663113955 -0.00249993801 -0.0087483516
  vertex 0.000464716984 -0.00249993801 -0.008885324
  vertex 0.00115466095 -0.00249993801 -0.00999987125
  endloop
 endfacet

 facet normal 0 -1 2.57790987e-07
  outer loop
  vertex 0.000822972972 -0.00249993801 -0.00856792927
  vertex 0.000663113955 -0.00249993801 -0.0087483516
  vertex 0.00115466095 -0.00249993801 -0.00999987125
  endloop
 endfacet

 facet normal 0 -1 -2.05681005e-07
  outer loop
  vertex -0.00230932189 -0.00249993801 -0.007999897
  vertex -0.00082297402 -0.00249993801 -0.00856792927
  vertex -0.000935004966 -0.00249993801 -0.00835448503
  endloop
 endfacet

 facet normal 0 -1 0
  outer loop
  vertex 0.000935004035 -0.00249993801 -0.00835448503
  vertex 0.000822972972 -0.00249993801 -0.00856792927
  vertex 0.00230932189 -0.00249993801 -0.007999897
  endloop
 endfacet

 facet normal -3.77404007e-07 -1 1.06228003e-06
  outer loop
  vertex 0.000992694986 -0.00249993801 -0.00812041666
  vertex 0.000935004035 -0.00249993801 -0.00835448503
  vertex 0.00230932189 -0.00249993801 -0.007999897
  endloop
 endfacet

 facet normal -3.77403012e-07 -1 9.73096007e-07
  outer loop
  vertex -0.00230932189 -0.00249993801 -0.007999897
  vertex -0.000935004966 -0.00249993801 -0.00835448503
  vertex -0.000992696965 -0.00249993801 -0.00812041666
  endloop
 endfacet

 facet normal -3.58168052e-07 -1 0
  outer loop
  vertex -0.00230932189 -0.00249993801 -0.007999897
  vertex -0.000992696965 -0.00249993801 -0.00812041666
  vertex -0.000992696965 -0.00249993801 -0.00787931588
  endloop
 endfacet

 facet normal -3.77401989e-07 -1 9.73092028e-07
  outer loop
  vertex 0.000992694986 -0.00249993801 -0.00787931588
  vertex 0.00230932189 -0.00249993801 -0.007999897
  vertex 0.000935004035 -0.00249993801 -0.0076452489
  endloop
 endfacet

 facet normal -8.96436063e-07 -1 -2.05678006e-07
  outer loop
  vertex 0.000935004035 -0.00249993801 -0.0076452489
  vertex 0.00230932189 -0.00249993801 -0.007999897
  vertex 0.000822972972 -0.00249993801 -0.00743180513
  endloop
 endfacet

 facet normal 3.77403012e-07 -1 1.06228003e-06
  outer loop
  vertex -0.00230932189 -0.00249993801 -0.007999897
  vertex -0.000992696965 -0.00249993801 -0.00787931588
  vertex -0.000935004966 -0.00249993801 -0.0076452489
  endloop
 endfacet

 facet normal -4.48216014e-07 -1 0
  outer loop
  vertex -0.00230932189 -0.00249993801 -0.007999897
  vertex -0.000935004966 -0.00249993801 -0.0076452489
  vertex -0.00082297402 -0.00249993801 -0.00743180513
  endloop
 endfacet

 facet normal 0 -1 2.57793033e-07
  outer loop
  vertex -0.00082297402 -0.00249993801 -0.00743180513
  vertex -0.000663115003 -0.00249993801 -0.00725138094
  vertex -0.00115466095 -0.00249993801 -0.00599986315
  endloop
 endfacet

 facet normal 0 -1 2.57793033e-07
  outer loop
  vertex 0.000663113955 -0.00249993801 -0.00725138094
  vertex 0.000822972972 -0.00249993801 -0.00743180513
  vertex 0.00115466095 -0.00249993801 -0.00599986315
  endloop
 endfacet

 facet normal -1.44087005e-06 -1 6.55369035e-07
  outer loop
  vertex 0.000464716984 -0.00249993801 -0.00711440993
  vertex 0.000663113955 -0.00249993801 -0.00725138094
  vertex 0.00115466095 -0.00249993801 -0.00599986315
  endloop
 endfacet

 facet normal -1.83246001e-07 -1 5.07549998e-07
  outer loop
  vertex -0.00115466095 -0.00249993801 -0.00599986315
  vertex -0.000464718003 -0.00249993801 -0.00711440993
  vertex -0.000239312998 -0.00249993801 -0.00702893687
  endloop
 endfacet

 facet normal 2.81236998e-06 -1 1.39369001e-06
  outer loop
  vertex -0.00115466095 -0.00249993801 -0.00599986315
  vertex -0.000239312998 -0.00249993801 -0.00702893687
  vertex 0 -0.00249993801 -0.00699984981
  endloop
 endfacet

 facet normal 0 -1 1.69182997e-07
  outer loop
  vertex 0.000239311994 -0.00249993801 -0.00702893687
  vertex 0.000464716984 -0.00249993801 -0.00711440993
  vertex 0.00115466095 -0.00249993801 -0.00599986315
  endloop
 endfacet

 facet normal 1.41729998e-07 6.42434088e-06 1
  outer loop
  vertex -0.00842124224 -0.00745499087 0.0189997498
  vertex -0.00949984696 -0.00899982359 0.0189997498
  vertex -0.00808477402 -0.00749808503 0.0189997498
  endloop
 endfacet

 facet normal 0 -8.07491006e-07 1
  outer loop
  vertex -0.00949984696 -0.00899982359 0.0189997498
  vertex -0.00649988605 -0.00899982359 0.0189997498
  vertex -0.00808477402 -0.00749808503 0.0189997498
  endloop
 endfacet

 facet normal -3.82841989e-07 2.95593009e-06 1
  outer loop
  vertex -0.00649988605 -0.00899982359 0.0189997498
  vertex -0.00709944917 -0.00728571415 0.0189997498
  vertex -0.00741422083 -0.00741219521 0.0189997498
  endloop
 endfacet

 facet normal -2.24926993e-07 1.53678002e-06 1
  outer loop
  vertex -0.00649988605 -0.00899982359 0.0189997498
  vertex -0.00741422083 -0.00741219521 0.0189997498
  vertex -0.00774586201 -0.00748366117 0.0189997498
  endloop
 endfacet

 facet normal 0.0380009599 -0.938926399 0.342013448
  outer loop
  vertex -0.00787931588 -0.00450718403 -0.0159997903
  vertex -0.00812041666 -0.00450718403 -0.0159997903
  vertex -0.00812041666 -0.00450718403 -0.0179997608
  endloop
 endfacet

 facet normal -0.0754492804 -0.342018545 0.936659336
  outer loop
  vertex -0.007999897 0 0.00699990895
  vertex -0.007999897 -0.00249993801 0.00699990895
  vertex -0.00776058389 -0.00249993801 0.00702893687
  endloop
 endfacet

 facet normal 0.958885908 -0.221921012 0.176886708
  outer loop
  vertex 0.00247990992 -0.00299328496 -0.0178597495
  vertex 0.00247990992 -0.00600653794 -0.0178597495
  vertex 0.00249993801 -0.00599992182 -0.0179997608
  endloop
 endfacet

 facet normal 0.297413528 -0.342018515 0.891385734
  outer loop
  vertex 0.00753515912 -0.00249993801 -0.008885324
  vertex 0.00776058389 -0.00249993801 -0.00897079706
  vertex 0.00776058389 0 -0.00897079706
  endloop
 endfacet

 facet normal -0.184897467 0.673897743 -0.715314567
  outer loop
  vertex 0.00874555111 -0.00735569 -0.0189997498
  vertex 0.00842124224 -0.00745499087 -0.0189997498
  vertex 0.00842124224 -0.00745499087 -0.0179997608
  endloop
 endfacet

 facet normal -0.927498043 0.15089862 -0.342018932
  outer loop
  vertex -0.00699990895 -0.00549989892 0.0159997903
  vertex -0.00702893687 -0.00573921204 0.0159997903
  vertex -0.00702893687 -0.00573921204 0.0179997608
  endloop
 endfacet

 facet normal 0.866025388 -1.96916972e-07 -0.500000119
  outer loop
  vertex -0.00915455818 -0.00249993801 0.00199997402
  vertex -0.00915455818 -0.00399988797 0.00199997402
  vertex -0.01030921 -0.00399988797 0
  endloop
 endfacet

 facet normal 0 6.06344997e-07 -1
  outer loop
  vertex -0.0034999249 -0.00199991395 0.0179997608
  vertex -0.00049999397 -0.00199991395 0.0179997608
  vertex -0.0034999249 -0.00599986315 0.0179997608
  endloop
 endfacet

 facet normal 8.07157107e-07 -7.27614065e-07 -1
  outer loop
  vertex -0.00049999397 -0.00199991395 0.0179997608
  vertex 0.00149994995 -0.0026665919 0.0179997608
  vertex -0.00049999496 -0.00699984981 0.0179997608
  endloop
 endfacet

 facet normal -1.24178001e-07 -9.93398089e-07 -1
  outer loop
  vertex -0.0034999249 -0.00599986315 0.0179997608
  vertex -0.00049999397 -0.00199991395 0.0179997608
  vertex -0.00049999496 -0.00699984981 0.0179997608
  endloop
 endfacet

 facet normal 0 0 -1
  outer loop
  vertex 0.00149994995 -0.0026665919 0.0179997608
  vertex 0.00149994995 -0.00633323099 0.0179997608
  vertex -0.00049999496 -0.00699984981 0.0179997608
  endloop
 endfacet

 facet normal 0 -1 2.32834026e-07
  outer loop
  vertex 0.00115466095 -0.00399988797 0.00599992182
  vertex 0.00230932189 -0.00399988797 0.00599992182
  vertex 0.00230932189 -0.00399988797 0.007999897
  endloop
 endfacet

 facet normal 0 -1 2.32834026e-07
  outer loop
  vertex 0.00230932189 -0.00399988797 0.00599992182
  vertex 0.00346404291 -0.00399988797 0.007999897
  vertex 0.00230932189 -0.00399988797 0.007999897
  endloop
 endfacet

 facet normal -7.87666011e-07 -1 2.32834026e-07
  outer loop
  vertex -0.00346404291 -0.00399988797 0.007999897
  vertex -0.00230932189 -0.00399988797 0.00599992182
  vertex -0.00230932189 -0.00399988797 0.007999897
  endloop
 endfacet

 facet normal 0 -1 2.32834026e-07
  outer loop
  vertex -0.00230932189 -0.00399988797 0.00599992182
  vertex -0.00115466095 -0.00399988797 0.00599992182
  vertex -0.00230932189 -0.00399988797 0.007999897
  endloop
 endfacet

 facet normal 0 -1 2.32834026e-07
  outer loop
  vertex 0.00115466095 -0.00399988797 0.00999987125
  vertex 0.00230932189 -0.00399988797 0.007999897
  vertex 0.00346404291 -0.00399988797 0.007999897
  endloop
 endfacet

 facet normal 0 -1 3.88056009e-07
  outer loop
  vertex -0.00173199095 -0.00399988797 0.01099985
  vertex -0.00346404291 -0.00399988797 0.007999897
  vertex -0.00230932189 -0.00399988797 0.007999897
  endloop
 endfacet

 facet normal 7.87666011e-07 -1 3.49251053e-07
  outer loop
  vertex -0.00173199095 -0.00399988797 0.01099985
  vertex -0.00230932189 -0.00399988797 0.007999897
  vertex -0.00115466095 -0.00399988797 0.00999987125
  endloop
 endfacet

 facet normal -5.25111034e-07 -1 2.32834026e-07
  outer loop
  vertex 0.00115466095 -0.00399988797 0.00999987125
  vertex 0.00346404291 -0.00399988797 0.007999897
  vertex 0.00173199095 -0.00399988797 0.01099985
  endloop
 endfacet

 facet normal 0 -1 3.49251053e-07
  outer loop
  vertex -0.00173199095 -0.00399988797 0.01099985
  vertex -0.00115466095 -0.00399988797 0.00999987125
  vertex 0.00115466095 -0.00399988797 0.00999987125
  endloop
 endfacet

 facet normal -1.83750018e-07 -0.707107425 0.707106233
  outer loop
  vertex -0.0034999249 -0.0034999249 -0.0159997903
  vertex 0.0034999249 -0.0034999249 -0.0159997903
  vertex 0.0034999249 -0.00299996091 -0.0154997697
  endloop
 endfacet

 facet normal 2.38416007e-07 1 -3.57630029e-07
  outer loop
  vertex -0.00823920872 0 0.00097092893
  vertex -0.00846457388 0 0.00711440993
  vertex -0.00823920872 0 0.00702893687
  endloop
 endfacet

 facet normal -0.938924313 -0.342018962 0.0380022824
  outer loop
  vertex 0.00899255183 0 -0.00812041666
  vertex 0.00899255183 -0.00249993801 -0.00812041666
  vertex 0.00899255183 -0.00249993801 -0.00787931588
  endloop
 endfacet

 facet normal 0.707106709 -0.707106948 0
  outer loop
  vertex 0.00949984696 -0.00899982359 0.0159997903
  vertex 0.0124998 -0.00599986315 0.0159997903
  vertex 0.0124998 -0.00599986315 0.0189997498
  endloop
 endfacet

 facet normal 0.864435077 -0.368475974 0.342019647
  outer loop
  vertex -0.008885324 -0.00503516104 0.0159997903
  vertex -0.008885324 -0.00503516104 0.0179997608
  vertex -0.00897079706 -0.00526058581 0.0179997608
  endloop
 endfacet

 facet normal 0.279499948 0.640472651 -0.715314388
  outer loop
  vertex -0.00858551171 -0.00741219521 -0.0189997498
  vertex -0.00890028384 -0.00728571415 -0.0189997498
  vertex -0.00890028384 -0.00728571415 -0.0179997608
  endloop
 endfacet

 facet normal -0.65175879 -0.252064496 0.715313792
  outer loop
  vertex 0.00993531942 -0.00499594212 0.0189997498
  vertex 0.00982230902 -0.00467610313 0.0189997498
  vertex 0.00982230902 -0.00467610313 0.0179997608
  endloop
 endfacet

 facet normal 0.469989717 -0.813715696 -0.342017949
  outer loop
  vertex -0.00856792927 -0.00467693806 0.0179997608
  vertex -0.00856792927 -0.00467693806 0.0159997903
  vertex -0.00835448503 -0.00456488086 0.0159997903
  endloop
 endfacet

 facet normal -0.681138694 -0.156130821 -0.715313494
  outer loop
  vertex -0.00611412479 -0.0048336382 -0.0189997498
  vertex -0.00602865219 -0.00516188098 -0.0189997498
  vertex -0.00602865219 -0.00516188098 -0.0179997608
  endloop
 endfacet

 facet normal -0.56464535 -0.342018843 0.751131594
  outer loop
  vertex -0.00753515912 -0.00249993801 -0.008885324
  vertex -0.00733673479 -0.00249993801 -0.0087483516
  vertex -0.00733673479 0 -0.0087483516
  endloop
 endfacet

 facet normal -0.476900697 0.510776341 0.715313494
  outer loop
  vertex -0.00681060506 -0.00710785296 0.0189997498
  vertex -0.00655597402 -0.00688373996 0.0189997498
  vertex -0.00655597402 -0.00688373996 0.0179997608
  endloop
 endfacet

 facet normal 0.866025329 -5.25111034e-07 -0.500000179
  outer loop
  vertex -0.00115466095 -0.00249993801 -0.00599986315
  vertex -0.00115466095 -0.00399994804 -0.00599986315
  vertex -0.00230932189 -0.00399994804 -0.0079998374
  endloop
 endfacet

 facet normal 0.691925406 -0.0978041068 -0.715313673
  outer loop
  vertex -0.00999265909 -0.0053302641 -0.0179997608
  vertex -0.00999265909 -0.00533032417 -0.0189997498
  vertex -0.00993531942 -0.00499594212 -0.0189997498
  endloop
 endfacet

 facet normal -0.677595079 -0.342018783 0.65106672
  outer loop
  vertex 0.000663113955 0 0.00725138094
  vertex 0.000663113955 -0.00249993801 0.00725138094
  vertex 0.000822972972 -0.00249993801 0.00743180513
  endloop
 endfacet

 facet normal -0.794306993 0.502095044 0.342019081
  outer loop
  vertex -0.00725138094 -0.00616300106 -0.0159997903
  vertex -0.00711440993 -0.00596463587 -0.0159997903
  vertex -0.00711440993 -0.00596463587 -0.0179997608
  endloop
 endfacet

endsolid AssimpScene
