solid AssimpScene
 facet normal -0.301326066 -0.333611459 0.89325583
  outer loop
  vertex -0.0253660008 0.00299996091 -0.0275769792
  vertex -0.0256417301 0 -0.0276619103
  vertex -0.0253660008 0 -0.0275769792
  endloop
 endfacet

 facet normal 0.710964084 -0.332965344 0.619406223
  outer loop
  vertex -0.0615237914 0 -0.06165516
  vertex -0.0617755018 0.00299996091 -0.0613818094
  vertex -0.0617755018 0 -0.0613818094
  endloop
 endfacet

 facet normal -0.662131011 -0.333459258 0.67110914
  outer loop
  vertex -0.0382493697 0 -0.0414129384
  vertex -0.0385134816 0.00299996091 -0.0416889116
  vertex -0.0385134816 0 -0.0416889116
  endloop
 endfacet

 facet normal 0.225086644 -0.333544254 -0.915469468
  outer loop
  vertex -0.0406588912 0.00299996091 0.0421509705
  vertex -0.0402856991 0 0.0422319099
  vertex -0.0406588912 0 0.0421509705
  endloop
 endfacet

 facet normal -0.774673045 0.333066106 0.537539423
  outer loop
  vertex 0.0617753789 0 -0.0613818094
  vertex 0.0619791113 0.00299996091 -0.0610709116
  vertex 0.0617753789 0.00299996091 -0.0613818094
  endloop
 endfacet

 facet normal 0.852693141 0.332996041 -0.402526975
  outer loop
  vertex -0.0619788095 0 -0.0589289591
  vertex -0.0621280596 0.00299996091 -0.0592693016
  vertex -0.0619788095 0.00299996091 -0.0589289591
  endloop
 endfacet

 facet normal -0.447906256 0.333387226 0.829598188
  outer loop
  vertex 0.0266339108 0.00299996091 -0.0275769792
  vertex 0.0268909298 0 -0.0274479296
  vertex 0.0268909298 0.00299996091 -0.0274479296
  endloop
 endfacet

 facet normal 0.716417849 -0.333516032 -0.612790763
  outer loop
  vertex -0.0274084806 0 -0.0250478908
  vertex -0.0272272807 0.00299996091 -0.0248239599
  vertex -0.0272272807 0 -0.0248239599
  endloop
 endfacet

 facet normal 0.225063041 -0.333555579 0.915471137
  outer loop
  vertex -0.0402856991 0 -0.0422319099
  vertex -0.0406588912 0.00299996091 -0.0421509705
  vertex -0.0406588912 0 -0.0421509705
  endloop
 endfacet

 facet normal 0.803217113 0.333003521 -0.493914068
  outer loop
  vertex -0.0617755018 0.00299996091 0.0613818094
  vertex -0.0619788095 0 0.0610709712
  vertex -0.0619788095 0.00299996091 0.0610709712
  endloop
 endfacet

 facet normal -0.145797163 -0.333438545 0.931429982
  outer loop
  vertex 0.0263578799 0.00299996091 0.0243379399
  vertex 0.0260719601 0 0.0243020002
  vertex 0.0263578799 0 0.0243379399
  endloop
 endfacet

 facet normal 0.602656603 -0.333454162 -0.724991977
  outer loop
  vertex 0.03837597 0 0.0415569507
  vertex 0.0386618897 0.00299996091 0.0418089591
  vertex 0.0386618897 0 0.0418089591
  endloop
 endfacet

 facet normal -0.471503615 0.332916647 0.816609323
  outer loop
  vertex 0.0609040186 0.00299996091 -0.0620601699
  vertex 0.0612304807 0 -0.0618833788
  vertex 0.0612304807 0.00299996091 -0.0618833788
  endloop
 endfacet

 facet normal -0.447813302 -0.333366036 -0.82965678
  outer loop
  vertex -0.0253660008 0 0.0275769792
  vertex -0.0251086894 0.00299996091 0.0274479296
  vertex -0.0251086894 0 0.0274479296
  endloop
 endfacet

 facet normal 0.224516466 -0.333523929 -0.91561681
  outer loop
  vertex -0.0264977794 0.00299996091 0.0276249591
  vertex -0.0262159109 0 0.0276859403
  vertex -0.0264977794 0 0.0276249591
  endloop
 endfacet

 facet normal -0.873776555 -0.333156705 -0.35428977
  outer loop
  vertex 0.0619791113 0 0.0610709116
  vertex 0.062128 0.00299996091 0.0607305691
  vertex 0.062128 0 0.0607305691
  endloop
 endfacet

 facet normal -0.181352064 -0.333048344 -0.925305545
  outer loop
  vertex 0.0601856709 0 -0.0577573106
  vertex 0.0605521686 0.00299996091 -0.0578187108
  vertex 0.0605521686 0 -0.0578187108
  endloop
 endfacet

 facet normal -0.471554965 0.332910031 0.816582501
  outer loop
  vertex -0.0590960905 0.00299996091 0.0579397604
  vertex -0.0587693416 0 0.0581165515
  vertex -0.0587693416 0.00299996091 0.0581165515
  endloop
 endfacet

 facet normal 0.47148034 0.332914591 0.816623688
  outer loop
  vertex 0.0587693416 0 -0.0618833788
  vertex 0.0590958484 0.00299996091 -0.0620601699
  vertex 0.0587693416 0.00299996091 -0.0618833788
  endloop
 endfacet

 facet normal 0.642763436 -0.33351782 0.68965286
  outer loop
  vertex 0.0386618897 0 -0.0418089591
  vertex 0.03837597 0.00299996091 -0.0415569507
  vertex 0.03837597 0 -0.0415569507
  endloop
 endfacet

 facet normal -0.181350201 -0.333048344 0.925305903
  outer loop
  vertex 0.0605521686 0.00299996091 0.0578187108
  vertex 0.0601856709 0 0.0577573106
  vertex 0.0605521686 0 0.0578187108
  endloop
 endfacet

 facet normal -0.145765319 -0.333452493 -0.931430101
  outer loop
  vertex 0.0400949717 0 -0.037751969
  vertex 0.0404738709 0.00299996091 -0.0377999507
  vertex 0.0404738709 0 -0.0377999507
  endloop
 endfacet

 facet normal -0.582037508 -0.333520591 -0.741617441
  outer loop
  vertex 0.0411799513 0 0.0419159494
  vertex 0.0414869115 0.00299996091 0.0416889116
  vertex 0.0414869115 0 0.0416889116
  endloop
 endfacet

 facet normal -0.301379889 -0.333625227 0.893232584
  outer loop
  vertex 0.0266339108 0.00299996091 -0.0275769792
  vertex 0.0263578799 0 -0.0276619103
  vertex 0.0266339108 0 -0.0275769792
  endloop
 endfacet

 facet normal 0.642629266 -0.333505571 0.689783752
  outer loop
  vertex -0.0413378403 0 -0.0418089591
  vertex -0.0416243002 0.00299996091 -0.0415569507
  vertex -0.0416243002 0 -0.0415569507
  endloop
 endfacet

 facet normal 0.852690995 0.33299306 0.402533978
  outer loop
  vertex -0.0621280596 0.00299996091 0.0592693016
  vertex -0.0619788095 0 0.0589289591
  vertex -0.0619788095 0.00299996091 0.0589289591
  endloop
 endfacet

 facet normal -0.331178993 -0.332975656 0.882863343
  outer loop
  vertex -0.0590960905 0.00299996091 0.0579397604
  vertex -0.0594475791 0 0.0578187108
  vertex -0.0590960905 0 0.0579397604
  endloop
 endfacet

 facet normal 0.809660256 0.33353892 -0.482909858
  outer loop
  vertex -0.0274084806 0 0.0269518998
  vertex -0.0275490191 0.00299996091 0.0266999602
  vertex -0.0274084806 0.00299996091 0.0269518998
  endloop
 endfacet

 facet normal 0.809610724 0.333529323 0.482999712
  outer loop
  vertex -0.0420502983 0.00299996091 0.0390729904
  vertex -0.0418640301 0 0.0387399085
  vertex -0.0418640301 0.00299996091 0.0387399085
  endloop
 endfacet

 facet normal -0.710976779 -0.332963526 -0.619392693
  outer loop
  vertex -0.0584760904 0 0.06165516
  vertex -0.0582244284 0.00299996091 0.0613818094
  vertex -0.0582244284 0 0.0613818094
  endloop
 endfacet

 facet normal 0.803225458 0.333005667 0.493898869
  outer loop
  vertex -0.0619788095 0 0.0589289591
  vertex -0.0617755018 0.00299996091 0.0586180612
  vertex -0.0619788095 0.00299996091 0.0589289591
  endloop
 endfacet

 facet normal 0.471596122 0.332920432 0.816554427
  outer loop
  vertex -0.0612305403 0 -0.0618834384
  vertex -0.0609038398 0.00299996091 -0.0620601699
  vertex -0.0612305403 0.00299996091 -0.0618834384
  endloop
 endfacet

 facet normal 0.937196493 -0.332995206 -0.103811041
  outer loop
  vertex -0.0622499511 0 -0.0599999987
  vertex -0.0622192584 0.00299996091 -0.0596293211
  vertex -0.0622192584 0 -0.0596293211
  endloop
 endfacet

 facet normal -0.145801619 -0.333440751 -0.931428552
  outer loop
  vertex 0.0260719601 0 0.0276979804
  vertex 0.0263578799 0.00299996091 0.0276619103
  vertex 0.0263578799 0 0.0276619103
  endloop
 endfacet

 facet normal 0.376053274 -0.333370149 -0.864550948
  outer loop
  vertex -0.0410129987 0.00299996091 0.042008929
  vertex -0.0406588912 0 0.0421509705
  vertex -0.0410129987 0 0.042008929
  endloop
 endfacet

 facet normal -0.941258252 0.33346647 0.0532259867
  outer loop
  vertex -0.037782371 0.00299996091 0.0396199785
  vertex -0.0377499387 0 0.0399999619
  vertex -0.0377499387 0.00299996091 0.0399999619
  endloop
 endfacet

 facet normal -0.941200137 0.333607256 0.0533723459
  outer loop
  vertex 0.0422179103 0.00299996091 -0.0403800011
  vertex 0.0422499105 0 -0.0400000215
  vertex 0.0422499105 0.00299996091 -0.0400000215
  endloop
 endfacet

 facet normal -0.662261069 -0.333578616 -0.670921266
  outer loop
  vertex 0.0414869115 0.00299996091 0.0416889116
  vertex 0.0417509004 0 0.0414129384
  vertex 0.0414869115 0 0.0416889116
  endloop
 endfacet

 facet normal 0.602631509 -0.333465964 -0.725007415
  outer loop
  vertex 0.03837597 0 -0.0384428985
  vertex 0.0386618897 0.00299996091 -0.0381909609
  vertex 0.0386618897 0 -0.0381909609
  endloop
 endfacet

 facet normal -0.300964147 -0.333361775 0.893470943
  outer loop
  vertex -0.039161019 0.00299996091 -0.0420879684
  vertex -0.0395259187 0 -0.042198889
  vertex -0.039161019 0 -0.0420879684
  endloop
 endfacet

 facet normal -0.873785675 -0.333158255 -0.354265541
  outer loop
  vertex 0.0619791113 0 -0.0589289591
  vertex 0.062128 0.00299996091 -0.0592693016
  vertex 0.062128 0 -0.0592693016
  endloop
 endfacet

 facet normal 0.602422237 -0.333528131 -0.725152671
  outer loop
  vertex -0.0416243002 0 -0.0384428985
  vertex -0.0413378403 0.00299996091 -0.0381909609
  vertex -0.0413378403 0 -0.0381909609
  endloop
 endfacet

 facet normal 0.879641712 -0.333502144 -0.339126438
  outer loop
  vertex -0.0421773084 0 -0.0394329987
  vertex -0.0420502983 0.00299996091 -0.0390729904
  vertex -0.0420502983 0 -0.0390729904
  endloop
 endfacet

 facet normal 0.924314678 -0.333486497 -0.185551107
  outer loop
  vertex -0.0422418714 0 0.040190991
  vertex -0.0421773084 0.00299996091 0.0405669808
  vertex -0.0421773084 0 0.0405669808
  endloop
 endfacet

 facet normal -0.675744474 -0.332962513 0.657651365
  outer loop
  vertex -0.0582244284 0 0.0586180612
  vertex -0.0584760904 0.00299996091 0.0583447814
  vertex -0.0584760904 0 0.0583447814
  endloop
 endfacet

 facet normal -0.425908923 -0.332969725 -0.841268539
  outer loop
  vertex -0.0590960905 0.00299996091 0.0620601699
  vertex -0.0587693416 0 0.0618834384
  vertex -0.0590960905 0 0.0620601699
  endloop
 endfacet

 facet normal -0.447898686 0.333383918 0.829603493
  outer loop
  vertex 0.0266339108 0.00299996091 0.0244229995
  vertex 0.0268909298 0 0.0245519206
  vertex 0.0268909298 0.00299996091 0.0245519206
  endloop
 endfacet

 facet normal -0.146432027 -0.333444387 -0.931328297
  outer loop
  vertex -0.0399044715 0 0.0422480106
  vertex -0.0395259187 0.00299996091 0.042198889
  vertex -0.0395259187 0 0.042198889
  endloop
 endfacet

 facet normal -0.907535851 -0.332855105 0.256098151
  outer loop
  vertex 0.0622188412 0 -0.0603706203
  vertex 0.062128 0.00299996091 -0.0607305691
  vertex 0.062128 0 -0.0607305691
  endloop
 endfacet

 facet normal 0.51675123 0.333631396 -0.788453043
  outer loop
  vertex 0.0252348706 0.00299996091 0.0275179707
  vertex 0.0249888804 0 0.0273669902
  vertex 0.0249888804 0.00299996091 0.0273669902
  endloop
 endfacet

 facet normal 0.942358017 0.333532929 0.026777111
  outer loop
  vertex -0.0276938006 0.00299996091 0.0261438992
  vertex -0.0276938006 0 0.0258558895
  vertex -0.0276938006 0.00299996091 0.0258558895
  endloop
 endfacet

 facet normal -0.710971534 -0.332963258 -0.619398773
  outer loop
  vertex -0.0584760904 0 -0.0583447814
  vertex -0.0582244284 0.00299996091 -0.0586180612
  vertex -0.0582244284 0 -0.0586180612
  endloop
 endfacet

 facet normal -0.558237135 -0.333066851 0.759893298
  outer loop
  vertex 0.0615242086 0 -0.06165516
  vertex 0.0612304807 0.00299996091 -0.0618833788
  vertex 0.0612304807 0 -0.0618833788
  endloop
 endfacet

 facet normal 0.852682173 0.332996577 -0.402549922
  outer loop
  vertex -0.0619788095 0 0.0610709712
  vertex -0.0621280596 0.00299996091 0.0607305691
  vertex -0.0619788095 0.00299996091 0.0610709712
  endloop
 endfacet

 facet normal -0.907343864 -0.332989156 0.256603658
  outer loop
  vertex -0.0577806793 0 0.0596293211
  vertex -0.0578718707 0.00299996091 0.0592693016
  vertex -0.0578718707 0 0.0592693016
  endloop
 endfacet

 facet normal -0.558193922 -0.333069563 0.759923816
  outer loop
  vertex 0.0615242086 0 0.0583447814
  vertex 0.0612304807 0.00299996091 0.0581165515
  vertex 0.0612304807 0 0.0581165515
  endloop
 endfacet

 facet normal 0.852679312 0.332995802 0.402556509
  outer loop
  vertex -0.0621280596 0.00299996091 -0.0607305691
  vertex -0.0619788095 0 -0.0610709712
  vertex -0.0619788095 0.00299996091 -0.0610709712
  endloop
 endfacet

 facet normal 0.181352064 -0.333049059 0.925305188
  outer loop
  vertex 0.059814211 0 0.0577573106
  vertex 0.0594476387 0.00299996091 0.0578187108
  vertex 0.0594476387 0 0.0578187108
  endloop
 endfacet

 facet normal -0.145862937 -0.333449751 0.931415796
  outer loop
  vertex -0.0256417301 0.00299996091 0.0243379399
  vertex -0.0259278994 0 0.0243020002
  vertex -0.0256417301 0 0.0243379399
  endloop
 endfacet

 facet normal -0.873612404 -0.333036333 -0.354807198
  outer loop
  vertex -0.0580210611 0 0.0610709712
  vertex -0.0578718707 0.00299996091 0.0607305691
  vertex -0.0578718707 0 0.0607305691
  endloop
 endfacet

 facet normal -0.582078516 -0.333524525 -0.741583347
  outer loop
  vertex 0.0411799513 0 -0.0380839705
  vertex 0.0414869115 0.00299996091 -0.0383110009
  vertex 0.0414869115 0 -0.0383110009
  endloop
 endfacet

 facet normal -0.852764547 -0.333091676 0.402296692
  outer loop
  vertex 0.062128 0 0.0592693016
  vertex 0.0619791113 0.00299996091 0.0589289591
  vertex 0.0619791113 0 0.0589289591
  endloop
 endfacet

 facet normal 0.937196255 -0.332995385 -0.103812784
  outer loop
  vertex -0.0622499511 0 0.0599999987
  vertex -0.0622192584 0.00299996091 0.0603706203
  vertex -0.0622192584 0 0.0603706203
  endloop
 endfacet

 facet normal -0.425924808 -0.332907766 -0.84128505
  outer loop
  vertex 0.0609040186 0.00299996091 0.0620601699
  vertex 0.0612304807 0 0.0618833788
  vertex 0.0609040186 0 0.0620601699
  endloop
 endfacet

 facet normal 0.129820511 0.333037525 -0.933933973
  outer loop
  vertex 0.059814211 0 0.0622425601
  vertex 0.0594476387 0.00299996091 0.0621812306
  vertex 0.059814211 0.00299996091 0.0622425601
  endloop
 endfacet

 facet normal 0.879732847 -0.333460033 0.33893162
  outer loop
  vertex -0.0275490191 0.00299996091 -0.0266999602
  vertex -0.0276451092 0 -0.0264279805
  vertex -0.0275490191 0 -0.0266999602
  endloop
 endfacet

 facet normal 0.74999088 -0.333394796 0.571280658
  outer loop
  vertex -0.0272272807 0 -0.0271759592
  vertex -0.0274084806 0.00299996091 -0.0269518998
  vertex -0.0274084806 0 -0.0269518998
  endloop
 endfacet

 facet normal -0.471480399 0.332911193 0.816624999
  outer loop
  vertex 0.0609040186 0.00299996091 0.0579397604
  vertex 0.0612304807 0 0.0581165515
  vertex 0.0612304807 0.00299996091 0.0581165515
  endloop
 endfacet

 facet normal 0.71100986 0.333011478 -0.619328797
  outer loop
  vertex 0.0584756695 0.00299996091 -0.0583447814
  vertex 0.0582244918 0 -0.0586180612
  vertex 0.0582244918 0.00299996091 -0.0586180612
  endloop
 endfacet

 facet normal 0.516711473 0.333636194 0.788477004
  outer loop
  vertex -0.0270107891 0 0.0246329904
  vertex -0.0267652199 0.00299996091 0.0244820099
  vertex -0.0270107891 0.00299996091 0.0246329904
  endloop
 endfacet

 facet normal 0.920206785 0.33290866 -0.205891028
  outer loop
  vertex 0.0578718707 0.00299996091 0.0607305691
  vertex 0.0577810407 0 0.0603706203
  vertex 0.0577810407 0.00299996091 0.0603706203
  endloop
 endfacet

 facet normal 0.602799237 -0.333417922 -0.724890113
  outer loop
  vertex -0.0272272807 0 -0.0248239599
  vertex -0.0270107891 0.00299996091 -0.0246329904
  vertex -0.0270107891 0 -0.0246329904
  endloop
 endfacet

 facet normal 0.643214405 -0.333660305 0.689163208
  outer loop
  vertex 0.0249888804 0 0.0246329904
  vertex 0.0247729402 0.00299996091 0.0248239599
  vertex 0.0247729402 0 0.0248239599
  endloop
 endfacet

 facet normal -0.331138611 -0.332971722 -0.882879972
  outer loop
  vertex 0.0605521686 0 -0.0578187108
  vertex 0.0609040186 0.00299996091 -0.0579397604
  vertex 0.0609040186 0 -0.0579397604
  endloop
 endfacet

 facet normal -0.774684012 -0.333032787 -0.537544131
  outer loop
  vertex -0.0582244284 0.00299996091 -0.0586180612
  vertex -0.0580210611 0 -0.0589289591
  vertex -0.0582244284 0 -0.0586180612
  endloop
 endfacet

 facet normal -0.847773969 -0.33336693 0.412487298
  outer loop
  vertex 0.0276029706 0 -0.0265659001
  vertex 0.0274839401 0.00299996091 -0.0268290006
  vertex 0.0274839401 0 -0.0268290006
  endloop
 endfacet

 facet normal 0.0667334497 0.333661795 -0.940327764
  outer loop
  vertex -0.0399044715 0.00299996091 0.0422480106
  vertex -0.0402856991 0 0.0422319099
  vertex -0.0402856991 0.00299996091 0.0422319099
  endloop
 endfacet

 facet normal 0.879640102 -0.33350268 -0.339129895
  outer loop
  vertex -0.0421773084 0 0.0405669808
  vertex -0.0420502983 0.00299996091 0.0409269892
  vertex -0.0420502983 0 0.0409269892
  endloop
 endfacet

 facet normal 0.603069901 -0.333470255 -0.724640727
  outer loop
  vertex 0.0247729402 0 0.0271759592
  vertex 0.0249888804 0.00299996091 0.0273669902
  vertex 0.0249888804 0 0.0273669902
  endloop
 endfacet

 facet normal 0.0136205526 0.33348915 0.942655563
  outer loop
  vertex 0.0257839505 0.00299996091 0.0243139807
  vertex 0.0260719601 0 0.0243020002
  vertex 0.0260719601 0.00299996091 0.0243020002
  endloop
 endfacet

 facet normal 0.471574277 0.332913518 0.816569865
  outer loop
  vertex -0.0612305403 0 0.0581165515
  vertex -0.0609038398 0.00299996091 0.0579397604
  vertex -0.0612305403 0.00299996091 0.0581165515
  endloop
 endfacet

 facet normal -0.18143107 -0.333059788 0.925285935
  outer loop
  vertex -0.0594475791 0.00299996091 0.0578187108
  vertex -0.0598141514 0 0.0577573106
  vertex -0.0594475791 0 0.0578187108
  endloop
 endfacet

 facet normal 0.224516615 -0.333524048 0.915616751
  outer loop
  vertex -0.0262159109 0 -0.0276859403
  vertex -0.0264977794 0.00299996091 -0.0276249591
  vertex -0.0264977794 0 -0.0276249591
  endloop
 endfacet

 facet normal 0.18129684 -0.33304438 0.925317705
  outer loop
  vertex 0.059814211 0 -0.0622425601
  vertex 0.0594476387 0.00299996091 -0.0621812306
  vertex 0.0594476387 0 -0.0621812306
  endloop
 endfacet

 facet normal -0.873622715 -0.333032757 -0.354784936
  outer loop
  vertex -0.0580210611 0 -0.0589289591
  vertex -0.0578718707 0.00299996091 -0.0592693016
  vertex -0.0578718707 0 -0.0592693016
  endloop
 endfacet

 facet normal 0.941516101 0.332940996 0.0519399643
  outer loop
  vertex 0.0577499196 0 0.0599999391
  vertex 0.0577810407 0.00299996091 0.0596293211
  vertex 0.0577499196 0.00299996091 0.0599999391
  endloop
 endfacet

 facet normal -0.869637609 -0.333322555 -0.364179283
  outer loop
  vertex 0.0274839401 0 -0.02517098
  vertex 0.0276029706 0.00299996091 -0.0254338905
  vertex 0.0276029706 0 -0.0254338905
  endloop
 endfacet

 facet normal -0.869828522 -0.333499789 -0.363560468
  outer loop
  vertex -0.0245158002 0 0.0268290006
  vertex -0.0243970696 0.00299996091 0.0265659001
  vertex -0.0243970696 0 0.0265659001
  endloop
 endfacet

 facet normal -0.675833941 -0.332908154 0.657586992
  outer loop
  vertex 0.0617753789 0 -0.0613818094
  vertex 0.0615242086 0.00299996091 -0.06165516
  vertex 0.0615242086 0 -0.06165516
  endloop
 endfacet

 facet normal -0.941200137 0.333607197 0.0533709377
  outer loop
  vertex 0.0422179103 0.00299996091 0.0396199785
  vertex 0.0422499105 0 0.0399999619
  vertex 0.0422499105 0.00299996091 0.0399999619
  endloop
 endfacet

 facet normal 0.809436917 0.333552897 -0.483274579
  outer loop
  vertex 0.0245919805 0 0.0269518998
  vertex 0.0244508907 0.00299996091 0.0266999602
  vertex 0.0245919805 0.00299996091 0.0269518998
  endloop
 endfacet

 facet normal 0.375486702 -0.333375186 0.864795148
  outer loop
  vertex -0.0264977794 0 0.02437496
  vertex -0.0267652199 0.00299996091 0.0244820099
  vertex -0.0267652199 0 0.0244820099
  endloop
 endfacet

 facet normal -0.331148684 -0.332990795 0.882869005
  outer loop
  vertex 0.0609040186 0.00299996091 -0.0620601699
  vertex 0.0605521686 0 -0.0621812306
  vertex 0.0609040186 0 -0.0620601699
  endloop
 endfacet

 facet normal 0.879697025 -0.333389312 -0.339093924
  outer loop
  vertex 0.0378229618 0 0.0405669808
  vertex 0.0379499085 0.00299996091 0.0409269892
  vertex 0.0379499085 0 0.0409269892
  endloop
 endfacet

 facet normal 0.376020819 -0.333364248 0.86456728
  outer loop
  vertex -0.0406588912 0 0.0378489383
  vertex -0.0410129987 0.00299996091 0.0379909202
  vertex -0.0410129987 0 0.0379909202
  endloop
 endfacet

 facet normal -0.250259727 -0.333364487 -0.908976436
  outer loop
  vertex -0.0256417301 0.00299996091 0.0276619103
  vertex -0.0253660008 0 0.0275769792
  vertex -0.0256417301 0 0.0276619103
  endloop
 endfacet

 facet normal 0.181371823 -0.333054721 0.925299287
  outer loop
  vertex -0.0601857901 0 -0.0622425601
  vertex -0.0605522916 0.00299996091 -0.0621812306
  vertex -0.0605522916 0 -0.0621812306
  endloop
 endfacet

 facet normal -0.94151628 0.332939148 0.0519495904
  outer loop
  vertex 0.0622188412 0.00299996091 0.0596293211
  vertex 0.0622499511 0 0.0599999391
  vertex 0.0622499511 0.00299996091 0.0599999391
  endloop
 endfacet

 facet normal 0.643274188 -0.333666056 0.689104795
  outer loop
  vertex 0.0249888804 0 -0.0273669902
  vertex 0.0247729402 0.00299996091 -0.0271759592
  vertex 0.0247729402 0 -0.0271759592
  endloop
 endfacet

 facet normal 0.129875526 0.333035678 -0.93392694
  outer loop
  vertex 0.059814211 0 -0.0577573106
  vertex 0.0594476387 0.00299996091 -0.0578187108
  vertex 0.059814211 0.00299996091 -0.0577573106
  endloop
 endfacet

 facet normal -0.774683177 -0.333028883 -0.537548065
  outer loop
  vertex -0.0582244284 0.00299996091 0.0613818094
  vertex -0.0580210611 0 0.0610709712
  vertex -0.0582244284 0 0.0613818094
  endloop
 endfacet

 facet normal -0.774683058 0.333028883 0.537548006
  outer loop
  vertex -0.0582244284 0 -0.0613818094
  vertex -0.0580210611 0.00299996091 -0.0610709712
  vertex -0.0582244284 0.00299996091 -0.0613818094
  endloop
 endfacet

 facet normal -0.425864309 -0.332971066 -0.841290593
  outer loop
  vertex -0.0590960905 0.00299996091 -0.0579397604
  vertex -0.0587693416 0 -0.0581164882
  vertex -0.0590960905 0 -0.0579397604
  endloop
 endfacet

 facet normal 0.879746377 -0.333454669 0.33890146
  outer loop
  vertex -0.0275490191 0.00299996091 0.0252999607
  vertex -0.0276451092 0 0.0255720001
  vertex -0.0275490191 0 0.0252999607
  endloop
 endfacet

 facet normal 0.599432349 -0.333006471 0.72786516
  outer loop
  vertex 0.0587693416 0 -0.0618833788
  vertex 0.0584756695 0.00299996091 -0.06165516
  vertex 0.0584756695 0 -0.06165516
  endloop
 endfacet

 facet normal 0 -1 0
  outer loop
  vertex -0.0378785096 0 0.0392499492
  vertex -0.0267652199 0 0.0275179707
  vertex -0.0264977794 0 0.0276249591
  endloop
 endfacet

 facet normal -0.250001222 -0.333532304 -0.908986032
  outer loop
  vertex -0.0395259187 0.00299996091 0.042198889
  vertex -0.039161019 0 0.0420879684
  vertex -0.0395259187 0 0.042198889
  endloop
 endfacet

 facet normal -0.920203745 -0.332914978 -0.205895185
  outer loop
  vertex 0.062128 0 -0.0592693016
  vertex 0.0622188412 0.00299996091 -0.0596293211
  vertex 0.0622188412 0 -0.0596293211
  endloop
 endfacet

 facet normal -0.0261148624 0.333053887 0.94254607
  outer loop
  vertex 0.059814211 0.00299996091 -0.0622425601
  vertex 0.0601856709 0 -0.0622425601
  vertex 0.0601856709 0.00299996091 -0.0622425601
  endloop
 endfacet

 facet normal 0.0128051676 0.333683193 0.942598343
  outer loop
  vertex -0.0402856991 0.00299996091 -0.0422319099
  vertex -0.0399044715 0 -0.042247951
  vertex -0.0399044715 0.00299996091 -0.042247951
  endloop
 endfacet

 facet normal -0.539132357 -0.333530486 0.7733652
  outer loop
  vertex -0.0385134816 0 -0.0416889116
  vertex -0.0388201997 0.00299996091 -0.0419159494
  vertex -0.0388201997 0 -0.0419159494
  endloop
 endfacet

 facet normal -0.249881595 -0.333519489 -0.909023583
  outer loop
  vertex 0.0404738709 0.00299996091 0.042198889
  vertex 0.0408388898 0 0.0420879684
  vertex 0.0404738709 0 0.042198889
  endloop
 endfacet

 facet normal -0.448275656 -0.333465695 -0.829366982
  outer loop
  vertex 0.0408388898 0 -0.0379119515
  vertex 0.0411799513 0.00299996091 -0.0380839705
  vertex 0.0411799513 0 -0.0380839705
  endloop
 endfacet

 facet normal -1 0 0
  outer loop
  vertex 0.0259999596 0 0.0107699595
  vertex 0.0259999596 0.00299996091 -0.0107699595
  vertex 0.0259999596 0 -0.0107699595
  endloop
 endfacet

 facet normal 0.558323979 0.332993925 -0.75986135
  outer loop
  vertex -0.0612305403 0 -0.0581164882
  vertex -0.0615237914 0.00299996091 -0.0583447814
  vertex -0.0612305403 0.00299996091 -0.0581164882
  endloop
 endfacet

 facet normal 0.224626899 -0.333552063 0.915579438
  outer loop
  vertex 0.0257839505 0 0.0243139807
  vertex 0.0255018994 0.00299996091 0.02437496
  vertex 0.0255018994 0 0.02437496
  endloop
 endfacet

 facet normal 0.0261133257 0.333053887 -0.94254607
  outer loop
  vertex 0.0601856709 0.00299996091 0.0622425601
  vertex 0.059814211 0 0.0622425601
  vertex 0.059814211 0.00299996091 0.0622425601
  endloop
 endfacet

 facet normal 0.558356345 0.332988232 -0.759840131
  outer loop
  vertex -0.0612305403 0 0.0618834384
  vertex -0.0615237914 0.00299996091 0.06165516
  vertex -0.0612305403 0.00299996091 0.0618834384
  endloop
 endfacet

 facet normal 0.924294412 -0.333497673 0.185631722
  outer loop
  vertex -0.0276451092 0.00299996091 -0.0264279805
  vertex -0.0276938006 0 -0.0261438992
  vertex -0.0276451092 0 -0.0264279805
  endloop
 endfacet

 facet normal -0.331151426 -0.332984209 -0.882870436
  outer loop
  vertex -0.0594475791 0 0.0621812306
  vertex -0.0590960905 0.00299996091 0.0620601699
  vertex -0.0590960905 0 0.0620601699
  endloop
 endfacet

 facet normal 0.942313135 0.333647132 0.0269379746
  outer loop
  vertex 0.037757989 0.00299996091 -0.0398089215
  vertex 0.037757989 0 -0.040190991
  vertex 0.037757989 0.00299996091 -0.040190991
  endloop
 endfacet

 facet normal 0.879564822 -0.333447218 -0.339380145
  outer loop
  vertex 0.0243549291 0 -0.0255720001
  vertex 0.0244508907 0.00299996091 -0.0252999607
  vertex 0.0244508907 0 -0.0252999607
  endloop
 endfacet

 facet normal 0.750036359 -0.333300978 0.571275651
  outer loop
  vertex 0.0247729402 0 0.0248239599
  vertex 0.0245919805 0.00299996091 0.0250478908
  vertex 0.0245919805 0 0.0250478908
  endloop
 endfacet

 facet normal -0.852753103 -0.333092958 0.402319819
  outer loop
  vertex 0.062128 0 -0.0607305691
  vertex 0.0619791113 0.00299996091 -0.0610709116
  vertex 0.0619791113 0 -0.0610709116
  endloop
 endfacet

 facet normal 0.879630327 -0.333506584 0.339151472
  outer loop
  vertex -0.0420502983 0.00299996091 -0.0409269892
  vertex -0.0421773084 0 -0.0405669808
  vertex -0.0420502983 0 -0.0409269892
  endloop
 endfacet

 facet normal 0.0136822984 0.333506286 0.94264859
  outer loop
  vertex -0.0262159109 0.00299996091 -0.0276859403
  vertex -0.0259278994 0 -0.0276979804
  vertex -0.0259278994 0.00299996091 -0.0276979804
  endloop
 endfacet

 facet normal -0.904959083 -0.333632976 -0.264079869
  outer loop
  vertex 0.0421209894 0.00299996091 0.0407499
  vertex 0.0422179103 0 0.0403800011
  vertex 0.0421209894 0 0.0407499
  endloop
 endfacet

 facet normal -0.250238895 -0.333559453 -0.908910692
  outer loop
  vertex 0.0404738709 0.00299996091 -0.0377999507
  vertex 0.0408388898 0 -0.0379119515
  vertex 0.0404738709 0 -0.0377999507
  endloop
 endfacet

 facet normal 0.809655905 0.333549082 -0.482910365
  outer loop
  vertex 0.0381358787 0 -0.0387399085
  vertex 0.0379499085 0.00299996091 -0.0390729904
  vertex 0.0381358787 0.00299996091 -0.0387399085
  endloop
 endfacet

 facet normal 0.750056624 -0.333288997 0.571255982
  outer loop
  vertex 0.0247729402 0 -0.0271759592
  vertex 0.0245919805 0.00299996091 -0.0269518998
  vertex 0.0245919805 0 -0.0269518998
  endloop
 endfacet

 facet normal -0.331151754 -0.33298263 0.882870913
  outer loop
  vertex -0.0590960905 0.00299996091 -0.0620601699
  vertex -0.0594475791 0 -0.0621812306
  vertex -0.0590960905 0 -0.0620601699
  endloop
 endfacet

 facet normal -0.941224873 -0.333571374 -0.0531586632
  outer loop
  vertex 0.0276759807 0 -0.0257128999
  vertex 0.0276998803 0.00299996091 -0.0260000192
  vertex 0.0276998803 0 -0.0260000192
  endloop
 endfacet

 facet normal 0.924295068 -0.333496153 -0.185630694
  outer loop
  vertex -0.0276938006 0 -0.0258558895
  vertex -0.0276451092 0.00299996091 -0.0255720001
  vertex -0.0276451092 0 -0.0255720001
  endloop
 endfacet

 facet normal 0.879746556 -0.333454251 -0.33890149
  outer loop
  vertex -0.0276451092 0 -0.0255720001
  vertex -0.0275490191 0.00299996091 -0.0252999607
  vertex -0.0275490191 0 -0.0252999607
  endloop
 endfacet

 facet normal -0.300874084 -0.333363116 0.893500924
  outer loop
  vertex 0.0408388898 0.00299996091 0.0379120111
  vertex 0.0404738709 0 0.0378009006
  vertex 0.0408388898 0 0.0379120111
  endloop
 endfacet

 facet normal -0.425876021 -0.332905322 -0.84131062
  outer loop
  vertex 0.0609040186 0.00299996091 -0.0579397604
  vertex 0.0612304807 0 -0.0581164882
  vertex 0.0609040186 0 -0.0579397604
  endloop
 endfacet

 facet normal 0.33112064 0.332980663 -0.88288331
  outer loop
  vertex 0.0594476387 0.00299996091 -0.0578187108
  vertex 0.0590958484 0 -0.0579397604
  vertex 0.0590958484 0.00299996091 -0.0579397604
  endloop
 endfacet

 facet normal -0.7071082 0 0.707105398
  outer loop
  vertex 0.0259999596 0 -0.0107699595
  vertex 0.0107699595 0.00299996091 -0.0260000192
  vertex 0.0107699595 0 -0.0260000192
  endloop
 endfacet

 facet normal 0 0 -1
  outer loop
  vertex 0.074000001 0.00299996091 -0.074000001
  vertex -0.074000001 0 -0.074000001
  vertex -0.074000001 0.00299996091 -0.074000001
  endloop
 endfacet

 facet normal -0.795645058 -0.333412498 -0.505751908
  outer loop
  vertex -0.0382493697 0 0.0414129384
  vertex -0.0380356908 0.00299996091 0.0410969183
  vertex -0.0380356908 0 0.0410969183
  endloop
 endfacet

 facet normal 0.331152171 0.332970768 -0.882875264
  outer loop
  vertex -0.0605522916 0.00299996091 -0.0578187108
  vertex -0.0609038398 0 -0.0579397604
  vertex -0.0609038398 0.00299996091 -0.0579397604
  endloop
 endfacet

 facet normal -0.581964195 -0.333692729 -0.741597414
  outer loop
  vertex -0.0251086894 0 -0.0245519206
  vertex -0.0248768907 0.00299996091 -0.0247239396
  vertex -0.0248768907 0 -0.0247239396
  endloop
 endfacet

 facet normal 0.716732681 -0.333362341 -0.612506211
  outer loop
  vertex 0.0245919805 0 -0.0250478908
  vertex 0.0247729402 0.00299996091 -0.0248239599
  vertex 0.0247729402 0 -0.0248239599
  endloop
 endfacet

 facet normal 0.331187159 -0.332976609 0.882859945
  outer loop
  vertex -0.0605522916 0 0.0578187108
  vertex -0.0609038398 0.00299996091 0.0579397604
  vertex -0.0609038398 0 0.0579397604
  endloop
 endfacet

 facet normal 0.12991266 0.333053559 -0.933915436
  outer loop
  vertex -0.0601857901 0 -0.0577573106
  vertex -0.0605522916 0.00299996091 -0.0578187108
  vertex -0.0601857901 0.00299996091 -0.0577573106
  endloop
 endfacet

 facet normal -0.869821846 -0.333486915 -0.363588423
  outer loop
  vertex -0.0245158002 0 -0.02517098
  vertex -0.0243970696 0.00299996091 -0.0254338905
  vertex -0.0243970696 0 -0.0254338905
  endloop
 endfacet

 facet normal 0.471434087 0.33290568 -0.816653967
  outer loop
  vertex 0.0590958484 0.00299996091 -0.0579397604
  vertex 0.0587693416 0 -0.0581164882
  vertex 0.0587693416 0.00299996091 -0.0581164882
  endloop
 endfacet

 facet normal -0.181294918 -0.333044112 0.925318241
  outer loop
  vertex 0.0605521686 0.00299996091 -0.0621812306
  vertex 0.0601856709 0 -0.0622425601
  vertex 0.0605521686 0 -0.0621812306
  endloop
 endfacet

 facet normal 0.809442163 0.333558232 -0.4832623
  outer loop
  vertex 0.0245919805 0 -0.0250478908
  vertex 0.0244508907 0.00299996091 -0.0252999607
  vertex 0.0245919805 0.00299996091 -0.0250478908
  endloop
 endfacet

 facet normal 0.942367017 0.333510339 0.0267472472
  outer loop
  vertex -0.0422418714 0.00299996091 0.040190991
  vertex -0.0422418714 0 0.0398089215
  vertex -0.0422418714 0.00299996091 0.0398089215
  endloop
 endfacet

 facet normal -0.53880477 -0.333499074 0.773606956
  outer loop
  vertex -0.0248768907 0 0.0247239396
  vertex -0.0251086894 0.00299996091 0.0245519206
  vertex -0.0251086894 0 0.0245519206
  endloop
 endfacet

 facet normal -0.181373999 -0.333055764 -0.925298393
  outer loop
  vertex -0.0598141514 0 0.0622425601
  vertex -0.0594475791 0.00299996091 0.0621812306
  vertex -0.0594475791 0 0.0621812306
  endloop
 endfacet

 facet normal 0.331131071 -0.332988024 0.882876694
  outer loop
  vertex 0.0594476387 0 -0.0621812306
  vertex 0.0590958484 0.00299996091 -0.0620601699
  vertex 0.0590958484 0 -0.0620601699
  endloop
 endfacet

 facet normal 1 0 0
  outer loop
  vertex 0.074000001 0.00299996091 0.074000001
  vertex 0.074000001 0 -0.074000001
  vertex 0.074000001 0.00299996091 -0.074000001
  endloop
 endfacet

 facet normal -0.447906166 -0.333387792 -0.82959789
  outer loop
  vertex 0.0266339108 0 0.0275769792
  vertex 0.0268909298 0.00299996091 0.0274479296
  vertex 0.0268909298 0 0.0274479296
  endloop
 endfacet

 facet normal 0.599390686 -0.333000481 0.727902114
  outer loop
  vertex 0.0587693416 0 0.0581165515
  vertex 0.0584756695 0.00299996091 0.0583447814
  vertex 0.0584756695 0 0.0583447814
  endloop
 endfacet

 facet normal 0.716351509 -0.333478421 -0.612888753
  outer loop
  vertex -0.0418640301 0 0.0412600003
  vertex -0.0416243002 0.00299996091 0.0415569507
  vertex -0.0416243002 0 0.0415569507
  endloop
 endfacet

 facet normal -0.941259921 -0.333464682 -0.0532072857
  outer loop
  vertex -0.037782371 0 -0.0396199785
  vertex -0.0377499387 0.00299996091 -0.0400000215
  vertex -0.0377499387 0 -0.0400000215
  endloop
 endfacet

 facet normal -0.181373999 -0.333055764 0.925298393
  outer loop
  vertex -0.0594475791 0.00299996091 -0.0621812306
  vertex -0.0598141514 0 -0.0622425601
  vertex -0.0594475791 0 -0.0621812306
  endloop
 endfacet

 facet normal -0.905219972 -0.333512545 0.26333639
  outer loop
  vertex -0.037782371 0 0.0396199785
  vertex -0.0378785096 0.00299996091 0.0392499492
  vertex -0.0378785096 0 0.0392499492
  endloop
 endfacet

 facet normal -0.765826106 0.333421558 0.549854934
  outer loop
  vertex -0.0382493697 0 -0.0414129384
  vertex -0.0380356908 0.00299996091 -0.0410969183
  vertex -0.0382493697 0.00299996091 -0.0414129384
  endloop
 endfacet

 facet normal -0.9052701 -0.33346954 -0.263218462
  outer loop
  vertex -0.0243970696 0.00299996091 -0.0254338905
  vertex -0.0243244097 0 -0.0257128999
  vertex -0.0243970696 0 -0.0254338905
  endloop
 endfacet

 facet normal 0.879732788 -0.333459944 -0.338931501
  outer loop
  vertex -0.0276451092 0 0.0264279805
  vertex -0.0275490191 0.00299996091 0.0266999602
  vertex -0.0275490191 0 0.0266999602
  endloop
 endfacet

 facet normal -0.447877944 -0.333644569 -0.829509914
  outer loop
  vertex 0.0408388898 0 0.0420879684
  vertex 0.0411799513 0.00299996091 0.0419159494
  vertex 0.0411799513 0 0.0419159494
  endloop
 endfacet

 facet normal -0.94122386 0.33356908 0.0531904958
  outer loop
  vertex 0.0276759807 0.00299996091 -0.0262869
  vertex 0.0276998803 0 -0.0260000192
  vertex 0.0276998803 0.00299996091 -0.0260000192
  endloop
 endfacet

 facet normal -0.661708713 -0.333603591 0.671453834
  outer loop
  vertex 0.0273228809 0 -0.0270678904
  vertex 0.0271229707 0.00299996091 -0.0272759106
  vertex 0.0271229707 0 -0.0272759106
  endloop
 endfacet

 facet normal -0.941244721 0.333492994 0.0532987304
  outer loop
  vertex -0.0243244097 0.00299996091 0.0257128999
  vertex -0.0242999103 0 0.0259999596
  vertex -0.0242999103 0.00299996091 0.0259999596
  endloop
 endfacet

 facet normal -1 0 0
  outer loop
  vertex -0.074000001 0 0.074000001
  vertex -0.074000001 0.00299996091 -0.074000001
  vertex -0.074000001 0 -0.074000001
  endloop
 endfacet

 facet normal -0.905270398 -0.333468616 0.263218701
  outer loop
  vertex -0.0243244097 0 0.0257128999
  vertex -0.0243970696 0.00299996091 0.0254338905
  vertex -0.0243970696 0 0.0254338905
  endloop
 endfacet

 facet normal 0.516630352 0.333541721 -0.788570285
  outer loop
  vertex -0.0410129987 0.00299996091 -0.0379909202
  vertex -0.0413378403 0 -0.0381909609
  vertex -0.0413378403 0.00299996091 -0.0381909609
  endloop
 endfacet

 facet normal -0.905037105 -0.333671212 -0.263763666
  outer loop
  vertex 0.0276029706 0.00299996091 0.0265659001
  vertex 0.0276759807 0 0.0262869
  vertex 0.0276029706 0 0.0265659001
  endloop
 endfacet

 facet normal -0.905219674 -0.333514422 -0.263335049
  outer loop
  vertex -0.0378785096 0.00299996091 -0.0392498896
  vertex -0.037782371 0 -0.0396199785
  vertex -0.0378785096 0 -0.0392498896
  endloop
 endfacet

 facet normal 0.0671481416 0.33345753 -0.940370679
  outer loop
  vertex -0.0399044715 0.00299996091 -0.037751969
  vertex -0.0402856991 0 -0.0377679393
  vertex -0.0402856991 0.00299996091 -0.0377679393
  endloop
 endfacet

 facet normal -0.538698673 -0.333433598 0.773709059
  outer loop
  vertex 0.0271229707 0 -0.0272759106
  vertex 0.0268909298 0.00299996091 -0.0274479296
  vertex 0.0268909298 0 -0.0274479296
  endloop
 endfacet

 facet normal 0.942361712 0.333524078 0.0267585702
  outer loop
  vertex -0.0276938006 0.00299996091 -0.0258558895
  vertex -0.0276938006 0 -0.0261438992
  vertex -0.0276938006 0.00299996091 -0.0261438992
  endloop
 endfacet

 facet normal 0 0 1
  outer loop
  vertex 0.074000001 0.00299996091 0.074000001
  vertex -0.074000001 0 0.074000001
  vertex 0.074000001 0 0.074000001
  endloop
 endfacet

 facet normal -0.847527802 -0.333567262 0.412830979
  outer loop
  vertex -0.0378785096 0 -0.0407499
  vertex -0.0380356908 0.00299996091 -0.0410969183
  vertex -0.0380356908 0 -0.0410969183
  endloop
 endfacet

 facet normal 0.907548785 0.332849324 0.256059766
  outer loop
  vertex 0.0577810407 0.00299996091 -0.0603706203
  vertex 0.0578718707 0 -0.0607305691
  vertex 0.0578718707 0.00299996091 -0.0607305691
  endloop
 endfacet

 facet normal 0.924312949 -0.333490252 -0.185552597
  outer loop
  vertex -0.0422418714 0 -0.0398089215
  vertex -0.0421773084 0.00299996091 -0.0394329987
  vertex -0.0421773084 0 -0.0394329987
  endloop
 endfacet

 facet normal 0.942323864 0.333620727 0.0268890243
  outer loop
  vertex 0.0243058801 0.00299996091 -0.0258558895
  vertex 0.0243058801 0 -0.0261438992
  vertex 0.0243058801 0.00299996091 -0.0261438992
  endloop
 endfacet

 facet normal 0 1 0
  outer loop
  vertex -0.0251086894 0.00299996091 -0.0274479296
  vertex -0.0248768907 0.00299996091 -0.0272759106
  vertex -0.0107695404 0.00299996091 -0.0260000192
  endloop
 endfacet

 facet normal 0.924294889 -0.333496779 0.185631022
  outer loop
  vertex -0.0276451092 0.00299996091 0.0255720001
  vertex -0.0276938006 0 0.0258558895
  vertex -0.0276451092 0 0.0255720001
  endloop
 endfacet

 facet normal -0.675803423 -0.332912922 0.657616019
  outer loop
  vertex 0.0617753789 0 0.0586180612
  vertex 0.0615242086 0.00299996091 0.0583447814
  vertex 0.0615242086 0 0.0583447814
  endloop
 endfacet

 facet normal -0.662261486 -0.333577514 0.670921624
  outer loop
  vertex 0.0417509004 0 -0.0414129384
  vertex 0.0414869115 0.00299996091 -0.0416889116
  vertex 0.0414869115 0 -0.0416889116
  endloop
 endfacet

 facet normal 9.39917015e-07 1 0
  outer loop
  vertex 0.0389869809 0.00299996091 -0.0379909202
  vertex 0.0274839401 0.00299996091 -0.0268290006
  vertex 0.0276029706 0.00299996091 -0.0265659001
  endloop
 endfacet

 facet normal 0 -1 0
  outer loop
  vertex -0.0619788095 0 0.0610709712
  vertex -0.0617755018 0 0.0613818094
  vertex -0.074000001 0 0.074000001
  endloop
 endfacet

 facet normal -0.905219436 -0.333514005 -0.263336688
  outer loop
  vertex -0.0378785096 0.00299996091 0.0407499
  vertex -0.037782371 0 0.0403800011
  vertex -0.0378785096 0 0.0407499
  endloop
 endfacet

 facet normal 0.85277009 0.333092213 0.402284503
  outer loop
  vertex 0.0578718707 0.00299996091 -0.0607305691
  vertex 0.0580207109 0 -0.0610709116
  vertex 0.0580207109 0.00299996091 -0.0610709116
  endloop
 endfacet

 facet normal -0.447813272 0.333366036 0.82965672
  outer loop
  vertex -0.0253660008 0.00299996091 -0.0275769792
  vertex -0.0251086894 0 -0.0274479296
  vertex -0.0251086894 0.00299996091 -0.0274479296
  endloop
 endfacet

 facet normal 0.33115983 0.332983106 -0.882867694
  outer loop
  vertex -0.0605522916 0.00299996091 0.0621812306
  vertex -0.0609038398 0 0.0620601699
  vertex -0.0609038398 0.00299996091 0.0620601699
  endloop
 endfacet

 facet normal 0.707098424 0 -0.707115173
  outer loop
  vertex -0.0259999596 0 0.0107699595
  vertex -0.0107695404 0.00299996091 0.0259999596
  vertex -0.0107695404 0 0.0259999596
  endloop
 endfacet

 facet normal -0.146382585 -0.333423674 0.931343436
  outer loop
  vertex -0.0395259187 0.00299996091 -0.042198889
  vertex -0.0399044715 0 -0.042247951
  vertex -0.0395259187 0 -0.042198889
  endloop
 endfacet

 facet normal -0.941495717 0.333002806 0.0519127585
  outer loop
  vertex -0.0577806793 0.00299996091 -0.0603706203
  vertex -0.0577499196 0 -0.0599999987
  vertex -0.0577499196 0.00299996091 -0.0599999987
  endloop
 endfacet

 facet normal 0 0 -1
  outer loop
  vertex -0.0107695404 0 0.0259999596
  vertex 0.0107699595 0.00299996091 0.0259999596
  vertex 0.0107699595 0 0.0259999596
  endloop
 endfacet

 facet normal -0.905279994 -0.333463788 -0.263191968
  outer loop
  vertex -0.0243970696 0.00299996091 0.0265659001
  vertex -0.0243244097 0 0.0262869
  vertex -0.0243970696 0 0.0265659001
  endloop
 endfacet

 facet normal -0.661670446 -0.333617926 -0.671484411
  outer loop
  vertex 0.0271229707 0.00299996091 -0.0247239396
  vertex 0.0273228809 0 -0.0249319002
  vertex 0.0271229707 0 -0.0247239396
  endloop
 endfacet

 facet normal -0.937167048 0.33306843 -0.103843488
  outer loop
  vertex 0.0622499511 0.00299996091 -0.0599999391
  vertex 0.0622188412 0 -0.0596293211
  vertex 0.0622188412 0.00299996091 -0.0596293211
  endloop
 endfacet

 facet normal 0.809587598 0.333531708 0.483036816
  outer loop
  vertex -0.0420502983 0.00299996091 -0.0409269892
  vertex -0.0418640301 0 -0.0412599407
  vertex -0.0418640301 0.00299996091 -0.0412599407
  endloop
 endfacet

 facet normal -0.765777767 0.333539546 0.549850583
  outer loop
  vertex -0.0246772096 0 0.0249319002
  vertex -0.0245158002 0.00299996091 0.02517098
  vertex -0.0246772096 0.00299996091 0.0249319002
  endloop
 endfacet

 facet normal 0.376032561 -0.333355159 0.86456567
  outer loop
  vertex 0.0393409692 0 0.0378489383
  vertex 0.0389869809 0.00299996091 0.0379909202
  vertex 0.0389869809 0 0.0379909202
  endloop
 endfacet

 facet normal 0.516834497 0.333566487 -0.788426042
  outer loop
  vertex 0.0389869809 0.00299996091 0.042008929
  vertex 0.0386618897 0 0.0418089591
  vertex 0.0386618897 0.00299996091 0.0418089591
  endloop
 endfacet

 facet normal -0.937193751 0.333002508 -0.103813648
  outer loop
  vertex -0.0577499196 0.00299996091 0.0599999987
  vertex -0.0577806793 0 0.0603706203
  vertex -0.0577806793 0.00299996091 0.0603706203
  endloop
 endfacet

 facet normal -0.662285805 -0.333573818 -0.670899332
  outer loop
  vertex 0.0414869115 0.00299996091 -0.0383110009
  vertex 0.0417509004 0 -0.0385869704
  vertex 0.0414869115 0 -0.0383110009
  endloop
 endfacet

 facet normal 0.471480578 0.332920402 -0.816621244
  outer loop
  vertex 0.0590958484 0.00299996091 0.0620601699
  vertex 0.0587693416 0 0.0618833788
  vertex 0.0587693416 0.00299996091 0.0618833788
  endloop
 endfacet

 facet normal 0.599444866 -0.333005846 0.727855027
  outer loop
  vertex -0.0612305403 0 -0.0618834384
  vertex -0.0615237914 0.00299996091 -0.06165516
  vertex -0.0615237914 0 -0.06165516
  endloop
 endfacet

 facet normal -0.300837457 -0.333361894 0.89351362
  outer loop
  vertex 0.0408388898 0.00299996091 -0.0420879684
  vertex 0.0404738709 0 -0.042198889
  vertex 0.0408388898 0 -0.0420879684
  endloop
 endfacet

 facet normal -0.301000744 -0.333363086 0.893458128
  outer loop
  vertex -0.039161019 0.00299996091 0.0379120111
  vertex -0.0395259187 0 0.0378009006
  vertex -0.039161019 0 0.0379120111
  endloop
 endfacet

 facet normal 0.376021355 -0.333364785 -0.864566863
  outer loop
  vertex -0.0410129987 0.00299996091 -0.0379909202
  vertex -0.0406588912 0 -0.0378489383
  vertex -0.0410129987 0 -0.0379909202
  endloop
 endfacet

 facet normal 0.941516042 0.332940936 0.0519409999
  outer loop
  vertex 0.0577499196 0 -0.0599999391
  vertex 0.0577810407 0.00299996091 -0.0603706203
  vertex 0.0577499196 0.00299996091 -0.0599999391
  endloop
 endfacet

 facet normal -0.905036807 -0.333669871 0.263766438
  outer loop
  vertex 0.0276759807 0 -0.0262869
  vertex 0.0276029706 0.00299996091 -0.0265659001
  vertex 0.0276029706 0 -0.0265659001
  endloop
 endfacet

 facet normal -0.599404752 -0.333003521 -0.727889001
  outer loop
  vertex 0.0612304807 0 -0.0581164882
  vertex 0.0615242086 0.00299996091 -0.0583447814
  vertex 0.0615242086 0 -0.0583447814
  endloop
 endfacet

 facet normal -0.582195938 -0.33351025 -0.741497755
  outer loop
  vertex -0.0388201997 0 -0.0380839705
  vertex -0.0385134816 0.00299996091 -0.0383110009
  vertex -0.0385134816 0 -0.0383110009
  endloop
 endfacet

 facet normal 1 0 0
  outer loop
  vertex -0.0259999596 0 -0.0107699595
  vertex -0.0259999596 0.00299996091 0.0107699595
  vertex -0.0259999596 0 0.0107699595
  endloop
 endfacet

 facet normal 0.0128806904 0.333680928 0.942598045
  outer loop
  vertex 0.0397139117 0.00299996091 -0.0422319099
  vertex 0.0400949717 0 -0.042247951
  vertex 0.0400949717 0.00299996091 -0.042247951
  endloop
 endfacet

 facet normal -0.85267204 -0.33301273 0.402557939
  outer loop
  vertex -0.0578718707 0 -0.0607305691
  vertex -0.0580210611 0.00299996091 -0.0610709712
  vertex -0.0580210611 0 -0.0610709712
  endloop
 endfacet

 facet normal 0.37553069 -0.333368182 0.864778876
  outer loop
  vertex 0.0255018994 0 0.02437496
  vertex 0.0252348706 0.00299996091 0.0244820099
  vertex 0.0252348706 0 0.0244820099
  endloop
 endfacet

 facet normal 0.0136520192 0.333493114 0.942653716
  outer loop
  vertex -0.0262159109 0.00299996091 0.0243139807
  vertex -0.0259278994 0 0.0243020002
  vertex -0.0259278994 0.00299996091 0.0243020002
  endloop
 endfacet

 facet normal 0.376064926 -0.333360136 -0.864549696
  outer loop
  vertex 0.0389869809 0.00299996091 0.042008929
  vertex 0.0393409692 0 0.0421509705
  vertex 0.0389869809 0 0.042008929
  endloop
 endfacet

 facet normal 0.129857466 0.333055437 -0.93392241
  outer loop
  vertex -0.0601857901 0 0.0622425601
  vertex -0.0605522916 0.00299996091 0.0621812306
  vertex -0.0601857901 0.00299996091 0.0622425601
  endloop
 endfacet

 facet normal 0 -1 0
  outer loop
  vertex -0.0382493697 0 -0.0385869704
  vertex -0.0272272807 0 -0.0271759592
  vertex -0.0385134816 0 -0.0383110009
  endloop
 endfacet

 facet normal -0.581696093 -0.333598912 -0.741849959
  outer loop
  vertex 0.0268909298 0 0.0274479296
  vertex 0.0271229707 0.00299996091 0.0272759106
  vertex 0.0271229707 0 0.0272759106
  endloop
 endfacet

 facet normal 0.642888665 -0.333554804 0.689518213
  outer loop
  vertex -0.0270107891 0 -0.0273669902
  vertex -0.0272272807 0.00299996091 -0.0271759592
  vertex -0.0272272807 0 -0.0271759592
  endloop
 endfacet

 facet normal -0.905280173 -0.333463073 0.263192385
  outer loop
  vertex -0.0243244097 0 -0.0262869
  vertex -0.0243970696 0.00299996091 -0.0265659001
  vertex -0.0243970696 0 -0.0265659001
  endloop
 endfacet

 facet normal -0.905027211 -0.333675414 0.263792783
  outer loop
  vertex 0.0276759807 0 0.0257128999
  vertex 0.0276029706 0.00299996091 0.0254338905
  vertex 0.0276029706 0 0.0254338905
  endloop
 endfacet

 facet normal -0.905027509 -0.333676606 -0.26379022
  outer loop
  vertex 0.0276029706 0.00299996091 -0.0254338905
  vertex 0.0276759807 0 -0.0257128999
  vertex 0.0276029706 0 -0.0254338905
  endloop
 endfacet

 facet normal -0.795790851 -0.333569229 -0.505419195
  outer loop
  vertex -0.0246772096 0 0.0270678904
  vertex -0.0245158002 0.00299996091 0.0268290006
  vertex -0.0245158002 0 0.0268290006
  endloop
 endfacet

 facet normal -0.765897274 0.333491117 0.549713552
  outer loop
  vertex 0.0273228809 0 -0.0270678904
  vertex 0.0274839401 0.00299996091 -0.0268290006
  vertex 0.0273228809 0.00299996091 -0.0270678904
  endloop
 endfacet

 facet normal 0.33115986 -0.332983285 0.882867694
  outer loop
  vertex -0.0605522916 0 -0.0621812306
  vertex -0.0609038398 0.00299996091 -0.0620601699
  vertex -0.0609038398 0 -0.0620601699
  endloop
 endfacet

 facet normal -0.538948238 -0.333567172 0.773477614
  outer loop
  vertex 0.0414869115 0 -0.0416889116
  vertex 0.0411799513 0.00299996091 -0.0419159494
  vertex 0.0411799513 0 -0.0419159494
  endloop
 endfacet

 facet normal 0.516834319 0.333567441 0.788425803
  outer loop
  vertex 0.0386618897 0 -0.0418089591
  vertex 0.0389869809 0.00299996091 -0.042008929
  vertex 0.0386618897 0.00299996091 -0.0418089591
  endloop
 endfacet

 facet normal -0.905219138 -0.3335132 0.263338804
  outer loop
  vertex -0.037782371 0 -0.0403800011
  vertex -0.0378785096 0.00299996091 -0.0407499
  vertex -0.0378785096 0 -0.0407499
  endloop
 endfacet

 facet normal -0.941257834 0.333467454 0.0532273501
  outer loop
  vertex -0.037782371 0.00299996091 -0.0403800011
  vertex -0.0377499387 0 -0.0400000215
  vertex -0.0377499387 0.00299996091 -0.0400000215
  endloop
 endfacet

 facet normal 0.516679227 0.333546281 0.788536191
  outer loop
  vertex -0.0413378403 0 -0.0418089591
  vertex -0.0410129987 0.00299996091 -0.042008929
  vertex -0.0413378403 0.00299996091 -0.0418089591
  endloop
 endfacet

 facet normal 0.749951303 -0.333445281 0.571303129
  outer loop
  vertex 0.03837597 0 -0.0415569507
  vertex 0.0381358787 0.00299996091 -0.0412599407
  vertex 0.0381358787 0 -0.0412599407
  endloop
 endfacet

 facet normal -0.44808051 0.333660722 0.829393923
  outer loop
  vertex -0.039161019 0.00299996091 -0.0420879684
  vertex -0.0388201997 0 -0.0419159494
  vertex -0.0388201997 0.00299996091 -0.0419159494
  endloop
 endfacet

 facet normal 0.516784489 0.333562911 -0.788460195
  outer loop
  vertex 0.0389869809 0.00299996091 -0.0379909202
  vertex 0.0386618897 0 -0.0381909609
  vertex 0.0386618897 0.00299996091 -0.0381909609
  endloop
 endfacet

 facet normal -0.145867616 -0.333452076 -0.931414187
  outer loop
  vertex -0.0259278994 0 0.0276979804
  vertex -0.0256417301 0.00299996091 0.0276619103
  vertex -0.0256417301 0 0.0276619103
  endloop
 endfacet

 facet normal -0.447805792 -0.333363503 -0.829661846
  outer loop
  vertex -0.0253660008 0 -0.0244229995
  vertex -0.0251086894 0.00299996091 -0.0245519206
  vertex -0.0251086894 0 -0.0245519206
  endloop
 endfacet

 facet normal 0 -1 0
  outer loop
  vertex -0.0590960905 0 0.0620601699
  vertex 0.0386618897 0 0.0418089591
  vertex 0.0580207109 0 0.0610709116
  endloop
 endfacet

 facet normal 0.026116753 0.333052486 -0.942546546
  outer loop
  vertex -0.0598141514 0.00299996091 0.0622425601
  vertex -0.0601857901 0 0.0622425601
  vertex -0.0601857901 0.00299996091 0.0622425601
  endloop
 endfacet

 facet normal 0.809632778 0.333551288 0.482947528
  outer loop
  vertex 0.0379499085 0.00299996091 -0.0409269892
  vertex 0.0381358787 0 -0.0412599407
  vertex 0.0381358787 0.00299996091 -0.0412599407
  endloop
 endfacet

 facet normal -0.447877884 0.333645195 0.829509735
  outer loop
  vertex 0.0408388898 0.00299996091 -0.0420879684
  vertex 0.0411799513 0 -0.0419159494
  vertex 0.0411799513 0.00299996091 -0.0419159494
  endloop
 endfacet

 facet normal 0.0261337049 0.333065122 -0.942541659
  outer loop
  vertex -0.0598141514 0.00299996091 -0.0577573106
  vertex -0.0601857901 0 -0.0577573106
  vertex -0.0601857901 0.00299996091 -0.0577573106
  endloop
 endfacet

 facet normal 0.879698634 -0.333388507 0.339090258
  outer loop
  vertex 0.0379499085 0.00299996091 0.0390729904
  vertex 0.0378229618 0 0.0394329987
  vertex 0.0379499085 0 0.0390729904
  endloop
 endfacet

 facet normal 0.331133604 0.332988471 -0.882875562
  outer loop
  vertex 0.0594476387 0.00299996091 0.0621812306
  vertex 0.0590958484 0 0.0620601699
  vertex 0.0590958484 0.00299996091 0.0620601699
  endloop
 endfacet

 facet normal -0.795885682 -0.333646327 -0.505218983
  outer loop
  vertex 0.0273228809 0 -0.0249319002
  vertex 0.0274839401 0.00299996091 -0.02517098
  vertex 0.0274839401 0 -0.02517098
  endloop
 endfacet

 facet normal -0.558353424 -0.332999825 0.75983721
  outer loop
  vertex -0.0584760904 0 -0.06165516
  vertex -0.0587693416 0.00299996091 -0.0618834384
  vertex -0.0587693416 0 -0.0618834384
  endloop
 endfacet

 facet normal -0.941244781 -0.333492756 -0.0533009358
  outer loop
  vertex -0.0243244097 0 0.0262869
  vertex -0.0242999103 0.00299996091 0.0259999596
  vertex -0.0242999103 0 0.0259999596
  endloop
 endfacet

 facet normal 0.924207032 -0.33352229 -0.186022103
  outer loop
  vertex 0.0243058801 0 0.0261438992
  vertex 0.0243549291 0.00299996091 0.0264279805
  vertex 0.0243549291 0 0.0264279805
  endloop
 endfacet

 facet normal -0.84772867 -0.333343178 0.412599593
  outer loop
  vertex 0.0421209894 0 -0.0407499
  vertex 0.0419639312 0.00299996091 -0.0410969183
  vertex 0.0419639312 0 -0.0410969183
  endloop
 endfacet

 facet normal -0.869621158 -0.33351171 -0.364045113
  outer loop
  vertex -0.0380356908 0 -0.0389029309
  vertex -0.0378785096 0.00299996091 -0.0392498896
  vertex -0.0378785096 0 -0.0392498896
  endloop
 endfacet

 facet normal -0.539140224 -0.333533019 0.773358583
  outer loop
  vertex -0.0385134816 0 0.0383110009
  vertex -0.0388201997 0.00299996091 0.0380839705
  vertex -0.0388201997 0 0.0380839705
  endloop
 endfacet

 facet normal 0.707099915 0 0.707113683
  outer loop
  vertex -0.0107695404 0 -0.0260000192
  vertex -0.0259999596 0.00299996091 -0.0107699595
  vertex -0.0259999596 0 -0.0107699595
  endloop
 endfacet

 facet normal -0.707106769 0 -0.707106769
  outer loop
  vertex 0.0107699595 0 0.0259999596
  vertex 0.0259999596 0.00299996091 0.0107699595
  vertex 0.0259999596 0 0.0107699595
  endloop
 endfacet

 facet normal 0.0261305943 0.333067209 -0.942541003
  outer loop
  vertex 0.0601856709 0.00299996091 -0.0577573106
  vertex 0.059814211 0 -0.0577573106
  vertex 0.059814211 0.00299996091 -0.0577573106
  endloop
 endfacet

 facet normal -0.0261303186 0.333065093 0.942541718
  outer loop
  vertex 0.059814211 0.00299996091 0.0577573106
  vertex 0.0601856709 0 0.0577573106
  vertex 0.0601856709 0.00299996091 0.0577573106
  endloop
 endfacet

 facet normal 0.0669197291 0.333361387 -0.940421224
  outer loop
  vertex -0.0259278994 0.00299996091 0.0276979804
  vertex -0.0262159109 0 0.0276859403
  vertex -0.0262159109 0.00299996091 0.0276859403
  endloop
 endfacet

 facet normal 0.809442163 0.333558083 0.483262181
  outer loop
  vertex 0.0244508907 0.00299996091 0.0252999607
  vertex 0.0245919805 0 0.0250478908
  vertex 0.0245919805 0.00299996091 0.0250478908
  endloop
 endfacet

 facet normal -0.181430846 -0.333053499 -0.9252882
  outer loop
  vertex -0.0598141514 0 -0.0577573106
  vertex -0.0594475791 0.00299996091 -0.0578187108
  vertex -0.0594475791 0 -0.0578187108
  endloop
 endfacet

 facet normal -0.937193751 0.333002955 -0.103811741
  outer loop
  vertex -0.0577499196 0.00299996091 -0.0599999987
  vertex -0.0577806793 0 -0.0596293211
  vertex -0.0577806793 0.00299996091 -0.0596293211
  endloop
 endfacet

 facet normal 0.224656403 -0.333546937 0.915574133
  outer loop
  vertex 0.0257839505 0 -0.0276859403
  vertex 0.0255018994 0.00299996091 -0.0276249591
  vertex 0.0255018994 0 -0.0276249591
  endloop
 endfacet

 facet normal -0.941244364 0.333491623 0.0533148721
  outer loop
  vertex -0.0243244097 0.00299996091 -0.0262869
  vertex -0.0242999103 0 -0.0260000192
  vertex -0.0242999103 0.00299996091 -0.0260000192
  endloop
 endfacet

 facet normal -0.941200674 -0.333607852 -0.0533577949
  outer loop
  vertex 0.0422179103 0 0.0403800011
  vertex 0.0422499105 0.00299996091 0.0399999619
  vertex 0.0422499105 0 0.0399999619
  endloop
 endfacet

 facet normal -0.852684796 -0.333007127 0.402535439
  outer loop
  vertex -0.0578718707 0 0.0592693016
  vertex -0.0580210611 0.00299996091 0.0589289591
  vertex -0.0580210611 0 0.0589289591
  endloop
 endfacet

 facet normal -0.711005926 -0.333016753 -0.619330823
  outer loop
  vertex 0.0615242086 0 0.06165516
  vertex 0.0617753789 0.00299996091 0.0613818094
  vertex 0.0617753789 0 0.0613818094
  endloop
 endfacet

 facet normal 0.0128773414 0.333688319 0.942595541
  outer loop
  vertex -0.0402856991 0.00299996091 0.0377679393
  vertex -0.0399044715 0 0.037751969
  vertex -0.0399044715 0.00299996091 0.037751969
  endloop
 endfacet

 facet normal -0.538675606 -0.333424687 0.773729026
  outer loop
  vertex 0.0271229707 0 0.0247239396
  vertex 0.0268909298 0.00299996091 0.0245519206
  vertex 0.0268909298 0 0.0245519206
  endloop
 endfacet

 facet normal 0 -1 0
  outer loop
  vertex 0.0622499511 0 -0.0599999391
  vertex 0.0622188412 0 -0.0603706203
  vertex 0.074000001 0 -0.074000001
  endloop
 endfacet

 facet normal 0.0668557212 0.33335042 -0.940429688
  outer loop
  vertex -0.0259278994 0.00299996091 -0.0243020002
  vertex -0.0262159109 0 -0.0243139807
  vertex -0.0262159109 0.00299996091 -0.0243139807
  endloop
 endfacet

 facet normal 0.90755409 0.332847416 0.256043136
  outer loop
  vertex 0.0577810407 0.00299996091 0.0596293211
  vertex 0.0578718707 0 0.0592693016
  vertex 0.0578718707 0.00299996091 0.0592693016
  endloop
 endfacet

 facet normal -0.145871669 -0.333459735 -0.931410909
  outer loop
  vertex -0.0399044715 0 -0.037751969
  vertex -0.0395259187 0.00299996091 -0.0377999507
  vertex -0.0395259187 0 -0.0377999507
  endloop
 endfacet

 facet normal 0.711014807 0.333012432 -0.619322836
  outer loop
  vertex 0.0584756695 0.00299996091 0.06165516
  vertex 0.0582244918 0 0.0613818094
  vertex 0.0582244918 0.00299996091 0.0613818094
  endloop
 endfacet

 facet normal 0.224656448 -0.333546877 -0.915574133
  outer loop
  vertex 0.0255018994 0.00299996091 0.0276249591
  vertex 0.0257839505 0 0.0276859403
  vertex 0.0255018994 0 0.0276249591
  endloop
 endfacet

 facet normal -0.920198321 -0.332919329 -0.205912307
  outer loop
  vertex 0.062128 0 0.0607305691
  vertex 0.0622188412 0.00299996091 0.0603706203
  vertex 0.0622188412 0 0.0603706203
  endloop
 endfacet

 facet normal 0.516739011 0.333610982 0.788469732
  outer loop
  vertex 0.0249888804 0 0.0246329904
  vertex 0.0252348706 0.00299996091 0.0244820099
  vertex 0.0249888804 0.00299996091 0.0246329904
  endloop
 endfacet

 facet normal -0.331176251 -0.332984626 0.882861018
  outer loop
  vertex 0.0609040186 0.00299996091 0.0579397604
  vertex 0.0605521686 0 0.0578187108
  vertex 0.0609040186 0 0.0579397604
  endloop
 endfacet

 facet normal 0.942365766 0.333513707 0.0267460067
  outer loop
  vertex -0.0422418714 0.00299996091 -0.0398089215
  vertex -0.0422418714 0 -0.040190991
  vertex -0.0422418714 0.00299996091 -0.040190991
  endloop
 endfacet

 facet normal 0.879641294 -0.333503276 0.339126348
  outer loop
  vertex -0.0420502983 0.00299996091 0.0390729904
  vertex -0.0421773084 0 0.0394329987
  vertex -0.0420502983 0 0.0390729904
  endloop
 endfacet

 facet normal -0.301326215 -0.33361423 0.893254757
  outer loop
  vertex -0.0253660008 0.00299996091 0.0244229995
  vertex -0.0256417301 0 0.0243379399
  vertex -0.0253660008 0 0.0244229995
  endloop
 endfacet

 facet normal -0.941495657 0.333003014 0.0519110262
  outer loop
  vertex -0.0577806793 0.00299996091 0.0596293211
  vertex -0.0577499196 0 0.0599999987
  vertex -0.0577499196 0.00299996091 0.0599999987
  endloop
 endfacet

 facet normal -0.907541513 -0.332852125 0.2560817
  outer loop
  vertex 0.0622188412 0 0.0596293211
  vertex 0.062128 0.00299996091 0.0592693016
  vertex 0.062128 0 0.0592693016
  endloop
 endfacet

 facet normal -0.582001507 -0.333696574 -0.74156642
  outer loop
  vertex -0.0251086894 0 0.0274479296
  vertex -0.0248768907 0.00299996091 0.0272759106
  vertex -0.0248768907 0 0.0272759106
  endloop
 endfacet

 facet normal 0.642607808 -0.333513081 0.689800143
  outer loop
  vertex -0.0413378403 0 0.0381909609
  vertex -0.0416243002 0.00299996091 0.0384428985
  vertex -0.0416243002 0 0.0384428985
  endloop
 endfacet

 facet normal -0.847727537 -0.333345413 0.41260013
  outer loop
  vertex 0.0421209894 0 0.0392499492
  vertex 0.0419639312 0.00299996091 0.0389029309
  vertex 0.0419639312 0 0.0389029309
  endloop
 endfacet

 facet normal -0.869644284 -0.33333537 -0.364151418
  outer loop
  vertex 0.0274839401 0 0.0268290006
  vertex 0.0276029706 0.00299996091 0.0265659001
  vertex 0.0276029706 0 0.0265659001
  endloop
 endfacet

 facet normal -0.941224515 -0.333570033 -0.0531744584
  outer loop
  vertex 0.0276759807 0 0.0262869
  vertex 0.0276998803 0.00299996091 0.0259999596
  vertex 0.0276998803 0 0.0259999596
  endloop
 endfacet

 facet normal 0.924311578 -0.333494216 0.185552552
  outer loop
  vertex -0.0421773084 0.00299996091 0.0394329987
  vertex -0.0422418714 0 0.0398089215
  vertex -0.0421773084 0 0.0394329987
  endloop
 endfacet

 facet normal -0.904958606 -0.333631694 0.264082968
  outer loop
  vertex 0.0422179103 0 0.0396199785
  vertex 0.0421209894 0.00299996091 0.0392499492
  vertex 0.0421209894 0 0.0392499492
  endloop
 endfacet

 facet normal -0.94125843 -0.33346808 -0.0532144234
  outer loop
  vertex -0.037782371 0 0.0403800011
  vertex -0.0377499387 0.00299996091 0.0399999619
  vertex -0.0377499387 0 0.0399999619
  endloop
 endfacet

 facet normal 0.22443077 -0.333521515 -0.915638745
  outer loop
  vertex -0.0264977794 0.00299996091 -0.02437496
  vertex -0.0262159109 0 -0.0243139807
  vertex -0.0264977794 0 -0.02437496
  endloop
 endfacet

 facet normal 0.599400878 -0.333001047 0.727893531
  outer loop
  vertex -0.0612305403 0 0.0581165515
  vertex -0.0615237914 0.00299996091 0.0583447814
  vertex -0.0615237914 0 0.0583447814
  endloop
 endfacet

 facet normal -0.250258058 -0.333363563 -0.908977211
  outer loop
  vertex -0.0256417301 0.00299996091 -0.0243379399
  vertex -0.0253660008 0 -0.0244229995
  vertex -0.0256417301 0 -0.0243379399
  endloop
 endfacet

 facet normal 0.710945725 -0.332972854 0.61942333
  outer loop
  vertex -0.0615237914 0 0.0583447814
  vertex -0.0617755018 0.00299996091 0.0586180612
  vertex -0.0617755018 0 0.0586180612
  endloop
 endfacet

 facet normal -0.904959321 -0.33363387 -0.264077961
  outer loop
  vertex 0.0421209894 0.00299996091 -0.0392498896
  vertex 0.0422179103 0 -0.0396199785
  vertex 0.0421209894 0 -0.0392498896
  endloop
 endfacet

 facet normal 0.516782284 0.333630264 -0.788433313
  outer loop
  vertex 0.0252348706 0.00299996091 -0.0244819503
  vertex 0.0249888804 0 -0.0246329904
  vertex 0.0249888804 0.00299996091 -0.0246329904
  endloop
 endfacet

 facet normal 0.749949455 -0.333507836 0.571269155
  outer loop
  vertex -0.0416243002 0 0.0384428985
  vertex -0.0418640301 0.00299996091 0.0387399085
  vertex -0.0418640301 0 0.0387399085
  endloop
 endfacet

 facet normal 0.0129510239 0.333676547 0.942598701
  outer loop
  vertex 0.0397139117 0.00299996091 0.0377679393
  vertex 0.0400949717 0 0.037751969
  vertex 0.0400949717 0.00299996091 0.037751969
  endloop
 endfacet

 facet normal 0.471597284 0.332920372 -0.816553831
  outer loop
  vertex -0.0609038398 0.00299996091 0.0620601699
  vertex -0.0612305403 0 0.0618834384
  vertex -0.0612305403 0.00299996091 0.0618834384
  endloop
 endfacet

 facet normal 0.376032352 -0.333355278 -0.86456579
  outer loop
  vertex 0.0389869809 0.00299996091 -0.0379909202
  vertex 0.0393409692 0 -0.0378489383
  vertex 0.0389869809 0 -0.0379909202
  endloop
 endfacet

 facet normal 0.716399848 -0.333500326 -0.612820327
  outer loop
  vertex 0.0381358787 0 -0.0387399085
  vertex 0.03837597 0.00299996091 -0.0384428985
  vertex 0.03837597 0 -0.0384428985
  endloop
 endfacet

 facet normal -0.301379859 -0.333627343 0.89323169
  outer loop
  vertex 0.0266339108 0.00299996091 0.0244229995
  vertex 0.0263578799 0 0.0243379399
  vertex 0.0266339108 0 0.0244229995
  endloop
 endfacet

 facet normal 0.924294353 -0.333497733 -0.185631707
  outer loop
  vertex -0.0276938006 0 0.0261438992
  vertex -0.0276451092 0.00299996091 0.0264279805
  vertex -0.0276451092 0 0.0264279805
  endloop
 endfacet

 facet normal 0.920210123 0.332905293 -0.205882207
  outer loop
  vertex 0.0578718707 0.00299996091 -0.0592693016
  vertex 0.0577810407 0 -0.0596293211
  vertex 0.0577810407 0.00299996091 -0.0596293211
  endloop
 endfacet

 facet normal -0.941202223 -0.333604723 -0.0533505715
  outer loop
  vertex 0.0422179103 0 -0.0396199785
  vertex 0.0422499105 0.00299996091 -0.0400000215
  vertex 0.0422499105 0 -0.0400000215
  endloop
 endfacet

 facet normal 0.0667945221 0.333654344 -0.940326154
  outer loop
  vertex 0.0400949717 0.00299996091 0.0422480106
  vertex 0.0397139117 0 0.0422319099
  vertex 0.0397139117 0.00299996091 0.0422319099
  endloop
 endfacet

 facet normal -0.146295145 -0.333432764 0.931353986
  outer loop
  vertex 0.0404738709 0.00299996091 0.0378009006
  vertex 0.0400949717 0 0.037751969
  vertex 0.0404738709 0 0.0378009006
  endloop
 endfacet

 facet normal 0.879550874 -0.333453119 -0.339410156
  outer loop
  vertex 0.0243549291 0 0.0264279805
  vertex 0.0244508907 0.00299996091 0.0266999602
  vertex 0.0244508907 0 0.0266999602
  endloop
 endfacet

 facet normal 0.0668202192 0.333350807 -0.940432012
  outer loop
  vertex 0.0260719601 0.00299996091 -0.0243020002
  vertex 0.0257839505 0 -0.0243139807
  vertex 0.0257839505 0.00299996091 -0.0243139807
  endloop
 endfacet

 facet normal -0.765902936 0.333485872 0.549708903
  outer loop
  vertex 0.0273228809 0 0.0249319002
  vertex 0.0274839401 0.00299996091 0.02517098
  vertex 0.0273228809 0.00299996091 0.0249319002
  endloop
 endfacet

 facet normal -0.58215487 -0.333506405 -0.74153161
  outer loop
  vertex -0.0388201997 0 0.0419159494
  vertex -0.0385134816 0.00299996091 0.0416889116
  vertex -0.0385134816 0 0.0416889116
  endloop
 endfacet

 facet normal 0.879550874 -0.333453089 0.339410156
  outer loop
  vertex 0.0244508907 0.00299996091 -0.0266999602
  vertex 0.0243549291 0 -0.0264279805
  vertex 0.0244508907 0 -0.0266999602
  endloop
 endfacet

 facet normal -0.250219226 -0.333418608 -0.908967793
  outer loop
  vertex 0.0263578799 0.00299996091 0.0276619103
  vertex 0.0266339108 0 0.0275769792
  vertex 0.0263578799 0 0.0276619103
  endloop
 endfacet

 facet normal 0.879568577 -0.333434731 0.339382291
  outer loop
  vertex 0.0244508907 0.00299996091 0.0252999607
  vertex 0.0243549291 0 0.0255720001
  vertex 0.0244508907 0 0.0252999607
  endloop
 endfacet

 facet normal 0.80321759 0.332937062 -0.493957907
  outer loop
  vertex 0.0582244918 0.00299996091 -0.0586180612
  vertex 0.0580207109 0 -0.0589289591
  vertex 0.0580207109 0.00299996091 -0.0589289591
  endloop
 endfacet

 facet normal -0.920116484 -0.332981139 -0.206177473
  outer loop
  vertex -0.0578718707 0 0.0607305691
  vertex -0.0577806793 0.00299996091 0.0603706203
  vertex -0.0577806793 0 0.0603706203
  endloop
 endfacet

 facet normal 0.803212762 0.332930505 -0.493970126
  outer loop
  vertex 0.0582244918 0.00299996091 0.0613818094
  vertex 0.0580207109 0 0.0610709116
  vertex 0.0580207109 0.00299996091 0.0610709116
  endloop
 endfacet

 facet normal 0.937166929 -0.333067417 -0.103847742
  outer loop
  vertex 0.0577499196 0 -0.0599999391
  vertex 0.0577810407 0.00299996091 -0.0596293211
  vertex 0.0577810407 0 -0.0596293211
  endloop
 endfacet

 facet normal 0.181429014 -0.333057851 0.925286949
  outer loop
  vertex -0.0601857901 0 0.0577573106
  vertex -0.0605522916 0.00299996091 0.0578187108
  vertex -0.0605522916 0 0.0578187108
  endloop
 endfacet

 facet normal -0.941224575 0.333569705 0.0531746671
  outer loop
  vertex 0.0276759807 0.00299996091 0.0257128999
  vertex 0.0276998803 0 0.0259999596
  vertex 0.0276998803 0.00299996091 0.0259999596
  endloop
 endfacet

 facet normal -0.599421144 -0.332994312 -0.727879941
  outer loop
  vertex 0.0612304807 0 0.0618833788
  vertex 0.0615242086 0.00299996091 0.06165516
  vertex 0.0615242086 0 0.06165516
  endloop
 endfacet

 facet normal 0.516784489 0.333563209 0.788460076
  outer loop
  vertex 0.0386618897 0 0.0381909609
  vertex 0.0389869809 0.00299996091 0.0379909202
  vertex 0.0386618897 0.00299996091 0.0381909609
  endloop
 endfacet

 facet normal 0 0 1
  outer loop
  vertex 0.0107699595 0 -0.0260000192
  vertex -0.0107695404 0.00299996091 -0.0260000192
  vertex -0.0107695404 0 -0.0260000192
  endloop
 endfacet

 facet normal 0.716771543 -0.333353639 -0.612465441
  outer loop
  vertex 0.0245919805 0 0.0269518998
  vertex 0.0247729402 0.00299996091 0.0271759592
  vertex 0.0247729402 0 0.0271759592
  endloop
 endfacet

 facet normal -0.941516161 0.332940787 0.0519407056
  outer loop
  vertex 0.0622188412 0.00299996091 -0.0603706203
  vertex 0.0622499511 0 -0.0599999391
  vertex 0.0622499511 0.00299996091 -0.0599999391
  endloop
 endfacet

 facet normal 0.225157574 -0.333551466 0.915449262
  outer loop
  vertex 0.0397139117 0 0.0377679393
  vertex 0.0393409692 0.00299996091 0.0378489383
  vertex 0.0393409692 0 0.0378489383
  endloop
 endfacet

 facet normal 0.710965693 0.332964838 -0.619404674
  outer loop
  vertex -0.0615237914 0.00299996091 0.06165516
  vertex -0.0617755018 0 0.0613818094
  vertex -0.0617755018 0.00299996091 0.0613818094
  endloop
 endfacet

 facet normal -0.661708653 -0.333603412 -0.671453893
  outer loop
  vertex 0.0271229707 0.00299996091 0.0272759106
  vertex 0.0273228809 0 0.0270678904
  vertex 0.0271229707 0 0.0272759106
  endloop
 endfacet

 facet normal 0.924313128 -0.33349061 0.185551137
  outer loop
  vertex -0.0421773084 0.00299996091 -0.0405669808
  vertex -0.0422418714 0 -0.040190991
  vertex -0.0421773084 0 -0.0405669808
  endloop
 endfacet

 facet normal 0.376053214 -0.333370149 0.864550948
  outer loop
  vertex -0.0406588912 0 -0.0421509705
  vertex -0.0410129987 0.00299996091 -0.042008929
  vertex -0.0410129987 0 -0.042008929
  endloop
 endfacet

 facet normal -0.869575799 -0.33332324 -0.364326358
  outer loop
  vertex 0.0419639312 0 -0.0389029309
  vertex 0.0421209894 0.00299996091 -0.0392498896
  vertex 0.0421209894 0 -0.0392498896
  endloop
 endfacet

 facet normal -0.675775886 -0.332957685 0.657621443
  outer loop
  vertex -0.0582244284 0 -0.0613818094
  vertex -0.0584760904 0.00299996091 -0.06165516
  vertex -0.0584760904 0 -0.06165516
  endloop
 endfacet

 facet normal -0.90495795 -0.333631516 0.264085501
  outer loop
  vertex 0.0422179103 0 -0.0403800011
  vertex 0.0421209894 0.00299996091 -0.0407499
  vertex 0.0421209894 0 -0.0407499
  endloop
 endfacet

 facet normal 0.375450969 -0.333376825 -0.864810169
  outer loop
  vertex -0.0267652199 0.00299996091 -0.0244819503
  vertex -0.0264977794 0 -0.02437496
  vertex -0.0267652199 0 -0.0244819503
  endloop
 endfacet

 facet normal -0.661988914 -0.333486408 -0.671235859
  outer loop
  vertex -0.0248768907 0.00299996091 -0.0247239396
  vertex -0.0246772096 0 -0.0249319002
  vertex -0.0248768907 0 -0.0247239396
  endloop
 endfacet

 facet normal -0.662286341 -0.333571434 0.670899987
  outer loop
  vertex 0.0417509004 0 0.0385869704
  vertex 0.0414869115 0.00299996091 0.0383110009
  vertex 0.0414869115 0 0.0383110009
  endloop
 endfacet

 facet normal 0.375469655 -0.333349288 0.864812553
  outer loop
  vertex 0.0255018994 0 -0.0276249591
  vertex 0.0252348706 0.00299996091 -0.0275179707
  vertex 0.0252348706 0 -0.0275179707
  endloop
 endfacet

 facet normal 0.224487618 -0.333529443 0.915621817
  outer loop
  vertex -0.0262159109 0 0.0243139807
  vertex -0.0264977794 0.00299996091 0.02437496
  vertex -0.0264977794 0 0.02437496
  endloop
 endfacet

 facet normal 0.749935925 -0.333502382 0.571289957
  outer loop
  vertex -0.0416243002 0 -0.0415569507
  vertex -0.0418640301 0.00299996091 -0.0412599407
  vertex -0.0418640301 0 -0.0412599407
  endloop
 endfacet

 facet normal -0.0261252318 0.333064705 0.942542017
  outer loop
  vertex -0.0601857901 0.00299996091 0.0577573106
  vertex -0.0598141514 0 0.0577573106
  vertex -0.0598141514 0.00299996091 0.0577573106
  endloop
 endfacet

 facet normal -0.907337487 -0.332994938 0.256618589
  outer loop
  vertex -0.0577806793 0 -0.0603706203
  vertex -0.0578718707 0.00299996091 -0.0607305691
  vertex -0.0578718707 0 -0.0607305691
  endloop
 endfacet

 facet normal 0.71645689 -0.333507746 -0.612749636
  outer loop
  vertex -0.0274084806 0 0.0269518998
  vertex -0.0272272807 0.00299996091 0.0271759592
  vertex -0.0272272807 0 0.0271759592
  endloop
 endfacet

 facet normal 0.710960507 0.332964301 -0.619410872
  outer loop
  vertex -0.0615237914 0.00299996091 -0.0583447814
  vertex -0.0617755018 0 -0.0586180612
  vertex -0.0617755018 0.00299996091 -0.0586180612
  endloop
 endfacet

 facet normal 0.924195707 -0.333520085 -0.186082423
  outer loop
  vertex 0.037757989 0 0.040190991
  vertex 0.0378229618 0.00299996091 0.0405669808
  vertex 0.0378229618 0 0.0405669808
  endloop
 endfacet

 facet normal 0.471457541 0.332907706 0.816639543
  outer loop
  vertex 0.0587693416 0 0.0581165515
  vertex 0.0590958484 0.00299996091 0.0579397604
  vertex 0.0587693416 0.00299996091 0.0581165515
  endloop
 endfacet

 facet normal 0.642741799 -0.333525002 0.689669549
  outer loop
  vertex 0.0386618897 0 0.0381909609
  vertex 0.03837597 0.00299996091 0.0384428985
  vertex 0.03837597 0 0.0384428985
  endloop
 endfacet

 facet normal -0.538827658 -0.333507985 0.773587167
  outer loop
  vertex -0.0248768907 0 -0.0272759106
  vertex -0.0251086894 0.00299996091 -0.0274479296
  vertex -0.0251086894 0 -0.0274479296
  endloop
 endfacet

 facet normal 0.924195349 -0.333520889 0.186082557
  outer loop
  vertex 0.0378229618 0.00299996091 -0.0405669808
  vertex 0.037757989 0 -0.040190991
  vertex 0.0378229618 0 -0.0405669808
  endloop
 endfacet

 facet normal -0.774673045 -0.33307001 -0.537536979
  outer loop
  vertex 0.0617753789 0.00299996091 -0.0586180612
  vertex 0.0619791113 0 -0.0589289591
  vertex 0.0617753789 0 -0.0586180612
  endloop
 endfacet

 facet normal -0.661988854 -0.333486497 0.6712358
  outer loop
  vertex -0.0246772096 0 0.0249319002
  vertex -0.0248768907 0.00299996091 0.0247239396
  vertex -0.0248768907 0 0.0247239396
  endloop
 endfacet

 facet normal -0.448080659 -0.333660245 -0.829394162
  outer loop
  vertex -0.039161019 0 0.0420879684
  vertex -0.0388201997 0.00299996091 0.0419159494
  vertex -0.0388201997 0 0.0419159494
  endloop
 endfacet

 facet normal 0 -1 0
  outer loop
  vertex -0.0259999596 0 0.0107699595
  vertex -0.0248768907 0 0.0247239396
  vertex -0.0251086894 0 0.0245519206
  endloop
 endfacet

 facet normal 0.941493332 0.333010256 0.0519085228
  outer loop
  vertex -0.0622499511 0 -0.0599999987
  vertex -0.0622192584 0.00299996091 -0.0603706203
  vertex -0.0622499511 0.00299996091 -0.0599999987
  endloop
 endfacet

 facet normal -0.599459231 -0.333015233 -0.727838993
  outer loop
  vertex -0.0587693416 0 0.0618834384
  vertex -0.0584760904 0.00299996091 0.06165516
  vertex -0.0584760904 0 0.06165516
  endloop
 endfacet

 facet normal 0.920116067 0.33297959 -0.206182212
  outer loop
  vertex -0.0621280596 0.00299996091 -0.0592693016
  vertex -0.0622192584 0 -0.0596293211
  vertex -0.0622192584 0.00299996091 -0.0596293211
  endloop
 endfacet

 facet normal 0.516629815 0.333542168 0.788570404
  outer loop
  vertex -0.0413378403 0 0.0381909609
  vertex -0.0410129987 0.00299996091 0.0379909202
  vertex -0.0413378403 0.00299996091 0.0381909609
  endloop
 endfacet

 facet normal -0.599439323 -0.333023012 -0.727851748
  outer loop
  vertex -0.0587693416 0 -0.0581164882
  vertex -0.0584760904 0.00299996091 -0.0583447814
  vertex -0.0584760904 0 -0.0583447814
  endloop
 endfacet

 facet normal 0.942312419 0.333649009 0.0269395933
  outer loop
  vertex 0.037757989 0.00299996091 0.040190991
  vertex 0.037757989 0 0.0398089215
  vertex 0.037757989 0.00299996091 0.0398089215
  endloop
 endfacet

 facet normal -0.661670268 -0.333617955 0.67148447
  outer loop
  vertex 0.0273228809 0 0.0249319002
  vertex 0.0271229707 0.00299996091 0.0247239396
  vertex 0.0271229707 0 0.0247239396
  endloop
 endfacet

 facet normal 0.22508426 -0.333546311 0.915469289
  outer loop
  vertex -0.0402856991 0 0.0377679393
  vertex -0.0406588912 0.00299996091 0.0378489383
  vertex -0.0406588912 0 0.0378489383
  endloop
 endfacet

 facet normal 0.809655905 0.333548963 0.482910335
  outer loop
  vertex 0.0379499085 0.00299996091 0.0390729904
  vertex 0.0381358787 0 0.0387399085
  vertex 0.0381358787 0.00299996091 0.0387399085
  endloop
 endfacet

 facet normal -0.869582772 -0.333323061 -0.3643094
  outer loop
  vertex 0.0419639312 0 0.0410969183
  vertex 0.0421209894 0.00299996091 0.0407499
  vertex 0.0421209894 0 0.0407499
  endloop
 endfacet

 facet normal -0.774684131 0.333032608 0.53754425
  outer loop
  vertex -0.0582244284 0 0.0586180612
  vertex -0.0580210611 0.00299996091 0.0589289591
  vertex -0.0582244284 0.00299996091 0.0586180612
  endloop
 endfacet

 facet normal -0.145863011 -0.333449751 -0.931415677
  outer loop
  vertex -0.0259278994 0 -0.0243020002
  vertex -0.0256417301 0.00299996091 -0.0243379399
  vertex -0.0256417301 0 -0.0243379399
  endloop
 endfacet

 facet normal -0.795880973 -0.33363539 -0.505233347
  outer loop
  vertex 0.0273228809 0 0.0270678904
  vertex 0.0274839401 0.00299996091 0.0268290006
  vertex 0.0274839401 0 0.0268290006
  endloop
 endfacet

 facet normal 0.809610426 0.33352989 -0.482999742
  outer loop
  vertex -0.0418640301 0 -0.0387399085
  vertex -0.0420502983 0.00299996091 -0.0390729904
  vertex -0.0418640301 0.00299996091 -0.0387399085
  endloop
 endfacet

 facet normal 0.80321908 0.332936883 0.493955702
  outer loop
  vertex 0.0580207109 0 0.0589289591
  vertex 0.0582244918 0.00299996091 0.0586180612
  vertex 0.0580207109 0.00299996091 0.0589289591
  endloop
 endfacet

 facet normal -0.0261080638 0.333052933 0.942546546
  outer loop
  vertex -0.0601857901 0.00299996091 -0.0622425601
  vertex -0.0598141514 0 -0.0622425601
  vertex -0.0598141514 0.00299996091 -0.0622425601
  endloop
 endfacet

 facet normal 0.375425726 -0.333356112 0.864829004
  outer loop
  vertex -0.0264977794 0 -0.0276249591
  vertex -0.0267652199 0.00299996091 -0.0275179707
  vertex -0.0267652199 0 -0.0275179707
  endloop
 endfacet

 facet normal 0.920112908 0.332982808 -0.206190631
  outer loop
  vertex -0.0621280596 0.00299996091 0.0607305691
  vertex -0.0622192584 0 0.0603706203
  vertex -0.0622192584 0.00299996091 0.0603706203
  endloop
 endfacet

 facet normal -0.941245139 -0.333494306 -0.0532848164
  outer loop
  vertex -0.0243244097 0 -0.0257128999
  vertex -0.0242999103 0.00299996091 -0.0260000192
  vertex -0.0242999103 0 -0.0260000192
  endloop
 endfacet

 facet normal -0.447873831 0.33363229 0.829516947
  outer loop
  vertex 0.0408388898 0.00299996091 0.0379120111
  vertex 0.0411799513 0 0.0380839705
  vertex 0.0411799513 0.00299996091 0.0380839705
  endloop
 endfacet

 facet normal -0.711001694 -0.333014429 -0.619336665
  outer loop
  vertex 0.0615242086 0 -0.0583447814
  vertex 0.0617753789 0.00299996091 -0.0586180612
  vertex 0.0617753789 0 -0.0586180612
  endloop
 endfacet

 facet normal -0.331143916 -0.332971126 -0.882878244
  outer loop
  vertex -0.0594475791 0 -0.0578187108
  vertex -0.0590960905 0.00299996091 -0.0579397604
  vertex -0.0590960905 0 -0.0579397604
  endloop
 endfacet

 facet normal 0.716379941 -0.333477259 -0.612856209
  outer loop
  vertex -0.0418640301 0 -0.0387399085
  vertex -0.0416243002 0.00299996091 -0.0384428985
  vertex -0.0416243002 0 -0.0384428985
  endloop
 endfacet

 facet normal 0.803218722 0.333003163 0.493911594
  outer loop
  vertex -0.0619788095 0 -0.0610709712
  vertex -0.0617755018 0.00299996091 -0.0613818094
  vertex -0.0619788095 0.00299996091 -0.0610709712
  endloop
 endfacet

 facet normal -0.662155867 -0.333454162 -0.671087146
  outer loop
  vertex -0.0385134816 0.00299996091 -0.0383110009
  vertex -0.0382493697 0 -0.0385869704
  vertex -0.0385134816 0 -0.0383110009
  endloop
 endfacet

 facet normal -0.765771925 0.333545119 0.54985553
  outer loop
  vertex -0.0246772096 0 -0.0270678904
  vertex -0.0245158002 0.00299996091 -0.0268290006
  vertex -0.0246772096 0.00299996091 -0.0270678904
  endloop
 endfacet

 facet normal 0.066884093 0.333361864 -0.940423489
  outer loop
  vertex 0.0260719601 0.00299996091 0.0276979804
  vertex 0.0257839505 0 0.0276859403
  vertex 0.0257839505 0.00299996091 0.0276859403
  endloop
 endfacet

 facet normal 0.937166691 -0.333067685 -0.10384918
  outer loop
  vertex 0.0577499196 0 0.0599999391
  vertex 0.0577810407 0.00299996091 0.0603706203
  vertex 0.0577810407 0 0.0603706203
  endloop
 endfacet

 facet normal -0.146274373 -0.333417088 0.931362927
  outer loop
  vertex 0.0404738709 0.00299996091 -0.042198889
  vertex 0.0400949717 0 -0.042247951
  vertex 0.0404738709 0 -0.042198889
  endloop
 endfacet

 facet normal -0.662155867 -0.333454192 0.671087086
  outer loop
  vertex -0.0382493697 0 0.0385869704
  vertex -0.0385134816 0.00299996091 0.0383110009
  vertex -0.0385134816 0 0.0383110009
  endloop
 endfacet

 facet normal -0.765824199 0.333422452 0.54985702
  outer loop
  vertex -0.0382493697 0 0.0385869704
  vertex -0.0380356908 0.00299996091 0.0389029309
  vertex -0.0382493697 0.00299996091 0.0385869704
  endloop
 endfacet

 facet normal 0.602447331 -0.333515912 -0.725137413
  outer loop
  vertex -0.0416243002 0 0.0415569507
  vertex -0.0413378403 0.00299996091 0.0418089591
  vertex -0.0413378403 0 0.0418089591
  endloop
 endfacet

 facet normal -0.471576929 0.332917064 0.816566825
  outer loop
  vertex -0.0590960905 0.00299996091 -0.0620601699
  vertex -0.0587693416 0 -0.0618834384
  vertex -0.0587693416 0.00299996091 -0.0618834384
  endloop
 endfacet

 facet normal 0.603050649 -0.333466321 -0.724658608
  outer loop
  vertex 0.0247729402 0 -0.0248239599
  vertex 0.0249888804 0.00299996091 -0.0246329904
  vertex 0.0249888804 0 -0.0246329904
  endloop
 endfacet

 facet normal 0.471551925 0.332917869 -0.81658107
  outer loop
  vertex -0.0609038398 0.00299996091 -0.0579397604
  vertex -0.0612305403 0 -0.0581164882
  vertex -0.0612305403 0.00299996091 -0.0581164882
  endloop
 endfacet

 facet normal 0.803213775 0.332932055 0.493967563
  outer loop
  vertex 0.0580207109 0 -0.0610709116
  vertex 0.0582244918 0.00299996091 -0.0613818094
  vertex 0.0580207109 0.00299996091 -0.0610709116
  endloop
 endfacet

 facet normal -0.448478192 -0.333481699 -0.829250932
  outer loop
  vertex -0.039161019 0 -0.0379119515
  vertex -0.0388201997 0.00299996091 -0.0380839705
  vertex -0.0388201997 0 -0.0380839705
  endloop
 endfacet

 facet normal 0.710993767 -0.333020002 0.619342864
  outer loop
  vertex 0.0584756695 0 0.0583447814
  vertex 0.0582244918 0.00299996091 0.0586180612
  vertex 0.0582244918 0 0.0586180612
  endloop
 endfacet

 facet normal -0.146324679 -0.333432585 -0.931349456
  outer loop
  vertex 0.0400949717 0 0.0422480106
  vertex 0.0404738709 0.00299996091 0.042198889
  vertex 0.0404738709 0 0.042198889
  endloop
 endfacet

 facet normal -0.448076516 0.333648056 0.829401195
  outer loop
  vertex -0.039161019 0.00299996091 0.0379120111
  vertex -0.0388201997 0 0.0380839705
  vertex -0.0388201997 0.00299996091 0.0380839705
  endloop
 endfacet

 facet normal -0.66213119 -0.333458692 -0.6711092
  outer loop
  vertex -0.0385134816 0.00299996091 0.0416889116
  vertex -0.0382493697 0 0.0414129384
  vertex -0.0385134816 0 0.0416889116
  endloop
 endfacet

 facet normal 0.716371298 -0.333502531 -0.612852514
  outer loop
  vertex 0.0381358787 0 0.0412600003
  vertex 0.03837597 0.00299996091 0.0415569507
  vertex 0.03837597 0 0.0415569507
  endloop
 endfacet

 facet normal 0.80322355 0.333008111 -0.493900418
  outer loop
  vertex -0.0617755018 0.00299996091 -0.0586180612
  vertex -0.0619788095 0 -0.0589289591
  vertex -0.0619788095 0.00299996091 -0.0589289591
  endloop
 endfacet

 facet normal -0.796086371 -0.333451807 -0.505031109
  outer loop
  vertex 0.0417509004 0 -0.0385869704
  vertex 0.0419639312 0.00299996091 -0.0389029309
  vertex 0.0419639312 0 -0.0389029309
  endloop
 endfacet

 facet normal -0.847527206 -0.333567649 0.412831903
  outer loop
  vertex -0.0378785096 0 0.0392499492
  vertex -0.0380356908 0.00299996091 0.0389029309
  vertex -0.0380356908 0 0.0389029309
  endloop
 endfacet

 facet normal 0.942323744 0.333619475 0.0269081481
  outer loop
  vertex 0.0243058801 0.00299996091 0.0261438992
  vertex 0.0243058801 0 0.0258558895
  vertex 0.0243058801 0.00299996091 0.0258558895
  endloop
 endfacet

 facet normal 0.558202744 0.333073854 -0.759915471
  outer loop
  vertex 0.0587693416 0 -0.0581164882
  vertex 0.0584756695 0.00299996091 -0.0583447814
  vertex 0.0587693416 0.00299996091 -0.0581164882
  endloop
 endfacet

 facet normal -0.937164664 0.333071828 -0.103853419
  outer loop
  vertex 0.0622499511 0.00299996091 0.0599999391
  vertex 0.0622188412 0 0.0603706203
  vertex 0.0622188412 0.00299996091 0.0603706203
  endloop
 endfacet

 facet normal -0.766339839 0.333387345 0.549159527
  outer loop
  vertex 0.0417509004 0 -0.0414129384
  vertex 0.0419639312 0.00299996091 -0.0410969183
  vertex 0.0417509004 0.00299996091 -0.0414129384
  endloop
 endfacet

 facet normal 0.907327235 0.333001226 0.256646574
  outer loop
  vertex -0.0622192584 0.00299996091 0.0596293211
  vertex -0.0621280596 0 0.0592693016
  vertex -0.0621280596 0.00299996091 0.0592693016
  endloop
 endfacet

 facet normal 0.642828405 -0.333548903 0.689577222
  outer loop
  vertex -0.0270107891 0 0.0246329904
  vertex -0.0272272807 0.00299996091 0.0248239599
  vertex -0.0272272807 0 0.0248239599
  endloop
 endfacet

 facet normal -0.145801693 -0.3334409 0.931428552
  outer loop
  vertex 0.0263578799 0.00299996091 -0.0276619103
  vertex 0.0260719601 0 -0.0276979804
  vertex 0.0263578799 0 -0.0276619103
  endloop
 endfacet

 facet normal 0.924194753 -0.333521783 -0.186083883
  outer loop
  vertex 0.037757989 0 -0.0398089215
  vertex 0.0378229618 0.00299996091 -0.0394329987
  vertex 0.0378229618 0 -0.0394329987
  endloop
 endfacet

 facet normal 0.224569887 -0.333544046 -0.915596426
  outer loop
  vertex 0.0255018994 0.00299996091 -0.02437496
  vertex 0.0257839505 0 -0.0243139807
  vertex 0.0255018994 0 -0.02437496
  endloop
 endfacet

 facet normal -0.766337752 0.333389103 0.549161375
  outer loop
  vertex 0.0417509004 0 0.0385869704
  vertex 0.0419639312 0.00299996091 0.0389029309
  vertex 0.0417509004 0.00299996091 0.0385869704
  endloop
 endfacet

 facet normal -0.250357747 -0.333566219 -0.908875406
  outer loop
  vertex -0.0395259187 0.00299996091 -0.0377999507
  vertex -0.039161019 0 -0.0379119515
  vertex -0.0395259187 0 -0.0377999507
  endloop
 endfacet

 facet normal 0.558230579 0.333080858 -0.759891868
  outer loop
  vertex 0.0587693416 0 0.0618833788
  vertex 0.0584756695 0.00299996091 0.06165516
  vertex 0.0587693416 0.00299996091 0.0618833788
  endloop
 endfacet

 facet normal 0.0136503391 0.333501935 0.942650557
  outer loop
  vertex 0.0257839505 0.00299996091 -0.0276859403
  vertex 0.0260719601 0 -0.0276979804
  vertex 0.0260719601 0.00299996091 -0.0276979804
  endloop
 endfacet

 facet normal -0.538956106 -0.333569765 0.773471177
  outer loop
  vertex 0.0414869115 0 0.0383110009
  vertex 0.0411799513 0.00299996091 0.0380839705
  vertex 0.0411799513 0 0.0380839705
  endloop
 endfacet

 facet normal -0.146403372 -0.33343786 0.931335151
  outer loop
  vertex -0.0395259187 0.00299996091 0.0378009006
  vertex -0.0399044715 0 0.037751969
  vertex -0.0395259187 0 0.0378009006
  endloop
 endfacet

 facet normal 0.809660196 0.333539039 0.482909977
  outer loop
  vertex -0.0275490191 0.00299996091 -0.0266999602
  vertex -0.0274084806 0 -0.0269518998
  vertex -0.0274084806 0.00299996091 -0.0269518998
  endloop
 endfacet

 facet normal 0.225084409 -0.333553493 -0.915466607
  outer loop
  vertex -0.0406588912 0.00299996091 -0.0378489383
  vertex -0.0402856991 0 -0.0377679393
  vertex -0.0406588912 0 -0.0378489383
  endloop
 endfacet

 facet normal 0.924207866 -0.33352077 0.186021209
  outer loop
  vertex 0.0243549291 0.00299996091 0.0255720001
  vertex 0.0243058801 0 0.0258558895
  vertex 0.0243549291 0 0.0255720001
  endloop
 endfacet

 facet normal 0.376064926 -0.333361 0.864549279
  outer loop
  vertex 0.0393409692 0 -0.0421509705
  vertex 0.0389869809 0.00299996091 -0.042008929
  vertex 0.0389869809 0 -0.042008929
  endloop
 endfacet

 facet normal 0.331158459 -0.332982093 0.882868648
  outer loop
  vertex 0.0594476387 0 0.0578187108
  vertex 0.0590958484 0.00299996091 0.0579397604
  vertex 0.0590958484 0 0.0579397604
  endloop
 endfacet

 facet normal 0.879698575 -0.333388925 -0.339090258
  outer loop
  vertex 0.0378229618 0 -0.0394329987
  vertex 0.0379499085 0.00299996091 -0.0390729904
  vertex 0.0379499085 0 -0.0390729904
  endloop
 endfacet

 facet normal -0.145867214 -0.333452255 0.931414247
  outer loop
  vertex -0.0256417301 0.00299996091 -0.0276619103
  vertex -0.0259278994 0 -0.0276979804
  vertex -0.0256417301 0 -0.0276619103
  endloop
 endfacet

 facet normal -0.145797148 -0.333438575 -0.931430101
  outer loop
  vertex 0.0260719601 0 -0.0243020002
  vertex 0.0263578799 0.00299996091 -0.0243379399
  vertex 0.0263578799 0 -0.0243379399
  endloop
 endfacet

 facet normal -0.795633912 -0.333409399 -0.505771518
  outer loop
  vertex -0.0382493697 0 -0.0385869704
  vertex -0.0380356908 0.00299996091 -0.0389029309
  vertex -0.0380356908 0 -0.0389029309
  endloop
 endfacet

 facet normal -0.558309913 -0.332999825 0.759869218
  outer loop
  vertex -0.0584760904 0 0.0583447814
  vertex -0.0587693416 0.00299996091 0.0581165515
  vertex -0.0587693416 0 0.0581165515
  endloop
 endfacet

 facet normal -0.662027061 -0.333472252 0.671205163
  outer loop
  vertex -0.0246772096 0 -0.0270678904
  vertex -0.0248768907 0.00299996091 -0.0272759106
  vertex -0.0248768907 0 -0.0272759106
  endloop
 endfacet

 facet normal -0.447806001 0.333363324 0.829661846
  outer loop
  vertex -0.0253660008 0.00299996091 0.0244229995
  vertex -0.0251086894 0 0.0245519206
  vertex -0.0251086894 0.00299996091 0.0245519206
  endloop
 endfacet

 facet normal -0.581658721 -0.333595276 -0.741880894
  outer loop
  vertex 0.0268909298 0 -0.0245519206
  vertex 0.0271229707 0.00299996091 -0.0247239396
  vertex 0.0271229707 0 -0.0247239396
  endloop
 endfacet

 facet normal 0.375469595 -0.333349854 -0.864812374
  outer loop
  vertex 0.0252348706 0.00299996091 0.0275179707
  vertex 0.0255018994 0 0.0276249591
  vertex 0.0252348706 0 0.0275179707
  endloop
 endfacet

 facet normal 0.2251596 -0.33354798 -0.915450096
  outer loop
  vertex 0.0393409692 0.00299996091 0.0421509705
  vertex 0.0397139117 0 0.0422319099
  vertex 0.0393409692 0 0.0421509705
  endloop
 endfacet

 facet normal -0.796097577 -0.333454698 -0.505011618
  outer loop
  vertex 0.0417509004 0 0.0414129384
  vertex 0.0419639312 0.00299996091 0.0410969183
  vertex 0.0419639312 0 0.0410969183
  endloop
 endfacet

 facet normal 0.809590518 0.333533525 -0.483030617
  outer loop
  vertex -0.0418640301 0 0.0412600003
  vertex -0.0420502983 0.00299996091 0.0409269892
  vertex -0.0418640301 0.00299996091 0.0412600003
  endloop
 endfacet

 facet normal -0.774672151 0.333072096 0.537536979
  outer loop
  vertex 0.0617753789 0 0.0586180612
  vertex 0.0619791113 0.00299996091 0.0589289591
  vertex 0.0617753789 0.00299996091 0.0586180612
  endloop
 endfacet

 facet normal -0.869628251 -0.333512217 -0.364027917
  outer loop
  vertex -0.0380356908 0 0.0410969183
  vertex -0.0378785096 0.00299996091 0.0407499
  vertex -0.0378785096 0 0.0407499
  endloop
 endfacet

 facet normal 0.941493273 0.333010584 0.0519068986
  outer loop
  vertex -0.0622499511 0 0.0599999987
  vertex -0.0622192584 0.00299996091 0.0596293211
  vertex -0.0622499511 0.00299996091 0.0599999987
  endloop
 endfacet

 facet normal -0.774673104 -0.333066046 -0.537539363
  outer loop
  vertex 0.0617753789 0.00299996091 0.0613818094
  vertex 0.0619791113 0 0.0610709116
  vertex 0.0617753789 0 0.0613818094
  endloop
 endfacet

 facet normal 0.809665918 0.333543688 0.482897282
  outer loop
  vertex -0.0275490191 0.00299996091 0.0252999607
  vertex -0.0274084806 0 0.0250478908
  vertex -0.0274084806 0.00299996091 0.0250478908
  endloop
 endfacet

 facet normal 0.516751289 0.333631247 0.788453102
  outer loop
  vertex 0.0249888804 0 -0.0273669902
  vertex 0.0252348706 0.00299996091 -0.0275179707
  vertex 0.0249888804 0.00299996091 -0.0273669902
  endloop
 endfacet

 facet normal 0.711011171 -0.333017766 0.619323969
  outer loop
  vertex 0.0584756695 0 -0.06165516
  vertex 0.0582244918 0.00299996091 -0.0613818094
  vertex 0.0582244918 0 -0.0613818094
  endloop
 endfacet

 facet normal 0.924207866 -0.33352077 -0.186021209
  outer loop
  vertex 0.0243058801 0 -0.0258558895
  vertex 0.0243549291 0.00299996091 -0.0255720001
  vertex 0.0243549291 0 -0.0255720001
  endloop
 endfacet

 facet normal -0.847772181 -0.333364397 0.41249302
  outer loop
  vertex 0.0276029706 0 0.0254338905
  vertex 0.0274839401 0.00299996091 0.02517098
  vertex 0.0274839401 0 0.02517098
  endloop
 endfacet

 facet normal -0.331151128 -0.332991123 -0.882867873
  outer loop
  vertex 0.0605521686 0 0.0621812306
  vertex 0.0609040186 0.00299996091 0.0620601699
  vertex 0.0609040186 0 0.0620601699
  endloop
 endfacet

 facet normal 0.516755044 0.333655506 -0.788440347
  outer loop
  vertex -0.0267652199 0.00299996091 -0.0244819503
  vertex -0.0270107891 0 -0.0246329904
  vertex -0.0270107891 0.00299996091 -0.0246329904
  endloop
 endfacet

 facet normal 0.809436977 0.333552897 0.483274579
  outer loop
  vertex 0.0244508907 0.00299996091 -0.0266999602
  vertex 0.0245919805 0 -0.0269518998
  vertex 0.0245919805 0.00299996091 -0.0269518998
  endloop
 endfacet

 facet normal 0.375494659 -0.333369732 -0.864793777
  outer loop
  vertex 0.0252348706 0.00299996091 -0.0244819503
  vertex 0.0255018994 0 -0.02437496
  vertex 0.0252348706 0 -0.0244819503
  endloop
 endfacet

 facet normal 0.907322228 0.333002985 0.256662011
  outer loop
  vertex -0.0622192584 0.00299996091 -0.0603706203
  vertex -0.0621280596 0 -0.0607305691
  vertex -0.0621280596 0.00299996091 -0.0607305691
  endloop
 endfacet

 facet normal 0.879687726 -0.333391905 0.339115322
  outer loop
  vertex 0.0379499085 0.00299996091 -0.0409269892
  vertex 0.0378229618 0 -0.0405669808
  vertex 0.0379499085 0 -0.0409269892
  endloop
 endfacet

 facet normal 0.0672082603 0.333453476 -0.940367937
  outer loop
  vertex 0.0400949717 0.00299996091 -0.037751969
  vertex 0.0397139117 0 -0.0377679393
  vertex 0.0397139117 0.00299996091 -0.0377679393
  endloop
 endfacet

 facet normal 0.924195051 -0.333520889 0.186084032
  outer loop
  vertex 0.0378229618 0.00299996091 0.0394329987
  vertex 0.037757989 0 0.0398089215
  vertex 0.0378229618 0 0.0394329987
  endloop
 endfacet

 facet normal -0.181294918 -0.333044112 -0.925318241
  outer loop
  vertex 0.0601856709 0 0.0622425601
  vertex 0.0605521686 0.00299996091 0.0621812306
  vertex 0.0605521686 0 0.0621812306
  endloop
 endfacet

 facet normal 0.749970973 -0.333406329 0.571300089
  outer loop
  vertex -0.0272272807 0 0.0248239599
  vertex -0.0274084806 0.00299996091 0.0250478908
  vertex -0.0274084806 0 0.0250478908
  endloop
 endfacet

 facet normal 0.80966562 0.333543897 -0.48289752
  outer loop
  vertex -0.0274084806 0 -0.0250478908
  vertex -0.0275490191 0.00299996091 -0.0252999607
  vertex -0.0274084806 0.00299996091 -0.0250478908
  endloop
 endfacet

 facet normal 0.516723633 0.333656967 -0.788460493
  outer loop
  vertex -0.0267652199 0.00299996091 0.0275179707
  vertex -0.0270107891 0 0.0273669902
  vertex -0.0270107891 0.00299996091 0.0273669902
  endloop
 endfacet

 facet normal -0.662027001 -0.333472103 -0.671205223
  outer loop
  vertex -0.0248768907 0.00299996091 0.0272759106
  vertex -0.0246772096 0 0.0270678904
  vertex -0.0248768907 0 0.0272759106
  endloop
 endfacet

 facet normal -0.795795381 -0.333579421 -0.505405486
  outer loop
  vertex -0.0246772096 0 -0.0249319002
  vertex -0.0245158002 0.00299996091 -0.02517098
  vertex -0.0245158002 0 -0.02517098
  endloop
 endfacet

 facet normal -0.847823322 -0.333488643 0.412287444
  outer loop
  vertex -0.0243970696 0 0.0254338905
  vertex -0.0245158002 0.00299996091 0.02517098
  vertex -0.0245158002 0 0.02517098
  endloop
 endfacet

 facet normal 0.375425667 -0.333356261 -0.864828944
  outer loop
  vertex -0.0267652199 0.00299996091 0.0275179707
  vertex -0.0264977794 0 0.0276249591
  vertex -0.0267652199 0 0.0275179707
  endloop
 endfacet

 facet normal 0.852779567 0.333091736 -0.402264684
  outer loop
  vertex 0.0580207109 0 -0.0589289591
  vertex 0.0578718707 0.00299996091 -0.0592693016
  vertex 0.0580207109 0.00299996091 -0.0589289591
  endloop
 endfacet

 facet normal 0.852781057 0.333091944 0.402261376
  outer loop
  vertex 0.0578718707 0.00299996091 0.0592693016
  vertex 0.0580207109 0 0.0589289591
  vertex 0.0580207109 0.00299996091 0.0589289591
  endloop
 endfacet

 facet normal 0.225136459 -0.333560318 0.915451229
  outer loop
  vertex 0.0397139117 0 -0.0422319099
  vertex 0.0393409692 0.00299996091 -0.0421509705
  vertex 0.0393409692 0 -0.0421509705
  endloop
 endfacet

 facet normal 0.80963552 0.333553344 -0.482941628
  outer loop
  vertex 0.0381358787 0 0.0412600003
  vertex 0.0379499085 0.00299996091 0.0409269892
  vertex 0.0381358787 0.00299996091 0.0412600003
  endloop
 endfacet

 facet normal -0.920119464 -0.332978398 -0.206168965
  outer loop
  vertex -0.0578718707 0 -0.0592693016
  vertex -0.0577806793 0.00299996091 -0.0596293211
  vertex -0.0577806793 0 -0.0596293211
  endloop
 endfacet

 facet normal -0.250217915 -0.333416343 -0.908968985
  outer loop
  vertex 0.0263578799 0.00299996091 -0.0243379399
  vertex 0.0266339108 0 -0.0244229995
  vertex 0.0263578799 0 -0.0243379399
  endloop
 endfacet

 facet normal -0.847825229 -0.333491445 0.412281126
  outer loop
  vertex -0.0243970696 0 -0.0265659001
  vertex -0.0245158002 0.00299996091 -0.0268290006
  vertex -0.0245158002 0 -0.0268290006
  endloop
 endfacet

 facet normal -0.447898597 -0.333384007 -0.829603374
  outer loop
  vertex 0.0266339108 0 -0.0244229995
  vertex 0.0268909298 0.00299996091 -0.0245519206
  vertex 0.0268909298 0 -0.0245519206
  endloop
 endfacet

 facet normal 0 1 0
  outer loop
  vertex -0.0378785096 0.00299996091 0.0392499492
  vertex -0.0267652199 0.00299996091 0.0275179707
  vertex -0.0270107891 0.00299996091 0.0273669902
  endloop
 endfacet

 facet normal 0.852769017 0.333091319 -0.402287394
  outer loop
  vertex 0.0580207109 0 0.0610709116
  vertex 0.0578718707 0.00299996091 0.0607305691
  vertex 0.0580207109 0.00299996091 0.0610709116
  endloop
 endfacet

 facet normal 0.924207032 -0.33352229 0.186022103
  outer loop
  vertex 0.0243549291 0.00299996091 -0.0264279805
  vertex 0.0243058801 0 -0.0261438992
  vertex 0.0243549291 0 -0.0264279805
  endloop
 endfacet

 facet normal 0 1 0
  outer loop
  vertex 0.0594476387 0.00299996091 0.0578187108
  vertex 0.059814211 0.00299996091 0.0577573106
  vertex 0.0422179103 0.00299996091 0.0396199785
  endloop
 endfacet

 facet normal 0.602818131 -0.333422214 -0.72487241
  outer loop
  vertex -0.0272272807 0 0.0271759592
  vertex -0.0270107891 0.00299996091 0.0273669902
  vertex -0.0270107891 0 0.0273669902
  endloop
 endfacet

 facet normal 0.749964416 -0.333451599 0.571282148
  outer loop
  vertex 0.03837597 0 0.0384428985
  vertex 0.0381358787 0.00299996091 0.0387399085
  vertex 0.0381358787 0 0.0387399085
  endloop
 endfacet

 facet normal 0 1 0
  outer loop
  vertex 0.0247729402 0.00299996091 -0.0271759592
  vertex 0.0249888804 0.00299996091 -0.0273669902
  vertex 0.0107699595 0.00299996091 -0.0260000192
  endloop
 endfacet

 facet normal 0.516679525 0.333545536 -0.788536489
  outer loop
  vertex -0.0410129987 0.00299996091 0.042008929
  vertex -0.0413378403 0 0.0418089591
  vertex -0.0413378403 0.00299996091 0.0418089591
  endloop
 endfacet

 facet normal 0.516723692 0.333657146 0.788460195
  outer loop
  vertex -0.0270107891 0 -0.0273669902
  vertex -0.0267652199 0.00299996091 -0.0275179707
  vertex -0.0270107891 0.00299996091 -0.0273669902
  endloop
 endfacet

 facet normal 0.225157201 -0.333551317 -0.91544944
  outer loop
  vertex 0.0393409692 0.00299996091 -0.0378489383
  vertex 0.0397139117 0 -0.0377679393
  vertex 0.0393409692 0 -0.0378489383
  endloop
 endfacet

 facet normal -0.25025937 0.333363831 0.908976734
  outer loop
  vertex -0.0253660008 0.00299996091 -0.0275769792
  vertex -0.0256417301 0.00299996091 -0.0276619103
  vertex -0.0256417301 0 -0.0276619103
  endloop
 endfacet

 facet normal 0.675751567 0.332965672 0.657642543
  outer loop
  vertex -0.0615237914 0 -0.06165516
  vertex -0.0615237914 0.00299996091 -0.06165516
  vertex -0.0617755018 0.00299996091 -0.0613818094
  endloop
 endfacet

 facet normal -0.699065447 0.333502114 0.632521808
  outer loop
  vertex -0.0382493697 0 -0.0414129384
  vertex -0.0382493697 0.00299996091 -0.0414129384
  vertex -0.0385134816 0.00299996091 -0.0416889116
  endloop
 endfacet

 facet normal 0.172881708 0.333419353 -0.926792026
  outer loop
  vertex -0.0406588912 0.00299996091 0.0421509705
  vertex -0.0402856991 0.00299996091 0.0422319099
  vertex -0.0402856991 0 0.0422319099
  endloop
 endfacet

 facet normal -0.803210795 -0.332936257 0.49396947
  outer loop
  vertex 0.0617753789 0 -0.0613818094
  vertex 0.0619791113 0 -0.0610709116
  vertex 0.0619791113 0.00299996091 -0.0610709116
  endloop
 endfacet

 facet normal 0.873617291 -0.333023489 -0.354807109
  outer loop
  vertex -0.0619788095 0 -0.0589289591
  vertex -0.0621280596 0 -0.0592693016
  vertex -0.0621280596 0.00299996091 -0.0592693016
  endloop
 endfacet

 facet normal -0.400177747 -0.333572388 0.853573263
  outer loop
  vertex 0.0266339108 0.00299996091 -0.0275769792
  vertex 0.0266339108 0 -0.0275769792
  vertex 0.0268909298 0 -0.0274479296
  endloop
 endfacet

 facet normal 0.749970615 0.333406001 -0.571300805
  outer loop
  vertex -0.0274084806 0 -0.0250478908
  vertex -0.0274084806 0.00299996091 -0.0250478908
  vertex -0.0272272807 0.00299996091 -0.0248239599
  endloop
 endfacet

 facet normal 0.172833979 0.333426237 0.926798344
  outer loop
  vertex -0.0402856991 0 -0.0422319099
  vertex -0.0402856991 0.00299996091 -0.0422319099
  vertex -0.0406588912 0.00299996091 -0.0421509705
  endloop
 endfacet

 facet normal 0.774691701 -0.333029807 -0.537535131
  outer loop
  vertex -0.0617755018 0.00299996091 0.0613818094
  vertex -0.0617755018 0 0.0613818094
  vertex -0.0619788095 0 0.0610709712
  endloop
 endfacet

 facet normal -0.0926427618 0.333640337 0.938137174
  outer loop
  vertex 0.0263578799 0.00299996091 0.0243379399
  vertex 0.0260719601 0.00299996091 0.0243020002
  vertex 0.0260719601 0 0.0243020002
  endloop
 endfacet

 facet normal 0.642742395 0.333512902 -0.689674795
  outer loop
  vertex 0.03837597 0 0.0415569507
  vertex 0.03837597 0.00299996091 0.0415569507
  vertex 0.0386618897 0.00299996091 0.0418089591
  endloop
 endfacet

 facet normal -0.425921977 -0.33290863 0.841286123
  outer loop
  vertex 0.0609040186 0.00299996091 -0.0620601699
  vertex 0.0609040186 0 -0.0620601699
  vertex 0.0612304807 0 -0.0618833788
  endloop
 endfacet

 facet normal -0.400043815 0.33361423 -0.853619576
  outer loop
  vertex -0.0253660008 0 0.0275769792
  vertex -0.0253660008 0.00299996091 0.0275769792
  vertex -0.0251086894 0.00299996091 0.0274479296
  endloop
 endfacet

 facet normal 0.172370881 0.333391994 -0.926897049
  outer loop
  vertex -0.0264977794 0.00299996091 0.0276249591
  vertex -0.0262159109 0.00299996091 0.0276859403
  vertex -0.0262159109 0 0.0276859403
  endloop
 endfacet

 facet normal -0.852753103 0.333093077 -0.402319759
  outer loop
  vertex 0.0619791113 0 0.0610709116
  vertex 0.0619791113 0.00299996091 0.0610709116
  vertex 0.062128 0.00299996091 0.0607305691
  endloop
 endfacet

 facet normal -0.12987572 0.333036155 -0.933926761
  outer loop
  vertex 0.0601856709 0 -0.0577573106
  vertex 0.0601856709 0.00299996091 -0.0577573106
  vertex 0.0605521686 0.00299996091 -0.0578187108
  endloop
 endfacet

 facet normal -0.425906569 -0.33295992 0.841273606
  outer loop
  vertex -0.0590960905 0.00299996091 0.0579397604
  vertex -0.0590960905 0 0.0579397604
  vertex -0.0587693416 0 0.0581165515
  endloop
 endfacet

 facet normal 0.425890326 -0.332911164 0.841301143
  outer loop
  vertex 0.0587693416 0 -0.0618833788
  vertex 0.0590958484 0 -0.0620601699
  vertex 0.0590958484 0.00299996091 -0.0620601699
  endloop
 endfacet

 facet normal 0.60266614 0.333462268 0.724980354
  outer loop
  vertex 0.0386618897 0 -0.0418089591
  vertex 0.0386618897 0.00299996091 -0.0418089591
  vertex 0.03837597 0.00299996091 -0.0415569507
  endloop
 endfacet

 facet normal -0.129872307 0.333036393 0.933927238
  outer loop
  vertex 0.0605521686 0.00299996091 0.0578187108
  vertex 0.0601856709 0.00299996091 0.0577573106
  vertex 0.0601856709 0 0.0577573106
  endloop
 endfacet

 facet normal -0.0926978141 0.333566099 -0.938158214
  outer loop
  vertex 0.0400949717 0 -0.037751969
  vertex 0.0400949717 0.00299996091 -0.037751969
  vertex 0.0404738709 0.00299996091 -0.0377999507
  endloop
 endfacet

 facet normal -0.538950324 0.333567023 -0.773476243
  outer loop
  vertex 0.0411799513 0 0.0419159494
  vertex 0.0411799513 0.00299996091 0.0419159494
  vertex 0.0414869115 0.00299996091 0.0416889116
  endloop
 endfacet

 facet normal -0.250219285 0.333418161 0.908967853
  outer loop
  vertex 0.0266339108 0.00299996091 -0.0275769792
  vertex 0.0263578799 0.00299996091 -0.0276619103
  vertex 0.0263578799 0 -0.0276619103
  endloop
 endfacet

 facet normal 0.602456927 0.333523899 0.72512579
  outer loop
  vertex -0.0413378403 0 -0.0418089591
  vertex -0.0413378403 0.00299996091 -0.0418089591
  vertex -0.0416243002 0.00299996091 -0.0415569507
  endloop
 endfacet

 facet normal 0.873616338 -0.333026826 0.354806513
  outer loop
  vertex -0.0621280596 0.00299996091 0.0592693016
  vertex -0.0621280596 0 0.0592693016
  vertex -0.0619788095 0 0.0589289591
  endloop
 endfacet

 facet normal -0.282078445 0.332920194 0.899775505
  outer loop
  vertex -0.0590960905 0.00299996091 0.0579397604
  vertex -0.0594475791 0.00299996091 0.0578187108
  vertex -0.0594475791 0 0.0578187108
  endloop
 endfacet

 facet normal 0.835801959 -0.333591074 -0.436064303
  outer loop
  vertex -0.0274084806 0 0.0269518998
  vertex -0.0275490191 0 0.0266999602
  vertex -0.0275490191 0.00299996091 0.0266999602
  endloop
 endfacet

 facet normal 0.835715413 -0.333489805 0.436307341
  outer loop
  vertex -0.0420502983 0.00299996091 0.0390729904
  vertex -0.0420502983 0 0.0390729904
  vertex -0.0418640301 0 0.0387399085
  endloop
 endfacet

 facet normal -0.675776184 0.332956403 -0.65762192
  outer loop
  vertex -0.0584760904 0 0.06165516
  vertex -0.0584760904 0.00299996091 0.06165516
  vertex -0.0582244284 0.00299996091 0.0613818094
  endloop
 endfacet

 facet normal 0.774692535 -0.333034039 0.537531257
  outer loop
  vertex -0.0619788095 0 0.0589289591
  vertex -0.0617755018 0 0.0586180612
  vertex -0.0617755018 0.00299996091 0.0586180612
  endloop
 endfacet

 facet normal 0.425930619 -0.332966685 0.841258764
  outer loop
  vertex -0.0612305403 0 -0.0618834384
  vertex -0.0609038398 0 -0.0620601699
  vertex -0.0609038398 0.00299996091 -0.0620601699
  endloop
 endfacet

 facet normal 0.941493928 0.333009809 -0.051899597
  outer loop
  vertex -0.0622499511 0 -0.0599999987
  vertex -0.0622499511 0.00299996091 -0.0599999987
  vertex -0.0622192584 0.00299996091 -0.0596293211
  endloop
 endfacet

 facet normal -0.0926477015 0.33363837 -0.938137412
  outer loop
  vertex 0.0260719601 0 0.0276979804
  vertex 0.0260719601 0.00299996091 0.0276979804
  vertex 0.0263578799 0.00299996091 0.0276619103
  endloop
 endfacet

 facet normal 0.326646775 0.333458871 -0.884368241
  outer loop
  vertex -0.0410129987 0.00299996091 0.042008929
  vertex -0.0406588912 0.00299996091 0.0421509705
  vertex -0.0406588912 0 0.0421509705
  endloop
 endfacet

 facet normal -0.936726511 -0.333488107 0.106438391
  outer loop
  vertex -0.037782371 0.00299996091 0.0396199785
  vertex -0.037782371 0 0.0396199785
  vertex -0.0377499387 0 0.0399999619
  endloop
 endfacet

 facet normal -0.936691165 -0.33348 0.106774017
  outer loop
  vertex 0.0422179103 0.00299996091 -0.0403800011
  vertex 0.0422179103 0 -0.0403800011
  vertex 0.0422499105 0 -0.0400000215
  endloop
 endfacet

 facet normal -0.699396312 0.333601147 -0.632103622
  outer loop
  vertex 0.0414869115 0.00299996091 0.0416889116
  vertex 0.0417509004 0.00299996091 0.0414129384
  vertex 0.0417509004 0 0.0414129384
  endloop
 endfacet

 facet normal 0.64274168 0.333525956 -0.689669073
  outer loop
  vertex 0.03837597 0 -0.0384428985
  vertex 0.03837597 0.00299996091 -0.0384428985
  vertex 0.0386618897 0.00299996091 -0.0381909609
  endloop
 endfacet

 facet normal -0.249954805 0.333532512 0.908998787
  outer loop
  vertex -0.039161019 0.00299996091 -0.0420879684
  vertex -0.0395259187 0.00299996091 -0.042198889
  vertex -0.0395259187 0 -0.042198889
  endloop
 endfacet

 facet normal -0.852764487 0.333091527 -0.402296722
  outer loop
  vertex 0.0619791113 0 -0.0589289591
  vertex 0.0619791113 0.00299996091 -0.0589289591
  vertex 0.062128 0.00299996091 -0.0592693016
  endloop
 endfacet

 facet normal 0.642606676 0.333512932 -0.689801157
  outer loop
  vertex -0.0416243002 0 -0.0384428985
  vertex -0.0416243002 0.00299996091 -0.0384428985
  vertex -0.0413378403 0.00299996091 -0.0381909609
  endloop
 endfacet

 facet normal 0.897456646 0.3335374 -0.288659632
  outer loop
  vertex -0.0421773084 0 -0.0394329987
  vertex -0.0421773084 0.00299996091 -0.0394329987
  vertex -0.0420502983 0.00299996091 -0.0390729904
  endloop
 endfacet

 facet normal 0.933343291 0.333477259 -0.132902414
  outer loop
  vertex -0.0422418714 0 0.040190991
  vertex -0.0422418714 0.00299996091 0.040190991
  vertex -0.0421773084 0.00299996091 0.0405669808
  endloop
 endfacet

 facet normal -0.7109586 0.332970768 0.619409621
  outer loop
  vertex -0.0582244284 0 0.0586180612
  vertex -0.0582244284 0.00299996091 0.0586180612
  vertex -0.0584760904 0.00299996091 0.0583447814
  endloop
 endfacet

 facet normal -0.471577346 0.332916051 -0.816567004
  outer loop
  vertex -0.0590960905 0.00299996091 0.0620601699
  vertex -0.0587693416 0.00299996091 0.0618834384
  vertex -0.0587693416 0 0.0618834384
  endloop
 endfacet

 facet normal -0.400173843 -0.333571553 0.853575349
  outer loop
  vertex 0.0266339108 0.00299996091 0.0244229995
  vertex 0.0266339108 0 0.0244229995
  vertex 0.0268909298 0 0.0245519206
  endloop
 endfacet

 facet normal -0.0937665403 0.333299726 -0.938146651
  outer loop
  vertex -0.0399044715 0 0.0422480106
  vertex -0.0399044715 0.00299996091 0.0422480106
  vertex -0.0395259187 0.00299996091 0.042198889
  endloop
 endfacet

 facet normal -0.920200408 0.332918406 0.205904096
  outer loop
  vertex 0.0622188412 0 -0.0603706203
  vertex 0.0622188412 0.00299996091 -0.0603706203
  vertex 0.062128 0.00299996091 -0.0607305691
  endloop
 endfacet

 facet normal 0.470727205 -0.333759934 -0.816713035
  outer loop
  vertex 0.0252348706 0.00299996091 0.0275179707
  vertex 0.0252348706 0 0.0275179707
  vertex 0.0249888804 0 0.0273669902
  endloop
 endfacet

 facet normal 0.942363143 -0.333520263 -0.0267571211
  outer loop
  vertex -0.0276938006 0.00299996091 0.0261438992
  vertex -0.0276938006 0 0.0261438992
  vertex -0.0276938006 0 0.0258558895
  endloop
 endfacet

 facet normal -0.675769687 0.332957208 -0.657628179
  outer loop
  vertex -0.0584760904 0 -0.0583447814
  vertex -0.0584760904 0.00299996091 -0.0583447814
  vertex -0.0582244284 0.00299996091 -0.0586180612
  endloop
 endfacet

 facet normal -0.599421263 0.332995415 0.727879226
  outer loop
  vertex 0.0615242086 0 -0.06165516
  vertex 0.0615242086 0.00299996091 -0.06165516
  vertex 0.0612304807 0.00299996091 -0.0618833788
  endloop
 endfacet

 facet normal 0.873607457 -0.333025157 -0.354829818
  outer loop
  vertex -0.0619788095 0 0.0610709712
  vertex -0.0621280596 0 0.0607305691
  vertex -0.0621280596 0.00299996091 0.0607305691
  endloop
 endfacet

 facet normal -0.920119405 0.332978368 0.206168965
  outer loop
  vertex -0.0577806793 0 0.0596293211
  vertex -0.0577806793 0.00299996091 0.0596293211
  vertex -0.0578718707 0.00299996091 0.0592693016
  endloop
 endfacet

 facet normal -0.59937799 0.332993925 0.727915585
  outer loop
  vertex 0.0615242086 0 0.0583447814
  vertex 0.0615242086 0.00299996091 0.0583447814
  vertex 0.0612304807 0.00299996091 0.0581165515
  endloop
 endfacet

 facet normal 0.873607278 -0.333025664 0.354829758
  outer loop
  vertex -0.0621280596 0.00299996091 -0.0607305691
  vertex -0.0621280596 0 -0.0607305691
  vertex -0.0619788095 0 -0.0610709712
  endloop
 endfacet

 facet normal 0.129872248 0.333036155 0.933927178
  outer loop
  vertex 0.059814211 0 0.0577573106
  vertex 0.059814211 0.00299996091 0.0577573106
  vertex 0.0594476387 0.00299996091 0.0578187108
  endloop
 endfacet

 facet normal -0.0926612541 0.333664238 0.938126922
  outer loop
  vertex -0.0256417301 0.00299996091 0.0243379399
  vertex -0.0259278994 0.00299996091 0.0243020002
  vertex -0.0259278994 0 0.0243020002
  endloop
 endfacet

 facet normal -0.852673829 0.333007693 -0.402558446
  outer loop
  vertex -0.0580210611 0 0.0610709712
  vertex -0.0580210611 0.00299996091 0.0610709712
  vertex -0.0578718707 0.00299996091 0.0607305691
  endloop
 endfacet

 facet normal -0.538995087 0.333562762 -0.773446918
  outer loop
  vertex 0.0411799513 0 -0.0380839705
  vertex 0.0411799513 0.00299996091 -0.0380839705
  vertex 0.0414869115 0.00299996091 -0.0383110009
  endloop
 endfacet

 facet normal -0.873785734 0.333158135 0.3542656
  outer loop
  vertex 0.062128 0 0.0592693016
  vertex 0.062128 0.00299996091 0.0592693016
  vertex 0.0619791113 0.00299996091 0.0589289591
  endloop
 endfacet

 facet normal 0.941493809 0.333009839 -0.0519012734
  outer loop
  vertex -0.0622499511 0 0.0599999987
  vertex -0.0622499511 0.00299996091 0.0599999987
  vertex -0.0622192584 0.00299996091 0.0603706203
  endloop
 endfacet

 facet normal -0.471505165 0.332916588 -0.816608489
  outer loop
  vertex 0.0609040186 0.00299996091 0.0620601699
  vertex 0.0612304807 0.00299996091 0.0618833788
  vertex 0.0612304807 0 0.0618833788
  endloop
 endfacet

 facet normal 0.181296855 -0.33304438 -0.925317705
  outer loop
  vertex 0.059814211 0 0.0622425601
  vertex 0.0594476387 0 0.0621812306
  vertex 0.0594476387 0.00299996091 0.0621812306
  endloop
 endfacet

 facet normal 0.897499979 0.333463401 0.288610488
  outer loop
  vertex -0.0275490191 0.00299996091 -0.0266999602
  vertex -0.0276451092 0.00299996091 -0.0264279805
  vertex -0.0276451092 0 -0.0264279805
  endloop
 endfacet

 facet normal 0.716455758 0.33350727 0.612751126
  outer loop
  vertex -0.0272272807 0 -0.0271759592
  vertex -0.0272272807 0.00299996091 -0.0271759592
  vertex -0.0274084806 0.00299996091 -0.0269518998
  endloop
 endfacet

 facet normal -0.425916761 -0.332901925 0.841291368
  outer loop
  vertex 0.0609040186 0.00299996091 0.0579397604
  vertex 0.0609040186 0 0.0579397604
  vertex 0.0612304807 0 0.0581165515
  endloop
 endfacet

 facet normal 0.675849199 -0.332897723 -0.65757668
  outer loop
  vertex 0.0584756695 0.00299996091 -0.0583447814
  vertex 0.0584756695 0 -0.0583447814
  vertex 0.0582244918 0 -0.0586180612
  endloop
 endfacet

 facet normal 0.470804304 -0.3336716 0.81670469
  outer loop
  vertex -0.0270107891 0 0.0246329904
  vertex -0.0267652199 0 0.0244820099
  vertex -0.0267652199 0.00299996091 0.0244820099
  endloop
 endfacet

 facet normal 0.907549918 -0.332849056 -0.256055921
  outer loop
  vertex 0.0578718707 0.00299996091 0.0607305691
  vertex 0.0578718707 0 0.0607305691
  vertex 0.0577810407 0 0.0603706203
  endloop
 endfacet

 facet normal 0.642850876 0.333536714 -0.689562261
  outer loop
  vertex -0.0272272807 0 -0.0248239599
  vertex -0.0272272807 0.00299996091 -0.0248239599
  vertex -0.0270107891 0.00299996091 -0.0246329904
  endloop
 endfacet

 facet normal 0.603007495 0.333473802 0.724691212
  outer loop
  vertex 0.0249888804 0 0.0246329904
  vertex 0.0249888804 0.00299996091 0.0246329904
  vertex 0.0247729402 0.00299996091 0.0248239599
  endloop
 endfacet

 facet normal -0.281985193 0.332964629 -0.899788201
  outer loop
  vertex 0.0605521686 0 -0.0578187108
  vertex 0.0605521686 0.00299996091 -0.0578187108
  vertex 0.0609040186 0.00299996091 -0.0579397604
  endloop
 endfacet

 facet normal -0.803207457 0.33301124 -0.493924558
  outer loop
  vertex -0.0582244284 0.00299996091 -0.0586180612
  vertex -0.0580210611 0.00299996091 -0.0589289591
  vertex -0.0580210611 0 -0.0589289591
  endloop
 endfacet

 facet normal -0.869644284 0.33333537 0.364151567
  outer loop
  vertex 0.0276029706 0 -0.0265659001
  vertex 0.0276029706 0.00299996091 -0.0265659001
  vertex 0.0274839401 0.00299996091 -0.0268290006
  endloop
 endfacet

 facet normal 0.0128333569 -0.333684057 -0.942597628
  outer loop
  vertex -0.0399044715 0.00299996091 0.0422480106
  vertex -0.0399044715 0 0.0422480106
  vertex -0.0402856991 0 0.0422319099
  endloop
 endfacet

 facet normal 0.897456229 0.33353743 -0.288660616
  outer loop
  vertex -0.0421773084 0 0.0405669808
  vertex -0.0421773084 0.00299996091 0.0405669808
  vertex -0.0420502983 0.00299996091 0.0409269892
  endloop
 endfacet

 facet normal 0.643273175 0.333666056 -0.68910557
  outer loop
  vertex 0.0247729402 0 0.0271759592
  vertex 0.0247729402 0.00299996091 0.0271759592
  vertex 0.0249888804 0.00299996091 0.0273669902
  endloop
 endfacet

 facet normal 0.0668200999 -0.333350807 0.940432012
  outer loop
  vertex 0.0257839505 0.00299996091 0.0243139807
  vertex 0.0257839505 0 0.0243139807
  vertex 0.0260719601 0 0.0243020002
  endloop
 endfacet

 facet normal 0.425926149 -0.332958192 0.841264486
  outer loop
  vertex -0.0612305403 0 0.0581165515
  vertex -0.0609038398 0 0.0579397604
  vertex -0.0609038398 0.00299996091 0.0579397604
  endloop
 endfacet

 facet normal -0.129908621 0.333056152 0.933915019
  outer loop
  vertex -0.0594475791 0.00299996091 0.0578187108
  vertex -0.0598141514 0.00299996091 0.0577573106
  vertex -0.0598141514 0 0.0577573106
  endloop
 endfacet

 facet normal 0.172370479 0.333392084 0.926897049
  outer loop
  vertex -0.0262159109 0 -0.0276859403
  vertex -0.0262159109 0.00299996091 -0.0276859403
  vertex -0.0264977794 0.00299996091 -0.0276249591
  endloop
 endfacet

 facet normal 0.129820511 0.333037496 0.933933973
  outer loop
  vertex 0.059814211 0 -0.0622425601
  vertex 0.059814211 0.00299996091 -0.0622425601
  vertex 0.0594476387 0.00299996091 -0.0621812306
  endloop
 endfacet

 facet normal -0.852677166 0.333030909 -0.40253225
  outer loop
  vertex -0.0580210611 0 -0.0589289591
  vertex -0.0580210611 0.00299996091 -0.0589289591
  vertex -0.0578718707 0.00299996091 -0.0592693016
  endloop
 endfacet

 facet normal 0.937166512 -0.333068132 0.103848279
  outer loop
  vertex 0.0577499196 0 0.0599999391
  vertex 0.0577810407 0 0.0596293211
  vertex 0.0577810407 0.00299996091 0.0596293211
  endloop
 endfacet

 facet normal -0.847771645 0.333362877 -0.412495375
  outer loop
  vertex 0.0274839401 0 -0.02517098
  vertex 0.0274839401 0.00299996091 -0.02517098
  vertex 0.0276029706 0.00299996091 -0.0254338905
  endloop
 endfacet

 facet normal -0.847825229 0.333491534 -0.412281126
  outer loop
  vertex -0.0245158002 0 0.0268290006
  vertex -0.0245158002 0.00299996091 0.0268290006
  vertex -0.0243970696 0.00299996091 0.0265659001
  endloop
 endfacet

 facet normal -0.711006761 0.333016127 0.619329989
  outer loop
  vertex 0.0617753789 0 -0.0613818094
  vertex 0.0617753789 0.00299996091 -0.0613818094
  vertex 0.0615242086 0.00299996091 -0.06165516
  endloop
 endfacet

 facet normal -0.936691761 -0.333479047 0.106772088
  outer loop
  vertex 0.0422179103 0.00299996091 0.0396199785
  vertex 0.0422179103 0 0.0396199785
  vertex 0.0422499105 0 0.0399999619
  endloop
 endfacet

 facet normal 0.835584879 -0.333506554 -0.436544687
  outer loop
  vertex 0.0245919805 0 0.0269518998
  vertex 0.0244508907 0 0.0266999602
  vertex 0.0244508907 0.00299996091 0.0266999602
  endloop
 endfacet

 facet normal 0.326054692 0.333464354 0.884584606
  outer loop
  vertex -0.0264977794 0 0.02437496
  vertex -0.0264977794 0.00299996091 0.02437496
  vertex -0.0267652199 0.00299996091 0.0244820099
  endloop
 endfacet

 facet normal -0.281963617 0.332964033 0.899795353
  outer loop
  vertex 0.0609040186 0.00299996091 -0.0620601699
  vertex 0.0605521686 0.00299996091 -0.0621812306
  vertex 0.0605521686 0 -0.0621812306
  endloop
 endfacet

 facet normal 0.897417605 0.333451718 -0.288879901
  outer loop
  vertex 0.0378229618 0 0.0405669808
  vertex 0.0378229618 0.00299996091 0.0405669808
  vertex 0.0379499085 0.00299996091 0.0409269892
  endloop
 endfacet

 facet normal 0.326631427 0.333451271 0.884376705
  outer loop
  vertex -0.0406588912 0 0.0378489383
  vertex -0.0406588912 0.00299996091 0.0378489383
  vertex -0.0410129987 0.00299996091 0.0379909202
  endloop
 endfacet

 facet normal -0.301326573 0.333611518 -0.893255591
  outer loop
  vertex -0.0256417301 0.00299996091 0.0276619103
  vertex -0.0253660008 0.00299996091 0.0275769792
  vertex -0.0253660008 0 0.0275769792
  endloop
 endfacet

 facet normal 0.129856318 0.333055377 0.933922648
  outer loop
  vertex -0.0601857901 0 -0.0622425601
  vertex -0.0601857901 0.00299996091 -0.0622425601
  vertex -0.0605522916 0.00299996091 -0.0621812306
  endloop
 endfacet

 facet normal -0.937161446 -0.333080918 0.103852861
  outer loop
  vertex 0.0622188412 0.00299996091 0.0596293211
  vertex 0.0622188412 0 0.0596293211
  vertex 0.0622499511 0 0.0599999391
  endloop
 endfacet

 facet normal 0.603069842 0.333470374 0.724640667
  outer loop
  vertex 0.0249888804 0 -0.0273669902
  vertex 0.0249888804 0.00299996091 -0.0273669902
  vertex 0.0247729402 0.00299996091 -0.0271759592
  endloop
 endfacet

 facet normal 0.181353897 -0.333048254 -0.925305128
  outer loop
  vertex 0.059814211 0 -0.0577573106
  vertex 0.0594476387 0 -0.0578187108
  vertex 0.0594476387 0.00299996091 -0.0578187108
  endloop
 endfacet

 facet normal -0.803205311 0.332994014 -0.493939459
  outer loop
  vertex -0.0582244284 0.00299996091 0.0613818094
  vertex -0.0580210611 0.00299996091 0.0610709712
  vertex -0.0580210611 0 0.0610709712
  endloop
 endfacet

 facet normal -0.803205252 -0.332994461 0.49393934
  outer loop
  vertex -0.0582244284 0 -0.0613818094
  vertex -0.0580210611 0 -0.0610709712
  vertex -0.0580210611 0.00299996091 -0.0610709712
  endloop
 endfacet

 facet normal -0.471532404 0.332911402 -0.816594839
  outer loop
  vertex -0.0590960905 0.00299996091 -0.0579397604
  vertex -0.0587693416 0.00299996091 -0.0581164882
  vertex -0.0587693416 0 -0.0581164882
  endloop
 endfacet

 facet normal 0.89750737 0.333462447 0.288588524
  outer loop
  vertex -0.0275490191 0.00299996091 0.0252999607
  vertex -0.0276451092 0.00299996091 0.0255720001
  vertex -0.0276451092 0 0.0255720001
  endloop
 endfacet

 facet normal 0.5582335 0.333079219 0.759890556
  outer loop
  vertex 0.0587693416 0 -0.0618833788
  vertex 0.0587693416 0.00299996091 -0.0618833788
  vertex 0.0584756695 0.00299996091 -0.06165516
  endloop
 endfacet

 facet normal 0 -1 0
  outer loop
  vertex -0.0256417301 0 0.0276619103
  vertex -0.0253660008 0 0.0275769792
  vertex -0.037782371 0 0.0403800011
  endloop
 endfacet

 facet normal 0 -1 0
  outer loop
  vertex -0.0256417301 0 0.0276619103
  vertex -0.037782371 0 0.0403800011
  vertex -0.0377499387 0 0.0399999619
  endloop
 endfacet

 facet normal 0 -1 0
  outer loop
  vertex -0.0259278994 0 0.0276979804
  vertex -0.0256417301 0 0.0276619103
  vertex -0.0377499387 0 0.0399999619
  endloop
 endfacet

 facet normal 0 -1 0
  outer loop
  vertex -0.0259278994 0 0.0276979804
  vertex -0.0377499387 0 0.0399999619
  vertex -0.0262159109 0 0.0276859403
  endloop
 endfacet

 facet normal 0 -1 0
  outer loop
  vertex -0.0377499387 0 0.0399999619
  vertex -0.037782371 0 0.0396199785
  vertex -0.0262159109 0 0.0276859403
  endloop
 endfacet

 facet normal 0 -1 0
  outer loop
  vertex -0.0378785096 0 0.0392499492
  vertex -0.0380356908 0 0.0389029309
  vertex -0.0267652199 0 0.0275179707
  endloop
 endfacet

 facet normal 0 -1 0
  outer loop
  vertex -0.0262159109 0 0.0276859403
  vertex -0.037782371 0 0.0396199785
  vertex -0.0264977794 0 0.0276249591
  endloop
 endfacet

 facet normal 0 -1 0
  outer loop
  vertex -0.037782371 0 0.0396199785
  vertex -0.0378785096 0 0.0392499492
  vertex -0.0264977794 0 0.0276249591
  endloop
 endfacet

 facet normal -0.300987452 0.3333489 -0.893467963
  outer loop
  vertex -0.0395259187 0.00299996091 0.042198889
  vertex -0.039161019 0.00299996091 0.0420879684
  vertex -0.039161019 0 0.0420879684
  endloop
 endfacet

 facet normal -0.907541156 0.332853168 -0.256081611
  outer loop
  vertex 0.062128 0 -0.0592693016
  vertex 0.062128 0.00299996091 -0.0592693016
  vertex 0.0622188412 0.00299996091 -0.0596293211
  endloop
 endfacet

 facet normal 0.0261139236 -0.333053857 0.942546129
  outer loop
  vertex 0.059814211 0.00299996091 -0.0622425601
  vertex 0.059814211 0 -0.0622425601
  vertex 0.0601856709 0 -0.0622425601
  endloop
 endfacet

 facet normal 0.0666813031 -0.333646774 0.940336823
  outer loop
  vertex -0.0402856991 0.00299996091 -0.0422319099
  vertex -0.0402856991 0 -0.0422319099
  vertex -0.0399044715 0 -0.042247951
  endloop
 endfacet

 facet normal -0.582154632 0.33350718 0.741531432
  outer loop
  vertex -0.0385134816 0 -0.0416889116
  vertex -0.0385134816 0.00299996091 -0.0416889116
  vertex -0.0388201997 0.00299996091 -0.0419159494
  endloop
 endfacet

 facet normal -0.300861478 0.333350718 -0.893509746
  outer loop
  vertex 0.0404738709 0.00299996091 0.042198889
  vertex 0.0408388898 0.00299996091 0.0420879684
  vertex 0.0408388898 0 0.0420879684
  endloop
 endfacet

 facet normal -0.400624037 0.333466649 -0.853405178
  outer loop
  vertex 0.0408388898 0 -0.0379119515
  vertex 0.0408388898 0.00299996091 -0.0379119515
  vertex 0.0411799513 0.00299996091 -0.0380839705
  endloop
 endfacet

 facet normal -1 0 0
  outer loop
  vertex 0.0259999596 0 0.0107699595
  vertex 0.0259999596 0.00299996091 0.0107699595
  vertex 0.0259999596 0.00299996091 -0.0107699595
  endloop
 endfacet

 facet normal 0.599424958 -0.333013356 -0.727867961
  outer loop
  vertex -0.0612305403 0 -0.0581164882
  vertex -0.0615237914 0 -0.0583447814
  vertex -0.0615237914 0.00299996091 -0.0583447814
  endloop
 endfacet

 facet normal 0.172349274 0.333459139 0.926876903
  outer loop
  vertex 0.0257839505 0 0.0243139807
  vertex 0.0257839505 0.00299996091 0.0243139807
  vertex 0.0255018994 0.00299996091 0.02437496
  endloop
 endfacet

 facet normal -0.0261147786 -0.333053797 -0.94254607
  outer loop
  vertex 0.0601856709 0.00299996091 0.0622425601
  vertex 0.0601856709 0 0.0622425601
  vertex 0.059814211 0 0.0622425601
  endloop
 endfacet

 facet normal 0.599444866 -0.333006114 -0.727854967
  outer loop
  vertex -0.0612305403 0 0.0618834384
  vertex -0.0615237914 0 0.06165516
  vertex -0.0615237914 0.00299996091 0.06165516
  endloop
 endfacet

 facet normal 0.933334112 0.333480328 0.132959798
  outer loop
  vertex -0.0276451092 0.00299996091 -0.0264279805
  vertex -0.0276938006 0.00299996091 -0.0261438992
  vertex -0.0276938006 0 -0.0261438992
  endloop
 endfacet

 facet normal -0.282036066 0.332924336 -0.899787188
  outer loop
  vertex -0.0594475791 0 0.0621812306
  vertex -0.0594475791 0.00299996091 0.0621812306
  vertex -0.0590960905 0.00299996091 0.0620601699
  endloop
 endfacet

 facet normal 0.942312598 -0.333648622 -0.0269377492
  outer loop
  vertex 0.037757989 0.00299996091 -0.0398089215
  vertex 0.037757989 0 -0.0398089215
  vertex 0.037757989 0 -0.040190991
  endloop
 endfacet

 facet normal 0.897351801 0.333520591 -0.289004683
  outer loop
  vertex 0.0243549291 0 -0.0255720001
  vertex 0.0243549291 0.00299996091 -0.0255720001
  vertex 0.0244508907 0.00299996091 -0.0252999607
  endloop
 endfacet

 facet normal 0.71673274 0.333362252 0.612506151
  outer loop
  vertex 0.0247729402 0 0.0248239599
  vertex 0.0247729402 0.00299996091 0.0248239599
  vertex 0.0245919805 0.00299996091 0.0250478908
  endloop
 endfacet

 facet normal -0.873776436 0.333156765 0.35428983
  outer loop
  vertex 0.062128 0 -0.0607305691
  vertex 0.062128 0.00299996091 -0.0607305691
  vertex 0.0619791113 0.00299996091 -0.0610709116
  endloop
 endfacet

 facet normal 0.897451043 0.333542675 0.288671046
  outer loop
  vertex -0.0420502983 0.00299996091 -0.0409269892
  vertex -0.0421773084 0.00299996091 -0.0405669808
  vertex -0.0421773084 0 -0.0405669808
  endloop
 endfacet

 facet normal 0.0669199675 -0.333361536 0.940421045
  outer loop
  vertex -0.0262159109 0.00299996091 -0.0276859403
  vertex -0.0262159109 0 -0.0276859403
  vertex -0.0259278994 0 -0.0276979804
  endloop
 endfacet

 facet normal -0.918560147 0.333523005 -0.212155044
  outer loop
  vertex 0.0421209894 0.00299996091 0.0407499
  vertex 0.0422179103 0.00299996091 0.0403800011
  vertex 0.0422179103 0 0.0403800011
  endloop
 endfacet

 facet normal -0.301605821 0.333628207 -0.893155158
  outer loop
  vertex 0.0404738709 0.00299996091 -0.0377999507
  vertex 0.0408388898 0.00299996091 -0.0379119515
  vertex 0.0408388898 0 -0.0379119515
  endloop
 endfacet

 facet normal 0.835795224 -0.333556771 -0.436103463
  outer loop
  vertex 0.0381358787 0 -0.0387399085
  vertex 0.0379499085 0 -0.0390729904
  vertex 0.0379499085 0.00299996091 -0.0390729904
  endloop
 endfacet

 facet normal 0.716771543 0.333353639 0.612465441
  outer loop
  vertex 0.0247729402 0 -0.0271759592
  vertex 0.0247729402 0.00299996091 -0.0271759592
  vertex 0.0245919805 0.00299996091 -0.0269518998
  endloop
 endfacet

 facet normal -0.282036096 0.332924336 0.899787247
  outer loop
  vertex -0.0590960905 0.00299996091 -0.0620601699
  vertex -0.0594475791 0.00299996091 -0.0621812306
  vertex -0.0594475791 0 -0.0621812306
  endloop
 endfacet

 facet normal -0.936767995 0.333388865 -0.106384173
  outer loop
  vertex 0.0276759807 0 -0.0257128999
  vertex 0.0276759807 0.00299996091 -0.0257128999
  vertex 0.0276998803 0.00299996091 -0.0260000192
  endloop
 endfacet

 facet normal 0.933334947 0.333473951 -0.132969767
  outer loop
  vertex -0.0276938006 0 -0.0258558895
  vertex -0.0276938006 0.00299996091 -0.0258558895
  vertex -0.0276451092 0.00299996091 -0.0255720001
  endloop
 endfacet

 facet normal 0.897507608 0.333461851 -0.288588136
  outer loop
  vertex -0.0276451092 0 -0.0255720001
  vertex -0.0276451092 0.00299996091 -0.0255720001
  vertex -0.0275490191 0.00299996091 -0.0252999607
  endloop
 endfacet

 facet normal -0.249890566 0.333512127 0.909023881
  outer loop
  vertex 0.0408388898 0.00299996091 0.0379120111
  vertex 0.0404738709 0.00299996091 0.0378009006
  vertex 0.0404738709 0 0.0378009006
  endloop
 endfacet

 facet normal -0.47145623 0.332926393 -0.816632748
  outer loop
  vertex 0.0609040186 0.00299996091 -0.0579397604
  vertex 0.0612304807 0.00299996091 -0.0581164882
  vertex 0.0612304807 0 -0.0581164882
  endloop
 endfacet

 facet normal 0.281983167 -0.332934231 -0.899800122
  outer loop
  vertex 0.0594476387 0.00299996091 -0.0578187108
  vertex 0.0594476387 0 -0.0578187108
  vertex 0.0590958484 0 -0.0579397604
  endloop
 endfacet

 facet normal -0.7071082 0 0.707105398
  outer loop
  vertex 0.0259999596 0 -0.0107699595
  vertex 0.0259999596 0.00299996091 -0.0107699595
  vertex 0.0107699595 0.00299996091 -0.0260000192
  endloop
 endfacet

 facet normal 0 0 -1
  outer loop
  vertex 0.074000001 0.00299996091 -0.074000001
  vertex 0.074000001 0 -0.074000001
  vertex -0.074000001 0 -0.074000001
  endloop
 endfacet

 facet normal -0.765826702 0.333422482 -0.549853504
  outer loop
  vertex -0.0382493697 0 0.0414129384
  vertex -0.0382493697 0.00299996091 0.0414129384
  vertex -0.0380356908 0.00299996091 0.0410969183
  endloop
 endfacet

 facet normal 0.28205964 -0.332913518 -0.899783909
  outer loop
  vertex -0.0605522916 0.00299996091 -0.0578187108
  vertex -0.0605522916 0 -0.0578187108
  vertex -0.0609038398 0 -0.0579397604
  endloop
 endfacet

 facet normal -0.53880477 0.333498895 -0.773607075
  outer loop
  vertex -0.0251086894 0 -0.0245519206
  vertex -0.0251086894 0.00299996091 -0.0245519206
  vertex -0.0248768907 0.00299996091 -0.0247239396
  endloop
 endfacet

 facet normal 0.750036478 0.33330062 -0.571275711
  outer loop
  vertex 0.0245919805 0 -0.0250478908
  vertex 0.0245919805 0.00299996091 -0.0250478908
  vertex 0.0247729402 0.00299996091 -0.0248239599
  endloop
 endfacet

 facet normal 0.282074749 0.332925558 0.899774611
  outer loop
  vertex -0.0605522916 0 0.0578187108
  vertex -0.0605522916 0.00299996091 0.0578187108
  vertex -0.0609038398 0.00299996091 0.0579397604
  endloop
 endfacet

 facet normal 0.181429356 -0.333055615 -0.925287724
  outer loop
  vertex -0.0601857901 0 -0.0577573106
  vertex -0.0605522916 0 -0.0578187108
  vertex -0.0605522916 0.00299996091 -0.0578187108
  endloop
 endfacet

 facet normal -0.847823203 0.333488882 -0.412287444
  outer loop
  vertex -0.0245158002 0 -0.02517098
  vertex -0.0245158002 0.00299996091 -0.02517098
  vertex -0.0243970696 0.00299996091 -0.0254338905
  endloop
 endfacet

 facet normal 0.425841838 -0.332912147 -0.841325343
  outer loop
  vertex 0.0590958484 0.00299996091 -0.0579397604
  vertex 0.0590958484 0 -0.0579397604
  vertex 0.0587693416 0 -0.0581164882
  endloop
 endfacet

 facet normal -0.129820585 0.333037019 0.933934093
  outer loop
  vertex 0.0605521686 0.00299996091 -0.0621812306
  vertex 0.0601856709 0.00299996091 -0.0622425601
  vertex 0.0601856709 0 -0.0622425601
  endloop
 endfacet

 facet normal 0.835596025 -0.333511382 -0.436519623
  outer loop
  vertex 0.0245919805 0 -0.0250478908
  vertex 0.0244508907 0 -0.0252999607
  vertex 0.0244508907 0.00299996091 -0.0252999607
  endloop
 endfacet

 facet normal 0.942366958 -0.333509982 -0.0267497431
  outer loop
  vertex -0.0422418714 0.00299996091 0.040190991
  vertex -0.0422418714 0 0.040190991
  vertex -0.0422418714 0 0.0398089215
  endloop
 endfacet

 facet normal -0.581964433 0.333692491 0.741597354
  outer loop
  vertex -0.0248768907 0 0.0247239396
  vertex -0.0248768907 0.00299996091 0.0247239396
  vertex -0.0251086894 0.00299996091 0.0245519206
  endloop
 endfacet

 facet normal -0.129853532 0.333058566 -0.933921814
  outer loop
  vertex -0.0598141514 0 0.0622425601
  vertex -0.0598141514 0.00299996091 0.0622425601
  vertex -0.0594475791 0.00299996091 0.0621812306
  endloop
 endfacet

 facet normal 0.281958461 0.332958817 0.899798751
  outer loop
  vertex 0.0594476387 0 -0.0621812306
  vertex 0.0594476387 0.00299996091 -0.0621812306
  vertex 0.0590958484 0.00299996091 -0.0620601699
  endloop
 endfacet

 facet normal 1 0 0
  outer loop
  vertex 0.074000001 0.00299996091 0.074000001
  vertex 0.074000001 0 0.074000001
  vertex 0.074000001 0 -0.074000001
  endloop
 endfacet

 facet normal -0.400177777 0.333572596 -0.853573143
  outer loop
  vertex 0.0266339108 0 0.0275769792
  vertex 0.0266339108 0.00299996091 0.0275769792
  vertex 0.0268909298 0.00299996091 0.0274479296
  endloop
 endfacet

 facet normal 0.558191538 0.333076775 0.759922326
  outer loop
  vertex 0.0587693416 0 0.0581165515
  vertex 0.0587693416 0.00299996091 0.0581165515
  vertex 0.0584756695 0.00299996091 0.0583447814
  endloop
 endfacet

 facet normal 0.749921501 0.333502144 -0.57130909
  outer loop
  vertex -0.0418640301 0 0.0412600003
  vertex -0.0418640301 0.00299996091 0.0412600003
  vertex -0.0416243002 0.00299996091 0.0415569507
  endloop
 endfacet

 facet normal -0.936729252 0.333487093 -0.106417589
  outer loop
  vertex -0.037782371 0 -0.0396199785
  vertex -0.037782371 0.00299996091 -0.0396199785
  vertex -0.0377499387 0.00299996091 -0.0400000215
  endloop
 endfacet

 facet normal -0.129853532 0.333058566 0.933921814
  outer loop
  vertex -0.0594475791 0.00299996091 -0.0621812306
  vertex -0.0598141514 0.00299996091 -0.0622425601
  vertex -0.0598141514 0 -0.0622425601
  endloop
 endfacet

 facet normal -0.918698668 0.333567023 0.211484849
  outer loop
  vertex -0.037782371 0 0.0396199785
  vertex -0.037782371 0.00299996091 0.0396199785
  vertex -0.0378785096 0.00299996091 0.0392499492
  endloop
 endfacet

 facet normal -0.795645118 -0.333412588 0.505751848
  outer loop
  vertex -0.0382493697 0 -0.0414129384
  vertex -0.0380356908 0 -0.0410969183
  vertex -0.0380356908 0.00299996091 -0.0410969183
  endloop
 endfacet

 facet normal -0.918717325 0.333479017 -0.211542502
  outer loop
  vertex -0.0243970696 0.00299996091 -0.0254338905
  vertex -0.0243244097 0.00299996091 -0.0257128999
  vertex -0.0243244097 0 -0.0257128999
  endloop
 endfacet

 facet normal 0.897500515 0.333462089 -0.288610429
  outer loop
  vertex -0.0276451092 0 0.0264279805
  vertex -0.0276451092 0.00299996091 0.0264279805
  vertex -0.0275490191 0.00299996091 0.0266999602
  endloop
 endfacet

 facet normal -0.399879873 0.333565414 -0.853715539
  outer loop
  vertex 0.0408388898 0 0.0420879684
  vertex 0.0408388898 0.00299996091 0.0420879684
  vertex 0.0411799513 0.00299996091 0.0419159494
  endloop
 endfacet

 facet normal -0.936766028 -0.33338666 0.10640759
  outer loop
  vertex 0.0276759807 0.00299996091 -0.0262869
  vertex 0.0276759807 0 -0.0262869
  vertex 0.0276998803 0 -0.0260000192
  endloop
 endfacet

 facet normal -0.698791862 0.33343634 0.632858872
  outer loop
  vertex 0.0273228809 0 -0.0270678904
  vertex 0.0273228809 0.00299996091 -0.0270678904
  vertex 0.0271229707 0.00299996091 -0.0272759106
  endloop
 endfacet

 facet normal -0.936698079 -0.333520621 0.106586829
  outer loop
  vertex -0.0243244097 0.00299996091 0.0257128999
  vertex -0.0243244097 0 0.0257128999
  vertex -0.0242999103 0 0.0259999596
  endloop
 endfacet

 facet normal -1 0 0
  outer loop
  vertex -0.074000001 0 0.074000001
  vertex -0.074000001 0.00299996091 0.074000001
  vertex -0.074000001 0.00299996091 -0.074000001
  endloop
 endfacet

 facet normal -0.918717027 0.333477944 0.211545661
  outer loop
  vertex -0.0243244097 0 0.0257128999
  vertex -0.0243244097 0.00299996091 0.0257128999
  vertex -0.0243970696 0.00299996091 0.0254338905
  endloop
 endfacet

 facet normal 0.471024692 -0.333521456 -0.816639006
  outer loop
  vertex -0.0410129987 0.00299996091 -0.0379909202
  vertex -0.0410129987 0 -0.0379909202
  vertex -0.0413378403 0 -0.0381909609
  endloop
 endfacet

 facet normal -0.918645024 0.333561867 -0.211725652
  outer loop
  vertex 0.0276029706 0.00299996091 0.0265659001
  vertex 0.0276759807 0.00299996091 0.0262869
  vertex 0.0276759807 0 0.0262869
  endloop
 endfacet

 facet normal -0.918699861 0.333573431 -0.211469278
  outer loop
  vertex -0.0378785096 0.00299996091 -0.0392498896
  vertex -0.037782371 0.00299996091 -0.0396199785
  vertex -0.037782371 0 -0.0396199785
  endloop
 endfacet

 facet normal 0.0136866849 -0.33357501 -0.942624152
  outer loop
  vertex -0.0399044715 0.00299996091 -0.037751969
  vertex -0.0399044715 0 -0.037751969
  vertex -0.0402856991 0 -0.0377679393
  endloop
 endfacet

 facet normal -0.581696033 0.333599269 0.74184984
  outer loop
  vertex 0.0271229707 0 -0.0272759106
  vertex 0.0271229707 0.00299996091 -0.0272759106
  vertex 0.0268909298 0.00299996091 -0.0274479296
  endloop
 endfacet

 facet normal 0.942361593 -0.333523393 -0.026775172
  outer loop
  vertex -0.0276938006 0.00299996091 -0.0258558895
  vertex -0.0276938006 0 -0.0258558895
  vertex -0.0276938006 0 -0.0261438992
  endloop
 endfacet

 facet normal 0 0 1
  outer loop
  vertex 0.074000001 0.00299996091 0.074000001
  vertex -0.074000001 0.00299996091 0.074000001
  vertex -0.074000001 0 0.074000001
  endloop
 endfacet

 facet normal -0.869628906 0.333511949 0.364026457
  outer loop
  vertex -0.0378785096 0 -0.0407499
  vertex -0.0378785096 0.00299996091 -0.0407499
  vertex -0.0380356908 0.00299996091 -0.0410969183
  endloop
 endfacet

 facet normal 0.920206368 -0.332909733 0.205891311
  outer loop
  vertex 0.0577810407 0.00299996091 -0.0603706203
  vertex 0.0577810407 0 -0.0603706203
  vertex 0.0578718707 0 -0.0607305691
  endloop
 endfacet

 facet normal 0.933342576 0.333478898 -0.132904068
  outer loop
  vertex -0.0422418714 0 -0.0398089215
  vertex -0.0422418714 0.00299996091 -0.0398089215
  vertex -0.0421773084 0.00299996091 -0.0394329987
  endloop
 endfacet

 facet normal 0.942323923 -0.333619118 -0.0269105732
  outer loop
  vertex 0.0243058801 0.00299996091 -0.0258558895
  vertex 0.0243058801 0 -0.0258558895
  vertex 0.0243058801 0 -0.0261438992
  endloop
 endfacet

 facet normal 0 1 0
  outer loop
  vertex 0.0107699595 0.00299996091 -0.0260000192
  vertex 0.03837597 0.00299996091 -0.0415569507
  vertex -0.0107695404 0.00299996091 -0.0260000192
  endloop
 endfacet

 facet normal 0 1 0
  outer loop
  vertex 0.03837597 0.00299996091 -0.0415569507
  vertex 0.0386618897 0.00299996091 -0.0418089591
  vertex -0.0382493697 0.00299996091 -0.0414129384
  endloop
 endfacet

 facet normal 0 1 0
  outer loop
  vertex -0.0107695404 0.00299996091 -0.0260000192
  vertex 0.03837597 0.00299996091 -0.0415569507
  vertex -0.0382493697 0.00299996091 -0.0414129384
  endloop
 endfacet

 facet normal 0 1 0
  outer loop
  vertex 0.0386618897 0.00299996091 -0.0418089591
  vertex -0.0388201997 0.00299996091 -0.0419159494
  vertex -0.0385134816 0.00299996091 -0.0416889116
  endloop
 endfacet

 facet normal 0 1 0
  outer loop
  vertex 0.0386618897 0.00299996091 -0.0418089591
  vertex -0.0385134816 0.00299996091 -0.0416889116
  vertex -0.0382493697 0.00299996091 -0.0414129384
  endloop
 endfacet

 facet normal 0 1 0
  outer loop
  vertex -0.0262159109 0.00299996091 -0.0243139807
  vertex -0.0264977794 0.00299996091 -0.02437496
  vertex -0.0259999596 0.00299996091 -0.0107699595
  endloop
 endfacet

 facet normal 0 1 0
  outer loop
  vertex -0.0259278994 0.00299996091 -0.0243020002
  vertex -0.0262159109 0.00299996091 -0.0243139807
  vertex -0.0259999596 0.00299996091 -0.0107699595
  endloop
 endfacet

 facet normal 0 1 0
  outer loop
  vertex -0.0259278994 0.00299996091 -0.0243020002
  vertex -0.0259999596 0.00299996091 -0.0107699595
  vertex -0.0256417301 0.00299996091 -0.0243379399
  endloop
 endfacet

 facet normal 0 1 0
  outer loop
  vertex -0.0259999596 0.00299996091 -0.0107699595
  vertex -0.0107695404 0.00299996091 -0.0260000192
  vertex -0.0248768907 0.00299996091 -0.0247239396
  endloop
 endfacet

 facet normal 1.9608301e-06 1 0
  outer loop
  vertex -0.0256417301 0.00299996091 -0.0243379399
  vertex -0.0259999596 0.00299996091 -0.0107699595
  vertex -0.0253660008 0.00299996091 -0.0244229995
  endloop
 endfacet

 facet normal -2.11995007e-06 1 0
  outer loop
  vertex -0.0253660008 0.00299996091 -0.0244229995
  vertex -0.0259999596 0.00299996091 -0.0107699595
  vertex -0.0251086894 0.00299996091 -0.0245519206
  endloop
 endfacet

 facet normal -6.53756047e-07 1 0
  outer loop
  vertex -0.0107695404 0.00299996091 -0.0260000192
  vertex -0.0382493697 0.00299996091 -0.0414129384
  vertex -0.0380356908 0.00299996091 -0.0410969183
  endloop
 endfacet

 facet normal 2.24521997e-07 1 0
  outer loop
  vertex -0.0107695404 0.00299996091 -0.0260000192
  vertex -0.0380356908 0.00299996091 -0.0410969183
  vertex -0.0378785096 0.00299996091 -0.0407499
  endloop
 endfacet

 facet normal 0 1 0
  outer loop
  vertex -0.0251086894 0.00299996091 -0.0245519206
  vertex -0.0259999596 0.00299996091 -0.0107699595
  vertex -0.0248768907 0.00299996091 -0.0247239396
  endloop
 endfacet

 facet normal 0 1 0
  outer loop
  vertex -0.0107695404 0.00299996091 -0.0260000192
  vertex -0.0378785096 0.00299996091 -0.0407499
  vertex -0.0253660008 0.00299996091 -0.0275769792
  endloop
 endfacet

 facet normal 0 1 0
  outer loop
  vertex -0.0378785096 0.00299996091 -0.0407499
  vertex -0.037782371 0.00299996091 -0.0403800011
  vertex -0.0253660008 0.00299996091 -0.0275769792
  endloop
 endfacet

 facet normal 0 1 0
  outer loop
  vertex -0.037782371 0.00299996091 -0.0403800011
  vertex -0.0377499387 0.00299996091 -0.0400000215
  vertex -0.0256417301 0.00299996091 -0.0276619103
  endloop
 endfacet

 facet normal 0 1 0
  outer loop
  vertex -0.0246772096 0.00299996091 -0.0249319002
  vertex -0.0248768907 0.00299996091 -0.0247239396
  vertex -0.0107695404 0.00299996091 -0.0260000192
  endloop
 endfacet

 facet normal 6.89038075e-07 1 0
  outer loop
  vertex -0.037782371 0.00299996091 -0.0403800011
  vertex -0.0256417301 0.00299996091 -0.0276619103
  vertex -0.0253660008 0.00299996091 -0.0275769792
  endloop
 endfacet

 facet normal 0 1 0
  outer loop
  vertex -0.0377499387 0.00299996091 -0.0400000215
  vertex -0.037782371 0.00299996091 -0.0396199785
  vertex -0.0256417301 0.00299996091 -0.0276619103
  endloop
 endfacet

 facet normal 0 1 0
  outer loop
  vertex -0.037782371 0.00299996091 -0.0396199785
  vertex -0.0378785096 0.00299996091 -0.0392498896
  vertex -0.0259278994 0.00299996091 -0.0276979804
  endloop
 endfacet

 facet normal 0 1 0
  outer loop
  vertex -0.0256417301 0.00299996091 -0.0276619103
  vertex -0.037782371 0.00299996091 -0.0396199785
  vertex -0.0259278994 0.00299996091 -0.0276979804
  endloop
 endfacet

 facet normal 0 1 0
  outer loop
  vertex -0.0245158002 0.00299996091 -0.02517098
  vertex -0.0246772096 0.00299996091 -0.0249319002
  vertex -0.0107695404 0.00299996091 -0.0260000192
  endloop
 endfacet

 facet normal 0 1 0
  outer loop
  vertex -0.0243970696 0.00299996091 -0.0254338905
  vertex -0.0245158002 0.00299996091 -0.02517098
  vertex -0.0107695404 0.00299996091 -0.0260000192
  endloop
 endfacet

 facet normal 0 1 0
  outer loop
  vertex -0.0378785096 0.00299996091 -0.0392498896
  vertex -0.0380356908 0.00299996091 -0.0389029309
  vertex -0.0262159109 0.00299996091 -0.0276859403
  endloop
 endfacet

 facet normal -1.22304004e-06 1 0
  outer loop
  vertex -0.0380356908 0.00299996091 -0.0389029309
  vertex -0.0382493697 0.00299996091 -0.0385869704
  vertex -0.0270107891 0.00299996091 -0.0273669902
  endloop
 endfacet

 facet normal 0 1 0
  outer loop
  vertex -0.0380356908 0.00299996091 -0.0389029309
  vertex -0.0270107891 0.00299996091 -0.0273669902
  vertex -0.0267652199 0.00299996091 -0.0275179707
  endloop
 endfacet

 facet normal 0 1 0
  outer loop
  vertex -0.0243244097 0.00299996091 -0.0257128999
  vertex -0.0243970696 0.00299996091 -0.0254338905
  vertex -0.0107695404 0.00299996091 -0.0260000192
  endloop
 endfacet

 facet normal 0 1 0
  outer loop
  vertex -0.0242999103 0.00299996091 -0.0260000192
  vertex -0.0243244097 0.00299996091 -0.0257128999
  vertex -0.0107695404 0.00299996091 -0.0260000192
  endloop
 endfacet

 facet normal -2.67415032e-07 1 0
  outer loop
  vertex -0.0380356908 0.00299996091 -0.0389029309
  vertex -0.0267652199 0.00299996091 -0.0275179707
  vertex -0.0264977794 0.00299996091 -0.0276249591
  endloop
 endfacet

 facet normal 1.4638502e-07 1 0
  outer loop
  vertex -0.0380356908 0.00299996091 -0.0389029309
  vertex -0.0264977794 0.00299996091 -0.0276249591
  vertex -0.0262159109 0.00299996091 -0.0276859403
  endloop
 endfacet

 facet normal 0 1 0
  outer loop
  vertex -0.0243244097 0.00299996091 -0.0262869
  vertex -0.0242999103 0.00299996091 -0.0260000192
  vertex -0.0107695404 0.00299996091 -0.0260000192
  endloop
 endfacet

 facet normal 0 1 0
  outer loop
  vertex -0.0243970696 0.00299996091 -0.0265659001
  vertex -0.0243244097 0.00299996091 -0.0262869
  vertex -0.0107695404 0.00299996091 -0.0260000192
  endloop
 endfacet

 facet normal 0 1 0
  outer loop
  vertex -0.0262159109 0.00299996091 -0.0276859403
  vertex -0.0259278994 0.00299996091 -0.0276979804
  vertex -0.0378785096 0.00299996091 -0.0392498896
  endloop
 endfacet

 facet normal 0 1 0
  outer loop
  vertex -0.0245158002 0.00299996091 -0.0268290006
  vertex -0.0243970696 0.00299996091 -0.0265659001
  vertex -0.0107695404 0.00299996091 -0.0260000192
  endloop
 endfacet

 facet normal 0 1 0
  outer loop
  vertex -0.0246772096 0.00299996091 -0.0270678904
  vertex -0.0245158002 0.00299996091 -0.0268290006
  vertex -0.0107695404 0.00299996091 -0.0260000192
  endloop
 endfacet

 facet normal 1.69689017e-07 1 0
  outer loop
  vertex -0.0248768907 0.00299996091 -0.0272759106
  vertex -0.0246772096 0.00299996091 -0.0270678904
  vertex -0.0107695404 0.00299996091 -0.0260000192
  endloop
 endfacet

 facet normal 0 1 0
  outer loop
  vertex -0.0107695404 0.00299996091 -0.0260000192
  vertex -0.0253660008 0.00299996091 -0.0275769792
  vertex -0.0251086894 0.00299996091 -0.0274479296
  endloop
 endfacet

 facet normal 0.933334649 0.333474606 0.13297005
  outer loop
  vertex -0.0276451092 0.00299996091 0.0255720001
  vertex -0.0276938006 0.00299996091 0.0258558895
  vertex -0.0276938006 0 0.0258558895
  endloop
 endfacet

 facet normal -0.71098727 0.333025008 0.619347632
  outer loop
  vertex 0.0617753789 0 0.0586180612
  vertex 0.0617753789 0.00299996091 0.0586180612
  vertex 0.0615242086 0.00299996091 0.0583447814
  endloop
 endfacet

 facet normal -0.699396491 0.33360064 0.632103682
  outer loop
  vertex 0.0417509004 0 -0.0414129384
  vertex 0.0417509004 0.00299996091 -0.0414129384
  vertex 0.0414869115 0.00299996091 -0.0416889116
  endloop
 endfacet

 facet normal -1.23968016e-06 1 0
  outer loop
  vertex 0.0276029706 0.00299996091 -0.0254338905
  vertex 0.0408388898 0.00299996091 -0.0379119515
  vertex 0.0404738709 0.00299996091 -0.0377999507
  endloop
 endfacet

 facet normal 2.70651026e-06 1 0
  outer loop
  vertex 0.0276029706 0.00299996091 -0.0254338905
  vertex 0.0404738709 0.00299996091 -0.0377999507
  vertex 0.0276759807 0.00299996091 -0.0257128999
  endloop
 endfacet

 facet normal 0 1 0
  outer loop
  vertex 0.0404738709 0.00299996091 -0.0377999507
  vertex 0.0400949717 0.00299996091 -0.037751969
  vertex 0.0276759807 0.00299996091 -0.0257128999
  endloop
 endfacet

 facet normal 0 1 0
  outer loop
  vertex 0.0276759807 0.00299996091 -0.0257128999
  vertex 0.0400949717 0.00299996091 -0.037751969
  vertex 0.0276998803 0.00299996091 -0.0260000192
  endloop
 endfacet

 facet normal -1.55597991e-06 1 0
  outer loop
  vertex 0.0400949717 0.00299996091 -0.037751969
  vertex 0.0397139117 0.00299996091 -0.0377679393
  vertex 0.0276998803 0.00299996091 -0.0260000192
  endloop
 endfacet

 facet normal 0 1 0
  outer loop
  vertex 0.0276998803 0.00299996091 -0.0260000192
  vertex 0.0397139117 0.00299996091 -0.0377679393
  vertex 0.0276759807 0.00299996091 -0.0262869
  endloop
 endfacet

 facet normal 0 1 0
  outer loop
  vertex 0.0397139117 0.00299996091 -0.0377679393
  vertex 0.0393409692 0.00299996091 -0.0378489383
  vertex 0.0276759807 0.00299996091 -0.0262869
  endloop
 endfacet

 facet normal 0 1 0
  outer loop
  vertex 0.0389869809 0.00299996091 -0.0379909202
  vertex 0.0386618897 0.00299996091 -0.0381909609
  vertex 0.0274839401 0.00299996091 -0.0268290006
  endloop
 endfacet

 facet normal -1.31364004e-06 1 0
  outer loop
  vertex 0.0386618897 0.00299996091 -0.0381909609
  vertex 0.0273228809 0.00299996091 -0.0270678904
  vertex 0.0274839401 0.00299996091 -0.0268290006
  endloop
 endfacet

 facet normal 1.77516017e-06 1 0
  outer loop
  vertex 0.0276759807 0.00299996091 -0.0262869
  vertex 0.0393409692 0.00299996091 -0.0378489383
  vertex 0.0276029706 0.00299996091 -0.0265659001
  endloop
 endfacet

 facet normal -1.2853601e-06 1 0
  outer loop
  vertex 0.0393409692 0.00299996091 -0.0378489383
  vertex 0.0389869809 0.00299996091 -0.0379909202
  vertex 0.0276029706 0.00299996091 -0.0265659001
  endloop
 endfacet

 facet normal 0 -1 0
  outer loop
  vertex -0.0601857901 0 0.0622425601
  vertex -0.0598141514 0 0.0622425601
  vertex -0.074000001 0 0.074000001
  endloop
 endfacet

 facet normal 0 -1 0
  outer loop
  vertex -0.074000001 0 0.074000001
  vertex -0.074000001 0 -0.074000001
  vertex -0.0619788095 0 0.0589289591
  endloop
 endfacet

 facet normal 0 -1 0
  outer loop
  vertex -0.074000001 0 0.074000001
  vertex -0.0619788095 0 0.0589289591
  vertex -0.0621280596 0 0.0592693016
  endloop
 endfacet

 facet normal 0 -1 0
  outer loop
  vertex -0.0605522916 0 0.0621812306
  vertex -0.0601857901 0 0.0622425601
  vertex -0.074000001 0 0.074000001
  endloop
 endfacet

 facet normal 0 -1 0
  outer loop
  vertex -0.0609038398 0 0.0620601699
  vertex -0.0605522916 0 0.0621812306
  vertex -0.074000001 0 0.074000001
  endloop
 endfacet

 facet normal 0 -1 0
  outer loop
  vertex -0.074000001 0 0.074000001
  vertex -0.0621280596 0 0.0592693016
  vertex -0.0622192584 0 0.0596293211
  endloop
 endfacet

 facet normal 0 -1 0
  outer loop
  vertex -0.074000001 0 0.074000001
  vertex -0.0622192584 0 0.0596293211
  vertex -0.0622499511 0 0.0599999987
  endloop
 endfacet

 facet normal 0 -1 0
  outer loop
  vertex -0.0612305403 0 0.0618834384
  vertex -0.0609038398 0 0.0620601699
  vertex -0.074000001 0 0.074000001
  endloop
 endfacet

 facet normal 0 -1 0
  outer loop
  vertex -0.0615237914 0 0.06165516
  vertex -0.0612305403 0 0.0618834384
  vertex -0.074000001 0 0.074000001
  endloop
 endfacet

 facet normal 0 -1 0
  outer loop
  vertex -0.074000001 0 0.074000001
  vertex -0.0622499511 0 0.0599999987
  vertex -0.0622192584 0 0.0603706203
  endloop
 endfacet

 facet normal 0 -1 0
  outer loop
  vertex -0.074000001 0 0.074000001
  vertex -0.0622192584 0 0.0603706203
  vertex -0.0621280596 0 0.0607305691
  endloop
 endfacet

 facet normal 0 -1 0
  outer loop
  vertex -0.0617755018 0 0.0613818094
  vertex -0.0615237914 0 0.06165516
  vertex -0.074000001 0 0.074000001
  endloop
 endfacet

 facet normal 0 -1 0
  outer loop
  vertex -0.074000001 0 0.074000001
  vertex -0.0621280596 0 0.0607305691
  vertex -0.0619788095 0 0.0610709712
  endloop
 endfacet

 facet normal -0.918698967 0.333568096 -0.211481422
  outer loop
  vertex -0.0378785096 0.00299996091 0.0407499
  vertex -0.037782371 0.00299996091 0.0403800011
  vertex -0.037782371 0 0.0403800011
  endloop
 endfacet

 facet normal 0.873791337 -0.333167642 0.354242712
  outer loop
  vertex 0.0578718707 0.00299996091 -0.0607305691
  vertex 0.0578718707 0 -0.0607305691
  vertex 0.0580207109 0 -0.0610709116
  endloop
 endfacet

 facet normal -0.400043845 -0.33361423 0.853619576
  outer loop
  vertex -0.0253660008 0.00299996091 -0.0275769792
  vertex -0.0253660008 0 -0.0275769792
  vertex -0.0251086894 0 -0.0274479296
  endloop
 endfacet

 facet normal 0.282033712 -0.33292982 -0.899785936
  outer loop
  vertex -0.0605522916 0.00299996091 0.0621812306
  vertex -0.0605522916 0 0.0621812306
  vertex -0.0609038398 0 0.0620601699
  endloop
 endfacet

 facet normal 0.707098603 0 -0.707115054
  outer loop
  vertex -0.0259999596 0 0.0107699595
  vertex -0.0259999596 0.00299996091 0.0107699595
  vertex -0.0107695404 0.00299996091 0.0259999596
  endloop
 endfacet

 facet normal -0.0937395468 0.333297998 0.938149929
  outer loop
  vertex -0.0395259187 0.00299996091 -0.042198889
  vertex -0.0399044715 0.00299996091 -0.042247951
  vertex -0.0399044715 0 -0.042247951
  endloop
 endfacet

 facet normal -0.937193453 -0.333003223 0.103813551
  outer loop
  vertex -0.0577806793 0.00299996091 -0.0603706203
  vertex -0.0577806793 0 -0.0603706203
  vertex -0.0577499196 0 -0.0599999987
  endloop
 endfacet

 facet normal 0 0 -1
  outer loop
  vertex -0.0107695404 0 0.0259999596
  vertex -0.0107695404 0.00299996091 0.0259999596
  vertex 0.0107699595 0.00299996091 0.0259999596
  endloop
 endfacet

 facet normal -0.918722034 0.333471 -0.211534381
  outer loop
  vertex -0.0243970696 0.00299996091 0.0265659001
  vertex -0.0243244097 0.00299996091 0.0262869
  vertex -0.0243244097 0 0.0262869
  endloop
 endfacet

 facet normal -0.698771656 0.333438337 -0.632880032
  outer loop
  vertex 0.0271229707 0.00299996091 -0.0247239396
  vertex 0.0273228809 0.00299996091 -0.0249319002
  vertex 0.0273228809 0 -0.0249319002
  endloop
 endfacet

 facet normal -0.941516221 -0.332940787 -0.0519390553
  outer loop
  vertex 0.0622499511 0.00299996091 -0.0599999391
  vertex 0.0622499511 0 -0.0599999391
  vertex 0.0622188412 0 -0.0596293211
  endloop
 endfacet

 facet normal 0.835695684 -0.333488375 0.436346471
  outer loop
  vertex -0.0420502983 0.00299996091 -0.0409269892
  vertex -0.0420502983 0 -0.0409269892
  vertex -0.0418640301 0 -0.0412599407
  endloop
 endfacet

 facet normal -0.795795381 -0.333579212 0.505405426
  outer loop
  vertex -0.0246772096 0 0.0249319002
  vertex -0.0245158002 0 0.02517098
  vertex -0.0245158002 0.00299996091 0.02517098
  endloop
 endfacet

 facet normal 0.326684445 0.333431005 0.884364784
  outer loop
  vertex 0.0393409692 0 0.0378489383
  vertex 0.0393409692 0.00299996091 0.0378489383
  vertex 0.0389869809 0.00299996091 0.0379909202
  endloop
 endfacet

 facet normal 0.471126735 -0.333579689 -0.816556215
  outer loop
  vertex 0.0389869809 0.00299996091 0.042008929
  vertex 0.0389869809 0 0.042008929
  vertex 0.0386618897 0 0.0418089591
  endloop
 endfacet

 facet normal -0.941495836 -0.333002299 -0.0519127846
  outer loop
  vertex -0.0577499196 0.00299996091 0.0599999987
  vertex -0.0577499196 0 0.0599999987
  vertex -0.0577806793 0 0.0603706203
  endloop
 endfacet

 facet normal -0.699408293 0.333592951 -0.632094681
  outer loop
  vertex 0.0414869115 0.00299996091 -0.0383110009
  vertex 0.0417509004 0.00299996091 -0.0385869704
  vertex 0.0417509004 0 -0.0385869704
  endloop
 endfacet

 facet normal 0.425893128 -0.332910269 -0.841300011
  outer loop
  vertex 0.0590958484 0.00299996091 0.0620601699
  vertex 0.0590958484 0 0.0620601699
  vertex 0.0587693416 0 0.0618833788
  endloop
 endfacet

 facet normal 0.558358431 0.33298853 0.759838521
  outer loop
  vertex -0.0612305403 0 -0.0618834384
  vertex -0.0612305403 0.00299996091 -0.0618834384
  vertex -0.0615237914 0.00299996091 -0.06165516
  endloop
 endfacet

 facet normal -0.24983485 0.33352676 0.909033716
  outer loop
  vertex 0.0408388898 0.00299996091 -0.0420879684
  vertex 0.0404738709 0.00299996091 -0.042198889
  vertex 0.0404738709 0 -0.042198889
  endloop
 endfacet

 facet normal -0.25001049 0.333519518 0.908988178
  outer loop
  vertex -0.039161019 0.00299996091 0.0379120111
  vertex -0.0395259187 0.00299996091 0.0378009006
  vertex -0.0395259187 0 0.0378009006
  endloop
 endfacet

 facet normal 0.326632679 0.333443254 -0.884379268
  outer loop
  vertex -0.0410129987 0.00299996091 -0.0379909202
  vertex -0.0406588912 0.00299996091 -0.0378489383
  vertex -0.0406588912 0 -0.0378489383
  endloop
 endfacet

 facet normal 0.937166452 -0.333068103 0.10384953
  outer loop
  vertex 0.0577499196 0 -0.0599999391
  vertex 0.0577810407 0 -0.0603706203
  vertex 0.0577810407 0.00299996091 -0.0603706203
  endloop
 endfacet

 facet normal -0.918644011 0.33356145 0.211731017
  outer loop
  vertex 0.0276759807 0 -0.0262869
  vertex 0.0276759807 0.00299996091 -0.0262869
  vertex 0.0276029706 0.00299996091 -0.0265659001
  endloop
 endfacet

 facet normal -0.558206677 0.333070129 -0.759914219
  outer loop
  vertex 0.0612304807 0 -0.0581164882
  vertex 0.0612304807 0.00299996091 -0.0581164882
  vertex 0.0615242086 0.00299996091 -0.0583447814
  endloop
 endfacet

 facet normal -0.539176762 0.333527178 -0.773335636
  outer loop
  vertex -0.0388201997 0 -0.0380839705
  vertex -0.0388201997 0.00299996091 -0.0380839705
  vertex -0.0385134816 0.00299996091 -0.0383110009
  endloop
 endfacet

 facet normal 1 0 0
  outer loop
  vertex -0.0259999596 0 -0.0107699595
  vertex -0.0259999596 0.00299996091 -0.0107699595
  vertex -0.0259999596 0.00299996091 0.0107699595
  endloop
 endfacet

 facet normal 0.0667434037 -0.333639443 0.940334976
  outer loop
  vertex 0.0397139117 0.00299996091 -0.0422319099
  vertex 0.0397139117 0 -0.0422319099
  vertex 0.0400949717 0 -0.042247951
  endloop
 endfacet

 facet normal -0.87361294 0.333034605 0.354807526
  outer loop
  vertex -0.0578718707 0 -0.0607305691
  vertex -0.0578718707 0.00299996091 -0.0607305691
  vertex -0.0580210611 0.00299996091 -0.0610709712
  endloop
 endfacet

 facet normal 0.326206326 0.333395034 0.884554863
  outer loop
  vertex 0.0255018994 0 0.02437496
  vertex 0.0255018994 0.00299996091 0.02437496
  vertex 0.0252348706 0.00299996091 0.0244820099
  endloop
 endfacet

 facet normal 0.0668560043 -0.33335042 0.940429568
  outer loop
  vertex -0.0262159109 0.00299996091 0.0243139807
  vertex -0.0262159109 0 0.0243139807
  vertex -0.0259278994 0 0.0243020002
  endloop
 endfacet

 facet normal 0.326699257 0.333441377 -0.884355426
  outer loop
  vertex 0.0389869809 0.00299996091 0.042008929
  vertex 0.0393409692 0.00299996091 0.0421509705
  vertex 0.0393409692 0 0.0421509705
  endloop
 endfacet

 facet normal 0.181371808 -0.333054632 -0.925299287
  outer loop
  vertex -0.0601857901 0 0.0622425601
  vertex -0.0605522916 0 0.0621812306
  vertex -0.0605522916 0.00299996091 0.0621812306
  endloop
 endfacet

 facet normal 0 -1 0
  outer loop
  vertex -0.037782371 0 -0.0396199785
  vertex -0.0377499387 0 -0.0400000215
  vertex -0.0262159109 0 -0.0276859403
  endloop
 endfacet

 facet normal 0 -1 0
  outer loop
  vertex -0.037782371 0 -0.0396199785
  vertex -0.0262159109 0 -0.0276859403
  vertex -0.0264977794 0 -0.0276249591
  endloop
 endfacet

 facet normal 0 -1 0
  outer loop
  vertex -0.0378785096 0 -0.0392498896
  vertex -0.037782371 0 -0.0396199785
  vertex -0.0264977794 0 -0.0276249591
  endloop
 endfacet

 facet normal 0 -1 0
  outer loop
  vertex -0.0378785096 0 -0.0392498896
  vertex -0.0264977794 0 -0.0276249591
  vertex -0.0267652199 0 -0.0275179707
  endloop
 endfacet

 facet normal 0 -1 0
  outer loop
  vertex -0.0380356908 0 -0.0389029309
  vertex -0.0378785096 0 -0.0392498896
  vertex -0.0267652199 0 -0.0275179707
  endloop
 endfacet

 facet normal 0 -1 0
  outer loop
  vertex -0.0380356908 0 -0.0389029309
  vertex -0.0267652199 0 -0.0275179707
  vertex -0.0270107891 0 -0.0273669902
  endloop
 endfacet

 facet normal 0 -1 0
  outer loop
  vertex -0.0382493697 0 -0.0385869704
  vertex -0.0380356908 0 -0.0389029309
  vertex -0.0270107891 0 -0.0273669902
  endloop
 endfacet

 facet normal 0 -1 0
  outer loop
  vertex -0.0272272807 0 -0.0271759592
  vertex -0.0274084806 0 -0.0269518998
  vertex -0.0385134816 0 -0.0383110009
  endloop
 endfacet

 facet normal 0 -1 0
  outer loop
  vertex -0.0274084806 0 -0.0269518998
  vertex -0.0388201997 0 -0.0380839705
  vertex -0.0385134816 0 -0.0383110009
  endloop
 endfacet

 facet normal 0 -1 0
  outer loop
  vertex -0.0382493697 0 -0.0385869704
  vertex -0.0270107891 0 -0.0273669902
  vertex -0.0272272807 0 -0.0271759592
  endloop
 endfacet

 facet normal -0.538698494 0.333434433 -0.77370882
  outer loop
  vertex 0.0268909298 0 0.0274479296
  vertex 0.0268909298 0.00299996091 0.0274479296
  vertex 0.0271229707 0.00299996091 0.0272759106
  endloop
 endfacet

 facet normal 0.602818489 0.333422005 0.724872231
  outer loop
  vertex -0.0270107891 0 -0.0273669902
  vertex -0.0270107891 0.00299996091 -0.0273669902
  vertex -0.0272272807 0.00299996091 -0.0271759592
  endloop
 endfacet

 facet normal -0.918721676 0.333469838 0.211537659
  outer loop
  vertex -0.0243244097 0 -0.0262869
  vertex -0.0243244097 0.00299996091 -0.0262869
  vertex -0.0243970696 0.00299996091 -0.0265659001
  endloop
 endfacet

 facet normal -0.918639541 0.333568454 0.211738959
  outer loop
  vertex 0.0276759807 0 0.0257128999
  vertex 0.0276759807 0.00299996091 0.0257128999
  vertex 0.0276029706 0.00299996091 0.0254338905
  endloop
 endfacet

 facet normal -0.918640196 0.333569676 -0.211733997
  outer loop
  vertex 0.0276029706 0.00299996091 -0.0254338905
  vertex 0.0276759807 0.00299996091 -0.0257128999
  vertex 0.0276759807 0 -0.0257128999
  endloop
 endfacet

 facet normal -0.765770733 0.33354488 -0.549857318
  outer loop
  vertex -0.0246772096 0 0.0270678904
  vertex -0.0246772096 0.00299996091 0.0270678904
  vertex -0.0245158002 0.00299996091 0.0268290006
  endloop
 endfacet

 facet normal -0.795881033 -0.333635598 0.505233169
  outer loop
  vertex 0.0273228809 0 -0.0270678904
  vertex 0.0274839401 0 -0.0268290006
  vertex 0.0274839401 0.00299996091 -0.0268290006
  endloop
 endfacet

 facet normal 0.282032073 0.332929701 0.899786472
  outer loop
  vertex -0.0605522916 0 -0.0621812306
  vertex -0.0605522916 0.00299996091 -0.0621812306
  vertex -0.0609038398 0.00299996091 -0.0620601699
  endloop
 endfacet

 facet normal -0.582037508 0.3335208 0.741617262
  outer loop
  vertex 0.0414869115 0 -0.0416889116
  vertex 0.0414869115 0.00299996091 -0.0416889116
  vertex 0.0411799513 0.00299996091 -0.0419159494
  endloop
 endfacet

 facet normal 0.471127659 -0.333580434 0.81655544
  outer loop
  vertex 0.0386618897 0 -0.0418089591
  vertex 0.0389869809 0 -0.042008929
  vertex 0.0389869809 0.00299996091 -0.042008929
  endloop
 endfacet

 facet normal -0.918697834 0.3335675 0.211487263
  outer loop
  vertex -0.037782371 0 -0.0403800011
  vertex -0.037782371 0.00299996091 -0.0403800011
  vertex -0.0378785096 0.00299996091 -0.0407499
  endloop
 endfacet

 facet normal -0.936725974 -0.33348918 0.106440328
  outer loop
  vertex -0.037782371 0.00299996091 -0.0403800011
  vertex -0.037782371 0 -0.0403800011
  vertex -0.0377499387 0 -0.0400000215
  endloop
 endfacet

 facet normal 0.471073091 -0.333518595 0.816612184
  outer loop
  vertex -0.0413378403 0 -0.0418089591
  vertex -0.0410129987 0 -0.042008929
  vertex -0.0410129987 0.00299996091 -0.042008929
  endloop
 endfacet

 facet normal 0.716398001 0.333494335 0.612825811
  outer loop
  vertex 0.03837597 0 -0.0415569507
  vertex 0.03837597 0.00299996091 -0.0415569507
  vertex 0.0381358787 0.00299996091 -0.0412599407
  endloop
 endfacet

 facet normal -0.40004617 -0.333582252 0.853631079
  outer loop
  vertex -0.039161019 0.00299996091 -0.0420879684
  vertex -0.039161019 0 -0.0420879684
  vertex -0.0388201997 0 -0.0419159494
  endloop
 endfacet

 facet normal 0.471075714 -0.333581418 -0.816584945
  outer loop
  vertex 0.0389869809 0.00299996091 -0.0379909202
  vertex 0.0389869809 0 -0.0379909202
  vertex 0.0386618897 0 -0.0381909609
  endloop
 endfacet

 facet normal -0.0926647782 0.333662182 -0.938127279
  outer loop
  vertex -0.0259278994 0 0.0276979804
  vertex -0.0259278994 0.00299996091 0.0276979804
  vertex -0.0256417301 0.00299996091 0.0276619103
  endloop
 endfacet

 facet normal -0.400040269 0.333614081 -0.853621483
  outer loop
  vertex -0.0253660008 0 -0.0244229995
  vertex -0.0253660008 0.00299996091 -0.0244229995
  vertex -0.0251086894 0.00299996091 -0.0245519206
  endloop
 endfacet

 facet normal 0 -1 0
  outer loop
  vertex 0.0245919805 0 -0.0269518998
  vertex 0.0107699595 0 -0.0260000192
  vertex 0.0247729402 0 -0.0271759592
  endloop
 endfacet

 facet normal 0 -1 0
  outer loop
  vertex 0.0107699595 0 -0.0260000192
  vertex -0.0107695404 0 -0.0260000192
  vertex 0.03837597 0 -0.0415569507
  endloop
 endfacet

 facet normal 0 -1 0
  outer loop
  vertex 0.0247729402 0 -0.0271759592
  vertex 0.0107699595 0 -0.0260000192
  vertex 0.0249888804 0 -0.0273669902
  endloop
 endfacet

 facet normal 0 -1 0
  outer loop
  vertex -0.0259999596 0 -0.0107699595
  vertex -0.0259999596 0 0.0107699595
  vertex -0.0416243002 0 0.0384428985
  endloop
 endfacet

 facet normal 0 -1 0
  outer loop
  vertex -0.0259999596 0 0.0107699595
  vertex -0.0272272807 0 0.0248239599
  vertex -0.0274084806 0 0.0250478908
  endloop
 endfacet

 facet normal 0 -1 0
  outer loop
  vertex 0.0249888804 0 -0.0273669902
  vertex 0.0107699595 0 -0.0260000192
  vertex 0.0252348706 0 -0.0275179707
  endloop
 endfacet

 facet normal 0 -1 0
  outer loop
  vertex -0.0259999596 0 0.0107699595
  vertex -0.0274084806 0 0.0250478908
  vertex -0.0275490191 0 0.0252999607
  endloop
 endfacet

 facet normal 0 -1 0
  outer loop
  vertex 0.0252348706 0 -0.0275179707
  vertex 0.0107699595 0 -0.0260000192
  vertex 0.0379499085 0 -0.0409269892
  endloop
 endfacet

 facet normal 0 -1 0
  outer loop
  vertex -0.0259999596 0 0.0107699595
  vertex -0.0275490191 0 0.0252999607
  vertex -0.0406588912 0 0.0378489383
  endloop
 endfacet

 facet normal 0 -1 0
  outer loop
  vertex 0.0252348706 0 -0.0275179707
  vertex 0.0379499085 0 -0.0409269892
  vertex 0.0378229618 0 -0.0405669808
  endloop
 endfacet

 facet normal 0 -1 0
  outer loop
  vertex -0.0259999596 0 0.0107699595
  vertex -0.0406588912 0 0.0378489383
  vertex -0.0410129987 0 0.0379909202
  endloop
 endfacet

 facet normal 0 -1 0
  outer loop
  vertex -0.0275490191 0 0.0252999607
  vertex -0.0276451092 0 0.0255720001
  vertex -0.0406588912 0 0.0378489383
  endloop
 endfacet

 facet normal 0 -1 0
  outer loop
  vertex 0.0255018994 0 -0.0276249591
  vertex 0.0252348706 0 -0.0275179707
  vertex 0.0378229618 0 -0.0405669808
  endloop
 endfacet

 facet normal 0 -1 0
  outer loop
  vertex -0.0276451092 0 0.0255720001
  vertex -0.0276938006 0 0.0258558895
  vertex -0.0402856991 0 0.0377679393
  endloop
 endfacet

 facet normal 0 -1 0
  outer loop
  vertex 0.0257839505 0 -0.0276859403
  vertex 0.0255018994 0 -0.0276249591
  vertex 0.037757989 0 -0.040190991
  endloop
 endfacet

 facet normal 0 -1 0
  outer loop
  vertex 0.037757989 0 -0.040190991
  vertex 0.0255018994 0 -0.0276249591
  vertex 0.0378229618 0 -0.0405669808
  endloop
 endfacet

 facet normal 0 -1 0
  outer loop
  vertex 0.0378229618 0 -0.0394329987
  vertex 0.0263578799 0 -0.0276619103
  vertex 0.037757989 0 -0.0398089215
  endloop
 endfacet

 facet normal 0 -1 0
  outer loop
  vertex 0.0263578799 0 -0.0276619103
  vertex 0.0260719601 0 -0.0276979804
  vertex 0.037757989 0 -0.0398089215
  endloop
 endfacet

 facet normal 0 -1 0
  outer loop
  vertex 0.037757989 0 -0.0398089215
  vertex 0.0260719601 0 -0.0276979804
  vertex 0.037757989 0 -0.040190991
  endloop
 endfacet

 facet normal 0 -1 0
  outer loop
  vertex 0.0260719601 0 -0.0276979804
  vertex 0.0257839505 0 -0.0276859403
  vertex 0.037757989 0 -0.040190991
  endloop
 endfacet

 facet normal 0 -1 0
  outer loop
  vertex 0.0379499085 0 -0.0409269892
  vertex 0.0107699595 0 -0.0260000192
  vertex 0.0381358787 0 -0.0412599407
  endloop
 endfacet

 facet normal 0 -1 0
  outer loop
  vertex 0.0381358787 0 -0.0412599407
  vertex 0.0107699595 0 -0.0260000192
  vertex 0.03837597 0 -0.0415569507
  endloop
 endfacet

 facet normal 0 -1 0
  outer loop
  vertex -0.0385134816 0 -0.0416889116
  vertex 0.03837597 0 -0.0415569507
  vertex -0.0382493697 0 -0.0414129384
  endloop
 endfacet

 facet normal 0 -1 0
  outer loop
  vertex 0.03837597 0 -0.0415569507
  vertex -0.0107695404 0 -0.0260000192
  vertex -0.0382493697 0 -0.0414129384
  endloop
 endfacet

 facet normal 0 -1 0
  outer loop
  vertex -0.0380356908 0 -0.0410969183
  vertex -0.0382493697 0 -0.0414129384
  vertex -0.0107695404 0 -0.0260000192
  endloop
 endfacet

 facet normal 0 -1 0
  outer loop
  vertex -0.0378785096 0 -0.0407499
  vertex -0.0380356908 0 -0.0410969183
  vertex -0.0107695404 0 -0.0260000192
  endloop
 endfacet

 facet normal 0 -1 0
  outer loop
  vertex -0.037782371 0 -0.0403800011
  vertex -0.0378785096 0 -0.0407499
  vertex -0.0253660008 0 -0.0275769792
  endloop
 endfacet

 facet normal 0 -1 0
  outer loop
  vertex -0.0378785096 0 -0.0407499
  vertex -0.0107695404 0 -0.0260000192
  vertex -0.0253660008 0 -0.0275769792
  endloop
 endfacet

 facet normal 0 -1 0
  outer loop
  vertex -0.0262159109 0 -0.0276859403
  vertex -0.0377499387 0 -0.0400000215
  vertex -0.0259278994 0 -0.0276979804
  endloop
 endfacet

 facet normal 0 -1 0
  outer loop
  vertex -0.0377499387 0 -0.0400000215
  vertex -0.037782371 0 -0.0403800011
  vertex -0.0259278994 0 -0.0276979804
  endloop
 endfacet

 facet normal 0 -1 0
  outer loop
  vertex -0.0270107891 0 0.0273669902
  vertex -0.0267652199 0 0.0275179707
  vertex -0.0380356908 0 0.0389029309
  endloop
 endfacet

 facet normal 0 -1 0
  outer loop
  vertex -0.0270107891 0 0.0273669902
  vertex -0.0380356908 0 0.0389029309
  vertex -0.0382493697 0 0.0385869704
  endloop
 endfacet

 facet normal 0 -1 0
  outer loop
  vertex -0.0272272807 0 0.0271759592
  vertex -0.0270107891 0 0.0273669902
  vertex -0.0382493697 0 0.0385869704
  endloop
 endfacet

 facet normal 0 -1 0
  outer loop
  vertex -0.0272272807 0 0.0271759592
  vertex -0.0382493697 0 0.0385869704
  vertex -0.0385134816 0 0.0383110009
  endloop
 endfacet

 facet normal 0 -1 0
  outer loop
  vertex -0.0274084806 0 0.0269518998
  vertex -0.0272272807 0 0.0271759592
  vertex -0.0385134816 0 0.0383110009
  endloop
 endfacet

 facet normal 0 -1 0
  outer loop
  vertex -0.0274084806 0 0.0269518998
  vertex -0.0385134816 0 0.0383110009
  vertex -0.0388201997 0 0.0380839705
  endloop
 endfacet

 facet normal 0 -1 0
  outer loop
  vertex -0.0275490191 0 0.0266999602
  vertex -0.0274084806 0 0.0269518998
  vertex -0.0388201997 0 0.0380839705
  endloop
 endfacet

 facet normal 0 -1 0
  outer loop
  vertex -0.0275490191 0 0.0266999602
  vertex -0.0388201997 0 0.0380839705
  vertex -0.039161019 0 0.0379120111
  endloop
 endfacet

 facet normal 0 -1 0
  outer loop
  vertex -0.0276451092 0 0.0264279805
  vertex -0.0275490191 0 0.0266999602
  vertex -0.039161019 0 0.0379120111
  endloop
 endfacet

 facet normal 0 -1 0
  outer loop
  vertex -0.0276451092 0 0.0264279805
  vertex -0.039161019 0 0.0379120111
  vertex -0.0395259187 0 0.0378009006
  endloop
 endfacet

 facet normal 0 -1 0
  outer loop
  vertex -0.0276938006 0 0.0261438992
  vertex -0.0276451092 0 0.0264279805
  vertex -0.0395259187 0 0.0378009006
  endloop
 endfacet

 facet normal 0 -1 0
  outer loop
  vertex -0.0276938006 0 0.0261438992
  vertex -0.0395259187 0 0.0378009006
  vertex -0.0399044715 0 0.037751969
  endloop
 endfacet

 facet normal 0 -1 0
  outer loop
  vertex -0.0276938006 0 0.0258558895
  vertex -0.0276938006 0 0.0261438992
  vertex -0.0399044715 0 0.037751969
  endloop
 endfacet

 facet normal 0 -1 0
  outer loop
  vertex -0.0276938006 0 0.0258558895
  vertex -0.0399044715 0 0.037751969
  vertex -0.0402856991 0 0.0377679393
  endloop
 endfacet

 facet normal 0 -1 0
  outer loop
  vertex -0.0276451092 0 0.0255720001
  vertex -0.0402856991 0 0.0377679393
  vertex -0.0406588912 0 0.0378489383
  endloop
 endfacet

 facet normal 0 -1 0
  outer loop
  vertex -0.0259278994 0 -0.0276979804
  vertex -0.037782371 0 -0.0403800011
  vertex -0.0256417301 0 -0.0276619103
  endloop
 endfacet

 facet normal 0 -1 0
  outer loop
  vertex -0.0256417301 0 -0.0276619103
  vertex -0.037782371 0 -0.0403800011
  vertex -0.0253660008 0 -0.0275769792
  endloop
 endfacet

 facet normal 0 -1 0
  outer loop
  vertex -0.0259999596 0 0.0107699595
  vertex -0.0410129987 0 0.0379909202
  vertex -0.0413378403 0 0.0381909609
  endloop
 endfacet

 facet normal 0 -1 0
  outer loop
  vertex -0.0251086894 0 -0.0274479296
  vertex -0.0253660008 0 -0.0275769792
  vertex -0.0107695404 0 -0.0260000192
  endloop
 endfacet

 facet normal 0 -1 0
  outer loop
  vertex -0.0259999596 0 0.0107699595
  vertex -0.0413378403 0 0.0381909609
  vertex -0.0416243002 0 0.0384428985
  endloop
 endfacet

 facet normal 0 -1 0
  outer loop
  vertex -0.0248768907 0 -0.0272759106
  vertex -0.0251086894 0 -0.0274479296
  vertex -0.0107695404 0 -0.0260000192
  endloop
 endfacet

 facet normal 0 -1 0
  outer loop
  vertex -0.0246772096 0 -0.0270678904
  vertex -0.0248768907 0 -0.0272759106
  vertex -0.0107695404 0 -0.0260000192
  endloop
 endfacet

 facet normal 0 -1 0
  outer loop
  vertex -0.0245158002 0 -0.0268290006
  vertex -0.0246772096 0 -0.0270678904
  vertex -0.0107695404 0 -0.0260000192
  endloop
 endfacet

 facet normal 0 -1 0
  outer loop
  vertex -0.0243970696 0 -0.0265659001
  vertex -0.0245158002 0 -0.0268290006
  vertex -0.0107695404 0 -0.0260000192
  endloop
 endfacet

 facet normal 0 -1 0
  outer loop
  vertex -0.0259999596 0 -0.0107699595
  vertex -0.0416243002 0 0.0384428985
  vertex -0.0399044715 0 -0.037751969
  endloop
 endfacet

 facet normal 0 -1 0
  outer loop
  vertex -0.0416243002 0 0.0384428985
  vertex -0.0418640301 0 0.0387399085
  vertex -0.0399044715 0 -0.037751969
  endloop
 endfacet

 facet normal 0 -1 0
  outer loop
  vertex -0.0243244097 0 -0.0262869
  vertex -0.0243970696 0 -0.0265659001
  vertex -0.0107695404 0 -0.0260000192
  endloop
 endfacet

 facet normal 0 -1 0
  outer loop
  vertex -0.0242999103 0 -0.0260000192
  vertex -0.0243244097 0 -0.0262869
  vertex -0.0107695404 0 -0.0260000192
  endloop
 endfacet

 facet normal 0 -1 0
  outer loop
  vertex -0.0418640301 0 0.0387399085
  vertex -0.0420502983 0 0.0390729904
  vertex -0.0399044715 0 -0.037751969
  endloop
 endfacet

 facet normal 0 -1 0
  outer loop
  vertex -0.0243244097 0 -0.0257128999
  vertex -0.0242999103 0 -0.0260000192
  vertex -0.0107695404 0 -0.0260000192
  endloop
 endfacet

 facet normal 0 -1 0
  outer loop
  vertex -0.0243970696 0 -0.0254338905
  vertex -0.0243244097 0 -0.0257128999
  vertex -0.0107695404 0 -0.0260000192
  endloop
 endfacet

 facet normal 0 -1 0
  outer loop
  vertex -0.0420502983 0 0.0390729904
  vertex -0.0421773084 0 0.0394329987
  vertex -0.0399044715 0 -0.037751969
  endloop
 endfacet

 facet normal 0 -1 0
  outer loop
  vertex -0.0243970696 0 -0.0254338905
  vertex -0.0107695404 0 -0.0260000192
  vertex -0.0245158002 0 -0.02517098
  endloop
 endfacet

 facet normal 0 -1 0
  outer loop
  vertex -0.0107695404 0 -0.0260000192
  vertex -0.0259999596 0 -0.0107699595
  vertex -0.0248768907 0 -0.0247239396
  endloop
 endfacet

 facet normal 0 -1 0
  outer loop
  vertex -0.0245158002 0 -0.02517098
  vertex -0.0107695404 0 -0.0260000192
  vertex -0.0246772096 0 -0.0249319002
  endloop
 endfacet

 facet normal 0 -1 0
  outer loop
  vertex -0.0246772096 0 -0.0249319002
  vertex -0.0107695404 0 -0.0260000192
  vertex -0.0248768907 0 -0.0247239396
  endloop
 endfacet

 facet normal 0 -1 0
  outer loop
  vertex -0.0248768907 0 -0.0247239396
  vertex -0.0259999596 0 -0.0107699595
  vertex -0.0251086894 0 -0.0245519206
  endloop
 endfacet

 facet normal 0 -1 0
  outer loop
  vertex -0.0251086894 0 -0.0245519206
  vertex -0.0259999596 0 -0.0107699595
  vertex -0.0253660008 0 -0.0244229995
  endloop
 endfacet

 facet normal 0 -1 0
  outer loop
  vertex -0.0253660008 0 -0.0244229995
  vertex -0.0259999596 0 -0.0107699595
  vertex -0.0256417301 0 -0.0243379399
  endloop
 endfacet

 facet normal 0 -1 0
  outer loop
  vertex -0.0256417301 0 -0.0243379399
  vertex -0.0259999596 0 -0.0107699595
  vertex -0.0259278994 0 -0.0243020002
  endloop
 endfacet

 facet normal 0 -1 0
  outer loop
  vertex -0.0259278994 0 -0.0243020002
  vertex -0.0259999596 0 -0.0107699595
  vertex -0.0262159109 0 -0.0243139807
  endloop
 endfacet

 facet normal 0 -1 0
  outer loop
  vertex -0.0262159109 0 -0.0243139807
  vertex -0.0259999596 0 -0.0107699595
  vertex -0.0264977794 0 -0.02437496
  endloop
 endfacet

 facet normal 0 -1 0
  outer loop
  vertex -0.0264977794 0 -0.02437496
  vertex -0.0259999596 0 -0.0107699595
  vertex -0.0267652199 0 -0.0244819503
  endloop
 endfacet

 facet normal 0 -1 0
  outer loop
  vertex -0.0267652199 0 -0.0244819503
  vertex -0.0259999596 0 -0.0107699595
  vertex -0.0270107891 0 -0.0246329904
  endloop
 endfacet

 facet normal 0 -1 0
  outer loop
  vertex -0.0270107891 0 -0.0246329904
  vertex -0.0259999596 0 -0.0107699595
  vertex -0.0272272807 0 -0.0248239599
  endloop
 endfacet

 facet normal 0 -1 0
  outer loop
  vertex -0.0272272807 0 -0.0248239599
  vertex -0.0259999596 0 -0.0107699595
  vertex -0.0274084806 0 -0.0250478908
  endloop
 endfacet

 facet normal 0 -1 0
  outer loop
  vertex -0.0274084806 0 -0.0250478908
  vertex -0.0259999596 0 -0.0107699595
  vertex -0.0275490191 0 -0.0252999607
  endloop
 endfacet

 facet normal 0 -1 0
  outer loop
  vertex -0.0275490191 0 -0.0252999607
  vertex -0.0259999596 0 -0.0107699595
  vertex -0.0399044715 0 -0.037751969
  endloop
 endfacet

 facet normal 0 -1 0
  outer loop
  vertex -0.0276451092 0 -0.0255720001
  vertex -0.0275490191 0 -0.0252999607
  vertex -0.0399044715 0 -0.037751969
  endloop
 endfacet

 facet normal 0 -1 0
  outer loop
  vertex -0.0276938006 0 -0.0258558895
  vertex -0.0276451092 0 -0.0255720001
  vertex -0.0399044715 0 -0.037751969
  endloop
 endfacet

 facet normal 0 -1 0
  outer loop
  vertex -0.0276938006 0 -0.0261438992
  vertex -0.0276938006 0 -0.0258558895
  vertex -0.0399044715 0 -0.037751969
  endloop
 endfacet

 facet normal 0 -1 0
  outer loop
  vertex -0.0276451092 0 -0.0264279805
  vertex -0.0276938006 0 -0.0261438992
  vertex -0.0399044715 0 -0.037751969
  endloop
 endfacet

 facet normal 0 -1 0
  outer loop
  vertex -0.0388201997 0 -0.0380839705
  vertex -0.0274084806 0 -0.0269518998
  vertex -0.0275490191 0 -0.0266999602
  endloop
 endfacet

 facet normal 0 -1 0
  outer loop
  vertex -0.039161019 0 -0.0379119515
  vertex -0.0388201997 0 -0.0380839705
  vertex -0.0275490191 0 -0.0266999602
  endloop
 endfacet

 facet normal 0 -1 0
  outer loop
  vertex -0.039161019 0 -0.0379119515
  vertex -0.0275490191 0 -0.0266999602
  vertex -0.0276451092 0 -0.0264279805
  endloop
 endfacet

 facet normal 0 -1 0
  outer loop
  vertex -0.0395259187 0 -0.0377999507
  vertex -0.039161019 0 -0.0379119515
  vertex -0.0276451092 0 -0.0264279805
  endloop
 endfacet

 facet normal 0 -1 0
  outer loop
  vertex -0.0395259187 0 -0.0377999507
  vertex -0.0276451092 0 -0.0264279805
  vertex -0.0399044715 0 -0.037751969
  endloop
 endfacet

 facet normal 0 -1 0
  outer loop
  vertex -0.0399044715 0 -0.037751969
  vertex -0.0421773084 0 0.0394329987
  vertex -0.0402856991 0 -0.0377679393
  endloop
 endfacet

 facet normal 0 -1 0
  outer loop
  vertex -0.0421773084 0 0.0394329987
  vertex -0.0422418714 0 0.0398089215
  vertex -0.0402856991 0 -0.0377679393
  endloop
 endfacet

 facet normal 0 -1 0
  outer loop
  vertex -0.0406588912 0 -0.0378489383
  vertex -0.0402856991 0 -0.0377679393
  vertex -0.0422418714 0 0.0398089215
  endloop
 endfacet

 facet normal 0 -1 0
  outer loop
  vertex -0.0410129987 0 -0.0379909202
  vertex -0.0406588912 0 -0.0378489383
  vertex -0.0422418714 0 0.0398089215
  endloop
 endfacet

 facet normal 0 -1 0
  outer loop
  vertex -0.0413378403 0 -0.0381909609
  vertex -0.0410129987 0 -0.0379909202
  vertex -0.0422418714 0 0.0398089215
  endloop
 endfacet

 facet normal 0 -1 0
  outer loop
  vertex -0.0416243002 0 -0.0384428985
  vertex -0.0413378403 0 -0.0381909609
  vertex -0.0422418714 0 0.0398089215
  endloop
 endfacet

 facet normal 0 -1 0
  outer loop
  vertex -0.0418640301 0 -0.0387399085
  vertex -0.0416243002 0 -0.0384428985
  vertex -0.0422418714 0 0.0398089215
  endloop
 endfacet

 facet normal 0 -1 0
  outer loop
  vertex -0.0420502983 0 -0.0390729904
  vertex -0.0418640301 0 -0.0387399085
  vertex -0.0598141514 0 -0.0577573106
  endloop
 endfacet

 facet normal 0 -1 0
  outer loop
  vertex -0.0418640301 0 -0.0387399085
  vertex -0.0422418714 0 0.0398089215
  vertex -0.0598141514 0 -0.0577573106
  endloop
 endfacet

 facet normal 0 -1 0
  outer loop
  vertex -0.0421773084 0 -0.0394329987
  vertex -0.0420502983 0 -0.0390729904
  vertex -0.0598141514 0 -0.0577573106
  endloop
 endfacet

 facet normal 0 -1 0
  outer loop
  vertex -0.0422418714 0 -0.0398089215
  vertex -0.0421773084 0 -0.0394329987
  vertex -0.0598141514 0 -0.0577573106
  endloop
 endfacet

 facet normal 0 -1 0
  outer loop
  vertex -0.0422418714 0 0.0398089215
  vertex -0.0422418714 0 0.040190991
  vertex -0.0598141514 0 -0.0577573106
  endloop
 endfacet

 facet normal 0 -1 0
  outer loop
  vertex -0.0422418714 0 -0.040190991
  vertex -0.0422418714 0 -0.0398089215
  vertex -0.0598141514 0 -0.0577573106
  endloop
 endfacet

 facet normal 0 -1 0
  outer loop
  vertex -0.0577806793 0 -0.0596293211
  vertex -0.0402856991 0 -0.0422319099
  vertex -0.0406588912 0 -0.0421509705
  endloop
 endfacet

 facet normal 0 -1 0
  outer loop
  vertex -0.0578718707 0 -0.0592693016
  vertex -0.0577806793 0 -0.0596293211
  vertex -0.0406588912 0 -0.0421509705
  endloop
 endfacet

 facet normal 0 -1 0
  outer loop
  vertex -0.0578718707 0 -0.0592693016
  vertex -0.0406588912 0 -0.0421509705
  vertex -0.0410129987 0 -0.042008929
  endloop
 endfacet

 facet normal 0 -1 0
  outer loop
  vertex -0.0580210611 0 -0.0589289591
  vertex -0.0578718707 0 -0.0592693016
  vertex -0.0410129987 0 -0.042008929
  endloop
 endfacet

 facet normal 0 -1 0
  outer loop
  vertex -0.0580210611 0 -0.0589289591
  vertex -0.0410129987 0 -0.042008929
  vertex -0.0413378403 0 -0.0418089591
  endloop
 endfacet

 facet normal 0 -1 0
  outer loop
  vertex -0.0582244284 0 -0.0586180612
  vertex -0.0580210611 0 -0.0589289591
  vertex -0.0413378403 0 -0.0418089591
  endloop
 endfacet

 facet normal 0 -1 0
  outer loop
  vertex -0.0582244284 0 -0.0586180612
  vertex -0.0413378403 0 -0.0418089591
  vertex -0.0416243002 0 -0.0415569507
  endloop
 endfacet

 facet normal 0 -1 0
  outer loop
  vertex -0.0584760904 0 -0.0583447814
  vertex -0.0582244284 0 -0.0586180612
  vertex -0.0416243002 0 -0.0415569507
  endloop
 endfacet

 facet normal 0 -1 0
  outer loop
  vertex -0.0584760904 0 -0.0583447814
  vertex -0.0416243002 0 -0.0415569507
  vertex -0.0418640301 0 -0.0412599407
  endloop
 endfacet

 facet normal 0 -1 0
  outer loop
  vertex -0.0587693416 0 -0.0581164882
  vertex -0.0584760904 0 -0.0583447814
  vertex -0.0418640301 0 -0.0412599407
  endloop
 endfacet

 facet normal 0 -1 0
  outer loop
  vertex -0.0587693416 0 -0.0581164882
  vertex -0.0418640301 0 -0.0412599407
  vertex -0.0420502983 0 -0.0409269892
  endloop
 endfacet

 facet normal 0 -1 0
  outer loop
  vertex -0.0590960905 0 -0.0579397604
  vertex -0.0587693416 0 -0.0581164882
  vertex -0.0420502983 0 -0.0409269892
  endloop
 endfacet

 facet normal 0 -1 0
  outer loop
  vertex -0.0590960905 0 -0.0579397604
  vertex -0.0420502983 0 -0.0409269892
  vertex -0.0421773084 0 -0.0405669808
  endloop
 endfacet

 facet normal 0 -1 0
  outer loop
  vertex -0.0594475791 0 -0.0578187108
  vertex -0.0590960905 0 -0.0579397604
  vertex -0.0421773084 0 -0.0405669808
  endloop
 endfacet

 facet normal 0 -1 0
  outer loop
  vertex -0.0594475791 0 -0.0578187108
  vertex -0.0421773084 0 -0.0405669808
  vertex -0.0422418714 0 -0.040190991
  endloop
 endfacet

 facet normal 0 -1 0
  outer loop
  vertex -0.0598141514 0 -0.0577573106
  vertex -0.0594475791 0 -0.0578187108
  vertex -0.0422418714 0 -0.040190991
  endloop
 endfacet

 facet normal 0 -1 0
  outer loop
  vertex -0.0601857901 0 -0.0577573106
  vertex -0.0598141514 0 -0.0577573106
  vertex -0.0422418714 0 0.040190991
  endloop
 endfacet

 facet normal 0 -1 0
  outer loop
  vertex -0.0601857901 0 -0.0577573106
  vertex -0.0422418714 0 0.040190991
  vertex -0.0605522916 0 -0.0578187108
  endloop
 endfacet

 facet normal 0 -1 0
  outer loop
  vertex -0.0422418714 0 0.040190991
  vertex -0.0421773084 0 0.0405669808
  vertex -0.0605522916 0 -0.0578187108
  endloop
 endfacet

 facet normal 0 -1 0
  outer loop
  vertex -0.0609038398 0 -0.0579397604
  vertex -0.0605522916 0 -0.0578187108
  vertex -0.0421773084 0 0.0405669808
  endloop
 endfacet

 facet normal 0 -1 0
  outer loop
  vertex -0.0612305403 0 -0.0581164882
  vertex -0.0609038398 0 -0.0579397604
  vertex -0.0421773084 0 0.0405669808
  endloop
 endfacet

 facet normal 0 -1 0
  outer loop
  vertex -0.0615237914 0 -0.0583447814
  vertex -0.0612305403 0 -0.0581164882
  vertex -0.0605522916 0 0.0578187108
  endloop
 endfacet

 facet normal 0 -1 0
  outer loop
  vertex -0.0612305403 0 -0.0581164882
  vertex -0.0421773084 0 0.0405669808
  vertex -0.0605522916 0 0.0578187108
  endloop
 endfacet

 facet normal 0 -1 0
  outer loop
  vertex -0.0617755018 0 -0.0586180612
  vertex -0.0615237914 0 -0.0583447814
  vertex -0.0605522916 0 0.0578187108
  endloop
 endfacet

 facet normal 0 -1 0
  outer loop
  vertex -0.0619788095 0 -0.0589289591
  vertex -0.0617755018 0 -0.0586180612
  vertex -0.0605522916 0 0.0578187108
  endloop
 endfacet

 facet normal 0 -1 0
  outer loop
  vertex -0.0621280596 0 -0.0592693016
  vertex -0.0619788095 0 -0.0589289591
  vertex -0.074000001 0 -0.074000001
  endloop
 endfacet

 facet normal 0 -1 0
  outer loop
  vertex -0.0582244284 0 0.0586180612
  vertex -0.0418640301 0 0.0412600003
  vertex -0.0416243002 0 0.0415569507
  endloop
 endfacet

 facet normal 0 -1 0
  outer loop
  vertex -0.0622192584 0 -0.0596293211
  vertex -0.0621280596 0 -0.0592693016
  vertex -0.074000001 0 -0.074000001
  endloop
 endfacet

 facet normal 0 -1 0
  outer loop
  vertex -0.0418640301 0 0.0412600003
  vertex -0.0582244284 0 0.0586180612
  vertex -0.0584760904 0 0.0583447814
  endloop
 endfacet

 facet normal 0 -1 0
  outer loop
  vertex -0.074000001 0 -0.074000001
  vertex -0.0619788095 0 -0.0589289591
  vertex -0.0617755018 0 0.0586180612
  endloop
 endfacet

 facet normal 0 -1 0
  outer loop
  vertex -0.0378785096 0 0.0407499
  vertex -0.037782371 0 0.0403800011
  vertex -0.0253660008 0 0.0275769792
  endloop
 endfacet

 facet normal 0 -1 0
  outer loop
  vertex -0.0378785096 0 0.0407499
  vertex -0.0253660008 0 0.0275769792
  vertex -0.0107695404 0 0.0259999596
  endloop
 endfacet

 facet normal 0 -1 0
  outer loop
  vertex -0.0253660008 0 0.0275769792
  vertex -0.0251086894 0 0.0274479296
  vertex -0.0107695404 0 0.0259999596
  endloop
 endfacet

 facet normal 0 -1 0
  outer loop
  vertex -0.0380356908 0 0.0410969183
  vertex -0.0378785096 0 0.0407499
  vertex -0.0107695404 0 0.0259999596
  endloop
 endfacet

 facet normal 0 -1 0
  outer loop
  vertex -0.0251086894 0 0.0274479296
  vertex -0.0248768907 0 0.0272759106
  vertex -0.0107695404 0 0.0259999596
  endloop
 endfacet

 facet normal 0 -1 0
  outer loop
  vertex -0.0382493697 0 0.0414129384
  vertex -0.0380356908 0 0.0410969183
  vertex -0.0107695404 0 0.0259999596
  endloop
 endfacet

 facet normal 0 -1 0
  outer loop
  vertex -0.0246772096 0 0.0270678904
  vertex -0.0245158002 0 0.0268290006
  vertex -0.0107695404 0 0.0259999596
  endloop
 endfacet

 facet normal 0 -1 0
  outer loop
  vertex -0.0248768907 0 0.0272759106
  vertex -0.0246772096 0 0.0270678904
  vertex -0.0107695404 0 0.0259999596
  endloop
 endfacet

 facet normal 0 -1 0
  outer loop
  vertex 0.0107699595 0 0.0259999596
  vertex 0.0259999596 0 0.0107699595
  vertex 0.0247729402 0 0.0248239599
  endloop
 endfacet

 facet normal 0 -1 0
  outer loop
  vertex 0.0259999596 0 0.0107699595
  vertex 0.0257839505 0 0.0243139807
  vertex 0.0255018994 0 0.02437496
  endloop
 endfacet

 facet normal 0 -1 0
  outer loop
  vertex -0.0382493697 0 0.0414129384
  vertex -0.0107695404 0 0.0259999596
  vertex 0.0107699595 0 0.0259999596
  endloop
 endfacet

 facet normal 0 -1 0
  outer loop
  vertex -0.0385134816 0 0.0416889116
  vertex -0.0382493697 0 0.0414129384
  vertex 0.0107699595 0 0.0259999596
  endloop
 endfacet

 facet normal 0 -1 0
  outer loop
  vertex 0.0259999596 0 0.0107699595
  vertex 0.0255018994 0 0.02437496
  vertex 0.0252348706 0 0.0244820099
  endloop
 endfacet

 facet normal 0 -1 0
  outer loop
  vertex 0.0259999596 0 0.0107699595
  vertex 0.0252348706 0 0.0244820099
  vertex 0.0249888804 0 0.0246329904
  endloop
 endfacet

 facet normal 0 -1 0
  outer loop
  vertex -0.0388201997 0 0.0419159494
  vertex -0.0385134816 0 0.0416889116
  vertex 0.0107699595 0 0.0259999596
  endloop
 endfacet

 facet normal 0 -1 0
  outer loop
  vertex -0.039161019 0 0.0420879684
  vertex -0.0388201997 0 0.0419159494
  vertex 0.0245919805 0 0.0250478908
  endloop
 endfacet

 facet normal 0 -1 0
  outer loop
  vertex -0.0388201997 0 0.0419159494
  vertex 0.0107699595 0 0.0259999596
  vertex 0.0245919805 0 0.0250478908
  endloop
 endfacet

 facet normal 0 -1 0
  outer loop
  vertex 0.0259999596 0 0.0107699595
  vertex 0.0249888804 0 0.0246329904
  vertex 0.0247729402 0 0.0248239599
  endloop
 endfacet

 facet normal 0 -1 0
  outer loop
  vertex 0.0107699595 0 0.0259999596
  vertex 0.0247729402 0 0.0248239599
  vertex 0.0245919805 0 0.0250478908
  endloop
 endfacet

 facet normal 0 -1 0
  outer loop
  vertex -0.0395259187 0 0.042198889
  vertex -0.039161019 0 0.0420879684
  vertex 0.0244508907 0 0.0252999607
  endloop
 endfacet

 facet normal 0 -1 0
  outer loop
  vertex -0.039161019 0 0.0420879684
  vertex 0.0245919805 0 0.0250478908
  vertex 0.0244508907 0 0.0252999607
  endloop
 endfacet

 facet normal 0 -1 0
  outer loop
  vertex -0.0395259187 0 0.042198889
  vertex 0.0244508907 0 0.0252999607
  vertex 0.0243549291 0 0.0255720001
  endloop
 endfacet

 facet normal 0 -1 0
  outer loop
  vertex -0.0395259187 0 0.042198889
  vertex 0.0243549291 0 0.0255720001
  vertex 0.0243058801 0 0.0258558895
  endloop
 endfacet

 facet normal 0 -1 0
  outer loop
  vertex -0.0395259187 0 0.042198889
  vertex 0.0243058801 0 0.0258558895
  vertex 0.0243058801 0 0.0261438992
  endloop
 endfacet

 facet normal 0 -1 0
  outer loop
  vertex -0.0395259187 0 0.042198889
  vertex 0.0243058801 0 0.0261438992
  vertex 0.0243549291 0 0.0264279805
  endloop
 endfacet

 facet normal 0 -1 0
  outer loop
  vertex -0.0395259187 0 0.042198889
  vertex 0.0243549291 0 0.0264279805
  vertex 0.0244508907 0 0.0266999602
  endloop
 endfacet

 facet normal 0 -1 0
  outer loop
  vertex -0.0395259187 0 0.042198889
  vertex 0.0244508907 0 0.0266999602
  vertex 0.0245919805 0 0.0269518998
  endloop
 endfacet

 facet normal 0 -1 0
  outer loop
  vertex -0.0395259187 0 0.042198889
  vertex 0.0245919805 0 0.0269518998
  vertex 0.0247729402 0 0.0271759592
  endloop
 endfacet

 facet normal 0 -1 0
  outer loop
  vertex -0.0395259187 0 0.042198889
  vertex 0.0247729402 0 0.0271759592
  vertex 0.0249888804 0 0.0273669902
  endloop
 endfacet

 facet normal 0 -1 0
  outer loop
  vertex -0.0395259187 0 0.042198889
  vertex 0.0249888804 0 0.0273669902
  vertex 0.037757989 0 0.040190991
  endloop
 endfacet

 facet normal 0 -1 0
  outer loop
  vertex 0.0249888804 0 0.0273669902
  vertex 0.0252348706 0 0.0275179707
  vertex 0.037757989 0 0.040190991
  endloop
 endfacet

 facet normal 0 -1 0
  outer loop
  vertex 0.0252348706 0 0.0275179707
  vertex 0.0255018994 0 0.0276249591
  vertex 0.037757989 0 0.040190991
  endloop
 endfacet

 facet normal 0 -1 0
  outer loop
  vertex 0.0255018994 0 0.0276249591
  vertex 0.0257839505 0 0.0276859403
  vertex 0.037757989 0 0.040190991
  endloop
 endfacet

 facet normal 0 -1 0
  outer loop
  vertex 0.0257839505 0 0.0276859403
  vertex 0.0260719601 0 0.0276979804
  vertex 0.037757989 0 0.040190991
  endloop
 endfacet

 facet normal 0 -1 0
  outer loop
  vertex 0.0260719601 0 0.0276979804
  vertex 0.0263578799 0 0.0276619103
  vertex 0.037757989 0 0.040190991
  endloop
 endfacet

 facet normal 0 -1 0
  outer loop
  vertex 0.0582244918 0 -0.0613818094
  vertex -0.0584760904 0 -0.06165516
  vertex 0.0584756695 0 -0.06165516
  endloop
 endfacet

 facet normal 0 -1 0
  outer loop
  vertex -0.0584760904 0 -0.06165516
  vertex -0.0587693416 0 -0.0618834384
  vertex 0.0584756695 0 -0.06165516
  endloop
 endfacet

 facet normal 0 -1 0
  outer loop
  vertex -0.074000001 0 -0.074000001
  vertex 0.0587693416 0 -0.0618833788
  vertex -0.0587693416 0 -0.0618834384
  endloop
 endfacet

 facet normal 0 -1 0
  outer loop
  vertex 0.0587693416 0 -0.0618833788
  vertex 0.0584756695 0 -0.06165516
  vertex -0.0587693416 0 -0.0618834384
  endloop
 endfacet

 facet normal 0 -1 0
  outer loop
  vertex -0.0587693416 0 -0.0618834384
  vertex -0.0590960905 0 -0.0620601699
  vertex -0.074000001 0 -0.074000001
  endloop
 endfacet

 facet normal 0 -1 0
  outer loop
  vertex -0.0617755018 0 0.0586180612
  vertex -0.0619788095 0 0.0589289591
  vertex -0.074000001 0 -0.074000001
  endloop
 endfacet

 facet normal 0 -1 0
  outer loop
  vertex -0.0615237914 0 0.0583447814
  vertex -0.0617755018 0 0.0586180612
  vertex -0.0619788095 0 -0.0589289591
  endloop
 endfacet

 facet normal 0 -1 0
  outer loop
  vertex -0.074000001 0 -0.074000001
  vertex -0.0590960905 0 -0.0620601699
  vertex -0.0594475791 0 -0.0621812306
  endloop
 endfacet

 facet normal 0 -1 0
  outer loop
  vertex -0.0612305403 0 0.0581165515
  vertex -0.0615237914 0 0.0583447814
  vertex -0.0619788095 0 -0.0589289591
  endloop
 endfacet

 facet normal 0 -1 0
  outer loop
  vertex -0.0609038398 0 0.0579397604
  vertex -0.0612305403 0 0.0581165515
  vertex -0.0619788095 0 -0.0589289591
  endloop
 endfacet

 facet normal 0 -1 0
  outer loop
  vertex -0.074000001 0 -0.074000001
  vertex -0.0594475791 0 -0.0621812306
  vertex -0.0598141514 0 -0.0622425601
  endloop
 endfacet

 facet normal 0 -1 0
  outer loop
  vertex -0.074000001 0 -0.074000001
  vertex -0.0598141514 0 -0.0622425601
  vertex -0.0601857901 0 -0.0622425601
  endloop
 endfacet

 facet normal 0 -1 0
  outer loop
  vertex -0.0605522916 0 0.0578187108
  vertex -0.0609038398 0 0.0579397604
  vertex -0.0619788095 0 -0.0589289591
  endloop
 endfacet

 facet normal 0 -1 0
  outer loop
  vertex -0.0601857901 0 0.0577573106
  vertex -0.0605522916 0 0.0578187108
  vertex -0.0421773084 0 0.0405669808
  endloop
 endfacet

 facet normal 0 -1 0
  outer loop
  vertex -0.074000001 0 -0.074000001
  vertex -0.0601857901 0 -0.0622425601
  vertex -0.0605522916 0 -0.0621812306
  endloop
 endfacet

 facet normal 0 -1 0
  outer loop
  vertex -0.074000001 0 -0.074000001
  vertex -0.0605522916 0 -0.0621812306
  vertex -0.0609038398 0 -0.0620601699
  endloop
 endfacet

 facet normal 0 -1 0
  outer loop
  vertex -0.0598141514 0 0.0577573106
  vertex -0.0601857901 0 0.0577573106
  vertex -0.0421773084 0 0.0405669808
  endloop
 endfacet

 facet normal 0 -1 0
  outer loop
  vertex -0.0594475791 0 0.0578187108
  vertex -0.0598141514 0 0.0577573106
  vertex -0.0421773084 0 0.0405669808
  endloop
 endfacet

 facet normal 0 -1 0
  outer loop
  vertex -0.074000001 0 -0.074000001
  vertex -0.0609038398 0 -0.0620601699
  vertex -0.0612305403 0 -0.0618834384
  endloop
 endfacet

 facet normal 0 -1 0
  outer loop
  vertex -0.074000001 0 -0.074000001
  vertex -0.0612305403 0 -0.0618834384
  vertex -0.0615237914 0 -0.06165516
  endloop
 endfacet

 facet normal 0 -1 0
  outer loop
  vertex -0.0590960905 0 0.0579397604
  vertex -0.0594475791 0 0.0578187108
  vertex -0.0421773084 0 0.0405669808
  endloop
 endfacet

 facet normal 0 -1 0
  outer loop
  vertex -0.0587693416 0 0.0581165515
  vertex -0.0590960905 0 0.0579397604
  vertex -0.0421773084 0 0.0405669808
  endloop
 endfacet

 facet normal 0 -1 0
  outer loop
  vertex -0.074000001 0 -0.074000001
  vertex -0.0615237914 0 -0.06165516
  vertex -0.0617755018 0 -0.0613818094
  endloop
 endfacet

 facet normal 0 -1 0
  outer loop
  vertex -0.074000001 0 -0.074000001
  vertex -0.0617755018 0 -0.0613818094
  vertex -0.0619788095 0 -0.0610709712
  endloop
 endfacet

 facet normal 0 -1 0
  outer loop
  vertex -0.0584760904 0 0.0583447814
  vertex -0.0587693416 0 0.0581165515
  vertex -0.0420502983 0 0.0409269892
  endloop
 endfacet

 facet normal 0 -1 0
  outer loop
  vertex -0.074000001 0 -0.074000001
  vertex -0.0619788095 0 -0.0610709712
  vertex -0.0621280596 0 -0.0607305691
  endloop
 endfacet

 facet normal 0 -1 0
  outer loop
  vertex -0.074000001 0 -0.074000001
  vertex -0.0621280596 0 -0.0607305691
  vertex -0.0622192584 0 -0.0603706203
  endloop
 endfacet

 facet normal 0 -1 0
  outer loop
  vertex -0.0580210611 0 0.0589289591
  vertex -0.0582244284 0 0.0586180612
  vertex -0.0416243002 0 0.0415569507
  endloop
 endfacet

 facet normal 0 -1 0
  outer loop
  vertex -0.0587693416 0 0.0581165515
  vertex -0.0421773084 0 0.0405669808
  vertex -0.0420502983 0 0.0409269892
  endloop
 endfacet

 facet normal 0 -1 0
  outer loop
  vertex -0.0578718707 0 0.0592693016
  vertex -0.0580210611 0 0.0589289591
  vertex -0.0413378403 0 0.0418089591
  endloop
 endfacet

 facet normal 0 -1 0
  outer loop
  vertex -0.074000001 0 -0.074000001
  vertex -0.0622192584 0 -0.0603706203
  vertex -0.0622499511 0 -0.0599999987
  endloop
 endfacet

 facet normal 0 -1 0
  outer loop
  vertex -0.074000001 0 -0.074000001
  vertex -0.0622499511 0 -0.0599999987
  vertex -0.0622192584 0 -0.0596293211
  endloop
 endfacet

 facet normal 0 -1 0
  outer loop
  vertex -0.0577806793 0 0.0596293211
  vertex -0.0578718707 0 0.0592693016
  vertex -0.0410129987 0 0.042008929
  endloop
 endfacet

 facet normal 0 -1 0
  outer loop
  vertex -0.0584760904 0 0.0583447814
  vertex -0.0420502983 0 0.0409269892
  vertex -0.0418640301 0 0.0412600003
  endloop
 endfacet

 facet normal 0 -1 0
  outer loop
  vertex -0.0577499196 0 0.0599999987
  vertex -0.0577806793 0 0.0596293211
  vertex -0.0406588912 0 0.0421509705
  endloop
 endfacet

 facet normal 0 -1 0
  outer loop
  vertex -0.0580210611 0 0.0589289591
  vertex -0.0416243002 0 0.0415569507
  vertex -0.0413378403 0 0.0418089591
  endloop
 endfacet

 facet normal 0 -1 0
  outer loop
  vertex -0.0577806793 0 0.0603706203
  vertex -0.0577499196 0 0.0599999987
  vertex -0.0402856991 0 0.0422319099
  endloop
 endfacet

 facet normal 0 -1 0
  outer loop
  vertex -0.0578718707 0 0.0592693016
  vertex -0.0413378403 0 0.0418089591
  vertex -0.0410129987 0 0.042008929
  endloop
 endfacet

 facet normal 0 -1 0
  outer loop
  vertex -0.0578718707 0 0.0607305691
  vertex -0.0577806793 0 0.0603706203
  vertex -0.0399044715 0 0.0422480106
  endloop
 endfacet

 facet normal 0 -1 0
  outer loop
  vertex -0.0577806793 0 0.0596293211
  vertex -0.0410129987 0 0.042008929
  vertex -0.0406588912 0 0.0421509705
  endloop
 endfacet

 facet normal 0 -1 0
  outer loop
  vertex -0.0580210611 0 0.0610709712
  vertex -0.0578718707 0 0.0607305691
  vertex -0.0395259187 0 0.042198889
  endloop
 endfacet

 facet normal 0 -1 0
  outer loop
  vertex -0.0577499196 0 0.0599999987
  vertex -0.0406588912 0 0.0421509705
  vertex -0.0402856991 0 0.0422319099
  endloop
 endfacet

 facet normal 0 -1 0
  outer loop
  vertex -0.0582244284 0 0.0613818094
  vertex -0.0580210611 0 0.0610709712
  vertex 0.037757989 0 0.040190991
  endloop
 endfacet

 facet normal 0 -1 0
  outer loop
  vertex -0.0577806793 0 0.0603706203
  vertex -0.0402856991 0 0.0422319099
  vertex -0.0399044715 0 0.0422480106
  endloop
 endfacet

 facet normal 0 -1 0
  outer loop
  vertex -0.0578718707 0 0.0607305691
  vertex -0.0399044715 0 0.0422480106
  vertex -0.0395259187 0 0.042198889
  endloop
 endfacet

 facet normal 0 -1 0
  outer loop
  vertex -0.0580210611 0 0.0610709712
  vertex -0.0395259187 0 0.042198889
  vertex 0.037757989 0 0.040190991
  endloop
 endfacet

 facet normal 0 -1 0
  outer loop
  vertex -0.0584760904 0 0.06165516
  vertex -0.0582244284 0 0.0613818094
  vertex 0.037757989 0 0.040190991
  endloop
 endfacet

 facet normal 0 -1 0
  outer loop
  vertex -0.0587693416 0 0.0618834384
  vertex -0.0584760904 0 0.06165516
  vertex 0.037757989 0 0.040190991
  endloop
 endfacet

 facet normal 0 -1 0
  outer loop
  vertex 0.0263578799 0 0.0276619103
  vertex 0.0266339108 0 0.0275769792
  vertex 0.037757989 0 0.0398089215
  endloop
 endfacet

 facet normal 0 -1 0
  outer loop
  vertex 0.037757989 0 0.040190991
  vertex 0.0263578799 0 0.0276619103
  vertex 0.037757989 0 0.0398089215
  endloop
 endfacet

 facet normal 0 -1 0
  outer loop
  vertex -0.0590960905 0 0.0620601699
  vertex -0.0587693416 0 0.0618834384
  vertex 0.037757989 0 0.040190991
  endloop
 endfacet

 facet normal 0 -1 0
  outer loop
  vertex -0.074000001 0 0.074000001
  vertex -0.0598141514 0 0.0622425601
  vertex -0.0594475791 0 0.0621812306
  endloop
 endfacet

 facet normal 0 -1 0
  outer loop
  vertex 0.0587693416 0 0.0618833788
  vertex 0.074000001 0 0.074000001
  vertex -0.074000001 0 0.074000001
  endloop
 endfacet

 facet normal 0 -1 0
  outer loop
  vertex 0.0584756695 0 0.06165516
  vertex 0.0587693416 0 0.0618833788
  vertex -0.0590960905 0 0.0620601699
  endloop
 endfacet

 facet normal 0 -1 0
  outer loop
  vertex 0.0587693416 0 0.0618833788
  vertex -0.074000001 0 0.074000001
  vertex -0.0590960905 0 0.0620601699
  endloop
 endfacet

 facet normal 0 -1 0
  outer loop
  vertex -0.074000001 0 0.074000001
  vertex -0.0594475791 0 0.0621812306
  vertex -0.0590960905 0 0.0620601699
  endloop
 endfacet

 facet normal 0 -1 0
  outer loop
  vertex 0.037757989 0 0.0398089215
  vertex 0.0266339108 0 0.0275769792
  vertex 0.0378229618 0 0.0394329987
  endloop
 endfacet

 facet normal 0 -1 0
  outer loop
  vertex 0.0582244918 0 0.0613818094
  vertex 0.0584756695 0 0.06165516
  vertex -0.0590960905 0 0.0620601699
  endloop
 endfacet

 facet normal 0 -1 0
  outer loop
  vertex 0.0580207109 0 0.0610709116
  vertex 0.0582244918 0 0.0613818094
  vertex -0.0590960905 0 0.0620601699
  endloop
 endfacet

 facet normal 0 -1 0
  outer loop
  vertex 0.0578718707 0 0.0607305691
  vertex 0.0580207109 0 0.0610709116
  vertex 0.0389869809 0 0.042008929
  endloop
 endfacet

 facet normal 0 -1 0
  outer loop
  vertex 0.0389869809 0 0.042008929
  vertex 0.0580207109 0 0.0610709116
  vertex 0.0386618897 0 0.0418089591
  endloop
 endfacet

 facet normal 0 -1 0
  outer loop
  vertex 0.0577810407 0 0.0603706203
  vertex 0.0578718707 0 0.0607305691
  vertex 0.0393409692 0 0.0421509705
  endloop
 endfacet

 facet normal 0 -1 0
  outer loop
  vertex 0.0393409692 0 0.0421509705
  vertex 0.0578718707 0 0.0607305691
  vertex 0.0389869809 0 0.042008929
  endloop
 endfacet

 facet normal 0 -1 0
  outer loop
  vertex 0.0577499196 0 0.0599999391
  vertex 0.0577810407 0 0.0603706203
  vertex 0.0397139117 0 0.0422319099
  endloop
 endfacet

 facet normal 0 -1 0
  outer loop
  vertex 0.0397139117 0 0.0422319099
  vertex 0.0577810407 0 0.0603706203
  vertex 0.0393409692 0 0.0421509705
  endloop
 endfacet

 facet normal 0 -1 0
  outer loop
  vertex 0.0577810407 0 0.0596293211
  vertex 0.0577499196 0 0.0599999391
  vertex 0.0400949717 0 0.0422480106
  endloop
 endfacet

 facet normal 0 -1 0
  outer loop
  vertex 0.0400949717 0 0.0422480106
  vertex 0.0577499196 0 0.0599999391
  vertex 0.0397139117 0 0.0422319099
  endloop
 endfacet

 facet normal 0 -1 0
  outer loop
  vertex 0.0578718707 0 0.0592693016
  vertex 0.0577810407 0 0.0596293211
  vertex 0.0400949717 0 0.0422480106
  endloop
 endfacet

 facet normal 0 -1 0
  outer loop
  vertex 0.0580207109 0 0.0589289591
  vertex 0.0578718707 0 0.0592693016
  vertex 0.0404738709 0 0.042198889
  endloop
 endfacet

 facet normal 0 -1 0
  outer loop
  vertex 0.0582244918 0 0.0586180612
  vertex 0.0580207109 0 0.0589289591
  vertex 0.0408388898 0 0.0420879684
  endloop
 endfacet

 facet normal 0 -1 0
  outer loop
  vertex 0.0578718707 0 0.0592693016
  vertex 0.0400949717 0 0.0422480106
  vertex 0.0404738709 0 0.042198889
  endloop
 endfacet

 facet normal 0 -1 0
  outer loop
  vertex 0.0584756695 0 0.0583447814
  vertex 0.0582244918 0 0.0586180612
  vertex 0.0411799513 0 0.0419159494
  endloop
 endfacet

 facet normal 0 -1 0
  outer loop
  vertex 0.0587693416 0 0.0581165515
  vertex 0.0584756695 0 0.0583447814
  vertex 0.0414869115 0 0.0416889116
  endloop
 endfacet

 facet normal 0 -1 0
  outer loop
  vertex 0.0580207109 0 0.0589289591
  vertex 0.0404738709 0 0.042198889
  vertex 0.0408388898 0 0.0420879684
  endloop
 endfacet

 facet normal 0 -1 0
  outer loop
  vertex 0.0590958484 0 0.0579397604
  vertex 0.0587693416 0 0.0581165515
  vertex 0.0417509004 0 0.0414129384
  endloop
 endfacet

 facet normal 0 -1 0
  outer loop
  vertex 0.0594476387 0 0.0578187108
  vertex 0.0590958484 0 0.0579397604
  vertex 0.0419639312 0 0.0410969183
  endloop
 endfacet

 facet normal 0 -1 0
  outer loop
  vertex 0.0582244918 0 0.0586180612
  vertex 0.0408388898 0 0.0420879684
  vertex 0.0411799513 0 0.0419159494
  endloop
 endfacet

 facet normal 0 -1 0
  outer loop
  vertex 0.059814211 0 0.0577573106
  vertex 0.0594476387 0 0.0578187108
  vertex 0.0421209894 0 0.0407499
  endloop
 endfacet

 facet normal 0 -1 0
  outer loop
  vertex 0.0421209894 0 0.0392499492
  vertex 0.0609040186 0 0.0579397604
  vertex 0.0605521686 0 0.0578187108
  endloop
 endfacet

 facet normal 0 -1 0
  outer loop
  vertex 0.0422179103 0 0.0396199785
  vertex 0.0421209894 0 0.0392499492
  vertex 0.0605521686 0 0.0578187108
  endloop
 endfacet

 facet normal 0 -1 0
  outer loop
  vertex 0.0422179103 0 0.0396199785
  vertex 0.0605521686 0 0.0578187108
  vertex 0.0601856709 0 0.0577573106
  endloop
 endfacet

 facet normal 0 -1 0
  outer loop
  vertex 0.0422499105 0 0.0399999619
  vertex 0.0422179103 0 0.0396199785
  vertex 0.0601856709 0 0.0577573106
  endloop
 endfacet

 facet normal 0 -1 0
  outer loop
  vertex 0.0422499105 0 0.0399999619
  vertex 0.0601856709 0 0.0577573106
  vertex 0.059814211 0 0.0577573106
  endloop
 endfacet

 facet normal 0 -1 0
  outer loop
  vertex 0.0422179103 0 0.0403800011
  vertex 0.0422499105 0 0.0399999619
  vertex 0.059814211 0 0.0577573106
  endloop
 endfacet

 facet normal 0 -1 0
  outer loop
  vertex 0.0276998803 0 0.0259999596
  vertex 0.0276759807 0 0.0257128999
  vertex 0.0400949717 0 0.037751969
  endloop
 endfacet

 facet normal 0 -1 0
  outer loop
  vertex 0.0276998803 0 0.0259999596
  vertex 0.0400949717 0 0.037751969
  vertex 0.0397139117 0 0.0377679393
  endloop
 endfacet

 facet normal 0 -1 0
  outer loop
  vertex 0.0276759807 0 0.0262869
  vertex 0.0276998803 0 0.0259999596
  vertex 0.0397139117 0 0.0377679393
  endloop
 endfacet

 facet normal 0 -1 0
  outer loop
  vertex 0.0276759807 0 0.0262869
  vertex 0.0397139117 0 0.0377679393
  vertex 0.0393409692 0 0.0378489383
  endloop
 endfacet

 facet normal 0 -1 0
  outer loop
  vertex 0.0276029706 0 0.0265659001
  vertex 0.0276759807 0 0.0262869
  vertex 0.0393409692 0 0.0378489383
  endloop
 endfacet

 facet normal 0 -1 0
  outer loop
  vertex 0.0276029706 0 0.0265659001
  vertex 0.0393409692 0 0.0378489383
  vertex 0.0389869809 0 0.0379909202
  endloop
 endfacet

 facet normal 0 -1 0
  outer loop
  vertex 0.0274839401 0 0.0268290006
  vertex 0.0276029706 0 0.0265659001
  vertex 0.0389869809 0 0.0379909202
  endloop
 endfacet

 facet normal 0 -1 0
  outer loop
  vertex 0.0274839401 0 0.0268290006
  vertex 0.0389869809 0 0.0379909202
  vertex 0.0386618897 0 0.0381909609
  endloop
 endfacet

 facet normal 0 -1 0
  outer loop
  vertex 0.0273228809 0 0.0270678904
  vertex 0.0274839401 0 0.0268290006
  vertex 0.0386618897 0 0.0381909609
  endloop
 endfacet

 facet normal 0 -1 0
  outer loop
  vertex 0.0273228809 0 0.0270678904
  vertex 0.0386618897 0 0.0381909609
  vertex 0.03837597 0 0.0384428985
  endloop
 endfacet

 facet normal 0 -1 0
  outer loop
  vertex 0.0271229707 0 0.0272759106
  vertex 0.0273228809 0 0.0270678904
  vertex 0.03837597 0 0.0384428985
  endloop
 endfacet

 facet normal 0 -1 0
  outer loop
  vertex 0.0271229707 0 0.0272759106
  vertex 0.03837597 0 0.0384428985
  vertex 0.0381358787 0 0.0387399085
  endloop
 endfacet

 facet normal 0 -1 0
  outer loop
  vertex 0.0268909298 0 0.0274479296
  vertex 0.0271229707 0 0.0272759106
  vertex 0.0381358787 0 0.0387399085
  endloop
 endfacet

 facet normal 0 -1 0
  outer loop
  vertex 0.0268909298 0 0.0274479296
  vertex 0.0381358787 0 0.0387399085
  vertex 0.0379499085 0 0.0390729904
  endloop
 endfacet

 facet normal 0 -1 0
  outer loop
  vertex 0.0266339108 0 0.0275769792
  vertex 0.0268909298 0 0.0274479296
  vertex 0.0379499085 0 0.0390729904
  endloop
 endfacet

 facet normal 0 -1 0
  outer loop
  vertex 0.0266339108 0 0.0275769792
  vertex 0.0379499085 0 0.0390729904
  vertex 0.0378229618 0 0.0394329987
  endloop
 endfacet

 facet normal 0 -1 0
  outer loop
  vertex 0.0421209894 0 0.0407499
  vertex 0.0422179103 0 0.0403800011
  vertex 0.059814211 0 0.0577573106
  endloop
 endfacet

 facet normal 0 -1 0
  outer loop
  vertex 0.0419639312 0 0.0410969183
  vertex 0.0421209894 0 0.0407499
  vertex 0.0594476387 0 0.0578187108
  endloop
 endfacet

 facet normal 0 -1 0
  outer loop
  vertex 0.0417509004 0 0.0414129384
  vertex 0.0419639312 0 0.0410969183
  vertex 0.0590958484 0 0.0579397604
  endloop
 endfacet

 facet normal 0 -1 0
  outer loop
  vertex 0.0414869115 0 0.0416889116
  vertex 0.0417509004 0 0.0414129384
  vertex 0.0587693416 0 0.0581165515
  endloop
 endfacet

 facet normal 0 -1 0
  outer loop
  vertex -0.0590960905 0 0.0620601699
  vertex 0.037757989 0 0.040190991
  vertex 0.0378229618 0 0.0405669808
  endloop
 endfacet

 facet normal 0 -1 0
  outer loop
  vertex -0.0590960905 0 0.0620601699
  vertex 0.0378229618 0 0.0405669808
  vertex 0.0379499085 0 0.0409269892
  endloop
 endfacet

 facet normal 0 -1 0
  outer loop
  vertex 0.0411799513 0 0.0419159494
  vertex 0.0414869115 0 0.0416889116
  vertex 0.0584756695 0 0.0583447814
  endloop
 endfacet

 facet normal 0 -1 0
  outer loop
  vertex -0.0590960905 0 0.0620601699
  vertex 0.0379499085 0 0.0409269892
  vertex 0.0381358787 0 0.0412600003
  endloop
 endfacet

 facet normal 0 -1 0
  outer loop
  vertex -0.0590960905 0 0.0620601699
  vertex 0.0381358787 0 0.0412600003
  vertex 0.03837597 0 0.0415569507
  endloop
 endfacet

 facet normal 0 -1 0
  outer loop
  vertex -0.0590960905 0 0.0620601699
  vertex 0.03837597 0 0.0415569507
  vertex 0.0386618897 0 0.0418089591
  endloop
 endfacet

 facet normal -0.0261080638 -0.333052993 -0.942546546
  outer loop
  vertex -0.0598141514 0.00299996091 0.0622425601
  vertex -0.0598141514 0 0.0622425601
  vertex -0.0601857901 0 0.0622425601
  endloop
 endfacet

 facet normal 0.835775793 -0.333554119 0.436142653
  outer loop
  vertex 0.0379499085 0.00299996091 -0.0409269892
  vertex 0.0379499085 0 -0.0409269892
  vertex 0.0381358787 0 -0.0412599407
  endloop
 endfacet

 facet normal -0.399879783 -0.333565831 0.85371542
  outer loop
  vertex 0.0408388898 0.00299996091 -0.0420879684
  vertex 0.0408388898 0 -0.0420879684
  vertex 0.0411799513 0 -0.0419159494
  endloop
 endfacet

 facet normal -0.026125649 -0.333058417 -0.942544222
  outer loop
  vertex -0.0598141514 0.00299996091 -0.0577573106
  vertex -0.0598141514 0 -0.0577573106
  vertex -0.0601857901 0 -0.0577573106
  endloop
 endfacet

 facet normal 0.897417903 0.333451807 0.288878858
  outer loop
  vertex 0.0379499085 0.00299996091 0.0390729904
  vertex 0.0378229618 0.00299996091 0.0394329987
  vertex 0.0378229618 0 0.0394329987
  endloop
 endfacet

 facet normal 0.281957865 -0.332959384 -0.899798751
  outer loop
  vertex 0.0594476387 0.00299996091 0.0621812306
  vertex 0.0594476387 0 0.0621812306
  vertex 0.0590958484 0 0.0620601699
  endloop
 endfacet

 facet normal -0.765902877 0.333485842 -0.549708843
  outer loop
  vertex 0.0273228809 0 -0.0249319002
  vertex 0.0273228809 0.00299996091 -0.0249319002
  vertex 0.0274839401 0.00299996091 -0.02517098
  endloop
 endfacet

 facet normal -0.599460304 0.333016783 0.727837324
  outer loop
  vertex -0.0584760904 0 -0.06165516
  vertex -0.0584760904 0.00299996091 -0.06165516
  vertex -0.0587693416 0.00299996091 -0.0618834384
  endloop
 endfacet

 facet normal -0.93669796 0.333520532 -0.106588572
  outer loop
  vertex -0.0243244097 0 0.0262869
  vertex -0.0243244097 0.00299996091 0.0262869
  vertex -0.0242999103 0.00299996091 0.0259999596
  endloop
 endfacet

 facet normal 0.933285654 0.333453327 -0.133367047
  outer loop
  vertex 0.0243058801 0 0.0261438992
  vertex 0.0243058801 0.00299996091 0.0261438992
  vertex 0.0243549291 0.00299996091 0.0264279805
  endloop
 endfacet

 facet normal -0.869584262 0.333322525 0.364306688
  outer loop
  vertex 0.0421209894 0 -0.0407499
  vertex 0.0421209894 0.00299996091 -0.0407499
  vertex 0.0419639312 0.00299996091 -0.0410969183
  endloop
 endfacet

 facet normal -0.847513676 0.333572835 -0.412855446
  outer loop
  vertex -0.0380356908 0 -0.0389029309
  vertex -0.0380356908 0.00299996091 -0.0389029309
  vertex -0.0378785096 0.00299996091 -0.0392498896
  endloop
 endfacet

 facet normal -0.582177341 0.333520234 0.741507828
  outer loop
  vertex -0.0385134816 0 0.0383110009
  vertex -0.0385134816 0.00299996091 0.0383110009
  vertex -0.0388201997 0.00299996091 0.0380839705
  endloop
 endfacet

 facet normal 0.707099795 0 0.707113862
  outer loop
  vertex -0.0107695404 0 -0.0260000192
  vertex -0.0107695404 0.00299996091 -0.0260000192
  vertex -0.0259999596 0.00299996091 -0.0107699595
  endloop
 endfacet

 facet normal -0.707106769 0 -0.707106769
  outer loop
  vertex 0.0107699595 0 0.0259999596
  vertex 0.0107699595 0.00299996091 0.0259999596
  vertex 0.0259999596 0.00299996091 0.0107699595
  endloop
 endfacet

 facet normal -0.0261318088 -0.333065569 -0.94254148
  outer loop
  vertex 0.0601856709 0.00299996091 -0.0577573106
  vertex 0.0601856709 0 -0.0577573106
  vertex 0.059814211 0 -0.0577573106
  endloop
 endfacet

 facet normal 0.0261295252 -0.333065182 0.942541718
  outer loop
  vertex 0.059814211 0.00299996091 0.0577573106
  vertex 0.059814211 0 0.0577573106
  vertex 0.0601856709 0 0.0577573106
  endloop
 endfacet

 facet normal 0.0136824371 -0.333506137 -0.942648649
  outer loop
  vertex -0.0259278994 0.00299996091 0.0276979804
  vertex -0.0259278994 0 0.0276979804
  vertex -0.0262159109 0 0.0276859403
  endloop
 endfacet

 facet normal 0.835600138 -0.333499253 0.436521113
  outer loop
  vertex 0.0244508907 0.00299996091 0.0252999607
  vertex 0.0244508907 0 0.0252999607
  vertex 0.0245919805 0 0.0250478908
  endloop
 endfacet

 facet normal -0.129908234 0.33305946 -0.933913946
  outer loop
  vertex -0.0598141514 0 -0.0577573106
  vertex -0.0598141514 0.00299996091 -0.0577573106
  vertex -0.0594475791 0.00299996091 -0.0578187108
  endloop
 endfacet

 facet normal -0.941495717 -0.333003134 -0.0519110337
  outer loop
  vertex -0.0577499196 0.00299996091 -0.0599999987
  vertex -0.0577499196 0 -0.0599999987
  vertex -0.0577806793 0 -0.0596293211
  endloop
 endfacet

 facet normal 0.172415331 0.33343792 0.926872075
  outer loop
  vertex 0.0257839505 0 -0.0276859403
  vertex 0.0257839505 0.00299996091 -0.0276859403
  vertex 0.0255018994 0.00299996091 -0.0276249591
  endloop
 endfacet

 facet normal -0.936696947 -0.333519816 0.106599711
  outer loop
  vertex -0.0243244097 0.00299996091 -0.0262869
  vertex -0.0243244097 0 -0.0262869
  vertex -0.0242999103 0 -0.0260000192
  endloop
 endfacet

 facet normal -0.936692178 0.333480239 -0.106765263
  outer loop
  vertex 0.0422179103 0 0.0403800011
  vertex 0.0422179103 0.00299996091 0.0403800011
  vertex 0.0422499105 0.00299996091 0.0399999619
  endloop
 endfacet

 facet normal -0.873621464 0.333037615 0.354783863
  outer loop
  vertex -0.0578718707 0 0.0592693016
  vertex -0.0578718707 0.00299996091 0.0592693016
  vertex -0.0580210611 0.00299996091 0.0589289591
  endloop
 endfacet

 facet normal -0.675832152 0.332908452 -0.657588661
  outer loop
  vertex 0.0615242086 0 0.06165516
  vertex 0.0615242086 0.00299996091 0.06165516
  vertex 0.0617753789 0.00299996091 0.0613818094
  endloop
 endfacet

 facet normal 0.0667499378 -0.333648831 0.94033128
  outer loop
  vertex -0.0402856991 0.00299996091 0.0377679393
  vertex -0.0402856991 0 0.0377679393
  vertex -0.0399044715 0 0.037751969
  endloop
 endfacet

 facet normal -0.58165884 0.333595246 0.741880834
  outer loop
  vertex 0.0271229707 0 0.0247239396
  vertex 0.0271229707 0.00299996091 0.0247239396
  vertex 0.0268909298 0.00299996091 0.0245519206
  endloop
 endfacet

 facet normal 0 -1 0
  outer loop
  vertex 0.0266339108 0 -0.0275769792
  vertex 0.0263578799 0 -0.0276619103
  vertex 0.0378229618 0 -0.0394329987
  endloop
 endfacet

 facet normal 0 -1 0
  outer loop
  vertex 0.0266339108 0 -0.0275769792
  vertex 0.0378229618 0 -0.0394329987
  vertex 0.0379499085 0 -0.0390729904
  endloop
 endfacet

 facet normal 0 -1 0
  outer loop
  vertex 0.0268909298 0 -0.0274479296
  vertex 0.0266339108 0 -0.0275769792
  vertex 0.0379499085 0 -0.0390729904
  endloop
 endfacet

 facet normal 0 -1 0
  outer loop
  vertex 0.0268909298 0 -0.0274479296
  vertex 0.0379499085 0 -0.0390729904
  vertex 0.0381358787 0 -0.0387399085
  endloop
 endfacet

 facet normal 0 -1 0
  outer loop
  vertex 0.0271229707 0 -0.0272759106
  vertex 0.0268909298 0 -0.0274479296
  vertex 0.0381358787 0 -0.0387399085
  endloop
 endfacet

 facet normal 0 -1 0
  outer loop
  vertex 0.0271229707 0 -0.0272759106
  vertex 0.0381358787 0 -0.0387399085
  vertex 0.03837597 0 -0.0384428985
  endloop
 endfacet

 facet normal 0 -1 0
  outer loop
  vertex 0.0273228809 0 -0.0270678904
  vertex 0.0271229707 0 -0.0272759106
  vertex 0.03837597 0 -0.0384428985
  endloop
 endfacet

 facet normal 0 -1 0
  outer loop
  vertex 0.0273228809 0 -0.0270678904
  vertex 0.03837597 0 -0.0384428985
  vertex 0.0386618897 0 -0.0381909609
  endloop
 endfacet

 facet normal 0 -1 0
  outer loop
  vertex 0.0274839401 0 -0.0268290006
  vertex 0.0273228809 0 -0.0270678904
  vertex 0.0386618897 0 -0.0381909609
  endloop
 endfacet

 facet normal 0 -1 0
  outer loop
  vertex 0.0274839401 0 -0.0268290006
  vertex 0.0386618897 0 -0.0381909609
  vertex 0.0389869809 0 -0.0379909202
  endloop
 endfacet

 facet normal 0 -1 0
  outer loop
  vertex 0.0276029706 0 -0.0265659001
  vertex 0.0274839401 0 -0.0268290006
  vertex 0.0389869809 0 -0.0379909202
  endloop
 endfacet

 facet normal 0 -1 0
  outer loop
  vertex 0.0276029706 0 -0.0265659001
  vertex 0.0389869809 0 -0.0379909202
  vertex 0.0393409692 0 -0.0378489383
  endloop
 endfacet

 facet normal 0 -1 0
  outer loop
  vertex 0.0276759807 0 -0.0262869
  vertex 0.0276029706 0 -0.0265659001
  vertex 0.0393409692 0 -0.0378489383
  endloop
 endfacet

 facet normal 0 -1 0
  outer loop
  vertex 0.0276759807 0 -0.0262869
  vertex 0.0393409692 0 -0.0378489383
  vertex 0.0397139117 0 -0.0377679393
  endloop
 endfacet

 facet normal 0 -1 0
  outer loop
  vertex 0.0276998803 0 -0.0260000192
  vertex 0.0276759807 0 -0.0262869
  vertex 0.0397139117 0 -0.0377679393
  endloop
 endfacet

 facet normal 0 -1 0
  outer loop
  vertex 0.0276998803 0 -0.0260000192
  vertex 0.0397139117 0 -0.0377679393
  vertex 0.0400949717 0 -0.037751969
  endloop
 endfacet

 facet normal 0 -1 0
  outer loop
  vertex 0.0276759807 0 -0.0257128999
  vertex 0.0276998803 0 -0.0260000192
  vertex 0.0400949717 0 -0.037751969
  endloop
 endfacet

 facet normal 0 -1 0
  outer loop
  vertex 0.0276759807 0 -0.0257128999
  vertex 0.0400949717 0 -0.037751969
  vertex 0.0404738709 0 -0.0377999507
  endloop
 endfacet

 facet normal 0 -1 0
  outer loop
  vertex 0.0276029706 0 -0.0254338905
  vertex 0.0276759807 0 -0.0257128999
  vertex 0.0404738709 0 -0.0377999507
  endloop
 endfacet

 facet normal 0 -1 0
  outer loop
  vertex 0.0276029706 0 -0.0254338905
  vertex 0.0404738709 0 -0.0377999507
  vertex 0.0408388898 0 -0.0379119515
  endloop
 endfacet

 facet normal 0 -1 0
  outer loop
  vertex 0.0274839401 0 -0.02517098
  vertex 0.0276029706 0 -0.0254338905
  vertex 0.0259999596 0 -0.0107699595
  endloop
 endfacet

 facet normal 0 -1 0
  outer loop
  vertex 0.0276029706 0 -0.0254338905
  vertex 0.0408388898 0 -0.0379119515
  vertex 0.0259999596 0 -0.0107699595
  endloop
 endfacet

 facet normal 0 -1 0
  outer loop
  vertex 0.0408388898 0 -0.0379119515
  vertex 0.0411799513 0 -0.0380839705
  vertex 0.0259999596 0 -0.0107699595
  endloop
 endfacet

 facet normal 0 -1 0
  outer loop
  vertex 0.0273228809 0 -0.0249319002
  vertex 0.0274839401 0 -0.02517098
  vertex 0.0259999596 0 -0.0107699595
  endloop
 endfacet

 facet normal 0 -1 0
  outer loop
  vertex 0.0411799513 0 -0.0380839705
  vertex 0.0414869115 0 -0.0383110009
  vertex 0.0259999596 0 -0.0107699595
  endloop
 endfacet

 facet normal 0 -1 0
  outer loop
  vertex 0.0271229707 0 -0.0247239396
  vertex 0.0273228809 0 -0.0249319002
  vertex 0.0259999596 0 -0.0107699595
  endloop
 endfacet

 facet normal 0 -1 0
  outer loop
  vertex 0.0107699595 0 -0.0260000192
  vertex 0.0245919805 0 -0.0269518998
  vertex 0.0244508907 0 -0.0266999602
  endloop
 endfacet

 facet normal 0 -1 0
  outer loop
  vertex 0.0107699595 0 -0.0260000192
  vertex 0.0244508907 0 -0.0266999602
  vertex 0.0243549291 0 -0.0264279805
  endloop
 endfacet

 facet normal 0 -1 0
  outer loop
  vertex 0.0107699595 0 -0.0260000192
  vertex 0.0243549291 0 -0.0264279805
  vertex 0.0243058801 0 -0.0261438992
  endloop
 endfacet

 facet normal 0 -1 0
  outer loop
  vertex 0.0107699595 0 -0.0260000192
  vertex 0.0243058801 0 -0.0261438992
  vertex 0.0243058801 0 -0.0258558895
  endloop
 endfacet

 facet normal 0 -1 0
  outer loop
  vertex 0.0107699595 0 -0.0260000192
  vertex 0.0243058801 0 -0.0258558895
  vertex 0.0243549291 0 -0.0255720001
  endloop
 endfacet

 facet normal 0 -1 0
  outer loop
  vertex 0.0259999596 0 -0.0107699595
  vertex 0.0107699595 0 -0.0260000192
  vertex 0.0247729402 0 -0.0248239599
  endloop
 endfacet

 facet normal 0 -1 0
  outer loop
  vertex 0.0107699595 0 -0.0260000192
  vertex 0.0243549291 0 -0.0255720001
  vertex 0.0244508907 0 -0.0252999607
  endloop
 endfacet

 facet normal 0 -1 0
  outer loop
  vertex 0.0107699595 0 -0.0260000192
  vertex 0.0244508907 0 -0.0252999607
  vertex 0.0245919805 0 -0.0250478908
  endloop
 endfacet

 facet normal 0 -1 0
  outer loop
  vertex 0.0260719601 0 0.0243020002
  vertex 0.0257839505 0 0.0243139807
  vertex 0.0259999596 0 0.0107699595
  endloop
 endfacet

 facet normal 0 -1 0
  outer loop
  vertex 0.0107699595 0 -0.0260000192
  vertex 0.0245919805 0 -0.0250478908
  vertex 0.0247729402 0 -0.0248239599
  endloop
 endfacet

 facet normal 0 -1 0
  outer loop
  vertex 0.0260719601 0 0.0243020002
  vertex 0.0259999596 0 0.0107699595
  vertex 0.0263578799 0 0.0243379399
  endloop
 endfacet

 facet normal 0 -1 0
  outer loop
  vertex 0.0259999596 0 0.0107699595
  vertex 0.0259999596 0 -0.0107699595
  vertex 0.0414869115 0 0.0383110009
  endloop
 endfacet

 facet normal 0 -1 0
  outer loop
  vertex 0.0263578799 0 0.0243379399
  vertex 0.0259999596 0 0.0107699595
  vertex 0.0266339108 0 0.0244229995
  endloop
 endfacet

 facet normal 0 -1 0
  outer loop
  vertex 0.0266339108 0 0.0244229995
  vertex 0.0259999596 0 0.0107699595
  vertex 0.0268909298 0 0.0245519206
  endloop
 endfacet

 facet normal 0 -1 0
  outer loop
  vertex 0.0259999596 0 -0.0107699595
  vertex 0.0247729402 0 -0.0248239599
  vertex 0.0249888804 0 -0.0246329904
  endloop
 endfacet

 facet normal 0 -1 0
  outer loop
  vertex 0.0268909298 0 0.0245519206
  vertex 0.0259999596 0 0.0107699595
  vertex 0.0271229707 0 0.0247239396
  endloop
 endfacet

 facet normal 0 -1 0
  outer loop
  vertex 0.0271229707 0 0.0247239396
  vertex 0.0259999596 0 0.0107699595
  vertex 0.0273228809 0 0.0249319002
  endloop
 endfacet

 facet normal 0 -1 0
  outer loop
  vertex 0.0259999596 0 -0.0107699595
  vertex 0.0249888804 0 -0.0246329904
  vertex 0.0252348706 0 -0.0244819503
  endloop
 endfacet

 facet normal 0 -1 0
  outer loop
  vertex 0.0259999596 0 -0.0107699595
  vertex 0.0252348706 0 -0.0244819503
  vertex 0.0255018994 0 -0.02437496
  endloop
 endfacet

 facet normal 0 -1 0
  outer loop
  vertex 0.0273228809 0 0.0249319002
  vertex 0.0259999596 0 0.0107699595
  vertex 0.0274839401 0 0.02517098
  endloop
 endfacet

 facet normal 0 -1 0
  outer loop
  vertex 0.0274839401 0 0.02517098
  vertex 0.0259999596 0 0.0107699595
  vertex 0.0276029706 0 0.0254338905
  endloop
 endfacet

 facet normal 0 -1 0
  outer loop
  vertex 0.0259999596 0 -0.0107699595
  vertex 0.0255018994 0 -0.02437496
  vertex 0.0257839505 0 -0.0243139807
  endloop
 endfacet

 facet normal 0 -1 0
  outer loop
  vertex 0.0259999596 0 -0.0107699595
  vertex 0.0257839505 0 -0.0243139807
  vertex 0.0260719601 0 -0.0243020002
  endloop
 endfacet

 facet normal 0 -1 0
  outer loop
  vertex 0.0276029706 0 0.0254338905
  vertex 0.0259999596 0 0.0107699595
  vertex 0.0408388898 0 0.0379120111
  endloop
 endfacet

 facet normal 0 -1 0
  outer loop
  vertex 0.0400949717 0 0.037751969
  vertex 0.0276759807 0 0.0257128999
  vertex 0.0276029706 0 0.0254338905
  endloop
 endfacet

 facet normal 0 -1 0
  outer loop
  vertex 0.0408388898 0 0.0379120111
  vertex 0.0259999596 0 0.0107699595
  vertex 0.0411799513 0 0.0380839705
  endloop
 endfacet

 facet normal 0 -1 0
  outer loop
  vertex 0.0259999596 0 -0.0107699595
  vertex 0.0260719601 0 -0.0243020002
  vertex 0.0263578799 0 -0.0243379399
  endloop
 endfacet

 facet normal 0 -1 0
  outer loop
  vertex 0.0259999596 0 -0.0107699595
  vertex 0.0263578799 0 -0.0243379399
  vertex 0.0266339108 0 -0.0244229995
  endloop
 endfacet

 facet normal 0 -1 0
  outer loop
  vertex 0.0400949717 0 0.037751969
  vertex 0.0276029706 0 0.0254338905
  vertex 0.0404738709 0 0.0378009006
  endloop
 endfacet

 facet normal 0 -1 0
  outer loop
  vertex 0.0404738709 0 0.0378009006
  vertex 0.0276029706 0 0.0254338905
  vertex 0.0408388898 0 0.0379120111
  endloop
 endfacet

 facet normal 0 -1 0
  outer loop
  vertex 0.0259999596 0 -0.0107699595
  vertex 0.0266339108 0 -0.0244229995
  vertex 0.0268909298 0 -0.0245519206
  endloop
 endfacet

 facet normal 0 -1 0
  outer loop
  vertex 0.0259999596 0 -0.0107699595
  vertex 0.0268909298 0 -0.0245519206
  vertex 0.0271229707 0 -0.0247239396
  endloop
 endfacet

 facet normal 0 -1 0
  outer loop
  vertex 0.0411799513 0 0.0380839705
  vertex 0.0259999596 0 0.0107699595
  vertex 0.0414869115 0 0.0383110009
  endloop
 endfacet

 facet normal 0 -1 0
  outer loop
  vertex 0.0259999596 0 -0.0107699595
  vertex 0.0414869115 0 -0.0383110009
  vertex 0.0414869115 0 0.0383110009
  endloop
 endfacet

 facet normal 0 -1 0
  outer loop
  vertex 0.0414869115 0 -0.0383110009
  vertex 0.0417509004 0 -0.0385869704
  vertex 0.0417509004 0 0.0385869704
  endloop
 endfacet

 facet normal 0 -1 0
  outer loop
  vertex 0.0417509004 0 0.0385869704
  vertex 0.0414869115 0 0.0383110009
  vertex 0.0414869115 0 -0.0383110009
  endloop
 endfacet

 facet normal 0 -1 0
  outer loop
  vertex 0.0417509004 0 -0.0385869704
  vertex 0.0419639312 0 -0.0389029309
  vertex 0.0417509004 0 0.0385869704
  endloop
 endfacet

 facet normal 0 -1 0
  outer loop
  vertex 0.0609040186 0 0.0579397604
  vertex 0.0421209894 0 0.0392499492
  vertex 0.0419639312 0 0.0389029309
  endloop
 endfacet

 facet normal 0 -1 0
  outer loop
  vertex 0.0419639312 0 0.0389029309
  vertex 0.0417509004 0 0.0385869704
  vertex 0.0612304807 0 0.0581165515
  endloop
 endfacet

 facet normal 0 -1 0
  outer loop
  vertex 0.0417509004 0 0.0385869704
  vertex 0.0419639312 0 -0.0389029309
  vertex 0.0612304807 0 0.0581165515
  endloop
 endfacet

 facet normal 0 -1 0
  outer loop
  vertex 0.0419639312 0 -0.0389029309
  vertex 0.0421209894 0 -0.0392498896
  vertex 0.0587693416 0 -0.0581164882
  endloop
 endfacet

 facet normal 0 -1 0
  outer loop
  vertex 0.0612304807 0 0.0581165515
  vertex 0.0419639312 0 -0.0389029309
  vertex 0.0587693416 0 -0.0581164882
  endloop
 endfacet

 facet normal 0 -1 0
  outer loop
  vertex 0.0612304807 0 0.0581165515
  vertex 0.0609040186 0 0.0579397604
  vertex 0.0419639312 0 0.0389029309
  endloop
 endfacet

 facet normal 0 -1 0
  outer loop
  vertex 0.0615242086 0 0.0583447814
  vertex 0.0612304807 0 0.0581165515
  vertex 0.0587693416 0 -0.0581164882
  endloop
 endfacet

 facet normal 0 -1 0
  outer loop
  vertex 0.0421209894 0 -0.0392498896
  vertex 0.0422179103 0 -0.0396199785
  vertex 0.0587693416 0 -0.0581164882
  endloop
 endfacet

 facet normal 0 -1 0
  outer loop
  vertex 0.0422179103 0 -0.0396199785
  vertex 0.0422499105 0 -0.0400000215
  vertex 0.0587693416 0 -0.0581164882
  endloop
 endfacet

 facet normal 0 -1 0
  outer loop
  vertex 0.0422499105 0 -0.0400000215
  vertex 0.0422179103 0 -0.0403800011
  vertex 0.0587693416 0 -0.0581164882
  endloop
 endfacet

 facet normal 0 -1 0
  outer loop
  vertex 0.0617753789 0 0.0586180612
  vertex 0.0615242086 0 0.0583447814
  vertex 0.0587693416 0 -0.0581164882
  endloop
 endfacet

 facet normal 0 -1 0
  outer loop
  vertex 0.0619791113 0 0.0589289591
  vertex 0.0617753789 0 0.0586180612
  vertex 0.0587693416 0 -0.0581164882
  endloop
 endfacet

 facet normal 0 -1 0
  outer loop
  vertex 0.062128 0 0.0592693016
  vertex 0.0619791113 0 0.0589289591
  vertex 0.0587693416 0 -0.0581164882
  endloop
 endfacet

 facet normal 0 -1 0
  outer loop
  vertex 0.0622188412 0 0.0596293211
  vertex 0.062128 0 0.0592693016
  vertex 0.0587693416 0 -0.0581164882
  endloop
 endfacet

 facet normal 0 -1 0
  outer loop
  vertex 0.0386618897 0 -0.0418089591
  vertex 0.03837597 0 -0.0415569507
  vertex -0.0385134816 0 -0.0416889116
  endloop
 endfacet

 facet normal 0 -1 0
  outer loop
  vertex 0.0386618897 0 -0.0418089591
  vertex -0.0385134816 0 -0.0416889116
  vertex -0.0388201997 0 -0.0419159494
  endloop
 endfacet

 facet normal 0 -1 0
  outer loop
  vertex 0.0389869809 0 -0.042008929
  vertex 0.0386618897 0 -0.0418089591
  vertex -0.0578718707 0 -0.0607305691
  endloop
 endfacet

 facet normal 0 -1 0
  outer loop
  vertex 0.0386618897 0 -0.0418089591
  vertex -0.0388201997 0 -0.0419159494
  vertex -0.0578718707 0 -0.0607305691
  endloop
 endfacet

 facet normal 0 -1 0
  outer loop
  vertex -0.0388201997 0 -0.0419159494
  vertex -0.039161019 0 -0.0420879684
  vertex -0.0578718707 0 -0.0607305691
  endloop
 endfacet

 facet normal 0 -1 0
  outer loop
  vertex 0.0393409692 0 -0.0421509705
  vertex 0.0389869809 0 -0.042008929
  vertex -0.0578718707 0 -0.0607305691
  endloop
 endfacet

 facet normal 0 -1 0
  outer loop
  vertex -0.039161019 0 -0.0420879684
  vertex -0.0395259187 0 -0.042198889
  vertex -0.0578718707 0 -0.0607305691
  endloop
 endfacet

 facet normal 0 -1 0
  outer loop
  vertex 0.0397139117 0 -0.0422319099
  vertex 0.0393409692 0 -0.0421509705
  vertex -0.0578718707 0 -0.0607305691
  endloop
 endfacet

 facet normal 0 -1 0
  outer loop
  vertex -0.0399044715 0 -0.042247951
  vertex -0.0402856991 0 -0.0422319099
  vertex -0.0577499196 0 -0.0599999987
  endloop
 endfacet

 facet normal 0 -1 0
  outer loop
  vertex -0.0402856991 0 -0.0422319099
  vertex -0.0577806793 0 -0.0596293211
  vertex -0.0577499196 0 -0.0599999987
  endloop
 endfacet

 facet normal 0 -1 0
  outer loop
  vertex -0.0395259187 0 -0.042198889
  vertex -0.0399044715 0 -0.042247951
  vertex -0.0578718707 0 -0.0607305691
  endloop
 endfacet

 facet normal 0 -1 0
  outer loop
  vertex 0.0400949717 0 -0.042247951
  vertex 0.0397139117 0 -0.0422319099
  vertex -0.0578718707 0 -0.0607305691
  endloop
 endfacet

 facet normal 0 -1 0
  outer loop
  vertex -0.0399044715 0 -0.042247951
  vertex -0.0577499196 0 -0.0599999987
  vertex -0.0577806793 0 -0.0603706203
  endloop
 endfacet

 facet normal 0 -1 0
  outer loop
  vertex -0.0399044715 0 -0.042247951
  vertex -0.0577806793 0 -0.0603706203
  vertex -0.0578718707 0 -0.0607305691
  endloop
 endfacet

 facet normal 0 -1 0
  outer loop
  vertex 0.0404738709 0 -0.042198889
  vertex 0.0400949717 0 -0.042247951
  vertex 0.0577810407 0 -0.0603706203
  endloop
 endfacet

 facet normal 0 -1 0
  outer loop
  vertex 0.0400949717 0 -0.042247951
  vertex -0.0578718707 0 -0.0607305691
  vertex -0.0580210611 0 -0.0610709712
  endloop
 endfacet

 facet normal 0 -1 0
  outer loop
  vertex 0.0400949717 0 -0.042247951
  vertex -0.0580210611 0 -0.0610709712
  vertex 0.0580207109 0 -0.0610709116
  endloop
 endfacet

 facet normal 0 -1 0
  outer loop
  vertex 0.0400949717 0 -0.042247951
  vertex 0.0580207109 0 -0.0610709116
  vertex 0.0578718707 0 -0.0607305691
  endloop
 endfacet

 facet normal 0 -1 0
  outer loop
  vertex -0.0580210611 0 -0.0610709712
  vertex -0.0582244284 0 -0.0613818094
  vertex 0.0580207109 0 -0.0610709116
  endloop
 endfacet

 facet normal 0 -1 0
  outer loop
  vertex -0.0582244284 0 -0.0613818094
  vertex -0.0584760904 0 -0.06165516
  vertex 0.0582244918 0 -0.0613818094
  endloop
 endfacet

 facet normal 0 -1 0
  outer loop
  vertex -0.0582244284 0 -0.0613818094
  vertex 0.0582244918 0 -0.0613818094
  vertex 0.0580207109 0 -0.0610709116
  endloop
 endfacet

 facet normal 0 -1 0
  outer loop
  vertex 0.0400949717 0 -0.042247951
  vertex 0.0578718707 0 -0.0607305691
  vertex 0.0577810407 0 -0.0603706203
  endloop
 endfacet

 facet normal 0 -1 0
  outer loop
  vertex 0.0408388898 0 -0.0420879684
  vertex 0.0404738709 0 -0.042198889
  vertex 0.0577499196 0 -0.0599999391
  endloop
 endfacet

 facet normal 0 -1 0
  outer loop
  vertex 0.0404738709 0 -0.042198889
  vertex 0.0577810407 0 -0.0603706203
  vertex 0.0577499196 0 -0.0599999391
  endloop
 endfacet

 facet normal 0 -1 0
  outer loop
  vertex 0.0411799513 0 -0.0419159494
  vertex 0.0408388898 0 -0.0420879684
  vertex 0.0577810407 0 -0.0596293211
  endloop
 endfacet

 facet normal 0 -1 0
  outer loop
  vertex 0.0408388898 0 -0.0420879684
  vertex 0.0577499196 0 -0.0599999391
  vertex 0.0577810407 0 -0.0596293211
  endloop
 endfacet

 facet normal 0 -1 0
  outer loop
  vertex 0.0414869115 0 -0.0416889116
  vertex 0.0411799513 0 -0.0419159494
  vertex 0.0580207109 0 -0.0589289591
  endloop
 endfacet

 facet normal 0 -1 0
  outer loop
  vertex 0.0411799513 0 -0.0419159494
  vertex 0.0577810407 0 -0.0596293211
  vertex 0.0578718707 0 -0.0592693016
  endloop
 endfacet

 facet normal 0 -1 0
  outer loop
  vertex 0.0417509004 0 -0.0414129384
  vertex 0.0414869115 0 -0.0416889116
  vertex 0.0582244918 0 -0.0586180612
  endloop
 endfacet

 facet normal 0 -1 0
  outer loop
  vertex 0.0411799513 0 -0.0419159494
  vertex 0.0578718707 0 -0.0592693016
  vertex 0.0580207109 0 -0.0589289591
  endloop
 endfacet

 facet normal 0 -1 0
  outer loop
  vertex 0.0419639312 0 -0.0410969183
  vertex 0.0417509004 0 -0.0414129384
  vertex 0.0584756695 0 -0.0583447814
  endloop
 endfacet

 facet normal 0 -1 0
  outer loop
  vertex 0.0414869115 0 -0.0416889116
  vertex 0.0580207109 0 -0.0589289591
  vertex 0.0582244918 0 -0.0586180612
  endloop
 endfacet

 facet normal 0 -1 0
  outer loop
  vertex 0.0421209894 0 -0.0407499
  vertex 0.0419639312 0 -0.0410969183
  vertex 0.0584756695 0 -0.0583447814
  endloop
 endfacet

 facet normal 0 -1 0
  outer loop
  vertex 0.0417509004 0 -0.0414129384
  vertex 0.0582244918 0 -0.0586180612
  vertex 0.0584756695 0 -0.0583447814
  endloop
 endfacet

 facet normal 0 -1 0
  outer loop
  vertex 0.0422179103 0 -0.0403800011
  vertex 0.0421209894 0 -0.0407499
  vertex 0.0587693416 0 -0.0581164882
  endloop
 endfacet

 facet normal 0 -1 0
  outer loop
  vertex 0.0421209894 0 -0.0407499
  vertex 0.0584756695 0 -0.0583447814
  vertex 0.0587693416 0 -0.0581164882
  endloop
 endfacet

 facet normal 0 -1 0
  outer loop
  vertex 0.0622499511 0 0.0599999391
  vertex 0.0622188412 0 0.0596293211
  vertex 0.0590958484 0 -0.0579397604
  endloop
 endfacet

 facet normal 0 -1 0
  outer loop
  vertex 0.0622188412 0 0.0596293211
  vertex 0.0587693416 0 -0.0581164882
  vertex 0.0590958484 0 -0.0579397604
  endloop
 endfacet

 facet normal 0 -1 0
  outer loop
  vertex 0.0622499511 0 0.0599999391
  vertex 0.0590958484 0 -0.0579397604
  vertex 0.0594476387 0 -0.0578187108
  endloop
 endfacet

 facet normal 0 -1 0
  outer loop
  vertex 0.0622499511 0 0.0599999391
  vertex 0.0594476387 0 -0.0578187108
  vertex 0.059814211 0 -0.0577573106
  endloop
 endfacet

 facet normal 0 -1 0
  outer loop
  vertex 0.0622499511 0 0.0599999391
  vertex 0.059814211 0 -0.0577573106
  vertex 0.0601856709 0 -0.0577573106
  endloop
 endfacet

 facet normal 0 -1 0
  outer loop
  vertex 0.0622499511 0 0.0599999391
  vertex 0.0601856709 0 -0.0577573106
  vertex 0.0605521686 0 -0.0578187108
  endloop
 endfacet

 facet normal 0 -1 0
  outer loop
  vertex 0.0622499511 0 0.0599999391
  vertex 0.0605521686 0 -0.0578187108
  vertex 0.0609040186 0 -0.0579397604
  endloop
 endfacet

 facet normal 0 -1 0
  outer loop
  vertex 0.0622499511 0 0.0599999391
  vertex 0.0609040186 0 -0.0579397604
  vertex 0.0612304807 0 -0.0581164882
  endloop
 endfacet

 facet normal 0 -1 0
  outer loop
  vertex 0.0622499511 0 0.0599999391
  vertex 0.0612304807 0 -0.0581164882
  vertex 0.0615242086 0 -0.0583447814
  endloop
 endfacet

 facet normal 0 -1 0
  outer loop
  vertex 0.0622499511 0 0.0599999391
  vertex 0.0615242086 0 -0.0583447814
  vertex 0.0617753789 0 -0.0586180612
  endloop
 endfacet

 facet normal 0 -1 0
  outer loop
  vertex 0.0622499511 0 0.0599999391
  vertex 0.0617753789 0 -0.0586180612
  vertex 0.0619791113 0 -0.0589289591
  endloop
 endfacet

 facet normal 0 -1 0
  outer loop
  vertex 0.0622499511 0 0.0599999391
  vertex 0.0619791113 0 -0.0589289591
  vertex 0.074000001 0 0.074000001
  endloop
 endfacet

 facet normal 0 -1 0
  outer loop
  vertex 0.0619791113 0 -0.0589289591
  vertex 0.062128 0 -0.0592693016
  vertex 0.074000001 0 -0.074000001
  endloop
 endfacet

 facet normal 0 -1 0
  outer loop
  vertex 0.0619791113 0 -0.0589289591
  vertex 0.074000001 0 -0.074000001
  vertex 0.074000001 0 0.074000001
  endloop
 endfacet

 facet normal 0 -1 0
  outer loop
  vertex 0.062128 0 -0.0592693016
  vertex 0.0622188412 0 -0.0596293211
  vertex 0.074000001 0 -0.074000001
  endloop
 endfacet

 facet normal 0 -1 0
  outer loop
  vertex 0.0622188412 0 -0.0596293211
  vertex 0.0622499511 0 -0.0599999391
  vertex 0.074000001 0 -0.074000001
  endloop
 endfacet

 facet normal 0 -1 0
  outer loop
  vertex 0.0590958484 0 -0.0620601699
  vertex 0.0587693416 0 -0.0618833788
  vertex 0.074000001 0 -0.074000001
  endloop
 endfacet

 facet normal 0 -1 0
  outer loop
  vertex 0.0587693416 0 -0.0618833788
  vertex -0.074000001 0 -0.074000001
  vertex 0.074000001 0 -0.074000001
  endloop
 endfacet

 facet normal 0 -1 0
  outer loop
  vertex 0.074000001 0 0.074000001
  vertex 0.0587693416 0 0.0618833788
  vertex 0.0590958484 0 0.0620601699
  endloop
 endfacet

 facet normal 0 -1 0
  outer loop
  vertex 0.074000001 0 0.074000001
  vertex 0.0590958484 0 0.0620601699
  vertex 0.0594476387 0 0.0621812306
  endloop
 endfacet

 facet normal 0 -1 0
  outer loop
  vertex 0.0594476387 0 -0.0621812306
  vertex 0.0590958484 0 -0.0620601699
  vertex 0.074000001 0 -0.074000001
  endloop
 endfacet

 facet normal 0 -1 0
  outer loop
  vertex 0.074000001 0 0.074000001
  vertex 0.0594476387 0 0.0621812306
  vertex 0.059814211 0 0.0622425601
  endloop
 endfacet

 facet normal 0 -1 0
  outer loop
  vertex 0.074000001 0 0.074000001
  vertex 0.059814211 0 0.0622425601
  vertex 0.0601856709 0 0.0622425601
  endloop
 endfacet

 facet normal 0 -1 0
  outer loop
  vertex 0.059814211 0 -0.0622425601
  vertex 0.0594476387 0 -0.0621812306
  vertex 0.074000001 0 -0.074000001
  endloop
 endfacet

 facet normal 0 -1 0
  outer loop
  vertex 0.0601856709 0 -0.0622425601
  vertex 0.059814211 0 -0.0622425601
  vertex 0.074000001 0 -0.074000001
  endloop
 endfacet

 facet normal 0 -1 0
  outer loop
  vertex 0.074000001 0 0.074000001
  vertex 0.0601856709 0 0.0622425601
  vertex 0.0605521686 0 0.0621812306
  endloop
 endfacet

 facet normal 0 -1 0
  outer loop
  vertex 0.074000001 0 0.074000001
  vertex 0.0605521686 0 0.0621812306
  vertex 0.0609040186 0 0.0620601699
  endloop
 endfacet

 facet normal 0 -1 0
  outer loop
  vertex 0.0605521686 0 -0.0621812306
  vertex 0.0601856709 0 -0.0622425601
  vertex 0.074000001 0 -0.074000001
  endloop
 endfacet

 facet normal 0 -1 0
  outer loop
  vertex 0.0609040186 0 -0.0620601699
  vertex 0.0605521686 0 -0.0621812306
  vertex 0.074000001 0 -0.074000001
  endloop
 endfacet

 facet normal 0 -1 0
  outer loop
  vertex 0.074000001 0 0.074000001
  vertex 0.0609040186 0 0.0620601699
  vertex 0.0612304807 0 0.0618833788
  endloop
 endfacet

 facet normal 0 -1 0
  outer loop
  vertex 0.074000001 0 0.074000001
  vertex 0.0612304807 0 0.0618833788
  vertex 0.0615242086 0 0.06165516
  endloop
 endfacet

 facet normal 0 -1 0
  outer loop
  vertex 0.0612304807 0 -0.0618833788
  vertex 0.0609040186 0 -0.0620601699
  vertex 0.074000001 0 -0.074000001
  endloop
 endfacet

 facet normal 0 -1 0
  outer loop
  vertex 0.0615242086 0 -0.06165516
  vertex 0.0612304807 0 -0.0618833788
  vertex 0.074000001 0 -0.074000001
  endloop
 endfacet

 facet normal 0 -1 0
  outer loop
  vertex 0.074000001 0 0.074000001
  vertex 0.0615242086 0 0.06165516
  vertex 0.0617753789 0 0.0613818094
  endloop
 endfacet

 facet normal 0 -1 0
  outer loop
  vertex 0.074000001 0 0.074000001
  vertex 0.0617753789 0 0.0613818094
  vertex 0.0619791113 0 0.0610709116
  endloop
 endfacet

 facet normal 0 -1 0
  outer loop
  vertex 0.0617753789 0 -0.0613818094
  vertex 0.0615242086 0 -0.06165516
  vertex 0.074000001 0 -0.074000001
  endloop
 endfacet

 facet normal 0 -1 0
  outer loop
  vertex 0.0619791113 0 -0.0610709116
  vertex 0.0617753789 0 -0.0613818094
  vertex 0.074000001 0 -0.074000001
  endloop
 endfacet

 facet normal 0 -1 0
  outer loop
  vertex 0.074000001 0 0.074000001
  vertex 0.0619791113 0 0.0610709116
  vertex 0.062128 0 0.0607305691
  endloop
 endfacet

 facet normal 0 -1 0
  outer loop
  vertex 0.074000001 0 0.074000001
  vertex 0.062128 0 0.0607305691
  vertex 0.0622188412 0 0.0603706203
  endloop
 endfacet

 facet normal 0 -1 0
  outer loop
  vertex 0.062128 0 -0.0607305691
  vertex 0.0619791113 0 -0.0610709116
  vertex 0.074000001 0 -0.074000001
  endloop
 endfacet

 facet normal 0 -1 0
  outer loop
  vertex 0.0622188412 0 -0.0603706203
  vertex 0.062128 0 -0.0607305691
  vertex 0.074000001 0 -0.074000001
  endloop
 endfacet

 facet normal 0 -1 0
  outer loop
  vertex 0.074000001 0 0.074000001
  vertex 0.0622188412 0 0.0603706203
  vertex 0.0622499511 0 0.0599999391
  endloop
 endfacet

 facet normal 0.0136525426 -0.333493173 -0.942653716
  outer loop
  vertex -0.0259278994 0.00299996091 -0.0243020002
  vertex -0.0259278994 0 -0.0243020002
  vertex -0.0262159109 0 -0.0243139807
  endloop
 endfacet

 facet normal 0.920209825 -0.33290571 0.205882519
  outer loop
  vertex 0.0577810407 0.00299996091 0.0596293211
  vertex 0.0577810407 0 0.0596293211
  vertex 0.0578718707 0 0.0592693016
  endloop
 endfacet

 facet normal -0.0927949548 0.333564907 -0.938148975
  outer loop
  vertex -0.0399044715 0 -0.037751969
  vertex -0.0399044715 0.00299996091 -0.037751969
  vertex -0.0395259187 0.00299996091 -0.0377999507
  endloop
 endfacet

 facet normal 0.675852597 -0.332898408 -0.657572746
  outer loop
  vertex 0.0584756695 0.00299996091 0.06165516
  vertex 0.0584756695 0 0.06165516
  vertex 0.0582244918 0 0.0613818094
  endloop
 endfacet

 facet normal 0.172416046 0.333438307 -0.926872015
  outer loop
  vertex 0.0255018994 0.00299996091 0.0276249591
  vertex 0.0257839505 0.00299996091 0.0276859403
  vertex 0.0257839505 0 0.0276859403
  endloop
 endfacet

 facet normal -0.907534778 0.332852006 -0.2561059
  outer loop
  vertex 0.062128 0 0.0607305691
  vertex 0.062128 0.00299996091 0.0607305691
  vertex 0.0622188412 0.00299996091 0.0603706203
  endloop
 endfacet

 facet normal 0.470764369 -0.333740145 0.816699803
  outer loop
  vertex 0.0249888804 0 0.0246329904
  vertex 0.0252348706 0 0.0244820099
  vertex 0.0252348706 0.00299996091 0.0244820099
  endloop
 endfacet

 facet normal -0.282006443 0.332958728 0.899783731
  outer loop
  vertex 0.0609040186 0.00299996091 0.0579397604
  vertex 0.0605521686 0.00299996091 0.0578187108
  vertex 0.0605521686 0 0.0578187108
  endloop
 endfacet

 facet normal 0.942366898 -0.333510071 -0.02675079
  outer loop
  vertex -0.0422418714 0.00299996091 -0.0398089215
  vertex -0.0422418714 0 -0.0398089215
  vertex -0.0422418714 0 -0.040190991
  endloop
 endfacet

 facet normal 0.897456944 0.333536804 0.288659662
  outer loop
  vertex -0.0420502983 0.00299996091 0.0390729904
  vertex -0.0421773084 0.00299996091 0.0394329987
  vertex -0.0421773084 0 0.0394329987
  endloop
 endfacet

 facet normal -0.250258237 0.333363533 0.908977151
  outer loop
  vertex -0.0253660008 0.00299996091 0.0244229995
  vertex -0.0256417301 0.00299996091 0.0243379399
  vertex -0.0256417301 0 0.0243379399
  endloop
 endfacet

 facet normal -0.937193692 -0.333003163 0.103811711
  outer loop
  vertex -0.0577806793 0.00299996091 0.0596293211
  vertex -0.0577806793 0 0.0596293211
  vertex -0.0577499196 0 0.0599999987
  endloop
 endfacet

 facet normal -0.920202732 0.332912982 0.2059028
  outer loop
  vertex 0.0622188412 0 0.0596293211
  vertex 0.0622188412 0.00299996091 0.0596293211
  vertex 0.062128 0.00299996091 0.0592693016
  endloop
 endfacet

 facet normal -0.538827658 0.333507985 -0.773587227
  outer loop
  vertex -0.0251086894 0 0.0274479296
  vertex -0.0251086894 0.00299996091 0.0274479296
  vertex -0.0248768907 0.00299996091 0.0272759106
  endloop
 endfacet

 facet normal 0.602422357 0.333528072 0.725152612
  outer loop
  vertex -0.0413378403 0 0.0381909609
  vertex -0.0413378403 0.00299996091 0.0381909609
  vertex -0.0416243002 0.00299996091 0.0384428985
  endloop
 endfacet

 facet normal -0.869583845 0.333324432 0.364305824
  outer loop
  vertex 0.0421209894 0 0.0392499492
  vertex 0.0421209894 0.00299996091 0.0392499492
  vertex 0.0419639312 0.00299996091 0.0389029309
  endloop
 endfacet

 facet normal -0.847772777 0.33336699 -0.412489533
  outer loop
  vertex 0.0274839401 0 0.0268290006
  vertex 0.0274839401 0.00299996091 0.0268290006
  vertex 0.0276029706 0.00299996091 0.0265659001
  endloop
 endfacet

 facet normal -0.936767101 0.333387583 -0.106396653
  outer loop
  vertex 0.0276759807 0 0.0262869
  vertex 0.0276759807 0.00299996091 0.0262869
  vertex 0.0276998803 0.00299996091 0.0259999596
  endloop
 endfacet

 facet normal 0.933344007 0.333474606 0.132904366
  outer loop
  vertex -0.0421773084 0.00299996091 0.0394329987
  vertex -0.0422418714 0.00299996091 0.0398089215
  vertex -0.0422418714 0 0.0398089215
  endloop
 endfacet

 facet normal -0.918560088 0.333523959 0.212153286
  outer loop
  vertex 0.0422179103 0 0.0396199785
  vertex 0.0422179103 0.00299996091 0.0396199785
  vertex 0.0421209894 0.00299996091 0.0392499492
  endloop
 endfacet

 facet normal -0.936726928 0.33348918 -0.106431477
  outer loop
  vertex -0.037782371 0 0.0403800011
  vertex -0.037782371 0.00299996091 0.0403800011
  vertex -0.0377499387 0.00299996091 0.0399999619
  endloop
 endfacet

 facet normal 0.172277048 0.333399266 -0.926911891
  outer loop
  vertex -0.0264977794 0.00299996091 -0.02437496
  vertex -0.0262159109 0.00299996091 -0.0243139807
  vertex -0.0262159109 0 -0.0243139807
  endloop
 endfacet

 facet normal 0.558315098 0.332989872 0.759869754
  outer loop
  vertex -0.0612305403 0 0.0581165515
  vertex -0.0612305403 0.00299996091 0.0581165515
  vertex -0.0615237914 0.00299996091 0.0583447814
  endloop
 endfacet

 facet normal -0.301326126 0.333614141 -0.893254757
  outer loop
  vertex -0.0256417301 0.00299996091 -0.0243379399
  vertex -0.0253660008 0.00299996091 -0.0244229995
  vertex -0.0253660008 0 -0.0244229995
  endloop
 endfacet

 facet normal 0.675719917 0.332971156 0.657672167
  outer loop
  vertex -0.0615237914 0 0.0583447814
  vertex -0.0615237914 0.00299996091 0.0583447814
  vertex -0.0617755018 0.00299996091 0.0586180612
  endloop
 endfacet

 facet normal -0.918560565 0.333529621 -0.212142617
  outer loop
  vertex 0.0421209894 0.00299996091 -0.0392498896
  vertex 0.0422179103 0.00299996091 -0.0396199785
  vertex 0.0422179103 0 -0.0396199785
  endloop
 endfacet

 facet normal 0.470784813 -0.333742678 -0.816686869
  outer loop
  vertex 0.0252348706 0.00299996091 -0.0244819503
  vertex 0.0252348706 0 -0.0244819503
  vertex 0.0249888804 0 -0.0246329904
  endloop
 endfacet

 facet normal 0.716380179 0.333476067 0.612856507
  outer loop
  vertex -0.0416243002 0 0.0384428985
  vertex -0.0416243002 0.00299996091 0.0384428985
  vertex -0.0418640301 0.00299996091 0.0387399085
  endloop
 endfacet

 facet normal 0.0668122172 -0.333641827 0.940329432
  outer loop
  vertex 0.0397139117 0.00299996091 0.0377679393
  vertex 0.0397139117 0 0.0377679393
  vertex 0.0400949717 0 0.037751969
  endloop
 endfacet

 facet normal 0.425930619 -0.332966655 -0.841258824
  outer loop
  vertex -0.0609038398 0.00299996091 0.0620601699
  vertex -0.0609038398 0 0.0620601699
  vertex -0.0612305403 0 0.0618834384
  endloop
 endfacet

 facet normal 0.326684028 0.333431929 -0.884364486
  outer loop
  vertex 0.0389869809 0.00299996091 -0.0379909202
  vertex 0.0393409692 0.00299996091 -0.0378489383
  vertex 0.0393409692 0 -0.0378489383
  endloop
 endfacet

 facet normal 0.749964297 0.333452702 -0.571281731
  outer loop
  vertex 0.0381358787 0 -0.0387399085
  vertex 0.0381358787 0.00299996091 -0.0387399085
  vertex 0.03837597 0.00299996091 -0.0384428985
  endloop
 endfacet

 facet normal -0.250217974 0.333416313 0.908968985
  outer loop
  vertex 0.0266339108 0.00299996091 0.0244229995
  vertex 0.0263578799 0.00299996091 0.0243379399
  vertex 0.0263578799 0 0.0243379399
  endloop
 endfacet

 facet normal 0.933330655 0.333489507 -0.132961258
  outer loop
  vertex -0.0276938006 0 0.0261438992
  vertex -0.0276938006 0.00299996091 0.0261438992
  vertex -0.0276451092 0.00299996091 0.0264279805
  endloop
 endfacet

 facet normal 0.907555223 -0.332847238 -0.256039381
  outer loop
  vertex 0.0578718707 0.00299996091 -0.0592693016
  vertex 0.0578718707 0 -0.0592693016
  vertex 0.0577810407 0 -0.0596293211
  endloop
 endfacet

 facet normal -0.936694264 0.333478779 -0.106751226
  outer loop
  vertex 0.0422179103 0 -0.0396199785
  vertex 0.0422179103 0.00299996091 -0.0396199785
  vertex 0.0422499105 0.00299996091 -0.0400000215
  endloop
 endfacet

 facet normal 0.0129086673 -0.33368364 -0.942596734
  outer loop
  vertex 0.0400949717 0.00299996091 0.0422480106
  vertex 0.0400949717 0 0.0422480106
  vertex 0.0397139117 0 0.0422319099
  endloop
 endfacet

 facet normal -0.0936147273 0.333316475 0.93815589
  outer loop
  vertex 0.0404738709 0.00299996091 0.0378009006
  vertex 0.0400949717 0.00299996091 0.037751969
  vertex 0.0400949717 0 0.037751969
  endloop
 endfacet

 facet normal 0.89734441 0.333521575 -0.289026797
  outer loop
  vertex 0.0243549291 0 0.0264279805
  vertex 0.0243549291 0.00299996091 0.0264279805
  vertex 0.0244508907 0.00299996091 0.0266999602
  endloop
 endfacet

 facet normal 0.0136218676 -0.33348918 -0.942655563
  outer loop
  vertex 0.0260719601 0.00299996091 -0.0243020002
  vertex 0.0260719601 0 -0.0243020002
  vertex 0.0257839505 0 -0.0243139807
  endloop
 endfacet

 facet normal -0.795885682 -0.333646327 0.505218983
  outer loop
  vertex 0.0273228809 0 0.0249319002
  vertex 0.0274839401 0 0.02517098
  vertex 0.0274839401 0.00299996091 0.02517098
  endloop
 endfacet

 facet normal -0.539132118 0.333531499 -0.773364842
  outer loop
  vertex -0.0388201997 0 0.0419159494
  vertex -0.0388201997 0.00299996091 0.0419159494
  vertex -0.0385134816 0.00299996091 0.0416889116
  endloop
 endfacet

 facet normal 0.897344351 0.333521605 0.289026767
  outer loop
  vertex 0.0244508907 0.00299996091 -0.0266999602
  vertex 0.0243549291 0.00299996091 -0.0264279805
  vertex 0.0243549291 0 -0.0264279805
  endloop
 endfacet

 facet normal -0.301379889 0.333624989 -0.893232584
  outer loop
  vertex 0.0263578799 0.00299996091 0.0276619103
  vertex 0.0266339108 0.00299996091 0.0275769792
  vertex 0.0266339108 0 0.0275769792
  endloop
 endfacet

 facet normal 0.897351801 0.333520651 0.289004683
  outer loop
  vertex 0.0244508907 0.00299996091 0.0252999607
  vertex 0.0243549291 0.00299996091 0.0255720001
  vertex 0.0243549291 0 0.0255720001
  endloop
 endfacet

 facet normal 0.77466774 -0.333079576 -0.537538648
  outer loop
  vertex 0.0582244918 0.00299996091 -0.0586180612
  vertex 0.0582244918 0 -0.0586180612
  vertex 0.0580207109 0 -0.0589289591
  endloop
 endfacet

 facet normal -0.907339156 0.332989693 -0.256619304
  outer loop
  vertex -0.0578718707 0 0.0607305691
  vertex -0.0578718707 0.00299996091 0.0607305691
  vertex -0.0577806793 0.00299996091 0.0603706203
  endloop
 endfacet

 facet normal 0.774667323 -0.333077759 -0.537540555
  outer loop
  vertex 0.0582244918 0.00299996091 0.0613818094
  vertex 0.0582244918 0 0.0613818094
  vertex 0.0580207109 0 0.0610709116
  endloop
 endfacet

 facet normal 0.941516042 0.332940847 -0.0519429334
  outer loop
  vertex 0.0577499196 0 -0.0599999391
  vertex 0.0577499196 0.00299996091 -0.0599999391
  vertex 0.0577810407 0.00299996091 -0.0596293211
  endloop
 endfacet

 facet normal 0.129911214 0.333054662 0.933915377
  outer loop
  vertex -0.0601857901 0 0.0577573106
  vertex -0.0601857901 0.00299996091 0.0577573106
  vertex -0.0605522916 0.00299996091 0.0578187108
  endloop
 endfacet

 facet normal -0.936767101 -0.333387792 0.106394902
  outer loop
  vertex 0.0276759807 0.00299996091 0.0257128999
  vertex 0.0276759807 0 0.0257128999
  vertex 0.0276998803 0 0.0259999596
  endloop
 endfacet

 facet normal -0.558236182 0.333066881 -0.759893954
  outer loop
  vertex 0.0612304807 0 0.0618833788
  vertex 0.0612304807 0.00299996091 0.0618833788
  vertex 0.0615242086 0.00299996091 0.06165516
  endloop
 endfacet

 facet normal 0.471076995 -0.333581418 0.816584289
  outer loop
  vertex 0.0386618897 0 0.0381909609
  vertex 0.0389869809 0 0.0379909202
  vertex 0.0389869809 0.00299996091 0.0379909202
  endloop
 endfacet

 facet normal 0 0 1
  outer loop
  vertex 0.0107699595 0 -0.0260000192
  vertex 0.0107699595 0.00299996091 -0.0260000192
  vertex -0.0107695404 0.00299996091 -0.0260000192
  endloop
 endfacet

 facet normal 0.750056684 0.333289087 -0.571255982
  outer loop
  vertex 0.0245919805 0 0.0269518998
  vertex 0.0245919805 0.00299996091 0.0269518998
  vertex 0.0247729402 0.00299996091 0.0271759592
  endloop
 endfacet

 facet normal -0.93716681 -0.333068341 0.103845179
  outer loop
  vertex 0.0622188412 0.00299996091 -0.0603706203
  vertex 0.0622188412 0 -0.0603706203
  vertex 0.0622499511 0 -0.0599999391
  endloop
 endfacet

 facet normal 0.172938466 0.333423346 0.926779926
  outer loop
  vertex 0.0397139117 0 0.0377679393
  vertex 0.0397139117 0.00299996091 0.0377679393
  vertex 0.0393409692 0.00299996091 0.0378489383
  endloop
 endfacet

 facet normal 0.675753534 -0.332966179 -0.657640278
  outer loop
  vertex -0.0615237914 0.00299996091 0.06165516
  vertex -0.0615237914 0 0.06165516
  vertex -0.0617755018 0 0.0613818094
  endloop
 endfacet

 facet normal -0.69879055 0.333436728 -0.632859886
  outer loop
  vertex 0.0271229707 0.00299996091 0.0272759106
  vertex 0.0273228809 0.00299996091 0.0270678904
  vertex 0.0273228809 0 0.0270678904
  endloop
 endfacet

 facet normal 0.933343947 0.333475649 0.132902667
  outer loop
  vertex -0.0421773084 0.00299996091 -0.0405669808
  vertex -0.0422418714 0.00299996091 -0.040190991
  vertex -0.0422418714 0 -0.040190991
  endloop
 endfacet

 facet normal 0.326646805 0.333458781 0.884368181
  outer loop
  vertex -0.0406588912 0 -0.0421509705
  vertex -0.0406588912 0.00299996091 -0.0421509705
  vertex -0.0410129987 0.00299996091 -0.042008929
  endloop
 endfacet

 facet normal -0.847713768 0.333349138 -0.412625462
  outer loop
  vertex 0.0419639312 0 -0.0389029309
  vertex 0.0419639312 0.00299996091 -0.0389029309
  vertex 0.0421209894 0.00299996091 -0.0392498896
  endloop
 endfacet

 facet normal -0.710976779 0.332963824 0.619392633
  outer loop
  vertex -0.0582244284 0 -0.0613818094
  vertex -0.0582244284 0.00299996091 -0.0613818094
  vertex -0.0584760904 0.00299996091 -0.06165516
  endloop
 endfacet

 facet normal -0.918560266 0.333521992 0.212156057
  outer loop
  vertex 0.0422179103 0 -0.0403800011
  vertex 0.0422179103 0.00299996091 -0.0403800011
  vertex 0.0421209894 0.00299996091 -0.0407499
  endloop
 endfacet

 facet normal 0.325990081 0.333482802 -0.884601414
  outer loop
  vertex -0.0267652199 0.00299996091 -0.0244819503
  vertex -0.0264977794 0.00299996091 -0.02437496
  vertex -0.0264977794 0 -0.02437496
  endloop
 endfacet

 facet normal -0.69887799 0.33337903 -0.632793725
  outer loop
  vertex -0.0248768907 0.00299996091 -0.0247239396
  vertex -0.0246772096 0.00299996091 -0.0249319002
  vertex -0.0246772096 0 -0.0249319002
  endloop
 endfacet

 facet normal -0.699408174 0.333593816 0.632094562
  outer loop
  vertex 0.0417509004 0 0.0385869704
  vertex 0.0417509004 0.00299996091 0.0385869704
  vertex 0.0414869115 0.00299996091 0.0383110009
  endloop
 endfacet

 facet normal 0.326168418 0.333392888 0.884569585
  outer loop
  vertex 0.0255018994 0 -0.0276249591
  vertex 0.0255018994 0.00299996091 -0.0276249591
  vertex 0.0252348706 0.00299996091 -0.0275179707
  endloop
 endfacet

 facet normal 0.172304422 0.333412886 0.926901817
  outer loop
  vertex -0.0262159109 0 0.0243139807
  vertex -0.0262159109 0.00299996091 0.0243139807
  vertex -0.0264977794 0.00299996091 0.02437496
  endloop
 endfacet

 facet normal 0.716377258 0.333470315 0.612863064
  outer loop
  vertex -0.0416243002 0 -0.0415569507
  vertex -0.0416243002 0.00299996091 -0.0415569507
  vertex -0.0418640301 0.00299996091 -0.0412599407
  endloop
 endfacet

 facet normal 0.0261343513 -0.333064765 0.942541718
  outer loop
  vertex -0.0601857901 0.00299996091 0.0577573106
  vertex -0.0601857901 0 0.0577573106
  vertex -0.0598141514 0 0.0577573106
  endloop
 endfacet

 facet normal -0.920116305 0.332981646 0.206177428
  outer loop
  vertex -0.0577806793 0 -0.0603706203
  vertex -0.0577806793 0.00299996091 -0.0603706203
  vertex -0.0578718707 0.00299996091 -0.0607305691
  endloop
 endfacet

 facet normal 0.749991 0.333394408 -0.571280718
  outer loop
  vertex -0.0274084806 0 0.0269518998
  vertex -0.0274084806 0.00299996091 0.0269518998
  vertex -0.0272272807 0.00299996091 0.0271759592
  endloop
 endfacet

 facet normal 0.675746918 -0.332967162 -0.657646596
  outer loop
  vertex -0.0615237914 0.00299996091 -0.0583447814
  vertex -0.0615237914 0 -0.0583447814
  vertex -0.0617755018 0 -0.0586180612
  endloop
 endfacet

 facet normal 0.933280408 0.333430529 -0.133460373
  outer loop
  vertex 0.037757989 0 0.040190991
  vertex 0.037757989 0.00299996091 0.040190991
  vertex 0.0378229618 0.00299996091 0.0405669808
  endloop
 endfacet

 facet normal 0.425885379 -0.332903266 0.841306806
  outer loop
  vertex 0.0587693416 0 0.0581165515
  vertex 0.0590958484 0 0.0579397604
  vertex 0.0590958484 0.00299996091 0.0579397604
  endloop
 endfacet

 facet normal 0.602631092 0.333466381 0.725007534
  outer loop
  vertex 0.0386618897 0 0.0381909609
  vertex 0.0386618897 0.00299996091 0.0381909609
  vertex 0.03837597 0.00299996091 0.0384428985
  endloop
 endfacet

 facet normal -0.582001507 0.333696514 0.741566479
  outer loop
  vertex -0.0248768907 0 -0.0272759106
  vertex -0.0248768907 0.00299996091 -0.0272759106
  vertex -0.0251086894 0.00299996091 -0.0274479296
  endloop
 endfacet

 facet normal 0.933281004 0.333428979 0.133460477
  outer loop
  vertex 0.0378229618 0.00299996091 -0.0405669808
  vertex 0.037757989 0.00299996091 -0.040190991
  vertex 0.037757989 0 -0.040190991
  endloop
 endfacet

 facet normal -0.803216517 0.332941145 -0.493956923
  outer loop
  vertex 0.0617753789 0.00299996091 -0.0586180612
  vertex 0.0619791113 0.00299996091 -0.0589289591
  vertex 0.0619791113 0 -0.0589289591
  endloop
 endfacet

 facet normal -0.698879063 0.333378911 0.632792711
  outer loop
  vertex -0.0246772096 0 0.0249319002
  vertex -0.0246772096 0.00299996091 0.0249319002
  vertex -0.0248768907 0.00299996091 0.0247239396
  endloop
 endfacet

 facet normal -0.400046229 0.333580971 -0.853631437
  outer loop
  vertex -0.039161019 0 0.0420879684
  vertex -0.039161019 0.00299996091 0.0420879684
  vertex -0.0388201997 0.00299996091 0.0419159494
  endloop
 endfacet

 facet normal 0 -1 0
  outer loop
  vertex -0.0107695404 0 0.0259999596
  vertex -0.0245158002 0 0.0268290006
  vertex -0.0243970696 0 0.0265659001
  endloop
 endfacet

 facet normal 0 -1 0
  outer loop
  vertex -0.0107695404 0 0.0259999596
  vertex -0.0243970696 0 0.0265659001
  vertex -0.0243244097 0 0.0262869
  endloop
 endfacet

 facet normal 0 -1 0
  outer loop
  vertex -0.0270107891 0 0.0246329904
  vertex -0.0272272807 0 0.0248239599
  vertex -0.0259999596 0 0.0107699595
  endloop
 endfacet

 facet normal 0 -1 0
  outer loop
  vertex -0.0267652199 0 0.0244820099
  vertex -0.0270107891 0 0.0246329904
  vertex -0.0259999596 0 0.0107699595
  endloop
 endfacet

 facet normal 0 -1 0
  outer loop
  vertex -0.0107695404 0 0.0259999596
  vertex -0.0243244097 0 0.0262869
  vertex -0.0242999103 0 0.0259999596
  endloop
 endfacet

 facet normal 0 -1 0
  outer loop
  vertex -0.0107695404 0 0.0259999596
  vertex -0.0242999103 0 0.0259999596
  vertex -0.0243244097 0 0.0257128999
  endloop
 endfacet

 facet normal 0 -1 0
  outer loop
  vertex -0.0264977794 0 0.02437496
  vertex -0.0267652199 0 0.0244820099
  vertex -0.0259999596 0 0.0107699595
  endloop
 endfacet

 facet normal 0 -1 0
  outer loop
  vertex -0.0262159109 0 0.0243139807
  vertex -0.0264977794 0 0.02437496
  vertex -0.0259999596 0 0.0107699595
  endloop
 endfacet

 facet normal 0 -1 0
  outer loop
  vertex -0.0259999596 0 0.0107699595
  vertex -0.0107695404 0 0.0259999596
  vertex -0.0248768907 0 0.0247239396
  endloop
 endfacet

 facet normal 0 -1 0
  outer loop
  vertex -0.0107695404 0 0.0259999596
  vertex -0.0243244097 0 0.0257128999
  vertex -0.0243970696 0 0.0254338905
  endloop
 endfacet

 facet normal 0 -1 0
  outer loop
  vertex -0.0107695404 0 0.0259999596
  vertex -0.0243970696 0 0.0254338905
  vertex -0.0245158002 0 0.02517098
  endloop
 endfacet

 facet normal 0 -1 0
  outer loop
  vertex -0.0259278994 0 0.0243020002
  vertex -0.0262159109 0 0.0243139807
  vertex -0.0259999596 0 0.0107699595
  endloop
 endfacet

 facet normal 0 -1 0
  outer loop
  vertex -0.0256417301 0 0.0243379399
  vertex -0.0259278994 0 0.0243020002
  vertex -0.0259999596 0 0.0107699595
  endloop
 endfacet

 facet normal 0 -1 0
  outer loop
  vertex -0.0107695404 0 0.0259999596
  vertex -0.0245158002 0 0.02517098
  vertex -0.0246772096 0 0.0249319002
  endloop
 endfacet

 facet normal 0 -1 0
  outer loop
  vertex -0.0107695404 0 0.0259999596
  vertex -0.0246772096 0 0.0249319002
  vertex -0.0248768907 0 0.0247239396
  endloop
 endfacet

 facet normal 0 -1 0
  outer loop
  vertex -0.0253660008 0 0.0244229995
  vertex -0.0256417301 0 0.0243379399
  vertex -0.0259999596 0 0.0107699595
  endloop
 endfacet

 facet normal 0 -1 0
  outer loop
  vertex -0.0251086894 0 0.0245519206
  vertex -0.0253660008 0 0.0244229995
  vertex -0.0259999596 0 0.0107699595
  endloop
 endfacet

 facet normal 0.937196493 -0.332994729 0.103812799
  outer loop
  vertex -0.0622499511 0 -0.0599999987
  vertex -0.0622192584 0 -0.0603706203
  vertex -0.0622192584 0.00299996091 -0.0603706203
  endloop
 endfacet

 facet normal -0.558353901 0.332997084 -0.759837985
  outer loop
  vertex -0.0587693416 0 0.0618834384
  vertex -0.0587693416 0.00299996091 0.0618834384
  vertex -0.0584760904 0.00299996091 0.06165516
  endloop
 endfacet

 facet normal 0.907327235 -0.333001286 -0.256646544
  outer loop
  vertex -0.0621280596 0.00299996091 -0.0592693016
  vertex -0.0621280596 0 -0.0592693016
  vertex -0.0622192584 0 -0.0596293211
  endloop
 endfacet

 facet normal 0.471022189 -0.333521128 0.816640556
  outer loop
  vertex -0.0413378403 0 0.0381909609
  vertex -0.0410129987 0 0.0379909202
  vertex -0.0410129987 0.00299996091 0.0379909202
  endloop
 endfacet

 facet normal -0.558322191 0.3330006 -0.759859741
  outer loop
  vertex -0.0587693416 0 -0.0581164882
  vertex -0.0587693416 0.00299996091 -0.0581164882
  vertex -0.0584760904 0.00299996091 -0.0583447814
  endloop
 endfacet

 facet normal 0.942313373 -0.333646446 -0.0269362684
  outer loop
  vertex 0.037757989 0.00299996091 0.040190991
  vertex 0.037757989 0 0.040190991
  vertex 0.037757989 0 0.0398089215
  endloop
 endfacet

 facet normal -0.69877243 0.333438247 0.632879019
  outer loop
  vertex 0.0273228809 0 0.0249319002
  vertex 0.0273228809 0.00299996091 0.0249319002
  vertex 0.0271229707 0.00299996091 0.0247239396
  endloop
 endfacet

 facet normal 0.172876403 0.333419889 0.9267928
  outer loop
  vertex -0.0402856991 0 0.0377679393
  vertex -0.0402856991 0.00299996091 0.0377679393
  vertex -0.0406588912 0.00299996091 0.0378489383
  endloop
 endfacet

 facet normal 0.835795164 -0.33355689 0.436103404
  outer loop
  vertex 0.0379499085 0.00299996091 0.0390729904
  vertex 0.0379499085 0 0.0390729904
  vertex 0.0381358787 0 0.0387399085
  endloop
 endfacet

 facet normal -0.84772706 0.333343416 -0.412602782
  outer loop
  vertex 0.0419639312 0 0.0410969183
  vertex 0.0419639312 0.00299996091 0.0410969183
  vertex 0.0421209894 0.00299996091 0.0407499
  endloop
 endfacet

 facet normal -0.803211629 -0.332998306 0.493926287
  outer loop
  vertex -0.0582244284 0 0.0586180612
  vertex -0.0580210611 0 0.0589289591
  vertex -0.0580210611 0.00299996091 0.0589289591
  endloop
 endfacet

 facet normal -0.0926597789 0.333664179 -0.9381271
  outer loop
  vertex -0.0259278994 0 -0.0243020002
  vertex -0.0259278994 0.00299996091 -0.0243020002
  vertex -0.0256417301 0.00299996091 -0.0243379399
  endloop
 endfacet

 facet normal -0.765896976 0.333491683 -0.549713731
  outer loop
  vertex 0.0273228809 0 0.0270678904
  vertex 0.0273228809 0.00299996091 0.0270678904
  vertex 0.0274839401 0.00299996091 0.0268290006
  endloop
 endfacet

 facet normal 0.835715473 -0.333490223 -0.436307341
  outer loop
  vertex -0.0418640301 0 -0.0387399085
  vertex -0.0420502983 0 -0.0390729904
  vertex -0.0420502983 0.00299996091 -0.0390729904
  endloop
 endfacet

 facet normal 0.77466774 -0.333079576 0.537538767
  outer loop
  vertex 0.0580207109 0 0.0589289591
  vertex 0.0582244918 0 0.0586180612
  vertex 0.0582244918 0.00299996091 0.0586180612
  endloop
 endfacet

 facet normal 0.0261172634 -0.333052486 0.942546487
  outer loop
  vertex -0.0601857901 0.00299996091 -0.0622425601
  vertex -0.0601857901 0 -0.0622425601
  vertex -0.0598141514 0 -0.0622425601
  endloop
 endfacet

 facet normal 0.32601589 0.333462983 0.884599328
  outer loop
  vertex -0.0264977794 0 -0.0276249591
  vertex -0.0264977794 0.00299996091 -0.0276249591
  vertex -0.0267652199 0.00299996091 -0.0275179707
  endloop
 endfacet

 facet normal 0.907322109 -0.333003312 -0.256662071
  outer loop
  vertex -0.0621280596 0.00299996091 0.0607305691
  vertex -0.0621280596 0 0.0607305691
  vertex -0.0622192584 0 0.0603706203
  endloop
 endfacet

 facet normal -0.936699033 0.333521366 -0.106575735
  outer loop
  vertex -0.0243244097 0 -0.0257128999
  vertex -0.0243244097 0.00299996091 -0.0257128999
  vertex -0.0242999103 0.00299996091 -0.0260000192
  endloop
 endfacet

 facet normal -0.399882466 -0.333570153 0.85371244
  outer loop
  vertex 0.0408388898 0.00299996091 0.0379120111
  vertex 0.0408388898 0 0.0379120111
  vertex 0.0411799513 0 0.0380839705
  endloop
 endfacet

 facet normal -0.675828636 0.332909733 -0.657591701
  outer loop
  vertex 0.0615242086 0 -0.0583447814
  vertex 0.0615242086 0.00299996091 -0.0583447814
  vertex 0.0617753789 0.00299996091 -0.0586180612
  endloop
 endfacet

 facet normal -0.282061726 0.332910657 -0.899784207
  outer loop
  vertex -0.0594475791 0 -0.0578187108
  vertex -0.0594475791 0.00299996091 -0.0578187108
  vertex -0.0590960905 0.00299996091 -0.0579397604
  endloop
 endfacet

 facet normal 0.749949455 0.333507478 -0.571269274
  outer loop
  vertex -0.0418640301 0 -0.0387399085
  vertex -0.0418640301 0.00299996091 -0.0387399085
  vertex -0.0416243002 0.00299996091 -0.0384428985
  endloop
 endfacet

 facet normal 0.774691641 -0.333030045 0.537534893
  outer loop
  vertex -0.0619788095 0 -0.0610709712
  vertex -0.0617755018 0 -0.0613818094
  vertex -0.0617755018 0.00299996091 -0.0613818094
  endloop
 endfacet

 facet normal -0.699077487 0.333494604 -0.63251251
  outer loop
  vertex -0.0385134816 0.00299996091 -0.0383110009
  vertex -0.0382493697 0.00299996091 -0.0385869704
  vertex -0.0382493697 0 -0.0385869704
  endloop
 endfacet

 facet normal -0.795790911 -0.33356899 0.505419195
  outer loop
  vertex -0.0246772096 0 -0.0270678904
  vertex -0.0245158002 0 -0.0268290006
  vertex -0.0245158002 0.00299996091 -0.0268290006
  endloop
 endfacet

 facet normal 0.0136520816 -0.333502501 -0.942650318
  outer loop
  vertex 0.0260719601 0.00299996091 0.0276979804
  vertex 0.0260719601 0 0.0276979804
  vertex 0.0257839505 0 0.0276859403
  endloop
 endfacet

 facet normal 0.941515863 0.332940787 -0.0519440547
  outer loop
  vertex 0.0577499196 0 0.0599999391
  vertex 0.0577499196 0.00299996091 0.0599999391
  vertex 0.0577810407 0.00299996091 0.0603706203
  endloop
 endfacet

 facet normal -0.0936397389 0.333297849 0.938159943
  outer loop
  vertex 0.0404738709 0.00299996091 -0.042198889
  vertex 0.0400949717 0.00299996091 -0.042247951
  vertex 0.0400949717 0 -0.042247951
  endloop
 endfacet

 facet normal -0.699077308 0.333494604 0.632512569
  outer loop
  vertex -0.0382493697 0 0.0385869704
  vertex -0.0382493697 0.00299996091 0.0385869704
  vertex -0.0385134816 0.00299996091 0.0383110009
  endloop
 endfacet

 facet normal -0.795643628 -0.333412409 0.505754173
  outer loop
  vertex -0.0382493697 0 0.0385869704
  vertex -0.0380356908 0 0.0389029309
  vertex -0.0380356908 0.00299996091 0.0389029309
  endloop
 endfacet

 facet normal 0.642606497 0.333502084 -0.689806521
  outer loop
  vertex -0.0416243002 0 0.0415569507
  vertex -0.0416243002 0.00299996091 0.0415569507
  vertex -0.0413378403 0.00299996091 0.0418089591
  endloop
 endfacet

 facet normal -0.425910622 -0.332970381 0.841267347
  outer loop
  vertex -0.0590960905 0.00299996091 -0.0620601699
  vertex -0.0590960905 0 -0.0620601699
  vertex -0.0587693416 0 -0.0618834384
  endloop
 endfacet

 facet normal 0.643235803 0.333647817 -0.689149499
  outer loop
  vertex 0.0247729402 0 -0.0248239599
  vertex 0.0247729402 0.00299996091 -0.0248239599
  vertex 0.0249888804 0.00299996091 -0.0246329904
  endloop
 endfacet

 facet normal 0.425885946 -0.332969368 -0.841280401
  outer loop
  vertex -0.0609038398 0.00299996091 -0.0579397604
  vertex -0.0609038398 0 -0.0579397604
  vertex -0.0612305403 0 -0.0581164882
  endloop
 endfacet

 facet normal 0.774668038 -0.333075464 0.537540793
  outer loop
  vertex 0.0580207109 0 -0.0610709116
  vertex 0.0582244918 0 -0.0613818094
  vertex 0.0582244918 0.00299996091 -0.0613818094
  endloop
 endfacet

 facet normal -0.400789529 0.333483905 -0.853320777
  outer loop
  vertex -0.039161019 0 -0.0379119515
  vertex -0.039161019 0.00299996091 -0.0379119515
  vertex -0.0388201997 0.00299996091 -0.0380839705
  endloop
 endfacet

 facet normal 0.675823987 0.332903117 0.657599688
  outer loop
  vertex 0.0584756695 0 0.0583447814
  vertex 0.0584756695 0.00299996091 0.0583447814
  vertex 0.0582244918 0.00299996091 0.0586180612
  endloop
 endfacet

 facet normal -0.0936672166 0.333299279 -0.938156784
  outer loop
  vertex 0.0400949717 0 0.0422480106
  vertex 0.0400949717 0.00299996091 0.0422480106
  vertex 0.0404738709 0.00299996091 0.042198889
  endloop
 endfacet

 facet normal -0.400048792 -0.333586991 0.853627861
  outer loop
  vertex -0.039161019 0.00299996091 0.0379120111
  vertex -0.039161019 0 0.0379120111
  vertex -0.0388201997 0 0.0380839705
  endloop
 endfacet

 facet normal -0.69906503 0.333503813 -0.632521331
  outer loop
  vertex -0.0385134816 0.00299996091 0.0416889116
  vertex -0.0382493697 0.00299996091 0.0414129384
  vertex -0.0382493697 0 0.0414129384
  endloop
 endfacet

 facet normal 0.74993664 0.333445728 -0.571322262
  outer loop
  vertex 0.0381358787 0 0.0412600003
  vertex 0.0381358787 0.00299996091 0.0412600003
  vertex 0.03837597 0.00299996091 0.0415569507
  endloop
 endfacet

 facet normal 0.774693668 -0.333031237 -0.537531376
  outer loop
  vertex -0.0617755018 0.00299996091 -0.0586180612
  vertex -0.0617755018 0 -0.0586180612
  vertex -0.0619788095 0 -0.0589289591
  endloop
 endfacet

 facet normal -0.766331732 0.333384067 -0.549172759
  outer loop
  vertex 0.0417509004 0 -0.0385869704
  vertex 0.0417509004 0.00299996091 -0.0385869704
  vertex 0.0419639312 0.00299996091 -0.0389029309
  endloop
 endfacet

 facet normal -0.869629145 0.333511978 0.36402598
  outer loop
  vertex -0.0378785096 0 0.0392499492
  vertex -0.0378785096 0.00299996091 0.0392499492
  vertex -0.0380356908 0.00299996091 0.0389029309
  endloop
 endfacet

 facet normal 0.942323983 -0.33362031 -0.0268914495
  outer loop
  vertex 0.0243058801 0.00299996091 0.0261438992
  vertex 0.0243058801 0 0.0261438992
  vertex 0.0243058801 0 0.0258558895
  endloop
 endfacet

 facet normal 0.599413872 -0.33302018 -0.727874041
  outer loop
  vertex 0.0587693416 0 -0.0581164882
  vertex 0.0584756695 0 -0.0583447814
  vertex 0.0584756695 0.00299996091 -0.0583447814
  endloop
 endfacet

 facet normal -0.941512883 -0.332949996 -0.0519401617
  outer loop
  vertex 0.0622499511 0.00299996091 0.0599999391
  vertex 0.0622499511 0 0.0599999391
  vertex 0.0622188412 0 0.0603706203
  endloop
 endfacet

 facet normal -0.796097815 -0.333453864 0.505011797
  outer loop
  vertex 0.0417509004 0 -0.0414129384
  vertex 0.0419639312 0 -0.0410969183
  vertex 0.0419639312 0.00299996091 -0.0410969183
  endloop
 endfacet

 facet normal 0.920116067 -0.33297962 0.206182227
  outer loop
  vertex -0.0622192584 0.00299996091 0.0596293211
  vertex -0.0622192584 0 0.0596293211
  vertex -0.0621280596 0 0.0592693016
  endloop
 endfacet

 facet normal 0.602755249 0.333425552 0.724923074
  outer loop
  vertex -0.0270107891 0 0.0246329904
  vertex -0.0270107891 0.00299996091 0.0246329904
  vertex -0.0272272807 0.00299996091 0.0248239599
  endloop
 endfacet

 facet normal -0.0926470459 0.33363837 0.938137472
  outer loop
  vertex 0.0263578799 0.00299996091 -0.0276619103
  vertex 0.0260719601 0.00299996091 -0.0276979804
  vertex 0.0260719601 0 -0.0276979804
  endloop
 endfacet

 facet normal 0.933281302 0.333427906 -0.133461937
  outer loop
  vertex 0.037757989 0 -0.0398089215
  vertex 0.037757989 0.00299996091 -0.0398089215
  vertex 0.0378229618 0.00299996091 -0.0394329987
  endloop
 endfacet

 facet normal 0.172321722 0.33344537 -0.926886857
  outer loop
  vertex 0.0255018994 0.00299996091 -0.02437496
  vertex 0.0257839505 0.00299996091 -0.0243139807
  vertex 0.0257839505 0 -0.0243139807
  endloop
 endfacet

 facet normal -0.796096444 -0.333453029 0.50501436
  outer loop
  vertex 0.0417509004 0 0.0385869704
  vertex 0.0419639312 0 0.0389029309
  vertex 0.0419639312 0.00299996091 0.0389029309
  endloop
 endfacet

 facet normal -0.301730096 0.333629102 -0.893112838
  outer loop
  vertex -0.0395259187 0.00299996091 -0.0377999507
  vertex -0.039161019 0.00299996091 -0.0379119515
  vertex -0.039161019 0 -0.0379119515
  endloop
 endfacet

 facet normal 0.599431396 -0.33300373 -0.727867186
  outer loop
  vertex 0.0587693416 0 0.0618833788
  vertex 0.0584756695 0 0.06165516
  vertex 0.0584756695 0.00299996091 0.06165516
  endloop
 endfacet

 facet normal 0.0668833926 -0.333362192 0.940423369
  outer loop
  vertex 0.0257839505 0.00299996091 -0.0276859403
  vertex 0.0257839505 0 -0.0276859403
  vertex 0.0260719601 0 -0.0276979804
  endloop
 endfacet

 facet normal -0.582059741 0.333534122 0.741593897
  outer loop
  vertex 0.0414869115 0 0.0383110009
  vertex 0.0414869115 0.00299996091 0.0383110009
  vertex 0.0411799513 0.00299996091 0.0380839705
  endloop
 endfacet

 facet normal -0.0937129855 0.333327234 0.93814218
  outer loop
  vertex -0.0395259187 0.00299996091 0.0378009006
  vertex -0.0399044715 0.00299996091 0.037751969
  vertex -0.0399044715 0 0.037751969
  endloop
 endfacet

 facet normal 0.835801959 -0.333590984 0.436064392
  outer loop
  vertex -0.0275490191 0.00299996091 -0.0266999602
  vertex -0.0275490191 0 -0.0266999602
  vertex -0.0274084806 0 -0.0269518998
  endloop
 endfacet

 facet normal 0.172878101 0.33341074 -0.926795781
  outer loop
  vertex -0.0406588912 0.00299996091 -0.0378489383
  vertex -0.0402856991 0.00299996091 -0.0377679393
  vertex -0.0402856991 0 -0.0377679393
  endloop
 endfacet

 facet normal 0.933286428 0.33344698 0.133377135
  outer loop
  vertex 0.0243549291 0.00299996091 0.0255720001
  vertex 0.0243058801 0.00299996091 0.0258558895
  vertex 0.0243058801 0 0.0258558895
  endloop
 endfacet

 facet normal 0.326699942 0.333439827 0.884355724
  outer loop
  vertex 0.0393409692 0 -0.0421509705
  vertex 0.0393409692 0.00299996091 -0.0421509705
  vertex 0.0389869809 0.00299996091 -0.042008929
  endloop
 endfacet

 facet normal 0.282001048 0.332953483 0.899787486
  outer loop
  vertex 0.0594476387 0 0.0578187108
  vertex 0.0594476387 0.00299996091 0.0578187108
  vertex 0.0590958484 0.00299996091 0.0579397604
  endloop
 endfacet

 facet normal 0.89741832 0.333450556 -0.288878828
  outer loop
  vertex 0.0378229618 0 -0.0394329987
  vertex 0.0378229618 0.00299996091 -0.0394329987
  vertex 0.0379499085 0.00299996091 -0.0390729904
  endloop
 endfacet

 facet normal -0.0926655903 0.333661467 0.938127339
  outer loop
  vertex -0.0256417301 0.00299996091 -0.0276619103
  vertex -0.0259278994 0.00299996091 -0.0276979804
  vertex -0.0259278994 0 -0.0276979804
  endloop
 endfacet

 facet normal -0.0926432237 0.333640456 -0.938137174
  outer loop
  vertex 0.0260719601 0 -0.0243020002
  vertex 0.0260719601 0.00299996091 -0.0243020002
  vertex 0.0263578799 0.00299996091 -0.0243379399
  endloop
 endfacet

 facet normal -0.76582092 0.33341825 -0.549864233
  outer loop
  vertex -0.0382493697 0 -0.0385869704
  vertex -0.0382493697 0.00299996091 -0.0385869704
  vertex -0.0380356908 0.00299996091 -0.0389029309
  endloop
 endfacet

 facet normal -0.599416494 0.333010048 0.727876425
  outer loop
  vertex -0.0584760904 0 0.0583447814
  vertex -0.0584760904 0.00299996091 0.0583447814
  vertex -0.0587693416 0.00299996091 0.0581165515
  endloop
 endfacet

 facet normal -0.698897421 0.33337757 0.632773042
  outer loop
  vertex -0.0246772096 0 -0.0270678904
  vertex -0.0246772096 0.00299996091 -0.0270678904
  vertex -0.0248768907 0.00299996091 -0.0272759106
  endloop
 endfacet

 facet normal -0.40004006 -0.333614171 0.853621483
  outer loop
  vertex -0.0253660008 0.00299996091 0.0244229995
  vertex -0.0253660008 0 0.0244229995
  vertex -0.0251086894 0 0.0245519206
  endloop
 endfacet

 facet normal -0.538675666 0.333424628 -0.773729026
  outer loop
  vertex 0.0268909298 0 -0.0245519206
  vertex 0.0268909298 0.00299996091 -0.0245519206
  vertex 0.0271229707 0.00299996091 -0.0247239396
  endloop
 endfacet

 facet normal 0.326168388 0.333392978 -0.884569526
  outer loop
  vertex 0.0252348706 0.00299996091 0.0275179707
  vertex 0.0255018994 0.00299996091 0.0276249591
  vertex 0.0255018994 0 0.0276249591
  endloop
 endfacet

 facet normal 0.172942966 0.333425164 -0.926778615
  outer loop
  vertex 0.0393409692 0.00299996091 0.0421509705
  vertex 0.0397139117 0.00299996091 0.0422319099
  vertex 0.0397139117 0 0.0422319099
  endloop
 endfacet

 facet normal -0.766337931 0.333387285 -0.549162209
  outer loop
  vertex 0.0417509004 0 0.0414129384
  vertex 0.0417509004 0.00299996091 0.0414129384
  vertex 0.0419639312 0.00299996091 0.0410969183
  endloop
 endfacet

 facet normal 0.835703075 -0.333497792 -0.436325192
  outer loop
  vertex -0.0418640301 0 0.0412600003
  vertex -0.0420502983 0 0.0409269892
  vertex -0.0420502983 0.00299996091 0.0409269892
  endloop
 endfacet

 facet normal -0.803216517 -0.332940072 0.493957609
  outer loop
  vertex 0.0617753789 0 0.0586180612
  vertex 0.0619791113 0 0.0589289591
  vertex 0.0619791113 0.00299996091 0.0589289591
  endloop
 endfacet

 facet normal -0.847527087 0.333567083 -0.412832677
  outer loop
  vertex -0.0380356908 0 0.0410969183
  vertex -0.0380356908 0.00299996091 0.0410969183
  vertex -0.0378785096 0.00299996091 0.0407499
  endloop
 endfacet

 facet normal 0.937196851 -0.332994699 0.103811078
  outer loop
  vertex -0.0622499511 0 0.0599999987
  vertex -0.0622192584 0 0.0596293211
  vertex -0.0622192584 0.00299996091 0.0596293211
  endloop
 endfacet

 facet normal -0.803210795 0.332936317 -0.49396944
  outer loop
  vertex 0.0617753789 0.00299996091 0.0613818094
  vertex 0.0619791113 0.00299996091 0.0610709116
  vertex 0.0619791113 0 0.0610709116
  endloop
 endfacet

 facet normal 0.835813105 -0.333595872 0.436039209
  outer loop
  vertex -0.0275490191 0.00299996091 0.0252999607
  vertex -0.0275490191 0 0.0252999607
  vertex -0.0274084806 0 0.0250478908
  endloop
 endfacet

 facet normal 0.470728636 -0.333759636 0.816712379
  outer loop
  vertex 0.0249888804 0 -0.0273669902
  vertex 0.0252348706 0 -0.0275179707
  vertex 0.0252348706 0.00299996091 -0.0275179707
  endloop
 endfacet

 facet normal 0.675854146 0.332899839 0.657570422
  outer loop
  vertex 0.0584756695 0 -0.06165516
  vertex 0.0584756695 0.00299996091 -0.06165516
  vertex 0.0582244918 0.00299996091 -0.0613818094
  endloop
 endfacet

 facet normal 0.933286428 0.333447009 -0.133377135
  outer loop
  vertex 0.0243058801 0 -0.0258558895
  vertex 0.0243058801 0.00299996091 -0.0258558895
  vertex 0.0243549291 0.00299996091 -0.0255720001
  endloop
 endfacet

 facet normal -0.869638145 0.33332184 0.364178777
  outer loop
  vertex 0.0276029706 0 0.0254338905
  vertex 0.0276029706 0.00299996091 0.0254338905
  vertex 0.0274839401 0.00299996091 0.02517098
  endloop
 endfacet

 facet normal -0.281964779 0.332964629 -0.899794638
  outer loop
  vertex 0.0605521686 0 0.0621812306
  vertex 0.0605521686 0.00299996091 0.0621812306
  vertex 0.0609040186 0.00299996091 0.0620601699
  endloop
 endfacet

 facet normal 0.470825136 -0.333674163 -0.816691697
  outer loop
  vertex -0.0267652199 0.00299996091 -0.0244819503
  vertex -0.0267652199 0 -0.0244819503
  vertex -0.0270107891 0 -0.0246329904
  endloop
 endfacet

 facet normal 0.835584939 -0.333506525 0.436544687
  outer loop
  vertex 0.0244508907 0.00299996091 -0.0266999602
  vertex 0.0244508907 0 -0.0266999602
  vertex 0.0245919805 0 -0.0269518998
  endloop
 endfacet

 facet normal 0.326141298 0.333413452 -0.884571791
  outer loop
  vertex 0.0252348706 0.00299996091 -0.0244819503
  vertex 0.0255018994 0.00299996091 -0.02437496
  vertex 0.0255018994 0 -0.02437496
  endloop
 endfacet

 facet normal 0.920112848 -0.332983077 0.206190601
  outer loop
  vertex -0.0622192584 0.00299996091 -0.0603706203
  vertex -0.0622192584 0 -0.0603706203
  vertex -0.0621280596 0 -0.0607305691
  endloop
 endfacet

 facet normal 0.8974123 0.333457202 0.288890123
  outer loop
  vertex 0.0379499085 0.00299996091 -0.0409269892
  vertex 0.0378229618 0.00299996091 -0.0405669808
  vertex 0.0378229618 0 -0.0405669808
  endloop
 endfacet

 facet normal 0.0137609672 -0.333568126 -0.942625582
  outer loop
  vertex 0.0400949717 0.00299996091 -0.037751969
  vertex 0.0400949717 0 -0.037751969
  vertex 0.0397139117 0 -0.0377679393
  endloop
 endfacet

 facet normal 0.933280349 0.333430111 0.133461863
  outer loop
  vertex 0.0378229618 0.00299996091 0.0394329987
  vertex 0.037757989 0.00299996091 0.0398089215
  vertex 0.037757989 0 0.0398089215
  endloop
 endfacet

 facet normal -0.129820585 0.333036959 -0.933934093
  outer loop
  vertex 0.0601856709 0 0.0622425601
  vertex 0.0601856709 0.00299996091 0.0622425601
  vertex 0.0605521686 0.00299996091 0.0621812306
  endloop
 endfacet

 facet normal 0.716416836 0.333515942 0.612792075
  outer loop
  vertex -0.0272272807 0 0.0248239599
  vertex -0.0272272807 0.00299996091 0.0248239599
  vertex -0.0274084806 0.00299996091 0.0250478908
  endloop
 endfacet

 facet normal 0.835813165 -0.333595902 -0.436039209
  outer loop
  vertex -0.0274084806 0 -0.0250478908
  vertex -0.0275490191 0 -0.0252999607
  vertex -0.0275490191 0.00299996091 -0.0252999607
  endloop
 endfacet

 facet normal 0.470767319 -0.333690852 -0.816718102
  outer loop
  vertex -0.0267652199 0.00299996091 0.0275179707
  vertex -0.0267652199 0 0.0275179707
  vertex -0.0270107891 0 0.0273669902
  endloop
 endfacet

 facet normal -0.698896468 0.33337763 -0.632774115
  outer loop
  vertex -0.0248768907 0.00299996091 0.0272759106
  vertex -0.0246772096 0.00299996091 0.0270678904
  vertex -0.0246772096 0 0.0270678904
  endloop
 endfacet

 facet normal -0.765776575 0.333539426 -0.549852431
  outer loop
  vertex -0.0246772096 0 -0.0249319002
  vertex -0.0246772096 0.00299996091 -0.0249319002
  vertex -0.0245158002 0.00299996091 -0.02517098
  endloop
 endfacet

 facet normal -0.869820952 0.333487064 0.363590211
  outer loop
  vertex -0.0243970696 0 0.0254338905
  vertex -0.0243970696 0.00299996091 0.0254338905
  vertex -0.0245158002 0.00299996091 0.02517098
  endloop
 endfacet

 facet normal 0.326015919 0.333462954 -0.884599388
  outer loop
  vertex -0.0267652199 0.00299996091 0.0275179707
  vertex -0.0264977794 0.00299996091 0.0276249591
  vertex -0.0264977794 0 0.0276249591
  endloop
 endfacet

 facet normal 0.873800457 -0.33316955 -0.354218334
  outer loop
  vertex 0.0580207109 0 -0.0589289591
  vertex 0.0578718707 0 -0.0592693016
  vertex 0.0578718707 0.00299996091 -0.0592693016
  endloop
 endfacet

 facet normal 0.873800635 -0.333169222 0.354218453
  outer loop
  vertex 0.0578718707 0.00299996091 0.0592693016
  vertex 0.0578718707 0 0.0592693016
  vertex 0.0580207109 0 0.0589289591
  endloop
 endfacet

 facet normal 0.172895953 0.333431065 0.926785171
  outer loop
  vertex 0.0397139117 0 -0.0422319099
  vertex 0.0397139117 0.00299996091 -0.0422319099
  vertex 0.0393409692 0.00299996091 -0.0421509705
  endloop
 endfacet

 facet normal 0.835783124 -0.333563387 -0.436121613
  outer loop
  vertex 0.0381358787 0 0.0412600003
  vertex 0.0379499085 0 0.0409269892
  vertex 0.0379499085 0.00299996091 0.0409269892
  endloop
 endfacet

 facet normal -0.907340527 0.332999349 -0.256602228
  outer loop
  vertex -0.0578718707 0 -0.0592693016
  vertex -0.0578718707 0.00299996091 -0.0592693016
  vertex -0.0577806793 0.00299996091 -0.0596293211
  endloop
 endfacet

 facet normal -0.30137974 0.333627403 -0.893231809
  outer loop
  vertex 0.0263578799 0.00299996091 -0.0243379399
  vertex 0.0266339108 0.00299996091 -0.0244229995
  vertex 0.0266339108 0 -0.0244229995
  endloop
 endfacet

 facet normal -0.869827628 0.333499908 0.363562375
  outer loop
  vertex -0.0243970696 0 -0.0265659001
  vertex -0.0243970696 0.00299996091 -0.0265659001
  vertex -0.0245158002 0.00299996091 -0.0268290006
  endloop
 endfacet

 facet normal -0.400174171 0.333571464 -0.853575289
  outer loop
  vertex 0.0266339108 0 -0.0244229995
  vertex 0.0266339108 0.00299996091 -0.0244229995
  vertex 0.0268909298 0.00299996091 -0.0245519206
  endloop
 endfacet

 facet normal 5.37576057e-07 1 0
  outer loop
  vertex -0.0272272807 0.00299996091 0.0271759592
  vertex -0.0382493697 0.00299996091 0.0385869704
  vertex -0.0380356908 0.00299996091 0.0389029309
  endloop
 endfacet

 facet normal 0 1 0
  outer loop
  vertex -0.0378785096 0.00299996091 0.0392499492
  vertex -0.037782371 0.00299996091 0.0396199785
  vertex -0.0264977794 0.00299996091 0.0276249591
  endloop
 endfacet

 facet normal -1.58076e-06 1 0
  outer loop
  vertex -0.0272272807 0.00299996091 0.0271759592
  vertex -0.0380356908 0.00299996091 0.0389029309
  vertex -0.0270107891 0.00299996091 0.0273669902
  endloop
 endfacet

 facet normal 0 1 0
  outer loop
  vertex -0.0380356908 0.00299996091 0.0389029309
  vertex -0.0378785096 0.00299996091 0.0392499492
  vertex -0.0270107891 0.00299996091 0.0273669902
  endloop
 endfacet

 facet normal -2.62717037e-07 1 0
  outer loop
  vertex -0.0378785096 0.00299996091 0.0392499492
  vertex -0.0264977794 0.00299996091 0.0276249591
  vertex -0.0267652199 0.00299996091 0.0275179707
  endloop
 endfacet

 facet normal 0.87379086 -0.333169758 -0.354242176
  outer loop
  vertex 0.0580207109 0 0.0610709116
  vertex 0.0578718707 0 0.0607305691
  vertex 0.0578718707 0.00299996091 0.0607305691
  endloop
 endfacet

 facet normal 0.933285713 0.333453298 0.133367062
  outer loop
  vertex 0.0243549291 0.00299996091 -0.0264279805
  vertex 0.0243058801 0.00299996091 -0.0261438992
  vertex 0.0243058801 0 -0.0261438992
  endloop
 endfacet

 facet normal 0 1 0
  outer loop
  vertex 0.074000001 0.00299996091 -0.074000001
  vertex -0.074000001 0.00299996091 -0.074000001
  vertex -0.0587693416 0.00299996091 -0.0618834384
  endloop
 endfacet

 facet normal 0 1 0
  outer loop
  vertex -0.074000001 0.00299996091 -0.074000001
  vertex -0.0601857901 0.00299996091 -0.0622425601
  vertex -0.0598141514 0.00299996091 -0.0622425601
  endloop
 endfacet

 facet normal 3.80112027e-07 1 0
  outer loop
  vertex -0.074000001 0.00299996091 -0.074000001
  vertex -0.0598141514 0.00299996091 -0.0622425601
  vertex -0.0594475791 0.00299996091 -0.0621812306
  endloop
 endfacet

 facet normal 0 1 0
  outer loop
  vertex -0.0590960905 0.00299996091 0.0620601699
  vertex -0.074000001 0.00299996091 0.074000001
  vertex -0.0587693416 0.00299996091 0.0618834384
  endloop
 endfacet

 facet normal 0 1 0
  outer loop
  vertex -0.074000001 0.00299996091 0.074000001
  vertex 0.074000001 0.00299996091 0.074000001
  vertex -0.0587693416 0.00299996091 0.0618834384
  endloop
 endfacet

 facet normal -2.61416005e-07 1 0
  outer loop
  vertex -0.074000001 0.00299996091 -0.074000001
  vertex -0.0594475791 0.00299996091 -0.0621812306
  vertex -0.0590960905 0.00299996091 -0.0620601699
  endloop
 endfacet

 facet normal 0 1 0
  outer loop
  vertex -0.0590960905 0.00299996091 -0.0620601699
  vertex -0.0587693416 0.00299996091 -0.0618834384
  vertex -0.074000001 0.00299996091 -0.074000001
  endloop
 endfacet

 facet normal 0 1 0
  outer loop
  vertex -0.0587693416 0.00299996091 -0.0618834384
  vertex 0.0587693416 0.00299996091 -0.0618833788
  vertex 0.074000001 0.00299996091 -0.074000001
  endloop
 endfacet

 facet normal 0 1 0
  outer loop
  vertex -0.0584760904 0.00299996091 0.06165516
  vertex -0.0587693416 0.00299996091 0.0618834384
  vertex 0.0587693416 0.00299996091 0.0618833788
  endloop
 endfacet

 facet normal 0 1 0
  outer loop
  vertex -0.0587693416 0.00299996091 0.0618834384
  vertex 0.074000001 0.00299996091 0.074000001
  vertex 0.0587693416 0.00299996091 0.0618833788
  endloop
 endfacet

 facet normal 0 1 0
  outer loop
  vertex -0.0582244284 0.00299996091 0.0613818094
  vertex -0.0584760904 0.00299996091 0.06165516
  vertex 0.0587693416 0.00299996091 0.0618833788
  endloop
 endfacet

 facet normal 4.49498998e-07 1 0
  outer loop
  vertex 0.074000001 0.00299996091 -0.074000001
  vertex 0.0587693416 0.00299996091 -0.0618833788
  vertex 0.0590958484 0.00299996091 -0.0620601699
  endloop
 endfacet

 facet normal 0 1 0
  outer loop
  vertex -0.0580210611 0.00299996091 0.0610709712
  vertex -0.0582244284 0.00299996091 0.0613818094
  vertex 0.0587693416 0.00299996091 0.0618833788
  endloop
 endfacet

 facet normal 0 1 0
  outer loop
  vertex -0.0578718707 0.00299996091 0.0607305691
  vertex -0.0580210611 0.00299996091 0.0610709712
  vertex -0.039161019 0.00299996091 0.0420879684
  endloop
 endfacet

 facet normal 0 1 0
  outer loop
  vertex -0.039161019 0.00299996091 0.0420879684
  vertex -0.0580210611 0.00299996091 0.0610709712
  vertex -0.0388201997 0.00299996091 0.0419159494
  endloop
 endfacet

 facet normal 2.61008012e-07 1 0
  outer loop
  vertex 0.074000001 0.00299996091 -0.074000001
  vertex 0.0590958484 0.00299996091 -0.0620601699
  vertex 0.0594476387 0.00299996091 -0.0621812306
  endloop
 endfacet

 facet normal -3.80140989e-07 1 0
  outer loop
  vertex 0.074000001 0.00299996091 -0.074000001
  vertex 0.0594476387 0.00299996091 -0.0621812306
  vertex 0.059814211 0.00299996091 -0.0622425601
  endloop
 endfacet

 facet normal 0 1 0
  outer loop
  vertex -0.0577806793 0.00299996091 0.0603706203
  vertex -0.0578718707 0.00299996091 0.0607305691
  vertex -0.0395259187 0.00299996091 0.042198889
  endloop
 endfacet

 facet normal 0 1 0
  outer loop
  vertex -0.0395259187 0.00299996091 0.042198889
  vertex -0.0578718707 0.00299996091 0.0607305691
  vertex -0.039161019 0.00299996091 0.0420879684
  endloop
 endfacet

 facet normal 0 1 0
  outer loop
  vertex -0.0577499196 0.00299996091 0.0599999987
  vertex -0.0577806793 0.00299996091 0.0603706203
  vertex -0.0399044715 0.00299996091 0.0422480106
  endloop
 endfacet

 facet normal 0 1 0
  outer loop
  vertex -0.0399044715 0.00299996091 0.0422480106
  vertex -0.0577806793 0.00299996091 0.0603706203
  vertex -0.0395259187 0.00299996091 0.042198889
  endloop
 endfacet

 facet normal 0 1 0
  outer loop
  vertex 0.074000001 0.00299996091 -0.074000001
  vertex 0.059814211 0.00299996091 -0.0622425601
  vertex 0.0601856709 0.00299996091 -0.0622425601
  endloop
 endfacet

 facet normal 2.53521023e-07 1 0
  outer loop
  vertex 0.074000001 0.00299996091 -0.074000001
  vertex 0.0601856709 0.00299996091 -0.0622425601
  vertex 0.0605521686 0.00299996091 -0.0621812306
  endloop
 endfacet

 facet normal 0 1 0
  outer loop
  vertex -0.0577806793 0.00299996091 0.0596293211
  vertex -0.0577499196 0.00299996091 0.0599999987
  vertex -0.0402856991 0.00299996091 0.0422319099
  endloop
 endfacet

 facet normal 0 1 0
  outer loop
  vertex -0.0402856991 0.00299996091 0.0422319099
  vertex -0.0577499196 0.00299996091 0.0599999987
  vertex -0.0399044715 0.00299996091 0.0422480106
  endloop
 endfacet

 facet normal 0 1 0
  outer loop
  vertex -0.0578718707 0.00299996091 0.0592693016
  vertex -0.0577806793 0.00299996091 0.0596293211
  vertex -0.0406588912 0.00299996091 0.0421509705
  endloop
 endfacet

 facet normal -9.20011075e-07 1 0
  outer loop
  vertex -0.0406588912 0.00299996091 0.0421509705
  vertex -0.0577806793 0.00299996091 0.0596293211
  vertex -0.0402856991 0.00299996091 0.0422319099
  endloop
 endfacet

 facet normal 0 1 0
  outer loop
  vertex 0.074000001 0.00299996091 -0.074000001
  vertex 0.0605521686 0.00299996091 -0.0621812306
  vertex 0.0609040186 0.00299996091 -0.0620601699
  endloop
 endfacet

 facet normal 0 1 0
  outer loop
  vertex 0.074000001 0.00299996091 -0.074000001
  vertex 0.0609040186 0.00299996091 -0.0620601699
  vertex 0.0612304807 0.00299996091 -0.0618833788
  endloop
 endfacet

 facet normal 0 1 0
  outer loop
  vertex -0.0580210611 0.00299996091 0.0589289591
  vertex -0.0578718707 0.00299996091 0.0592693016
  vertex -0.0406588912 0.00299996091 0.0421509705
  endloop
 endfacet

 facet normal 0 1 0
  outer loop
  vertex -0.0582244284 0.00299996091 0.0586180612
  vertex -0.0580210611 0.00299996091 0.0589289591
  vertex -0.0406588912 0.00299996091 0.0421509705
  endloop
 endfacet

 facet normal 7.19968e-07 1 0
  outer loop
  vertex 0.074000001 0.00299996091 -0.074000001
  vertex 0.0612304807 0.00299996091 -0.0618833788
  vertex 0.0615242086 0.00299996091 -0.06165516
  endloop
 endfacet

 facet normal -8.90552087e-07 1 0
  outer loop
  vertex 0.074000001 0.00299996091 -0.074000001
  vertex 0.0615242086 0.00299996091 -0.06165516
  vertex 0.0617753789 0.00299996091 -0.0613818094
  endloop
 endfacet

 facet normal 0 1 0
  outer loop
  vertex -0.0584760904 0.00299996091 0.0583447814
  vertex -0.0582244284 0.00299996091 0.0586180612
  vertex -0.0410129987 0.00299996091 0.042008929
  endloop
 endfacet

 facet normal 0 1 0
  outer loop
  vertex -0.0587693416 0.00299996091 0.0581165515
  vertex -0.0584760904 0.00299996091 0.0583447814
  vertex -0.0413378403 0.00299996091 0.0418089591
  endloop
 endfacet

 facet normal -5.32584068e-07 1 0
  outer loop
  vertex -0.0582244284 0.00299996091 0.0586180612
  vertex -0.0406588912 0.00299996091 0.0421509705
  vertex -0.0410129987 0.00299996091 0.042008929
  endloop
 endfacet

 facet normal 4.81802999e-07 1 0
  outer loop
  vertex 0.074000001 0.00299996091 -0.074000001
  vertex 0.0617753789 0.00299996091 -0.0613818094
  vertex 0.0619791113 0.00299996091 -0.0610709116
  endloop
 endfacet

 facet normal 4.15678983e-07 1 0
  outer loop
  vertex 0.074000001 0.00299996091 -0.074000001
  vertex 0.0619791113 0.00299996091 -0.0610709116
  vertex 0.062128 0.00299996091 -0.0607305691
  endloop
 endfacet

 facet normal 0 1 0
  outer loop
  vertex -0.0590960905 0.00299996091 0.0579397604
  vertex -0.0587693416 0.00299996091 0.0581165515
  vertex -0.0416243002 0.00299996091 0.0415569507
  endloop
 endfacet

 facet normal 0 1 0
  outer loop
  vertex -0.0594475791 0.00299996091 0.0578187108
  vertex -0.0590960905 0.00299996091 0.0579397604
  vertex -0.0418640301 0.00299996091 0.0412600003
  endloop
 endfacet

 facet normal 0 1 0
  outer loop
  vertex -0.0584760904 0.00299996091 0.0583447814
  vertex -0.0410129987 0.00299996091 0.042008929
  vertex -0.0413378403 0.00299996091 0.0418089591
  endloop
 endfacet

 facet normal 0 1 0
  outer loop
  vertex 0.074000001 0.00299996091 -0.074000001
  vertex 0.062128 0.00299996091 -0.0607305691
  vertex 0.0622188412 0.00299996091 -0.0603706203
  endloop
 endfacet

 facet normal -1.04420997e-06 1 0
  outer loop
  vertex 0.074000001 0.00299996091 -0.074000001
  vertex 0.0622188412 0.00299996091 -0.0603706203
  vertex 0.0622499511 0.00299996091 -0.0599999391
  endloop
 endfacet

 facet normal 0 1 0
  outer loop
  vertex -0.0598141514 0.00299996091 0.0577573106
  vertex -0.0594475791 0.00299996091 0.0578187108
  vertex -0.0420502983 0.00299996091 0.0409269892
  endloop
 endfacet

 facet normal 0 1 0
  outer loop
  vertex -0.0421773084 0.00299996091 0.0394329987
  vertex -0.0605522916 0.00299996091 0.0578187108
  vertex -0.0601857901 0.00299996091 0.0577573106
  endloop
 endfacet

 facet normal 0 1 0
  outer loop
  vertex -0.0421773084 0.00299996091 0.0394329987
  vertex -0.0601857901 0.00299996091 0.0577573106
  vertex -0.0422418714 0.00299996091 0.0398089215
  endloop
 endfacet

 facet normal 0 1 0
  outer loop
  vertex -0.0601857901 0.00299996091 0.0577573106
  vertex -0.0598141514 0.00299996091 0.0577573106
  vertex -0.0422418714 0.00299996091 0.0398089215
  endloop
 endfacet

 facet normal 0 1 0
  outer loop
  vertex 0.074000001 0.00299996091 0.074000001
  vertex 0.074000001 0.00299996091 -0.074000001
  vertex 0.0619791113 0.00299996091 -0.0589289591
  endloop
 endfacet

 facet normal 8.12148016e-07 1 0
  outer loop
  vertex 0.074000001 0.00299996091 -0.074000001
  vertex 0.0622499511 0.00299996091 -0.0599999391
  vertex 0.0622188412 0.00299996091 -0.0596293211
  endloop
 endfacet

 facet normal 0 1 0
  outer loop
  vertex 0.074000001 0.00299996091 -0.074000001
  vertex 0.0622188412 0.00299996091 -0.0596293211
  vertex 0.062128 0.00299996091 -0.0592693016
  endloop
 endfacet

 facet normal 0 1 0
  outer loop
  vertex -0.0422418714 0.00299996091 0.040190991
  vertex -0.0422418714 0.00299996091 0.0398089215
  vertex -0.0598141514 0.00299996091 0.0577573106
  endloop
 endfacet

 facet normal 0 1 0
  outer loop
  vertex -0.0421773084 0.00299996091 0.0405669808
  vertex -0.0422418714 0.00299996091 0.040190991
  vertex -0.0598141514 0.00299996091 0.0577573106
  endloop
 endfacet

 facet normal 1.10791007e-06 1 0
  outer loop
  vertex 0.074000001 0.00299996091 -0.074000001
  vertex 0.062128 0.00299996091 -0.0592693016
  vertex 0.0619791113 0.00299996091 -0.0589289591
  endloop
 endfacet

 facet normal 0 1 0
  outer loop
  vertex -0.0420502983 0.00299996091 0.0409269892
  vertex -0.0421773084 0.00299996091 0.0405669808
  vertex -0.0598141514 0.00299996091 0.0577573106
  endloop
 endfacet

 facet normal 0 1 0
  outer loop
  vertex -0.0418640301 0.00299996091 0.0412600003
  vertex -0.0420502983 0.00299996091 0.0409269892
  vertex -0.0594475791 0.00299996091 0.0578187108
  endloop
 endfacet

 facet normal 0 1 0
  outer loop
  vertex 0.074000001 0.00299996091 0.074000001
  vertex 0.0619791113 0.00299996091 -0.0589289591
  vertex 0.0619791113 0.00299996091 0.0589289591
  endloop
 endfacet

 facet normal -2.42447004e-06 1 0
  outer loop
  vertex 0.0619791113 0.00299996091 -0.0589289591
  vertex 0.0617753789 0.00299996091 -0.0586180612
  vertex 0.0619791113 0.00299996091 0.0589289591
  endloop
 endfacet

 facet normal 0 1 0
  outer loop
  vertex 0.0617753789 0.00299996091 -0.0586180612
  vertex 0.0615242086 0.00299996091 -0.0583447814
  vertex 0.0617753789 0.00299996091 0.0586180612
  endloop
 endfacet

 facet normal 7.37863047e-07 1 0
  outer loop
  vertex 0.0617753789 0.00299996091 -0.0586180612
  vertex 0.0617753789 0.00299996091 0.0586180612
  vertex 0.0619791113 0.00299996091 0.0589289591
  endloop
 endfacet

 facet normal 0 1 0
  outer loop
  vertex -0.0416243002 0.00299996091 0.0415569507
  vertex -0.0418640301 0.00299996091 0.0412600003
  vertex -0.0590960905 0.00299996091 0.0579397604
  endloop
 endfacet

 facet normal 0 1 0
  outer loop
  vertex -0.0413378403 0.00299996091 0.0418089591
  vertex -0.0416243002 0.00299996091 0.0415569507
  vertex -0.0587693416 0.00299996091 0.0581165515
  endloop
 endfacet

 facet normal 1.10777e-06 1 0
  outer loop
  vertex 0.074000001 0.00299996091 0.074000001
  vertex 0.0619791113 0.00299996091 0.0589289591
  vertex 0.062128 0.00299996091 0.0592693016
  endloop
 endfacet

 facet normal 0 1 0
  outer loop
  vertex 0.074000001 0.00299996091 0.074000001
  vertex 0.062128 0.00299996091 0.0592693016
  vertex 0.0622188412 0.00299996091 0.0596293211
  endloop
 endfacet

 facet normal 6.96182042e-07 1 0
  outer loop
  vertex 0.074000001 0.00299996091 0.074000001
  vertex 0.0622188412 0.00299996091 0.0596293211
  vertex 0.0622499511 0.00299996091 0.0599999391
  endloop
 endfacet

 facet normal -9.49248033e-07 1 0
  outer loop
  vertex 0.074000001 0.00299996091 0.074000001
  vertex 0.0622499511 0.00299996091 0.0599999391
  vertex 0.0622188412 0.00299996091 0.0603706203
  endloop
 endfacet

 facet normal 0 1 0
  outer loop
  vertex 0.074000001 0.00299996091 0.074000001
  vertex 0.0622188412 0.00299996091 0.0603706203
  vertex 0.062128 0.00299996091 0.0607305691
  endloop
 endfacet

 facet normal 4.15671025e-07 1 0
  outer loop
  vertex 0.074000001 0.00299996091 0.074000001
  vertex 0.062128 0.00299996091 0.0607305691
  vertex 0.0619791113 0.00299996091 0.0610709116
  endloop
 endfacet

 facet normal 4.81811981e-07 1 0
  outer loop
  vertex 0.074000001 0.00299996091 0.074000001
  vertex 0.0619791113 0.00299996091 0.0610709116
  vertex 0.0617753789 0.00299996091 0.0613818094
  endloop
 endfacet

 facet normal 0 1 0
  outer loop
  vertex -0.0388201997 0.00299996091 0.0419159494
  vertex -0.0580210611 0.00299996091 0.0610709712
  vertex 0.0587693416 0.00299996091 0.0618833788
  endloop
 endfacet

 facet normal -8.90552087e-07 1 0
  outer loop
  vertex 0.074000001 0.00299996091 0.074000001
  vertex 0.0617753789 0.00299996091 0.0613818094
  vertex 0.0615242086 0.00299996091 0.06165516
  endloop
 endfacet

 facet normal 6.3216703e-07 1 0
  outer loop
  vertex 0.074000001 0.00299996091 0.074000001
  vertex 0.0615242086 0.00299996091 0.06165516
  vertex 0.0612304807 0.00299996091 0.0618833788
  endloop
 endfacet

 facet normal -2.57312024e-07 1 0
  outer loop
  vertex -0.0385134816 0.00299996091 0.0416889116
  vertex -0.0388201997 0.00299996091 0.0419159494
  vertex 0.0587693416 0.00299996091 0.0618833788
  endloop
 endfacet

 facet normal 0 1 0
  outer loop
  vertex -0.0107695404 0.00299996091 0.0259999596
  vertex -0.0382493697 0.00299996091 0.0414129384
  vertex 0.03837597 0.00299996091 0.0415569507
  endloop
 endfacet

 facet normal 0 1 0
  outer loop
  vertex -0.0382493697 0.00299996091 0.0414129384
  vertex -0.0385134816 0.00299996091 0.0416889116
  vertex 0.03837597 0.00299996091 0.0415569507
  endloop
 endfacet

 facet normal 0 1 0
  outer loop
  vertex 0.0252348706 0.00299996091 0.0275179707
  vertex 0.0107699595 0.00299996091 0.0259999596
  vertex 0.0379499085 0.00299996091 0.0409269892
  endloop
 endfacet

 facet normal 0 1 0
  outer loop
  vertex 0.0107699595 0.00299996091 0.0259999596
  vertex -0.0107695404 0.00299996091 0.0259999596
  vertex 0.03837597 0.00299996091 0.0415569507
  endloop
 endfacet

 facet normal -1.15947e-06 1 0
  outer loop
  vertex 0.0379499085 0.00299996091 0.0409269892
  vertex 0.0107699595 0.00299996091 0.0259999596
  vertex 0.0381358787 0.00299996091 0.0412600003
  endloop
 endfacet

 facet normal 2.87171997e-06 1 0
  outer loop
  vertex 0.0378229618 0.00299996091 0.0405669808
  vertex 0.0255018994 0.00299996091 0.0276249591
  vertex 0.0252348706 0.00299996091 0.0275179707
  endloop
 endfacet

 facet normal 0 1 0
  outer loop
  vertex 0.0379499085 0.00299996091 0.0409269892
  vertex 0.0378229618 0.00299996091 0.0405669808
  vertex 0.0252348706 0.00299996091 0.0275179707
  endloop
 endfacet

 facet normal 0 1 0
  outer loop
  vertex 0.074000001 0.00299996091 0.074000001
  vertex 0.0612304807 0.00299996091 0.0618833788
  vertex 0.0609040186 0.00299996091 0.0620601699
  endloop
 endfacet

 facet normal 0 1 0
  outer loop
  vertex 0.074000001 0.00299996091 0.074000001
  vertex 0.0609040186 0.00299996091 0.0620601699
  vertex 0.0605521686 0.00299996091 0.0621812306
  endloop
 endfacet

 facet normal 0 1 0
  outer loop
  vertex 0.0381358787 0.00299996091 0.0412600003
  vertex 0.0107699595 0.00299996091 0.0259999596
  vertex 0.03837597 0.00299996091 0.0415569507
  endloop
 endfacet

 facet normal 2.53509995e-07 1 0
  outer loop
  vertex 0.074000001 0.00299996091 0.074000001
  vertex 0.0605521686 0.00299996091 0.0621812306
  vertex 0.0601856709 0.00299996091 0.0622425601
  endloop
 endfacet

 facet normal 0 1 0
  outer loop
  vertex 0.074000001 0.00299996091 0.074000001
  vertex 0.0601856709 0.00299996091 0.0622425601
  vertex 0.059814211 0.00299996091 0.0622425601
  endloop
 endfacet

 facet normal 0 1 0
  outer loop
  vertex 0.0386618897 0.00299996091 0.0418089591
  vertex 0.03837597 0.00299996091 0.0415569507
  vertex -0.0385134816 0.00299996091 0.0416889116
  endloop
 endfacet

 facet normal -3.80152983e-07 1 0
  outer loop
  vertex 0.074000001 0.00299996091 0.074000001
  vertex 0.059814211 0.00299996091 0.0622425601
  vertex 0.0594476387 0.00299996091 0.0621812306
  endloop
 endfacet

 facet normal 2.61008012e-07 1 0
  outer loop
  vertex 0.074000001 0.00299996091 0.074000001
  vertex 0.0594476387 0.00299996091 0.0621812306
  vertex 0.0590958484 0.00299996091 0.0620601699
  endloop
 endfacet

 facet normal 0 1 0
  outer loop
  vertex 0.0389869809 0.00299996091 0.042008929
  vertex 0.0386618897 0.00299996091 0.0418089591
  vertex 0.0582244918 0.00299996091 0.0613818094
  endloop
 endfacet

 facet normal 0 1 0
  outer loop
  vertex 0.0386618897 0.00299996091 0.0418089591
  vertex -0.0385134816 0.00299996091 0.0416889116
  vertex 0.0582244918 0.00299996091 0.0613818094
  endloop
 endfacet

 facet normal -1.76325e-06 1 0
  outer loop
  vertex 0.0393409692 0.00299996091 0.0421509705
  vertex 0.0389869809 0.00299996091 0.042008929
  vertex 0.0582244918 0.00299996091 0.0613818094
  endloop
 endfacet

 facet normal 0 1 0
  outer loop
  vertex 0.074000001 0.00299996091 0.074000001
  vertex 0.0590958484 0.00299996091 0.0620601699
  vertex 0.0587693416 0.00299996091 0.0618833788
  endloop
 endfacet

 facet normal -1.31238994e-06 1 0
  outer loop
  vertex 0.0397139117 0.00299996091 0.0422319099
  vertex 0.0393409692 0.00299996091 0.0421509705
  vertex 0.0580207109 0.00299996091 0.0610709116
  endloop
 endfacet

 facet normal 0 1 0
  outer loop
  vertex 0.0400949717 0.00299996091 0.0422480106
  vertex 0.0397139117 0.00299996091 0.0422319099
  vertex 0.0578718707 0.00299996091 0.0607305691
  endloop
 endfacet

 facet normal 2.15422006e-06 1 0
  outer loop
  vertex 0.0393409692 0.00299996091 0.0421509705
  vertex 0.0582244918 0.00299996091 0.0613818094
  vertex 0.0580207109 0.00299996091 0.0610709116
  endloop
 endfacet

 facet normal 1.95588015e-07 1 0
  outer loop
  vertex -0.0385134816 0.00299996091 0.0416889116
  vertex 0.0587693416 0.00299996091 0.0618833788
  vertex 0.0584756695 0.00299996091 0.06165516
  endloop
 endfacet

 facet normal 0 1 0
  outer loop
  vertex -0.0385134816 0.00299996091 0.0416889116
  vertex 0.0584756695 0.00299996091 0.06165516
  vertex 0.0582244918 0.00299996091 0.0613818094
  endloop
 endfacet

 facet normal 1.39379006e-06 1 0
  outer loop
  vertex 0.0397139117 0.00299996091 0.0422319099
  vertex 0.0580207109 0.00299996091 0.0610709116
  vertex 0.0578718707 0.00299996091 0.0607305691
  endloop
 endfacet

 facet normal 0 1 0
  outer loop
  vertex 0.0404738709 0.00299996091 0.042198889
  vertex 0.0400949717 0.00299996091 0.0422480106
  vertex 0.0577810407 0.00299996091 0.0603706203
  endloop
 endfacet

 facet normal 0 1 0
  outer loop
  vertex 0.0400949717 0.00299996091 0.0422480106
  vertex 0.0578718707 0.00299996091 0.0607305691
  vertex 0.0577810407 0.00299996091 0.0603706203
  endloop
 endfacet

 facet normal 0 1 0
  outer loop
  vertex 0.0408388898 0.00299996091 0.0420879684
  vertex 0.0404738709 0.00299996091 0.042198889
  vertex 0.0577499196 0.00299996091 0.0599999391
  endloop
 endfacet

 facet normal -4.66469999e-07 1 0
  outer loop
  vertex 0.0404738709 0.00299996091 0.042198889
  vertex 0.0577810407 0.00299996091 0.0603706203
  vertex 0.0577499196 0.00299996091 0.0599999391
  endloop
 endfacet

 facet normal 0 1 0
  outer loop
  vertex 0.0411799513 0.00299996091 0.0419159494
  vertex 0.0408388898 0.00299996091 0.0420879684
  vertex 0.0577810407 0.00299996091 0.0596293211
  endloop
 endfacet

 facet normal 6.6629508e-07 1 0
  outer loop
  vertex 0.0408388898 0.00299996091 0.0420879684
  vertex 0.0577499196 0.00299996091 0.0599999391
  vertex 0.0577810407 0.00299996091 0.0596293211
  endloop
 endfacet

 facet normal 0 1 0
  outer loop
  vertex 0.0414869115 0.00299996091 0.0416889116
  vertex 0.0411799513 0.00299996091 0.0419159494
  vertex 0.0580207109 0.00299996091 0.0589289591
  endloop
 endfacet

 facet normal 0 1 0
  outer loop
  vertex 0.0411799513 0.00299996091 0.0419159494
  vertex 0.0577810407 0.00299996091 0.0596293211
  vertex 0.0578718707 0.00299996091 0.0592693016
  endloop
 endfacet

 facet normal 0 1 0
  outer loop
  vertex 0.0417509004 0.00299996091 0.0414129384
  vertex 0.0414869115 0.00299996091 0.0416889116
  vertex 0.0582244918 0.00299996091 0.0586180612
  endloop
 endfacet

 facet normal -2.47585007e-07 1 0
  outer loop
  vertex 0.0411799513 0.00299996091 0.0419159494
  vertex 0.0578718707 0.00299996091 0.0592693016
  vertex 0.0580207109 0.00299996091 0.0589289591
  endloop
 endfacet

 facet normal 8.18309104e-07 1 0
  outer loop
  vertex 0.0419639312 0.00299996091 0.0410969183
  vertex 0.0417509004 0.00299996091 0.0414129384
  vertex 0.0584756695 0.00299996091 0.0583447814
  endloop
 endfacet

 facet normal -3.54747016e-07 1 0
  outer loop
  vertex 0.0414869115 0.00299996091 0.0416889116
  vertex 0.0580207109 0.00299996091 0.0589289591
  vertex 0.0582244918 0.00299996091 0.0586180612
  endloop
 endfacet

 facet normal 0 1 0
  outer loop
  vertex 0.0421209894 0.00299996091 0.0407499
  vertex 0.0419639312 0.00299996091 0.0410969183
  vertex 0.0584756695 0.00299996091 0.0583447814
  endloop
 endfacet

 facet normal 0 1 0
  outer loop
  vertex 0.0417509004 0.00299996091 0.0414129384
  vertex 0.0582244918 0.00299996091 0.0586180612
  vertex 0.0584756695 0.00299996091 0.0583447814
  endloop
 endfacet

 facet normal 0 1 0
  outer loop
  vertex 0.0422179103 0.00299996091 0.0403800011
  vertex 0.0421209894 0.00299996091 0.0407499
  vertex 0.0587693416 0.00299996091 0.0581165515
  endloop
 endfacet

 facet normal -5.74773992e-07 1 0
  outer loop
  vertex 0.0421209894 0.00299996091 0.0407499
  vertex 0.0584756695 0.00299996091 0.0583447814
  vertex 0.0587693416 0.00299996091 0.0581165515
  endloop
 endfacet

 facet normal 0 1 0
  outer loop
  vertex 0.0422499105 0.00299996091 0.0399999619
  vertex 0.0422179103 0.00299996091 0.0403800011
  vertex 0.0590958484 0.00299996091 0.0579397604
  endloop
 endfacet

 facet normal 0 1 0
  outer loop
  vertex 0.0422179103 0.00299996091 0.0403800011
  vertex 0.0587693416 0.00299996091 0.0581165515
  vertex 0.0590958484 0.00299996091 0.0579397604
  endloop
 endfacet

 facet normal 0 1 0
  outer loop
  vertex 0.0609040186 0.00299996091 0.0579397604
  vertex 0.0421209894 0.00299996091 0.0392499492
  vertex 0.0605521686 0.00299996091 0.0578187108
  endloop
 endfacet

 facet normal 0 1 0
  outer loop
  vertex 0.0421209894 0.00299996091 0.0392499492
  vertex 0.0422179103 0.00299996091 0.0396199785
  vertex 0.0605521686 0.00299996091 0.0578187108
  endloop
 endfacet

 facet normal 0 1 0
  outer loop
  vertex 0.0422179103 0.00299996091 0.0396199785
  vertex 0.0422499105 0.00299996091 0.0399999619
  vertex 0.0594476387 0.00299996091 0.0578187108
  endloop
 endfacet

 facet normal 0 1 0
  outer loop
  vertex 0.0422499105 0.00299996091 0.0399999619
  vertex 0.0590958484 0.00299996091 0.0579397604
  vertex 0.0594476387 0.00299996091 0.0578187108
  endloop
 endfacet

 facet normal 0 1 0
  outer loop
  vertex 0.0601856709 0.00299996091 0.0577573106
  vertex 0.0605521686 0.00299996091 0.0578187108
  vertex 0.0422179103 0.00299996091 0.0396199785
  endloop
 endfacet

 facet normal 0 1 0
  outer loop
  vertex 0.059814211 0.00299996091 0.0577573106
  vertex 0.0601856709 0.00299996091 0.0577573106
  vertex 0.0422179103 0.00299996091 0.0396199785
  endloop
 endfacet

 facet normal 0.642888546 0.333554447 -0.689518571
  outer loop
  vertex -0.0272272807 0 0.0271759592
  vertex -0.0272272807 0.00299996091 0.0271759592
  vertex -0.0270107891 0.00299996091 0.0273669902
  endloop
 endfacet

 facet normal 0.716400504 0.333501458 0.612819076
  outer loop
  vertex 0.03837597 0 0.0384428985
  vertex 0.03837597 0.00299996091 0.0384428985
  vertex 0.0381358787 0.00299996091 0.0387399085
  endloop
 endfacet

 facet normal 0 1 0
  outer loop
  vertex -0.0380356908 0.00299996091 0.0410969183
  vertex -0.0382493697 0.00299996091 0.0414129384
  vertex -0.0107695404 0.00299996091 0.0259999596
  endloop
 endfacet

 facet normal 0 1 0
  outer loop
  vertex -0.0259999596 0.00299996091 0.0107699595
  vertex -0.0259999596 0.00299996091 -0.0107699595
  vertex -0.0399044715 0.00299996091 -0.037751969
  endloop
 endfacet

 facet normal 6.34045989e-07 1 0
  outer loop
  vertex -0.0259999596 0.00299996091 -0.0107699595
  vertex -0.0264977794 0.00299996091 -0.02437496
  vertex -0.0267652199 0.00299996091 -0.0244819503
  endloop
 endfacet

 facet normal 0 1 0
  outer loop
  vertex -0.0378785096 0.00299996091 0.0407499
  vertex -0.0380356908 0.00299996091 0.0410969183
  vertex -0.0107695404 0.00299996091 0.0259999596
  endloop
 endfacet

 facet normal 0 1 0
  outer loop
  vertex -0.037782371 0.00299996091 0.0403800011
  vertex -0.0378785096 0.00299996091 0.0407499
  vertex -0.0253660008 0.00299996091 0.0275769792
  endloop
 endfacet

 facet normal 0 1 0
  outer loop
  vertex -0.0378785096 0.00299996091 0.0407499
  vertex -0.0107695404 0.00299996091 0.0259999596
  vertex -0.0253660008 0.00299996091 0.0275769792
  endloop
 endfacet

 facet normal -1.7481301e-07 1 0
  outer loop
  vertex -0.0259999596 0.00299996091 -0.0107699595
  vertex -0.0267652199 0.00299996091 -0.0244819503
  vertex -0.0270107891 0.00299996091 -0.0246329904
  endloop
 endfacet

 facet normal 0 1 0
  outer loop
  vertex -0.0377499387 0.00299996091 0.0399999619
  vertex -0.037782371 0.00299996091 0.0403800011
  vertex -0.0256417301 0.00299996091 0.0276619103
  endloop
 endfacet

 facet normal 0 1 0
  outer loop
  vertex -0.0256417301 0.00299996091 0.0276619103
  vertex -0.037782371 0.00299996091 0.0403800011
  vertex -0.0253660008 0.00299996091 0.0275769792
  endloop
 endfacet

 facet normal 0 1 0
  outer loop
  vertex -0.0264977794 0.00299996091 0.0276249591
  vertex -0.037782371 0.00299996091 0.0396199785
  vertex -0.0262159109 0.00299996091 0.0276859403
  endloop
 endfacet

 facet normal 0 1 0
  outer loop
  vertex -0.037782371 0.00299996091 0.0396199785
  vertex -0.0377499387 0.00299996091 0.0399999619
  vertex -0.0262159109 0.00299996091 0.0276859403
  endloop
 endfacet

 facet normal 2.83475003e-07 1 0
  outer loop
  vertex -0.0259999596 0.00299996091 -0.0107699595
  vertex -0.0270107891 0.00299996091 -0.0246329904
  vertex -0.0272272807 0.00299996091 -0.0248239599
  endloop
 endfacet

 facet normal -2.3521302e-06 1 0
  outer loop
  vertex -0.0259999596 0.00299996091 -0.0107699595
  vertex -0.0272272807 0.00299996091 -0.0248239599
  vertex -0.0274084806 0.00299996091 -0.0250478908
  endloop
 endfacet

 facet normal 1.97454006e-06 1 0
  outer loop
  vertex -0.0259278994 0.00299996091 0.0276979804
  vertex -0.0262159109 0.00299996091 0.0276859403
  vertex -0.0377499387 0.00299996091 0.0399999619
  endloop
 endfacet

 facet normal -2.35165999e-06 1 0
  outer loop
  vertex -0.0256417301 0.00299996091 0.0276619103
  vertex -0.0259278994 0.00299996091 0.0276979804
  vertex -0.0377499387 0.00299996091 0.0399999619
  endloop
 endfacet

 facet normal 2.27026976e-06 1 0
  outer loop
  vertex -0.0259999596 0.00299996091 -0.0107699595
  vertex -0.0274084806 0.00299996091 -0.0250478908
  vertex -0.0275490191 0.00299996091 -0.0252999607
  endloop
 endfacet

 facet normal 0 1 0
  outer loop
  vertex -0.0259999596 0.00299996091 -0.0107699595
  vertex -0.0275490191 0.00299996091 -0.0252999607
  vertex -0.0399044715 0.00299996091 -0.037751969
  endloop
 endfacet

 facet normal 4.20021024e-07 1 0
  outer loop
  vertex -0.0399044715 0.00299996091 -0.037751969
  vertex -0.0275490191 0.00299996091 -0.0252999607
  vertex -0.0276451092 0.00299996091 -0.0255720001
  endloop
 endfacet

 facet normal 0 1 0
  outer loop
  vertex -0.0251086894 0.00299996091 0.0274479296
  vertex -0.0253660008 0.00299996091 0.0275769792
  vertex -0.0107695404 0.00299996091 0.0259999596
  endloop
 endfacet

 facet normal 4.26807986e-07 1 0
  outer loop
  vertex -0.0248768907 0.00299996091 0.0272759106
  vertex -0.0251086894 0.00299996091 0.0274479296
  vertex -0.0107695404 0.00299996091 0.0259999596
  endloop
 endfacet

 facet normal 0 1 0
  outer loop
  vertex -0.0276451092 0.00299996091 -0.0255720001
  vertex -0.0276938006 0.00299996091 -0.0258558895
  vertex -0.0399044715 0.00299996091 -0.037751969
  endloop
 endfacet

 facet normal 0 1 0
  outer loop
  vertex -0.0246772096 0.00299996091 0.0270678904
  vertex -0.0248768907 0.00299996091 0.0272759106
  vertex -0.0107695404 0.00299996091 0.0259999596
  endloop
 endfacet

 facet normal 0 1 0
  outer loop
  vertex -0.0245158002 0.00299996091 0.0268290006
  vertex -0.0246772096 0.00299996091 0.0270678904
  vertex -0.0107695404 0.00299996091 0.0259999596
  endloop
 endfacet

 facet normal 0 1 0
  outer loop
  vertex -0.0243970696 0.00299996091 0.0265659001
  vertex -0.0245158002 0.00299996091 0.0268290006
  vertex -0.0107695404 0.00299996091 0.0259999596
  endloop
 endfacet

 facet normal 0 1 0
  outer loop
  vertex -0.0243244097 0.00299996091 0.0262869
  vertex -0.0243970696 0.00299996091 0.0265659001
  vertex -0.0107695404 0.00299996091 0.0259999596
  endloop
 endfacet

 facet normal 0 1 0
  outer loop
  vertex -0.0242999103 0.00299996091 0.0259999596
  vertex -0.0243244097 0.00299996091 0.0262869
  vertex -0.0107695404 0.00299996091 0.0259999596
  endloop
 endfacet

 facet normal 0 1 0
  outer loop
  vertex -0.0243244097 0.00299996091 0.0257128999
  vertex -0.0242999103 0.00299996091 0.0259999596
  vertex -0.0107695404 0.00299996091 0.0259999596
  endloop
 endfacet

 facet normal 0 1 0
  outer loop
  vertex -0.0243244097 0.00299996091 0.0257128999
  vertex -0.0107695404 0.00299996091 0.0259999596
  vertex -0.0243970696 0.00299996091 0.0254338905
  endloop
 endfacet

 facet normal 0 1 0
  outer loop
  vertex -0.0107695404 0.00299996091 0.0259999596
  vertex -0.0259999596 0.00299996091 0.0107699595
  vertex -0.0248768907 0.00299996091 0.0247239396
  endloop
 endfacet

 facet normal 0 1 0
  outer loop
  vertex -0.0243970696 0.00299996091 0.0254338905
  vertex -0.0107695404 0.00299996091 0.0259999596
  vertex -0.0245158002 0.00299996091 0.02517098
  endloop
 endfacet

 facet normal 0 1 0
  outer loop
  vertex -0.0245158002 0.00299996091 0.02517098
  vertex -0.0107695404 0.00299996091 0.0259999596
  vertex -0.0246772096 0.00299996091 0.0249319002
  endloop
 endfacet

 facet normal 0 1 0
  outer loop
  vertex -0.0246772096 0.00299996091 0.0249319002
  vertex -0.0107695404 0.00299996091 0.0259999596
  vertex -0.0248768907 0.00299996091 0.0247239396
  endloop
 endfacet

 facet normal 0 1 0
  outer loop
  vertex -0.0251086894 0.00299996091 0.0245519206
  vertex -0.0248768907 0.00299996091 0.0247239396
  vertex -0.0259999596 0.00299996091 0.0107699595
  endloop
 endfacet

 facet normal -2.11995007e-06 1 0
  outer loop
  vertex -0.0253660008 0.00299996091 0.0244229995
  vertex -0.0251086894 0.00299996091 0.0245519206
  vertex -0.0259999596 0.00299996091 0.0107699595
  endloop
 endfacet

 facet normal 1.9608301e-06 1 0
  outer loop
  vertex -0.0256417301 0.00299996091 0.0243379399
  vertex -0.0253660008 0.00299996091 0.0244229995
  vertex -0.0259999596 0.00299996091 0.0107699595
  endloop
 endfacet

 facet normal 0 1 0
  outer loop
  vertex -0.0256417301 0.00299996091 0.0243379399
  vertex -0.0259999596 0.00299996091 0.0107699595
  vertex -0.0259278994 0.00299996091 0.0243020002
  endloop
 endfacet

 facet normal 0 1 0
  outer loop
  vertex -0.0259278994 0.00299996091 0.0243020002
  vertex -0.0259999596 0.00299996091 0.0107699595
  vertex -0.0262159109 0.00299996091 0.0243139807
  endloop
 endfacet

 facet normal 0 1 0
  outer loop
  vertex -0.0262159109 0.00299996091 0.0243139807
  vertex -0.0259999596 0.00299996091 0.0107699595
  vertex -0.0264977794 0.00299996091 0.02437496
  endloop
 endfacet

 facet normal 0 1 0
  outer loop
  vertex -0.0264977794 0.00299996091 0.02437496
  vertex -0.0259999596 0.00299996091 0.0107699595
  vertex -0.0267652199 0.00299996091 0.0244820099
  endloop
 endfacet

 facet normal 0 1 0
  outer loop
  vertex -0.0267652199 0.00299996091 0.0244820099
  vertex -0.0259999596 0.00299996091 0.0107699595
  vertex -0.0270107891 0.00299996091 0.0246329904
  endloop
 endfacet

 facet normal 0 1 0
  outer loop
  vertex -0.0270107891 0.00299996091 0.0246329904
  vertex -0.0259999596 0.00299996091 0.0107699595
  vertex -0.0272272807 0.00299996091 0.0248239599
  endloop
 endfacet

 facet normal -3.20289996e-06 1 0
  outer loop
  vertex -0.0272272807 0.00299996091 0.0248239599
  vertex -0.0259999596 0.00299996091 0.0107699595
  vertex -0.0274084806 0.00299996091 0.0250478908
  endloop
 endfacet

 facet normal 4.40295025e-06 1 0
  outer loop
  vertex -0.0274084806 0.00299996091 0.0250478908
  vertex -0.0259999596 0.00299996091 0.0107699595
  vertex -0.0275490191 0.00299996091 0.0252999607
  endloop
 endfacet

 facet normal 0 1 0
  outer loop
  vertex -0.0275490191 0.00299996091 0.0252999607
  vertex -0.0259999596 0.00299996091 0.0107699595
  vertex -0.0276451092 0.00299996091 0.0255720001
  endloop
 endfacet

 facet normal 0 1 0
  outer loop
  vertex -0.0276451092 0.00299996091 0.0255720001
  vertex -0.0259999596 0.00299996091 0.0107699595
  vertex -0.0399044715 0.00299996091 -0.037751969
  endloop
 endfacet

 facet normal -4.43105e-06 1 0
  outer loop
  vertex -0.0276938006 0.00299996091 0.0258558895
  vertex -0.0276451092 0.00299996091 0.0255720001
  vertex -0.0399044715 0.00299996091 -0.037751969
  endloop
 endfacet

 facet normal 0 1 0
  outer loop
  vertex -0.0276938006 0.00299996091 0.0261438992
  vertex -0.0276938006 0.00299996091 0.0258558895
  vertex -0.0399044715 0.00299996091 -0.037751969
  endloop
 endfacet

 facet normal 0 1 0
  outer loop
  vertex -0.0276938006 0.00299996091 -0.0258558895
  vertex -0.0276938006 0.00299996091 -0.0261438992
  vertex -0.0399044715 0.00299996091 -0.037751969
  endloop
 endfacet

 facet normal 0 1 0
  outer loop
  vertex -0.0272272807 0.00299996091 -0.0271759592
  vertex -0.0270107891 0.00299996091 -0.0273669902
  vertex -0.0382493697 0.00299996091 -0.0385869704
  endloop
 endfacet

 facet normal -2.44061994e-07 1 0
  outer loop
  vertex -0.0272272807 0.00299996091 -0.0271759592
  vertex -0.0382493697 0.00299996091 -0.0385869704
  vertex -0.0385134816 0.00299996091 -0.0383110009
  endloop
 endfacet

 facet normal 1.60059005e-06 1 0
  outer loop
  vertex -0.0274084806 0.00299996091 -0.0269518998
  vertex -0.0272272807 0.00299996091 -0.0271759592
  vertex -0.0385134816 0.00299996091 -0.0383110009
  endloop
 endfacet

 facet normal -6.62531079e-07 1 0
  outer loop
  vertex -0.0274084806 0.00299996091 -0.0269518998
  vertex -0.0385134816 0.00299996091 -0.0383110009
  vertex -0.0388201997 0.00299996091 -0.0380839705
  endloop
 endfacet

 facet normal 0 1 0
  outer loop
  vertex -0.0275490191 0.00299996091 -0.0266999602
  vertex -0.0274084806 0.00299996091 -0.0269518998
  vertex -0.0388201997 0.00299996091 -0.0380839705
  endloop
 endfacet

 facet normal 1.03551997e-06 1 0
  outer loop
  vertex -0.0275490191 0.00299996091 -0.0266999602
  vertex -0.0388201997 0.00299996091 -0.0380839705
  vertex -0.039161019 0.00299996091 -0.0379119515
  endloop
 endfacet

 facet normal -1.71809006e-06 1 0
  outer loop
  vertex -0.0276451092 0.00299996091 -0.0264279805
  vertex -0.0275490191 0.00299996091 -0.0266999602
  vertex -0.039161019 0.00299996091 -0.0379119515
  endloop
 endfacet

 facet normal 6.32707042e-07 1 0
  outer loop
  vertex -0.0276451092 0.00299996091 -0.0264279805
  vertex -0.039161019 0.00299996091 -0.0379119515
  vertex -0.0395259187 0.00299996091 -0.0377999507
  endloop
 endfacet

 facet normal 0 1 0
  outer loop
  vertex -0.0276938006 0.00299996091 -0.0261438992
  vertex -0.0276451092 0.00299996091 -0.0264279805
  vertex -0.0395259187 0.00299996091 -0.0377999507
  endloop
 endfacet

 facet normal -2.28314008e-07 1 0
  outer loop
  vertex -0.0276938006 0.00299996091 -0.0261438992
  vertex -0.0395259187 0.00299996091 -0.0377999507
  vertex -0.0399044715 0.00299996091 -0.037751969
  endloop
 endfacet

 facet normal 1.61266996e-06 1 0
  outer loop
  vertex -0.0276938006 0.00299996091 0.0261438992
  vertex -0.0399044715 0.00299996091 -0.037751969
  vertex -0.0402856991 0.00299996091 -0.0377679393
  endloop
 endfacet

 facet normal -5.17303961e-05 1 0
  outer loop
  vertex -0.0276451092 0.00299996091 0.0264279805
  vertex -0.0276938006 0.00299996091 0.0261438992
  vertex -0.0406588912 0.00299996091 -0.0378489383
  endloop
 endfacet

 facet normal -2.21619985e-07 1 0
  outer loop
  vertex -0.0276938006 0.00299996091 0.0261438992
  vertex -0.0402856991 0.00299996091 -0.0377679393
  vertex -0.0406588912 0.00299996091 -0.0378489383
  endloop
 endfacet

 facet normal 5.08276003e-07 1 0
  outer loop
  vertex -0.0276451092 0.00299996091 0.0264279805
  vertex -0.0406588912 0.00299996091 -0.0378489383
  vertex -0.0410129987 0.00299996091 -0.0379909202
  endloop
 endfacet

 facet normal 2.80847007e-06 1 0
  outer loop
  vertex -0.0276451092 0.00299996091 0.0264279805
  vertex -0.0410129987 0.00299996091 -0.0379909202
  vertex -0.0413378403 0.00299996091 -0.0381909609
  endloop
 endfacet

 facet normal 0 1 0
  outer loop
  vertex -0.0276451092 0.00299996091 0.0264279805
  vertex -0.0413378403 0.00299996091 -0.0381909609
  vertex -0.0395259187 0.00299996091 0.0378009006
  endloop
 endfacet

 facet normal 0 1 0
  outer loop
  vertex -0.0413378403 0.00299996091 -0.0381909609
  vertex -0.0416243002 0.00299996091 -0.0384428985
  vertex -0.0395259187 0.00299996091 0.0378009006
  endloop
 endfacet

 facet normal 1.64849996e-06 1 0
  outer loop
  vertex -0.0416243002 0.00299996091 -0.0384428985
  vertex -0.0418640301 0.00299996091 -0.0387399085
  vertex -0.0395259187 0.00299996091 0.0378009006
  endloop
 endfacet

 facet normal -2.15996033e-06 1 0
  outer loop
  vertex -0.0418640301 0.00299996091 -0.0387399085
  vertex -0.0420502983 0.00299996091 -0.0390729904
  vertex -0.0395259187 0.00299996091 0.0378009006
  endloop
 endfacet

 facet normal 0 1 0
  outer loop
  vertex -0.0420502983 0.00299996091 -0.0390729904
  vertex -0.0421773084 0.00299996091 -0.0394329987
  vertex -0.0395259187 0.00299996091 0.0378009006
  endloop
 endfacet

 facet normal 0 1 0
  outer loop
  vertex -0.039161019 0.00299996091 -0.0420879684
  vertex -0.0388201997 0.00299996091 -0.0419159494
  vertex -0.0580210611 0.00299996091 -0.0589289591
  endloop
 endfacet

 facet normal 0 1 0
  outer loop
  vertex -0.0388201997 0.00299996091 -0.0419159494
  vertex 0.0386618897 0.00299996091 -0.0418089591
  vertex 0.0389869809 0.00299996091 -0.042008929
  endloop
 endfacet

 facet normal 0 1 0
  outer loop
  vertex -0.0388201997 0.00299996091 -0.0419159494
  vertex 0.0389869809 0.00299996091 -0.042008929
  vertex -0.0580210611 0.00299996091 -0.0589289591
  endloop
 endfacet

 facet normal 0 1 0
  outer loop
  vertex -0.0395259187 0.00299996091 -0.042198889
  vertex -0.039161019 0.00299996091 -0.0420879684
  vertex -0.0580210611 0.00299996091 -0.0589289591
  endloop
 endfacet

 facet normal 0 1 0
  outer loop
  vertex 0.0389869809 0.00299996091 -0.042008929
  vertex 0.0393409692 0.00299996091 -0.0421509705
  vertex -0.0580210611 0.00299996091 -0.0589289591
  endloop
 endfacet

 facet normal 1.34094012e-06 1 0
  outer loop
  vertex -0.0399044715 0.00299996091 -0.042247951
  vertex -0.0395259187 0.00299996091 -0.042198889
  vertex -0.0580210611 0.00299996091 -0.0589289591
  endloop
 endfacet

 facet normal 0 1 0
  outer loop
  vertex 0.0393409692 0.00299996091 -0.0421509705
  vertex 0.0397139117 0.00299996091 -0.0422319099
  vertex -0.0580210611 0.00299996091 -0.0589289591
  endloop
 endfacet

 facet normal -9.18253079e-07 1 0
  outer loop
  vertex 0.0397139117 0.00299996091 -0.0422319099
  vertex 0.0400949717 0.00299996091 -0.042247951
  vertex -0.0580210611 0.00299996091 -0.0589289591
  endloop
 endfacet

 facet normal 0 1 0
  outer loop
  vertex -0.0382493697 0.00299996091 0.0385869704
  vertex -0.0272272807 0.00299996091 0.0271759592
  vertex -0.0385134816 0.00299996091 0.0383110009
  endloop
 endfacet

 facet normal 1.60059005e-06 1 0
  outer loop
  vertex -0.0272272807 0.00299996091 0.0271759592
  vertex -0.0274084806 0.00299996091 0.0269518998
  vertex -0.0385134816 0.00299996091 0.0383110009
  endloop
 endfacet

 facet normal -1.21149003e-06 1 0
  outer loop
  vertex -0.0385134816 0.00299996091 0.0383110009
  vertex -0.0274084806 0.00299996091 0.0269518998
  vertex -0.0388201997 0.00299996091 0.0380839705
  endloop
 endfacet

 facet normal 0 1 0
  outer loop
  vertex -0.0274084806 0.00299996091 0.0269518998
  vertex -0.0275490191 0.00299996091 0.0266999602
  vertex -0.0388201997 0.00299996091 0.0380839705
  endloop
 endfacet

 facet normal 1.25059e-06 1 0
  outer loop
  vertex -0.0388201997 0.00299996091 0.0380839705
  vertex -0.0275490191 0.00299996091 0.0266999602
  vertex -0.039161019 0.00299996091 0.0379120111
  endloop
 endfacet

 facet normal 0 1 0
  outer loop
  vertex -0.0275490191 0.00299996091 0.0266999602
  vertex -0.0276451092 0.00299996091 0.0264279805
  vertex -0.039161019 0.00299996091 0.0379120111
  endloop
 endfacet

 facet normal -1.33028004e-06 1 0
  outer loop
  vertex -0.039161019 0.00299996091 0.0379120111
  vertex -0.0276451092 0.00299996091 0.0264279805
  vertex -0.0395259187 0.00299996091 0.0378009006
  endloop
 endfacet

 facet normal 0 1 0
  outer loop
  vertex -0.0395259187 0.00299996091 0.0378009006
  vertex -0.0421773084 0.00299996091 -0.0394329987
  vertex -0.0399044715 0.00299996091 0.037751969
  endloop
 endfacet

 facet normal 0 1 0
  outer loop
  vertex -0.0421773084 0.00299996091 -0.0394329987
  vertex -0.0422418714 0.00299996091 -0.0398089215
  vertex -0.0399044715 0.00299996091 0.037751969
  endloop
 endfacet

 facet normal 0 1 0
  outer loop
  vertex -0.0402856991 0.00299996091 0.0377679393
  vertex -0.0399044715 0.00299996091 0.037751969
  vertex -0.0422418714 0.00299996091 -0.0398089215
  endloop
 endfacet

 facet normal 0 1 0
  outer loop
  vertex -0.0406588912 0.00299996091 0.0378489383
  vertex -0.0402856991 0.00299996091 0.0377679393
  vertex -0.0422418714 0.00299996091 -0.0398089215
  endloop
 endfacet

 facet normal 0 1 0
  outer loop
  vertex -0.0410129987 0.00299996091 0.0379909202
  vertex -0.0406588912 0.00299996091 0.0378489383
  vertex -0.0422418714 0.00299996091 -0.0398089215
  endloop
 endfacet

 facet normal 0 1 0
  outer loop
  vertex -0.0413378403 0.00299996091 0.0381909609
  vertex -0.0410129987 0.00299996091 0.0379909202
  vertex -0.0422418714 0.00299996091 -0.0398089215
  endloop
 endfacet

 facet normal 1.28940007e-06 1 0
  outer loop
  vertex -0.0416243002 0.00299996091 0.0384428985
  vertex -0.0413378403 0.00299996091 0.0381909609
  vertex -0.0422418714 0.00299996091 -0.0398089215
  endloop
 endfacet

 facet normal 0 1 0
  outer loop
  vertex -0.0418640301 0.00299996091 0.0387399085
  vertex -0.0416243002 0.00299996091 0.0384428985
  vertex -0.0422418714 0.00299996091 -0.0398089215
  endloop
 endfacet

 facet normal 0 1 0
  outer loop
  vertex -0.0420502983 0.00299996091 0.0390729904
  vertex -0.0418640301 0.00299996091 0.0387399085
  vertex -0.0609038398 0.00299996091 0.0579397604
  endloop
 endfacet

 facet normal 0 1 0
  outer loop
  vertex -0.0418640301 0.00299996091 0.0387399085
  vertex -0.0422418714 0.00299996091 -0.0398089215
  vertex -0.0612305403 0.00299996091 -0.0581164882
  endloop
 endfacet

 facet normal 0 1 0
  outer loop
  vertex -0.0609038398 0.00299996091 0.0579397604
  vertex -0.0418640301 0.00299996091 0.0387399085
  vertex -0.0612305403 0.00299996091 0.0581165515
  endloop
 endfacet

 facet normal -2.12548002e-07 1 0
  outer loop
  vertex -0.0605522916 0.00299996091 0.0578187108
  vertex -0.0421773084 0.00299996091 0.0394329987
  vertex -0.0420502983 0.00299996091 0.0390729904
  endloop
 endfacet

 facet normal 0 1 0
  outer loop
  vertex -0.0609038398 0.00299996091 0.0579397604
  vertex -0.0605522916 0.00299996091 0.0578187108
  vertex -0.0420502983 0.00299996091 0.0390729904
  endloop
 endfacet

 facet normal 0 1 0
  outer loop
  vertex -0.0612305403 0.00299996091 0.0581165515
  vertex -0.0418640301 0.00299996091 0.0387399085
  vertex -0.0612305403 0.00299996091 -0.0581164882
  endloop
 endfacet

 facet normal 0 1 0
  outer loop
  vertex -0.0422418714 0.00299996091 -0.0398089215
  vertex -0.0422418714 0.00299996091 -0.040190991
  vertex -0.0605522916 0.00299996091 -0.0578187108
  endloop
 endfacet

 facet normal 0 1 0
  outer loop
  vertex -0.0612305403 0.00299996091 -0.0581164882
  vertex -0.0422418714 0.00299996091 -0.0398089215
  vertex -0.0609038398 0.00299996091 -0.0579397604
  endloop
 endfacet

 facet normal 1.70776002e-06 1 0
  outer loop
  vertex -0.0615237914 0.00299996091 0.0583447814
  vertex -0.0612305403 0.00299996091 0.0581165515
  vertex -0.0612305403 0.00299996091 -0.0581164882
  endloop
 endfacet

 facet normal 0 1 0
  outer loop
  vertex -0.0422418714 0.00299996091 -0.040190991
  vertex -0.0421773084 0.00299996091 -0.0405669808
  vertex -0.0601857901 0.00299996091 -0.0577573106
  endloop
 endfacet

 facet normal 0 1 0
  outer loop
  vertex -0.0617755018 0.00299996091 0.0586180612
  vertex -0.0615237914 0.00299996091 0.0583447814
  vertex -0.0612305403 0.00299996091 -0.0581164882
  endloop
 endfacet

 facet normal 0 1 0
  outer loop
  vertex -0.0609038398 0.00299996091 -0.0579397604
  vertex -0.0422418714 0.00299996091 -0.0398089215
  vertex -0.0605522916 0.00299996091 -0.0578187108
  endloop
 endfacet

 facet normal 0 1 0
  outer loop
  vertex -0.0619788095 0.00299996091 0.0589289591
  vertex -0.0617755018 0.00299996091 0.0586180612
  vertex -0.0612305403 0.00299996091 -0.0581164882
  endloop
 endfacet

 facet normal 0 1 0
  outer loop
  vertex -0.0621280596 0.00299996091 0.0592693016
  vertex -0.0619788095 0.00299996091 0.0589289591
  vertex -0.074000001 0.00299996091 0.074000001
  endloop
 endfacet

 facet normal 0 1 0
  outer loop
  vertex -0.0622192584 0.00299996091 0.0596293211
  vertex -0.0621280596 0.00299996091 0.0592693016
  vertex -0.074000001 0.00299996091 0.074000001
  endloop
 endfacet

 facet normal -1.40076997e-06 1 0
  outer loop
  vertex -0.0619788095 0.00299996091 0.0589289591
  vertex -0.0612305403 0.00299996091 -0.0581164882
  vertex -0.0615237914 0.00299996091 -0.0583447814
  endloop
 endfacet

 facet normal 0 1 0
  outer loop
  vertex -0.074000001 0.00299996091 0.074000001
  vertex -0.0619788095 0.00299996091 0.0589289591
  vertex -0.0617755018 0.00299996091 -0.0586180612
  endloop
 endfacet

 facet normal -2.17101001e-06 1 0
  outer loop
  vertex 0.0411799513 0.00299996091 -0.0380839705
  vertex 0.0408388898 0.00299996091 -0.0379119515
  vertex 0.0259999596 0.00299996091 -0.0107699595
  endloop
 endfacet

 facet normal 0 1 0
  outer loop
  vertex 0.0408388898 0.00299996091 -0.0379119515
  vertex 0.0276029706 0.00299996091 -0.0254338905
  vertex 0.0259999596 0.00299996091 -0.0107699595
  endloop
 endfacet

 facet normal -5.49579045e-06 1 0
  outer loop
  vertex 0.0276029706 0.00299996091 -0.0254338905
  vertex 0.0274839401 0.00299996091 -0.02517098
  vertex 0.0259999596 0.00299996091 -0.0107699595
  endloop
 endfacet

 facet normal 0 1 0
  outer loop
  vertex 0.0414869115 0.00299996091 -0.0383110009
  vertex 0.0411799513 0.00299996091 -0.0380839705
  vertex 0.0259999596 0.00299996091 -0.0107699595
  endloop
 endfacet

 facet normal 3.70493012e-06 1 0
  outer loop
  vertex 0.0274839401 0.00299996091 -0.02517098
  vertex 0.0273228809 0.00299996091 -0.0249319002
  vertex 0.0259999596 0.00299996091 -0.0107699595
  endloop
 endfacet

 facet normal 0 1 0
  outer loop
  vertex 0.0273228809 0.00299996091 -0.0249319002
  vertex 0.0271229707 0.00299996091 -0.0247239396
  vertex 0.0259999596 0.00299996091 -0.0107699595
  endloop
 endfacet

 facet normal 0 1 0
  outer loop
  vertex 0.0414869115 0.00299996091 -0.0383110009
  vertex 0.0259999596 0.00299996091 -0.0107699595
  vertex 0.0414869115 0.00299996091 0.0383110009
  endloop
 endfacet

 facet normal -2.61416005e-07 1 0
  outer loop
  vertex -0.074000001 0.00299996091 0.074000001
  vertex -0.0590960905 0.00299996091 0.0620601699
  vertex -0.0594475791 0.00299996091 0.0621812306
  endloop
 endfacet

 facet normal 0 1 0
  outer loop
  vertex -0.0605522916 0.00299996091 -0.0621812306
  vertex -0.0601857901 0.00299996091 -0.0622425601
  vertex -0.074000001 0.00299996091 -0.074000001
  endloop
 endfacet

 facet normal 0 1 0
  outer loop
  vertex -0.0609038398 0.00299996091 -0.0620601699
  vertex -0.0605522916 0.00299996091 -0.0621812306
  vertex -0.074000001 0.00299996091 -0.074000001
  endloop
 endfacet

 facet normal 3.80112027e-07 1 0
  outer loop
  vertex -0.074000001 0.00299996091 0.074000001
  vertex -0.0594475791 0.00299996091 0.0621812306
  vertex -0.0598141514 0.00299996091 0.0622425601
  endloop
 endfacet

 facet normal 0 1 0
  outer loop
  vertex -0.074000001 0.00299996091 0.074000001
  vertex -0.0598141514 0.00299996091 0.0622425601
  vertex -0.0601857901 0.00299996091 0.0622425601
  endloop
 endfacet

 facet normal 0 1 0
  outer loop
  vertex -0.0612305403 0.00299996091 -0.0618834384
  vertex -0.0609038398 0.00299996091 -0.0620601699
  vertex -0.074000001 0.00299996091 -0.074000001
  endloop
 endfacet

 facet normal -1.12491011e-06 1 0
  outer loop
  vertex -0.0615237914 0.00299996091 -0.06165516
  vertex -0.0612305403 0.00299996091 -0.0618834384
  vertex -0.074000001 0.00299996091 -0.074000001
  endloop
 endfacet

 facet normal -2.53509995e-07 1 0
  outer loop
  vertex -0.074000001 0.00299996091 0.074000001
  vertex -0.0601857901 0.00299996091 0.0622425601
  vertex -0.0605522916 0.00299996091 0.0621812306
  endloop
 endfacet

 facet normal 0 1 0
  outer loop
  vertex -0.074000001 0.00299996091 0.074000001
  vertex -0.0605522916 0.00299996091 0.0621812306
  vertex -0.0609038398 0.00299996091 0.0620601699
  endloop
 endfacet

 facet normal 1.11649001e-06 1 0
  outer loop
  vertex -0.0617755018 0.00299996091 -0.0613818094
  vertex -0.0615237914 0.00299996091 -0.06165516
  vertex -0.074000001 0.00299996091 -0.074000001
  endloop
 endfacet

 facet normal 0 1 0
  outer loop
  vertex -0.0619788095 0.00299996091 -0.0610709712
  vertex -0.0617755018 0.00299996091 -0.0613818094
  vertex -0.074000001 0.00299996091 -0.074000001
  endloop
 endfacet

 facet normal 0 1 0
  outer loop
  vertex -0.074000001 0.00299996091 0.074000001
  vertex -0.0609038398 0.00299996091 0.0620601699
  vertex -0.0612305403 0.00299996091 0.0618834384
  endloop
 endfacet

 facet normal -7.20643982e-07 1 0
  outer loop
  vertex -0.074000001 0.00299996091 0.074000001
  vertex -0.0612305403 0.00299996091 0.0618834384
  vertex -0.0615237914 0.00299996091 0.06165516
  endloop
 endfacet

 facet normal 0 1 0
  outer loop
  vertex -0.0621280596 0.00299996091 -0.0607305691
  vertex -0.0619788095 0.00299996091 -0.0610709712
  vertex -0.074000001 0.00299996091 -0.074000001
  endloop
 endfacet

 facet normal 0 1 0
  outer loop
  vertex -0.0622192584 0.00299996091 -0.0603706203
  vertex -0.0621280596 0.00299996091 -0.0607305691
  vertex -0.074000001 0.00299996091 -0.074000001
  endloop
 endfacet

 facet normal 8.89705007e-07 1 0
  outer loop
  vertex -0.074000001 0.00299996091 0.074000001
  vertex -0.0615237914 0.00299996091 0.06165516
  vertex -0.0617755018 0.00299996091 0.0613818094
  endloop
 endfacet

 facet normal -3.92892019e-07 1 0
  outer loop
  vertex -0.074000001 0.00299996091 0.074000001
  vertex -0.0617755018 0.00299996091 0.0613818094
  vertex -0.0619788095 0.00299996091 0.0610709712
  endloop
 endfacet

 facet normal 1.52079008e-06 1 0
  outer loop
  vertex -0.0622192584 0.00299996091 -0.0603706203
  vertex -0.074000001 0.00299996091 -0.074000001
  vertex -0.0622499511 0.00299996091 -0.0599999987
  endloop
 endfacet

 facet normal 0 1 0
  outer loop
  vertex -0.074000001 0.00299996091 -0.074000001
  vertex -0.074000001 0.00299996091 0.074000001
  vertex -0.0619788095 0.00299996091 -0.0589289591
  endloop
 endfacet

 facet normal 0 1 0
  outer loop
  vertex -0.0622499511 0.00299996091 -0.0599999987
  vertex -0.074000001 0.00299996091 -0.074000001
  vertex -0.0622192584 0.00299996091 -0.0596293211
  endloop
 endfacet

 facet normal 0 1 0
  outer loop
  vertex -0.0622192584 0.00299996091 -0.0596293211
  vertex -0.074000001 0.00299996091 -0.074000001
  vertex -0.0621280596 0.00299996091 -0.0592693016
  endloop
 endfacet

 facet normal -4.90935008e-07 1 0
  outer loop
  vertex -0.074000001 0.00299996091 0.074000001
  vertex -0.0619788095 0.00299996091 0.0610709712
  vertex -0.0621280596 0.00299996091 0.0607305691
  endloop
 endfacet

 facet normal 0 1 0
  outer loop
  vertex -0.074000001 0.00299996091 0.074000001
  vertex -0.0621280596 0.00299996091 0.0607305691
  vertex -0.0622192584 0.00299996091 0.0603706203
  endloop
 endfacet

 facet normal 0 1 0
  outer loop
  vertex -0.0621280596 0.00299996091 -0.0592693016
  vertex -0.074000001 0.00299996091 -0.074000001
  vertex -0.0619788095 0.00299996091 -0.0589289591
  endloop
 endfacet

 facet normal 1.04554999e-06 1 0
  outer loop
  vertex -0.074000001 0.00299996091 0.074000001
  vertex -0.0622192584 0.00299996091 0.0603706203
  vertex -0.0622499511 0.00299996091 0.0599999987
  endloop
 endfacet

 facet normal -8.10908091e-07 1 0
  outer loop
  vertex -0.074000001 0.00299996091 0.074000001
  vertex -0.0622499511 0.00299996091 0.0599999987
  vertex -0.0622192584 0.00299996091 0.0596293211
  endloop
 endfacet

 facet normal 1.89205002e-06 1 0
  outer loop
  vertex -0.0617755018 0.00299996091 -0.0586180612
  vertex -0.0619788095 0.00299996091 -0.0589289591
  vertex -0.074000001 0.00299996091 0.074000001
  endloop
 endfacet

 facet normal 0 1 0
  outer loop
  vertex -0.0615237914 0.00299996091 -0.0583447814
  vertex -0.0617755018 0.00299996091 -0.0586180612
  vertex -0.0619788095 0.00299996091 0.0589289591
  endloop
 endfacet

 facet normal 0 1 0
  outer loop
  vertex -0.0605522916 0.00299996091 -0.0578187108
  vertex -0.0422418714 0.00299996091 -0.040190991
  vertex -0.0601857901 0.00299996091 -0.0577573106
  endloop
 endfacet

 facet normal 0 1 0
  outer loop
  vertex -0.0421773084 0.00299996091 -0.0405669808
  vertex -0.0420502983 0.00299996091 -0.0409269892
  vertex -0.0598141514 0.00299996091 -0.0577573106
  endloop
 endfacet

 facet normal 0 1 0
  outer loop
  vertex -0.0601857901 0.00299996091 -0.0577573106
  vertex -0.0421773084 0.00299996091 -0.0405669808
  vertex -0.0598141514 0.00299996091 -0.0577573106
  endloop
 endfacet

 facet normal -8.14056079e-07 1 0
  outer loop
  vertex -0.0420502983 0.00299996091 -0.0409269892
  vertex -0.0418640301 0.00299996091 -0.0412599407
  vertex -0.0594475791 0.00299996091 -0.0578187108
  endloop
 endfacet

 facet normal 0 1 0
  outer loop
  vertex -0.0598141514 0.00299996091 -0.0577573106
  vertex -0.0420502983 0.00299996091 -0.0409269892
  vertex -0.0594475791 0.00299996091 -0.0578187108
  endloop
 endfacet

 facet normal 7.98090014e-07 1 0
  outer loop
  vertex -0.0418640301 0.00299996091 -0.0412599407
  vertex -0.0416243002 0.00299996091 -0.0415569507
  vertex -0.0590960905 0.00299996091 -0.0579397604
  endloop
 endfacet

 facet normal 0 1 0
  outer loop
  vertex -0.0594475791 0.00299996091 -0.0578187108
  vertex -0.0418640301 0.00299996091 -0.0412599407
  vertex -0.0590960905 0.00299996091 -0.0579397604
  endloop
 endfacet

 facet normal 0 1 0
  outer loop
  vertex -0.0416243002 0.00299996091 -0.0415569507
  vertex -0.0413378403 0.00299996091 -0.0418089591
  vertex -0.0587693416 0.00299996091 -0.0581164882
  endloop
 endfacet

 facet normal 0 1 0
  outer loop
  vertex -0.0590960905 0.00299996091 -0.0579397604
  vertex -0.0416243002 0.00299996091 -0.0415569507
  vertex -0.0587693416 0.00299996091 -0.0581164882
  endloop
 endfacet

 facet normal 0 1 0
  outer loop
  vertex -0.0413378403 0.00299996091 -0.0418089591
  vertex -0.0410129987 0.00299996091 -0.042008929
  vertex -0.0584760904 0.00299996091 -0.0583447814
  endloop
 endfacet

 facet normal 0 1 0
  outer loop
  vertex -0.0587693416 0.00299996091 -0.0581164882
  vertex -0.0413378403 0.00299996091 -0.0418089591
  vertex -0.0584760904 0.00299996091 -0.0583447814
  endloop
 endfacet

 facet normal -8.73979047e-07 1 0
  outer loop
  vertex -0.0410129987 0.00299996091 -0.042008929
  vertex -0.0406588912 0.00299996091 -0.0421509705
  vertex -0.0582244284 0.00299996091 -0.0586180612
  endloop
 endfacet

 facet normal 0 1 0
  outer loop
  vertex -0.0584760904 0.00299996091 -0.0583447814
  vertex -0.0410129987 0.00299996091 -0.042008929
  vertex -0.0582244284 0.00299996091 -0.0586180612
  endloop
 endfacet

 facet normal 0 1 0
  outer loop
  vertex -0.0406588912 0.00299996091 -0.0421509705
  vertex -0.0402856991 0.00299996091 -0.0422319099
  vertex -0.0580210611 0.00299996091 -0.0589289591
  endloop
 endfacet

 facet normal 0 1 0
  outer loop
  vertex -0.0582244284 0.00299996091 -0.0586180612
  vertex -0.0406588912 0.00299996091 -0.0421509705
  vertex -0.0580210611 0.00299996091 -0.0589289591
  endloop
 endfacet

 facet normal -1.0941701e-06 1 0
  outer loop
  vertex -0.0402856991 0.00299996091 -0.0422319099
  vertex -0.0399044715 0.00299996091 -0.042247951
  vertex -0.0580210611 0.00299996091 -0.0589289591
  endloop
 endfacet

 facet normal 0 1 0
  outer loop
  vertex -0.0580210611 0.00299996091 -0.0589289591
  vertex 0.0400949717 0.00299996091 -0.042247951
  vertex -0.0578718707 0.00299996091 -0.0592693016
  endloop
 endfacet

 facet normal 4.40886015e-06 1 0
  outer loop
  vertex 0.0400949717 0.00299996091 -0.042247951
  vertex 0.0404738709 0.00299996091 -0.042198889
  vertex -0.0578718707 0.00299996091 -0.0592693016
  endloop
 endfacet

 facet normal 0 1 0
  outer loop
  vertex -0.0577806793 0.00299996091 -0.0596293211
  vertex -0.0578718707 0.00299996091 -0.0592693016
  vertex 0.0404738709 0.00299996091 -0.042198889
  endloop
 endfacet

 facet normal -1.96902008e-07 1 0
  outer loop
  vertex -0.0577499196 0.00299996091 -0.0599999987
  vertex -0.0577806793 0.00299996091 -0.0596293211
  vertex 0.0404738709 0.00299996091 -0.042198889
  endloop
 endfacet

 facet normal 0 1 0
  outer loop
  vertex -0.0577806793 0.00299996091 -0.0603706203
  vertex -0.0577499196 0.00299996091 -0.0599999987
  vertex 0.0404738709 0.00299996091 -0.042198889
  endloop
 endfacet

 facet normal 0 1 0
  outer loop
  vertex -0.0578718707 0.00299996091 -0.0607305691
  vertex -0.0577806793 0.00299996091 -0.0603706203
  vertex 0.0404738709 0.00299996091 -0.042198889
  endloop
 endfacet

 facet normal -2.36965008e-07 1 0
  outer loop
  vertex -0.0580210611 0.00299996091 -0.0610709712
  vertex -0.0578718707 0.00299996091 -0.0607305691
  vertex 0.0404738709 0.00299996091 -0.042198889
  endloop
 endfacet

 facet normal 0 1 0
  outer loop
  vertex -0.0582244284 0.00299996091 -0.0613818094
  vertex -0.0580210611 0.00299996091 -0.0610709712
  vertex 0.0580207109 0.00299996091 -0.0610709116
  endloop
 endfacet

 facet normal 0 1 0
  outer loop
  vertex -0.0580210611 0.00299996091 -0.0610709712
  vertex 0.0404738709 0.00299996091 -0.042198889
  vertex 0.0580207109 0.00299996091 -0.0610709116
  endloop
 endfacet

 facet normal 0 1 0
  outer loop
  vertex -0.0584760904 0.00299996091 -0.06165516
  vertex -0.0582244284 0.00299996091 -0.0613818094
  vertex 0.0580207109 0.00299996091 -0.0610709116
  endloop
 endfacet

 facet normal 0 1 0
  outer loop
  vertex 0.0587693416 0.00299996091 -0.0618833788
  vertex -0.0587693416 0.00299996091 -0.0618834384
  vertex 0.0584756695 0.00299996091 -0.06165516
  endloop
 endfacet

 facet normal 0 1 0
  outer loop
  vertex -0.0587693416 0.00299996091 -0.0618834384
  vertex -0.0584760904 0.00299996091 -0.06165516
  vertex 0.0584756695 0.00299996091 -0.06165516
  endloop
 endfacet

 facet normal 0 1 0
  outer loop
  vertex 0.0582244918 0.00299996091 -0.0613818094
  vertex 0.0584756695 0.00299996091 -0.06165516
  vertex -0.0584760904 0.00299996091 -0.06165516
  endloop
 endfacet

 facet normal 0 1 0
  outer loop
  vertex 0.0580207109 0.00299996091 -0.0610709116
  vertex 0.0582244918 0.00299996091 -0.0613818094
  vertex -0.0584760904 0.00299996091 -0.06165516
  endloop
 endfacet

 facet normal 0 1 0
  outer loop
  vertex 0.0578718707 0.00299996091 -0.0607305691
  vertex 0.0580207109 0.00299996091 -0.0610709116
  vertex 0.0404738709 0.00299996091 -0.042198889
  endloop
 endfacet

 facet normal 0 1 0
  outer loop
  vertex 0.0578718707 0.00299996091 -0.0607305691
  vertex 0.0404738709 0.00299996091 -0.042198889
  vertex 0.0577810407 0.00299996091 -0.0603706203
  endloop
 endfacet

 facet normal 0 1 0
  outer loop
  vertex 0.0404738709 0.00299996091 -0.042198889
  vertex 0.0408388898 0.00299996091 -0.0420879684
  vertex 0.0577499196 0.00299996091 -0.0599999391
  endloop
 endfacet

 facet normal 0 1 0
  outer loop
  vertex 0.0577810407 0.00299996091 -0.0603706203
  vertex 0.0404738709 0.00299996091 -0.042198889
  vertex 0.0577499196 0.00299996091 -0.0599999391
  endloop
 endfacet

 facet normal 0 1 0
  outer loop
  vertex 0.0408388898 0.00299996091 -0.0420879684
  vertex 0.0411799513 0.00299996091 -0.0419159494
  vertex 0.0577810407 0.00299996091 -0.0596293211
  endloop
 endfacet

 facet normal 1.06605989e-06 1 0
  outer loop
  vertex 0.0577499196 0.00299996091 -0.0599999391
  vertex 0.0408388898 0.00299996091 -0.0420879684
  vertex 0.0577810407 0.00299996091 -0.0596293211
  endloop
 endfacet

 facet normal 0 1 0
  outer loop
  vertex 0.0411799513 0.00299996091 -0.0419159494
  vertex 0.0414869115 0.00299996091 -0.0416889116
  vertex 0.0580207109 0.00299996091 -0.0589289591
  endloop
 endfacet

 facet normal 0 1 0
  outer loop
  vertex 0.0577810407 0.00299996091 -0.0596293211
  vertex 0.0411799513 0.00299996091 -0.0419159494
  vertex 0.0578718707 0.00299996091 -0.0592693016
  endloop
 endfacet

 facet normal 0 1 0
  outer loop
  vertex 0.0578718707 0.00299996091 -0.0592693016
  vertex 0.0411799513 0.00299996091 -0.0419159494
  vertex 0.0580207109 0.00299996091 -0.0589289591
  endloop
 endfacet

 facet normal 0 1 0
  outer loop
  vertex 0.0414869115 0.00299996091 -0.0416889116
  vertex 0.0417509004 0.00299996091 -0.0414129384
  vertex 0.0582244918 0.00299996091 -0.0586180612
  endloop
 endfacet

 facet normal 0 1 0
  outer loop
  vertex 0.0580207109 0.00299996091 -0.0589289591
  vertex 0.0414869115 0.00299996091 -0.0416889116
  vertex 0.0582244918 0.00299996091 -0.0586180612
  endloop
 endfacet

 facet normal 8.18309104e-07 1 0
  outer loop
  vertex 0.0417509004 0.00299996091 -0.0414129384
  vertex 0.0419639312 0.00299996091 -0.0410969183
  vertex 0.0584756695 0.00299996091 -0.0583447814
  endloop
 endfacet

 facet normal 0 1 0
  outer loop
  vertex 0.0582244918 0.00299996091 -0.0586180612
  vertex 0.0417509004 0.00299996091 -0.0414129384
  vertex 0.0584756695 0.00299996091 -0.0583447814
  endloop
 endfacet

 facet normal 0 1 0
  outer loop
  vertex 0.0419639312 0.00299996091 -0.0410969183
  vertex 0.0421209894 0.00299996091 -0.0407499
  vertex 0.0584756695 0.00299996091 -0.0583447814
  endloop
 endfacet

 facet normal 0 1 0
  outer loop
  vertex 0.0421209894 0.00299996091 -0.0407499
  vertex 0.0422179103 0.00299996091 -0.0403800011
  vertex 0.0587693416 0.00299996091 -0.0581164882
  endloop
 endfacet

 facet normal -8.17389036e-07 1 0
  outer loop
  vertex 0.0584756695 0.00299996091 -0.0583447814
  vertex 0.0421209894 0.00299996091 -0.0407499
  vertex 0.0587693416 0.00299996091 -0.0581164882
  endloop
 endfacet

 facet normal 0 1 0
  outer loop
  vertex 0.0422179103 0.00299996091 -0.0403800011
  vertex 0.0422499105 0.00299996091 -0.0400000215
  vertex 0.0590958484 0.00299996091 -0.0579397604
  endloop
 endfacet

 facet normal 0 1 0
  outer loop
  vertex 0.0587693416 0.00299996091 -0.0581164882
  vertex 0.0422179103 0.00299996091 -0.0403800011
  vertex 0.0590958484 0.00299996091 -0.0579397604
  endloop
 endfacet

 facet normal 0 1 0
  outer loop
  vertex 0.0422499105 0.00299996091 -0.0400000215
  vertex 0.0422179103 0.00299996091 -0.0396199785
  vertex 0.0594476387 0.00299996091 -0.0578187108
  endloop
 endfacet

 facet normal 0 1 0
  outer loop
  vertex 0.0590958484 0.00299996091 -0.0579397604
  vertex 0.0422499105 0.00299996091 -0.0400000215
  vertex 0.0594476387 0.00299996091 -0.0578187108
  endloop
 endfacet

 facet normal 0 1 0
  outer loop
  vertex 0.0422179103 0.00299996091 -0.0396199785
  vertex 0.0421209894 0.00299996091 -0.0392498896
  vertex 0.059814211 0.00299996091 -0.0577573106
  endloop
 endfacet

 facet normal 0 1 0
  outer loop
  vertex 0.0594476387 0.00299996091 -0.0578187108
  vertex 0.0422179103 0.00299996091 -0.0396199785
  vertex 0.059814211 0.00299996091 -0.0577573106
  endloop
 endfacet

 facet normal 0 1 0
  outer loop
  vertex 0.0421209894 0.00299996091 -0.0392498896
  vertex 0.0419639312 0.00299996091 -0.0389029309
  vertex 0.0601856709 0.00299996091 -0.0577573106
  endloop
 endfacet

 facet normal 0 1 0
  outer loop
  vertex 0.059814211 0.00299996091 -0.0577573106
  vertex 0.0421209894 0.00299996091 -0.0392498896
  vertex 0.0601856709 0.00299996091 -0.0577573106
  endloop
 endfacet

 facet normal 0 1 0
  outer loop
  vertex 0.0419639312 0.00299996091 -0.0389029309
  vertex 0.0417509004 0.00299996091 -0.0385869704
  vertex 0.0605521686 0.00299996091 -0.0578187108
  endloop
 endfacet

 facet normal 0 1 0
  outer loop
  vertex 0.0601856709 0.00299996091 -0.0577573106
  vertex 0.0419639312 0.00299996091 -0.0389029309
  vertex 0.0605521686 0.00299996091 -0.0578187108
  endloop
 endfacet

 facet normal 0 1 0
  outer loop
  vertex 0.0417509004 0.00299996091 -0.0385869704
  vertex 0.0414869115 0.00299996091 -0.0383110009
  vertex 0.0609040186 0.00299996091 -0.0579397604
  endloop
 endfacet

 facet normal 0 1 0
  outer loop
  vertex 0.0605521686 0.00299996091 -0.0578187108
  vertex 0.0417509004 0.00299996091 -0.0385869704
  vertex 0.0609040186 0.00299996091 -0.0579397604
  endloop
 endfacet

 facet normal -1.33136996e-06 1 0
  outer loop
  vertex 0.0617753789 0.00299996091 0.0586180612
  vertex 0.0615242086 0.00299996091 -0.0583447814
  vertex 0.0612304807 0.00299996091 -0.0581164882
  endloop
 endfacet

 facet normal 0 1 0
  outer loop
  vertex 0.0612304807 0.00299996091 -0.0581164882
  vertex 0.0609040186 0.00299996091 -0.0579397604
  vertex 0.0414869115 0.00299996091 -0.0383110009
  endloop
 endfacet

 facet normal 1.99515989e-06 1 0
  outer loop
  vertex 0.0617753789 0.00299996091 0.0586180612
  vertex 0.0612304807 0.00299996091 -0.0581164882
  vertex 0.0615242086 0.00299996091 0.0583447814
  endloop
 endfacet

 facet normal 0 1 0
  outer loop
  vertex 0.0612304807 0.00299996091 -0.0581164882
  vertex 0.0414869115 0.00299996091 -0.0383110009
  vertex 0.0417509004 0.00299996091 0.0385869704
  endloop
 endfacet

 facet normal 1.70492001e-06 1 0
  outer loop
  vertex 0.0615242086 0.00299996091 0.0583447814
  vertex 0.0612304807 0.00299996091 -0.0581164882
  vertex 0.0612304807 0.00299996091 0.0581165515
  endloop
 endfacet

 facet normal 0 1 0
  outer loop
  vertex 0.0612304807 0.00299996091 0.0581165515
  vertex 0.0612304807 0.00299996091 -0.0581164882
  vertex 0.0417509004 0.00299996091 0.0385869704
  endloop
 endfacet

 facet normal 0 1 0
  outer loop
  vertex 0.0421209894 0.00299996091 0.0392499492
  vertex 0.0609040186 0.00299996091 0.0579397604
  vertex 0.0419639312 0.00299996091 0.0389029309
  endloop
 endfacet

 facet normal 0 1 0
  outer loop
  vertex 0.0609040186 0.00299996091 0.0579397604
  vertex 0.0612304807 0.00299996091 0.0581165515
  vertex 0.0419639312 0.00299996091 0.0389029309
  endloop
 endfacet

 facet normal 1.43883005e-06 1 0
  outer loop
  vertex 0.0417509004 0.00299996091 0.0385869704
  vertex 0.0414869115 0.00299996091 -0.0383110009
  vertex 0.0414869115 0.00299996091 0.0383110009
  endloop
 endfacet

 facet normal 0 1 0
  outer loop
  vertex 0.0271229707 0.00299996091 -0.0247239396
  vertex 0.0268909298 0.00299996091 -0.0245519206
  vertex 0.0259999596 0.00299996091 -0.0107699595
  endloop
 endfacet

 facet normal 0 1 0
  outer loop
  vertex 0.0417509004 0.00299996091 0.0385869704
  vertex 0.0419639312 0.00299996091 0.0389029309
  vertex 0.0612304807 0.00299996091 0.0581165515
  endloop
 endfacet

 facet normal -2.12344003e-06 1 0
  outer loop
  vertex 0.0268909298 0.00299996091 -0.0245519206
  vertex 0.0266339108 0.00299996091 -0.0244229995
  vertex 0.0259999596 0.00299996091 -0.0107699595
  endloop
 endfacet

 facet normal 1.95866005e-06 1 0
  outer loop
  vertex 0.0266339108 0.00299996091 -0.0244229995
  vertex 0.0263578799 0.00299996091 -0.0243379399
  vertex 0.0259999596 0.00299996091 -0.0107699595
  endloop
 endfacet

 facet normal 0 1 0
  outer loop
  vertex 0.0263578799 0.00299996091 -0.0243379399
  vertex 0.0260719601 0.00299996091 -0.0243020002
  vertex 0.0259999596 0.00299996091 -0.0107699595
  endloop
 endfacet

 facet normal 0 1 0
  outer loop
  vertex 0.0411799513 0.00299996091 0.0380839705
  vertex 0.0414869115 0.00299996091 0.0383110009
  vertex 0.0259999596 0.00299996091 0.0107699595
  endloop
 endfacet

 facet normal 0 1 0
  outer loop
  vertex 0.0414869115 0.00299996091 0.0383110009
  vertex 0.0259999596 0.00299996091 -0.0107699595
  vertex 0.0259999596 0.00299996091 0.0107699595
  endloop
 endfacet

 facet normal 0 1 0
  outer loop
  vertex 0.0260719601 0.00299996091 -0.0243020002
  vertex 0.0257839505 0.00299996091 -0.0243139807
  vertex 0.0259999596 0.00299996091 -0.0107699595
  endloop
 endfacet

 facet normal 0 1 0
  outer loop
  vertex 0.0408388898 0.00299996091 0.0379120111
  vertex 0.0411799513 0.00299996091 0.0380839705
  vertex 0.0259999596 0.00299996091 0.0107699595
  endloop
 endfacet

 facet normal 0 1 0
  outer loop
  vertex 0.0257839505 0.00299996091 -0.0243139807
  vertex 0.0255018994 0.00299996091 -0.02437496
  vertex 0.0259999596 0.00299996091 -0.0107699595
  endloop
 endfacet

 facet normal 0 1 0
  outer loop
  vertex 0.0404738709 0.00299996091 0.0378009006
  vertex 0.0408388898 0.00299996091 0.0379120111
  vertex 0.0276029706 0.00299996091 0.0254338905
  endloop
 endfacet

 facet normal 0 1 0
  outer loop
  vertex 0.0255018994 0.00299996091 -0.02437496
  vertex 0.0252348706 0.00299996091 -0.0244819503
  vertex 0.0259999596 0.00299996091 -0.0107699595
  endloop
 endfacet

 facet normal -1.79385995e-06 1 0
  outer loop
  vertex 0.0400949717 0.00299996091 0.037751969
  vertex 0.0404738709 0.00299996091 0.0378009006
  vertex 0.0276029706 0.00299996091 0.0254338905
  endloop
 endfacet

 facet normal 0 1 0
  outer loop
  vertex 0.0408388898 0.00299996091 0.0379120111
  vertex 0.0259999596 0.00299996091 0.0107699595
  vertex 0.0276029706 0.00299996091 0.0254338905
  endloop
 endfacet

 facet normal 0 1 0
  outer loop
  vertex 0.0252348706 0.00299996091 -0.0244819503
  vertex 0.0249888804 0.00299996091 -0.0246329904
  vertex 0.0259999596 0.00299996091 -0.0107699595
  endloop
 endfacet

 facet normal 0 1 0
  outer loop
  vertex 0.0397139117 0.00299996091 0.0377679393
  vertex 0.0400949717 0.00299996091 0.037751969
  vertex 0.0276029706 0.00299996091 0.0254338905
  endloop
 endfacet

 facet normal 0 1 0
  outer loop
  vertex 0.0249888804 0.00299996091 -0.0246329904
  vertex 0.0247729402 0.00299996091 -0.0248239599
  vertex 0.0259999596 0.00299996091 -0.0107699595
  endloop
 endfacet

 facet normal 0 1 0
  outer loop
  vertex 0.0393409692 0.00299996091 0.0378489383
  vertex 0.0397139117 0.00299996091 0.0377679393
  vertex 0.0276759807 0.00299996091 0.0257128999
  endloop
 endfacet

 facet normal 0 1 0
  outer loop
  vertex 0.0247729402 0.00299996091 -0.0248239599
  vertex 0.0245919805 0.00299996091 -0.0250478908
  vertex 0.0107699595 0.00299996091 -0.0260000192
  endloop
 endfacet

 facet normal 0 1 0
  outer loop
  vertex 0.0259999596 0.00299996091 -0.0107699595
  vertex 0.0247729402 0.00299996091 -0.0248239599
  vertex 0.0107699595 0.00299996091 -0.0260000192
  endloop
 endfacet

 facet normal 0 1 0
  outer loop
  vertex 0.0389869809 0.00299996091 0.0379909202
  vertex 0.0393409692 0.00299996091 0.0378489383
  vertex 0.0276759807 0.00299996091 0.0262869
  endloop
 endfacet

 facet normal 0 1 0
  outer loop
  vertex 0.0245919805 0.00299996091 -0.0250478908
  vertex 0.0244508907 0.00299996091 -0.0252999607
  vertex 0.0107699595 0.00299996091 -0.0260000192
  endloop
 endfacet

 facet normal 0 1 0
  outer loop
  vertex 0.0386618897 0.00299996091 0.0381909609
  vertex 0.0389869809 0.00299996091 0.0379909202
  vertex 0.0276029706 0.00299996091 0.0265659001
  endloop
 endfacet

 facet normal -1.42190015e-06 1 0
  outer loop
  vertex 0.0397139117 0.00299996091 0.0377679393
  vertex 0.0276029706 0.00299996091 0.0254338905
  vertex 0.0276759807 0.00299996091 0.0257128999
  endloop
 endfacet

 facet normal 0 1 0
  outer loop
  vertex 0.0244508907 0.00299996091 -0.0252999607
  vertex 0.0243549291 0.00299996091 -0.0255720001
  vertex 0.0107699595 0.00299996091 -0.0260000192
  endloop
 endfacet

 facet normal -1.19946003e-06 1 0
  outer loop
  vertex 0.03837597 0.00299996091 0.0384428985
  vertex 0.0386618897 0.00299996091 0.0381909609
  vertex 0.0274839401 0.00299996091 0.0268290006
  endloop
 endfacet

 facet normal 0 1 0
  outer loop
  vertex 0.0381358787 0.00299996091 0.0387399085
  vertex 0.03837597 0.00299996091 0.0384428985
  vertex 0.0273228809 0.00299996091 0.0270678904
  endloop
 endfacet

 facet normal 0 1 0
  outer loop
  vertex 0.0379499085 0.00299996091 0.0390729904
  vertex 0.0381358787 0.00299996091 0.0387399085
  vertex 0.0271229707 0.00299996091 0.0272759106
  endloop
 endfacet

 facet normal -2.97506006e-07 1 0
  outer loop
  vertex 0.0393409692 0.00299996091 0.0378489383
  vertex 0.0276759807 0.00299996091 0.0257128999
  vertex 0.0276998803 0.00299996091 0.0259999596
  endloop
 endfacet

 facet normal 0 1 0
  outer loop
  vertex 0.0378229618 0.00299996091 0.0394329987
  vertex 0.0379499085 0.00299996091 0.0390729904
  vertex 0.0268909298 0.00299996091 0.0274479296
  endloop
 endfacet

 facet normal 3.76361982e-07 1 0
  outer loop
  vertex 0.0393409692 0.00299996091 0.0378489383
  vertex 0.0276998803 0.00299996091 0.0259999596
  vertex 0.0276759807 0.00299996091 0.0262869
  endloop
 endfacet

 facet normal 0 1 0
  outer loop
  vertex 0.037757989 0.00299996091 0.0398089215
  vertex 0.0378229618 0.00299996091 0.0394329987
  vertex 0.0266339108 0.00299996091 0.0275769792
  endloop
 endfacet

 facet normal 0 1 0
  outer loop
  vertex 0.037757989 0.00299996091 0.040190991
  vertex 0.037757989 0.00299996091 0.0398089215
  vertex 0.0263578799 0.00299996091 0.0276619103
  endloop
 endfacet

 facet normal -8.78785045e-07 1 0
  outer loop
  vertex 0.0389869809 0.00299996091 0.0379909202
  vertex 0.0276759807 0.00299996091 0.0262869
  vertex 0.0276029706 0.00299996091 0.0265659001
  endloop
 endfacet

 facet normal -1.61910009e-06 1 0
  outer loop
  vertex 0.0255018994 0.00299996091 0.0276249591
  vertex 0.0378229618 0.00299996091 0.0405669808
  vertex 0.037757989 0.00299996091 0.040190991
  endloop
 endfacet

 facet normal 0 1 0
  outer loop
  vertex 0.0257839505 0.00299996091 0.0276859403
  vertex 0.0255018994 0.00299996091 0.0276249591
  vertex 0.037757989 0.00299996091 0.040190991
  endloop
 endfacet

 facet normal 0 1 0
  outer loop
  vertex 0.0260719601 0.00299996091 0.0276979804
  vertex 0.0257839505 0.00299996091 0.0276859403
  vertex 0.037757989 0.00299996091 0.040190991
  endloop
 endfacet

 facet normal 0 1 0
  outer loop
  vertex 0.0263578799 0.00299996091 0.0276619103
  vertex 0.0260719601 0.00299996091 0.0276979804
  vertex 0.037757989 0.00299996091 0.040190991
  endloop
 endfacet

 facet normal 0 1 0
  outer loop
  vertex 0.0266339108 0.00299996091 0.0275769792
  vertex 0.0263578799 0.00299996091 0.0276619103
  vertex 0.037757989 0.00299996091 0.0398089215
  endloop
 endfacet

 facet normal 0 1 0
  outer loop
  vertex 0.0268909298 0.00299996091 0.0274479296
  vertex 0.0266339108 0.00299996091 0.0275769792
  vertex 0.0378229618 0.00299996091 0.0394329987
  endloop
 endfacet

 facet normal 0 1 0
  outer loop
  vertex 0.0271229707 0.00299996091 0.0272759106
  vertex 0.0268909298 0.00299996091 0.0274479296
  vertex 0.0379499085 0.00299996091 0.0390729904
  endloop
 endfacet

 facet normal 0 1 0
  outer loop
  vertex 0.0273228809 0.00299996091 0.0270678904
  vertex 0.0271229707 0.00299996091 0.0272759106
  vertex 0.0381358787 0.00299996091 0.0387399085
  endloop
 endfacet

 facet normal 0 1 0
  outer loop
  vertex 0.0274839401 0.00299996091 0.0268290006
  vertex 0.0273228809 0.00299996091 0.0270678904
  vertex 0.03837597 0.00299996091 0.0384428985
  endloop
 endfacet

 facet normal 1.69496013e-06 1 0
  outer loop
  vertex 0.0276029706 0.00299996091 0.0265659001
  vertex 0.0274839401 0.00299996091 0.0268290006
  vertex 0.0386618897 0.00299996091 0.0381909609
  endloop
 endfacet

 facet normal -5.49579045e-06 1 0
  outer loop
  vertex 0.0274839401 0.00299996091 0.02517098
  vertex 0.0276029706 0.00299996091 0.0254338905
  vertex 0.0259999596 0.00299996091 0.0107699595
  endloop
 endfacet

 facet normal 3.70493012e-06 1 0
  outer loop
  vertex 0.0273228809 0.00299996091 0.0249319002
  vertex 0.0274839401 0.00299996091 0.02517098
  vertex 0.0259999596 0.00299996091 0.0107699595
  endloop
 endfacet

 facet normal 2.82572017e-07 1 0
  outer loop
  vertex 0.0107699595 0.00299996091 0.0259999596
  vertex 0.0252348706 0.00299996091 0.0275179707
  vertex 0.0249888804 0.00299996091 0.0273669902
  endloop
 endfacet

 facet normal 0 1 0
  outer loop
  vertex 0.0107699595 0.00299996091 0.0259999596
  vertex 0.0249888804 0.00299996091 0.0273669902
  vertex 0.0247729402 0.00299996091 0.0271759592
  endloop
 endfacet

 facet normal 0 1 0
  outer loop
  vertex 0.0107699595 0.00299996091 0.0259999596
  vertex 0.0247729402 0.00299996091 0.0271759592
  vertex 0.0245919805 0.00299996091 0.0269518998
  endloop
 endfacet

 facet normal 0 1 0
  outer loop
  vertex 0.0107699595 0.00299996091 0.0259999596
  vertex 0.0245919805 0.00299996091 0.0269518998
  vertex 0.0244508907 0.00299996091 0.0266999602
  endloop
 endfacet

 facet normal 0 1 0
  outer loop
  vertex 0.0107699595 0.00299996091 0.0259999596
  vertex 0.0244508907 0.00299996091 0.0266999602
  vertex 0.0243549291 0.00299996091 0.0264279805
  endloop
 endfacet

 facet normal 0 1 0
  outer loop
  vertex 0.0107699595 0.00299996091 0.0259999596
  vertex 0.0243549291 0.00299996091 0.0264279805
  vertex 0.0243058801 0.00299996091 0.0261438992
  endloop
 endfacet

 facet normal 0 1 0
  outer loop
  vertex 0.0107699595 0.00299996091 0.0259999596
  vertex 0.0243058801 0.00299996091 0.0261438992
  vertex 0.0243058801 0.00299996091 0.0258558895
  endloop
 endfacet

 facet normal 0 1 0
  outer loop
  vertex 0.0259999596 0.00299996091 0.0107699595
  vertex 0.0107699595 0.00299996091 0.0259999596
  vertex 0.0247729402 0.00299996091 0.0248239599
  endloop
 endfacet

 facet normal 0 1 0
  outer loop
  vertex 0.0107699595 0.00299996091 0.0259999596
  vertex 0.0243058801 0.00299996091 0.0258558895
  vertex 0.0243549291 0.00299996091 0.0255720001
  endloop
 endfacet

 facet normal 0 1 0
  outer loop
  vertex 0.0107699595 0.00299996091 0.0259999596
  vertex 0.0243549291 0.00299996091 0.0255720001
  vertex 0.0244508907 0.00299996091 0.0252999607
  endloop
 endfacet

 facet normal 0 1 0
  outer loop
  vertex 0.0107699595 0.00299996091 0.0259999596
  vertex 0.0244508907 0.00299996091 0.0252999607
  vertex 0.0245919805 0.00299996091 0.0250478908
  endloop
 endfacet

 facet normal 0 1 0
  outer loop
  vertex 0.0107699595 0.00299996091 0.0259999596
  vertex 0.0245919805 0.00299996091 0.0250478908
  vertex 0.0247729402 0.00299996091 0.0248239599
  endloop
 endfacet

 facet normal 2.84081011e-07 1 0
  outer loop
  vertex 0.0259999596 0.00299996091 0.0107699595
  vertex 0.0247729402 0.00299996091 0.0248239599
  vertex 0.0249888804 0.00299996091 0.0246329904
  endloop
 endfacet

 facet normal 1.57049016e-07 1 0
  outer loop
  vertex 0.0259999596 0.00299996091 0.0107699595
  vertex 0.0249888804 0.00299996091 0.0246329904
  vertex 0.0252348706 0.00299996091 0.0244820099
  endloop
 endfacet

 facet normal 3.17595038e-07 1 0
  outer loop
  vertex 0.0259999596 0.00299996091 0.0107699595
  vertex 0.0252348706 0.00299996091 0.0244820099
  vertex 0.0255018994 0.00299996091 0.02437496
  endloop
 endfacet

 facet normal 1.64282e-07 1 0
  outer loop
  vertex 0.0259999596 0.00299996091 0.0107699595
  vertex 0.0255018994 0.00299996091 0.02437496
  vertex 0.0257839505 0.00299996091 0.0243139807
  endloop
 endfacet

 facet normal -7.89245064e-07 1 0
  outer loop
  vertex 0.0259999596 0.00299996091 0.0107699595
  vertex 0.0257839505 0.00299996091 0.0243139807
  vertex 0.0260719601 0.00299996091 0.0243020002
  endloop
 endfacet

 facet normal -2.16803002e-07 1 0
  outer loop
  vertex 0.0259999596 0.00299996091 0.0107699595
  vertex 0.0260719601 0.00299996091 0.0243020002
  vertex 0.0263578799 0.00299996091 0.0243379399
  endloop
 endfacet

 facet normal 1.79033009e-06 1 0
  outer loop
  vertex 0.0259999596 0.00299996091 0.0107699595
  vertex 0.0263578799 0.00299996091 0.0243379399
  vertex 0.0266339108 0.00299996091 0.0244229995
  endloop
 endfacet

 facet normal 0 1 0
  outer loop
  vertex 0.0381358787 0.00299996091 -0.0412599407
  vertex 0.03837597 0.00299996091 -0.0415569507
  vertex 0.0107699595 0.00299996091 -0.0260000192
  endloop
 endfacet

 facet normal 0 1 0
  outer loop
  vertex 0.0379499085 0.00299996091 -0.0409269892
  vertex 0.0381358787 0.00299996091 -0.0412599407
  vertex 0.0107699595 0.00299996091 -0.0260000192
  endloop
 endfacet

 facet normal -1.12808016e-06 1 0
  outer loop
  vertex 0.0259999596 0.00299996091 0.0107699595
  vertex 0.0266339108 0.00299996091 0.0244229995
  vertex 0.0268909298 0.00299996091 0.0245519206
  endloop
 endfacet

 facet normal 0 1 0
  outer loop
  vertex 0.0378229618 0.00299996091 -0.0405669808
  vertex 0.0379499085 0.00299996091 -0.0409269892
  vertex 0.0252348706 0.00299996091 -0.0275179707
  endloop
 endfacet

 facet normal 0 1 0
  outer loop
  vertex 0.0379499085 0.00299996091 -0.0409269892
  vertex 0.0107699595 0.00299996091 -0.0260000192
  vertex 0.0252348706 0.00299996091 -0.0275179707
  endloop
 endfacet

 facet normal -1.91894014e-06 1 0
  outer loop
  vertex 0.037757989 0.00299996091 -0.040190991
  vertex 0.0378229618 0.00299996091 -0.0405669808
  vertex 0.0255018994 0.00299996091 -0.0276249591
  endloop
 endfacet

 facet normal 3.40349015e-06 1 0
  outer loop
  vertex 0.0255018994 0.00299996091 -0.0276249591
  vertex 0.0378229618 0.00299996091 -0.0405669808
  vertex 0.0252348706 0.00299996091 -0.0275179707
  endloop
 endfacet

 facet normal -4.10727978e-07 1 0
  outer loop
  vertex 0.0259999596 0.00299996091 0.0107699595
  vertex 0.0268909298 0.00299996091 0.0245519206
  vertex 0.0271229707 0.00299996091 0.0247239396
  endloop
 endfacet

 facet normal 1.55402995e-06 1 0
  outer loop
  vertex 0.037757989 0.00299996091 -0.0398089215
  vertex 0.037757989 0.00299996091 -0.040190991
  vertex 0.0255018994 0.00299996091 -0.0276249591
  endloop
 endfacet

 facet normal 0 1 0
  outer loop
  vertex 0.0378229618 0.00299996091 -0.0394329987
  vertex 0.037757989 0.00299996091 -0.0398089215
  vertex 0.0257839505 0.00299996091 -0.0276859403
  endloop
 endfacet

 facet normal 2.66782024e-07 1 0
  outer loop
  vertex 0.0259999596 0.00299996091 0.0107699595
  vertex 0.0271229707 0.00299996091 0.0247239396
  vertex 0.0273228809 0.00299996091 0.0249319002
  endloop
 endfacet

 facet normal 0 1 0
  outer loop
  vertex 0.0379499085 0.00299996091 -0.0390729904
  vertex 0.0378229618 0.00299996091 -0.0394329987
  vertex 0.0260719601 0.00299996091 -0.0276979804
  endloop
 endfacet

 facet normal -2.49561026e-06 1 0
  outer loop
  vertex 0.037757989 0.00299996091 -0.0398089215
  vertex 0.0255018994 0.00299996091 -0.0276249591
  vertex 0.0257839505 0.00299996091 -0.0276859403
  endloop
 endfacet

 facet normal 0 1 0
  outer loop
  vertex 0.0381358787 0.00299996091 -0.0387399085
  vertex 0.0379499085 0.00299996091 -0.0390729904
  vertex 0.0263578799 0.00299996091 -0.0276619103
  endloop
 endfacet

 facet normal 0 1 0
  outer loop
  vertex 0.03837597 0.00299996091 -0.0384428985
  vertex 0.0381358787 0.00299996091 -0.0387399085
  vertex 0.0266339108 0.00299996091 -0.0275769792
  endloop
 endfacet

 facet normal -2.32544991e-07 1 0
  outer loop
  vertex 0.0378229618 0.00299996091 -0.0394329987
  vertex 0.0257839505 0.00299996091 -0.0276859403
  vertex 0.0260719601 0.00299996091 -0.0276979804
  endloop
 endfacet

 facet normal 3.20070001e-07 1 0
  outer loop
  vertex 0.0273228809 0.00299996091 -0.0270678904
  vertex 0.0386618897 0.00299996091 -0.0381909609
  vertex 0.03837597 0.00299996091 -0.0384428985
  endloop
 endfacet

 facet normal 0 1 0
  outer loop
  vertex 0.0271229707 0.00299996091 -0.0272759106
  vertex 0.0273228809 0.00299996091 -0.0270678904
  vertex 0.03837597 0.00299996091 -0.0384428985
  endloop
 endfacet

 facet normal 0 1 0
  outer loop
  vertex 0.0268909298 0.00299996091 -0.0274479296
  vertex 0.0271229707 0.00299996091 -0.0272759106
  vertex 0.03837597 0.00299996091 -0.0384428985
  endloop
 endfacet

 facet normal 0 1 0
  outer loop
  vertex 0.0266339108 0.00299996091 -0.0275769792
  vertex 0.0268909298 0.00299996091 -0.0274479296
  vertex 0.03837597 0.00299996091 -0.0384428985
  endloop
 endfacet

 facet normal 0 1 0
  outer loop
  vertex 0.0107699595 0.00299996091 -0.0260000192
  vertex 0.0243549291 0.00299996091 -0.0255720001
  vertex 0.0243058801 0.00299996091 -0.0258558895
  endloop
 endfacet

 facet normal 0 1 0
  outer loop
  vertex 0.0263578799 0.00299996091 -0.0276619103
  vertex 0.0266339108 0.00299996091 -0.0275769792
  vertex 0.0381358787 0.00299996091 -0.0387399085
  endloop
 endfacet

 facet normal 0 1 0
  outer loop
  vertex 0.0260719601 0.00299996091 -0.0276979804
  vertex 0.0263578799 0.00299996091 -0.0276619103
  vertex 0.0379499085 0.00299996091 -0.0390729904
  endloop
 endfacet

 facet normal 0 1 0
  outer loop
  vertex 0.0107699595 0.00299996091 -0.0260000192
  vertex 0.0243058801 0.00299996091 -0.0258558895
  vertex 0.0243058801 0.00299996091 -0.0261438992
  endloop
 endfacet

 facet normal 0 1 0
  outer loop
  vertex 0.0107699595 0.00299996091 -0.0260000192
  vertex 0.0243058801 0.00299996091 -0.0261438992
  vertex 0.0243549291 0.00299996091 -0.0264279805
  endloop
 endfacet

 facet normal 0 1 0
  outer loop
  vertex 0.0107699595 0.00299996091 -0.0260000192
  vertex 0.0243549291 0.00299996091 -0.0264279805
  vertex 0.0244508907 0.00299996091 -0.0266999602
  endloop
 endfacet

 facet normal 0 1 0
  outer loop
  vertex 0.0107699595 0.00299996091 -0.0260000192
  vertex 0.0244508907 0.00299996091 -0.0266999602
  vertex 0.0245919805 0.00299996091 -0.0269518998
  endloop
 endfacet

 facet normal 0 1 0
  outer loop
  vertex 0.0107699595 0.00299996091 -0.0260000192
  vertex 0.0245919805 0.00299996091 -0.0269518998
  vertex 0.0247729402 0.00299996091 -0.0271759592
  endloop
 endfacet

 facet normal 0 1 0
  outer loop
  vertex 0.0249888804 0.00299996091 -0.0273669902
  vertex 0.0252348706 0.00299996091 -0.0275179707
  vertex 0.0107699595 0.00299996091 -0.0260000192
  endloop
 endfacet

 facet normal 0.471075118 -0.33351925 -0.816610813
  outer loop
  vertex -0.0410129987 0.00299996091 0.042008929
  vertex -0.0410129987 0 0.042008929
  vertex -0.0413378403 0 0.0418089591
  endloop
 endfacet

 facet normal 0.47076875 -0.333690912 0.816717327
  outer loop
  vertex -0.0270107891 0 -0.0273669902
  vertex -0.0267652199 0 -0.0275179707
  vertex -0.0267652199 0.00299996091 -0.0275179707
  endloop
 endfacet

 facet normal 0.172937796 0.333424836 -0.926779509
  outer loop
  vertex 0.0393409692 0.00299996091 -0.0378489383
  vertex 0.0397139117 0.00299996091 -0.0377679393
  vertex 0.0397139117 0 -0.0377679393
  endloop
 endfacet

endsolid AssimpScene
